Ticker,Company Name,Theme,Sub Theme,Assignment,Market Cap,1W Price Change %,1M Price Change %,3M Price Change %,Sub Market Cap
A,"Agilent Technologies, Inc.",Nanotechnology,NanoTech - Research Tools & Advanced Instruments,Primary,44906.6791,0.0705,0.1378,0.3878,44906.6791
AA,Alcoa Corp,Commodities - Metals,Comm Metals - Industrial & Base Metals,Primary,13683.7043,0.0374,0.1476,-0.2161,13683.7043
AAL,American Airlines Group Inc.,Transportation & Logistics,Transportation - Air Travel & Passenger Transportation,Primary,9148.4245,-0.0681,0.0192,0.0169,9148.4245
AAON,"AAON, Inc.",Industrials & Construction,Industrials - Building Products & HVAC,Primary,6550.1173,-0.0952,-0.2623,-0.3995,3930.0704
AAON,"AAON, Inc.",Cloud Computing,Cloud - Data Centers & Infrastructure,Secondary,6550.1173,-0.0952,-0.2623,-0.3995,2620.0469
AAPL,Apple Inc.,Hardware,"Hardware - Consumer Electronics, PCs & Peripherals",Primary,4514709.6721,0.0112,-0.0374,0.0152,2708825.8033
AAPL,Apple Inc.,Hardware,Hardware - Next-Gen & Specialty,Secondary,4514709.6721,0.0112,-0.0374,0.0152,1805883.8688
ABAT,American Battery Technology Co,Commodities - Metals,Comm Metals - Recycling & Circular Materials,Primary,350.585,0.0321,0.1272,-0.1994,210.351
ABAT,American Battery Technology Co,Electric Vehicles & Mobility,EVs - Batteries & Materials,Secondary,350.585,0.0321,0.1272,-0.1994,140.234
ABBV,Abbvie Inc.,Healthcare & Biotech,Healthcare - Oncology & Precision Cancer Therapeutics,Primary,468215.3807,0.0621,0.0313,0.244,468215.3807
ABNB,"Airbnb, Inc.",Consumer Goods & Retail,Consumer - Resale & Sharing Platforms,Primary,110429.4,0.0176,0.3615,0.3952,110429.4
ABT,Abbott Laboratories,Healthcare & Biotech,"Healthcare - Digital Health, Telemedicine & Remote Care",Primary,201831.9066,0.0484,0.1577,0.3384,121099.144
ABT,Abbott Laboratories,Healthcare & Biotech,Healthcare - Medical Devices & HealthTech Hardware,Secondary,201831.9066,0.0484,0.1577,0.3384,80732.7626
ACA,"Arcosa, Inc.",Industrials & Construction,Industrials - Construction Materials & Aggregates,Primary,7115.5763,-0.0034,-0.0014,0.2165,4269.3458
ACA,"Arcosa, Inc.",Energy - Renewable,Energy Clean - Wind,Secondary,7115.5763,-0.0034,-0.0014,0.2165,2846.2305
ACGL,Arch Capital Group Ltd.,Financials - Traditional,Fin Trad - Insurance & Reinsurance,Primary,33914.7626,0.0069,-0.0071,0.0339,33914.7626
ACHR,Archer Aviation Inc.,Transportation & Logistics,Transportation - Air Travel & Passenger Transportation,Primary,4851.169,-0.0483,0.2329,0.0294,4851.169
ACI,"Albertsons Companies, Inc.",E-commerce,E-commerce - Grocery & Local Commerce Platforms,Primary,6008.332,-0.0032,0.0985,-0.2276,3604.9992
ACI,"Albertsons Companies, Inc.",Consumer Goods & Retail,"Consumer - Health, Food & Beverages",Secondary,6008.332,-0.0032,0.0985,-0.2276,2403.3328
ACIW,"Aci Worldwide, Inc.",FinTech & Digital Finance,FinTech - Digital Payments & Merchant Infrastructure,Primary,5235.5389,-0.0296,-0.049,0.2197,5235.5389
ACLS,Axcelis Technologies Inc,Semiconductors,"Semis - Equipment, Lithography & Deposition",Primary,3924.1108,-0.0933,-0.102,-0.1668,3924.1108
ACM,Aecom,Business Services & Consulting,Consulting,Primary,8338.2415,0.0266,-0.0423,-0.0727,8338.2415
ACN,Accenture Plc,Business Services & Consulting,Consulting,Primary,113380.6332,0.0474,0.3354,0.0542,113380.6332
ADBE,Adobe Inc.,Cloud Computing,Cloud - Horizontal SaaS & Cloud Applications,Primary,109431.7451,0.0427,0.2975,0.1278,65659.0471
ADBE,Adobe Inc.,E-commerce,E-commerce - Platforms,Secondary,109431.7451,0.0427,0.2975,0.1278,43772.698
ADC,Agree Realty Corp,Real Estate & REITs,Real Estate - Retail & Consumer Real Estate,Primary,9189.1431,-0.0115,-0.0711,-0.0135,9189.1431
ADI,Analog Devices Inc,Semiconductors,"Semis - Analog, Mixed-Signal & Power Management",Primary,181727.302,-0.0419,-0.0187,-0.0263,109036.3812
ADI,Analog Devices Inc,Hardware,Hardware - Industrial & IoT,Secondary,181727.302,-0.0419,-0.0187,-0.0263,72690.9208
ADM,Archer-Daniels-Midland Co,Agriculture & FoodTech,Agriculture - Agri-Food Processing & Distribution,Primary,38701.356,0.0045,-0.0642,0.0478,23220.8136
ADM,Archer-Daniels-Midland Co,Agriculture & FoodTech,Agriculture - Alternative Proteins,Secondary,38701.356,0.0045,-0.0642,0.0478,15480.5424
ADP,"Automatic Data Processing, Inc.",Cloud Computing,Cloud - Horizontal SaaS & Cloud Applications,Primary,111555.3482,0.0288,0.1562,0.2856,66933.2089
ADP,"Automatic Data Processing, Inc.",Business Services & Consulting,"Business Services - Outsourcing, Facilities & Testing",Secondary,111555.3482,0.0288,0.1562,0.2856,44622.1393
ADSK,"Autodesk, Inc.",Industrial Automation & Robotics,Automation - Industrial Software & Digital Twin,Primary,53594.9994,0.0086,0.2366,0.0568,32156.9996
ADSK,"Autodesk, Inc.",Software,Software - Vertical SaaS Platforms,Secondary,53594.9994,0.0086,0.2366,0.0568,21437.9998
ADT,Adt Inc.,Smart Home & IoT,Smart Home - Automation & Control Systems,Primary,5391.5273,-0.0147,0.0821,0.063,3234.9164
ADT,Adt Inc.,Smart Home & IoT,Smart Home - Connected Devices & Appliances,Secondary,5391.5273,-0.0147,0.0821,0.063,2156.6109
ADTN,"Adtran Holdings, Inc.",Hardware,Hardware - Communications & Telecom,Primary,633.1105,-0.075,-0.2345,-0.4761,633.1105
AEE,Ameren Corp,Energy - Traditional,Energy Base - Utilities & Conventional Power Operators,Primary,29381.3735,-0.0329,-0.063,-0.027,29381.3735
AEIS,Advanced Energy Industries Inc,Semiconductors,"Semis - Equipment, Lithography & Deposition",Primary,11447.6173,-0.1345,-0.093,-0.117,6868.5704
AEIS,Advanced Energy Industries Inc,Hardware,Hardware - Industrial & IoT,Secondary,11447.6173,-0.1345,-0.093,-0.117,4579.0469
AEM,Agnico Eagle Mines Ltd,Commodities - Metals,Comm Metals - Gold,Primary,109405.1913,0.1587,0.4951,0.2185,65643.1148
AEM,Agnico Eagle Mines Ltd,Commodities - Metals,Comm Metals - Precious Metals,Secondary,109405.1913,0.1587,0.4951,0.2185,43762.0765
AEP,American Electric Power Co Inc,Energy - Traditional,Energy Base - Utilities & Conventional Power Operators,Primary,65839.4171,-0.0371,-0.0968,-0.0598,39503.6503
AEP,American Electric Power Co Inc,Energy - Traditional,Energy Base - Coal & Thermal Power Generation,Secondary,65839.4171,-0.0371,-0.0968,-0.0598,26335.7668
AES,Aes Corp,Energy - Renewable,Energy Clean - Wind,Primary,10537.4889,0.0027,0.0079,0.0175,6322.4933
AES,Aes Corp,Artificial Intelligence,"AI - Compute, Edge & Acceleration",Secondary,10537.4889,0.0027,0.0079,0.0175,4214.9956
AEVA,"Aeva Technologies, Inc.",Industrial Automation & Robotics,"Robotics - Autonomous Vehicles, Service & Mobility",Primary,1274.9184,-0.2143,0.136,-0.1489,1274.9184
AFG,"American Financial Group, Inc.",Financials - Traditional,Fin Trad - Insurance & Reinsurance,Primary,11915.8144,-0.0177,0.018,0.0536,11915.8144
AFL,Aflac Inc,Financials - Traditional,Fin Trad - Insurance & Reinsurance,Primary,58190.9164,-0.0395,-0.0618,-0.0098,58190.9164
AFRM,"Affirm Holdings, Inc.",FinTech & Digital Finance,FinTech - Digital Payments & Merchant Infrastructure,Primary,25797.2361,-0.0168,0.0817,0.1466,25797.2361
AG,First Majestic Silver Corp,Commodities - Metals,Comm Metals - Precious Metals,Primary,10395.3957,0.095,0.2831,0.0606,10395.3957
AGCO,Agco Corp /De,Agriculture & FoodTech,Agriculture - Precision Agriculture & Farm Automation,Primary,7480.0888,0.0541,-0.0864,-0.0442,4488.0533
AGCO,Agco Corp /De,Industrial Automation & Robotics,"Robotics - Autonomous Vehicles, Service & Mobility",Secondary,7480.0888,0.0541,-0.0864,-0.0442,2992.0355
AGRO,Adecoagro S.A.,Commodities - Agriculture,"Comm Agri - Grains, Oilseeds & Softs",Primary,1597.4891,0.2424,0.0279,-0.1872,958.4935
AGRO,Adecoagro S.A.,Commodities - Agriculture,Comm Agri - Softs & Plantation Crops,Secondary,1597.4891,0.2424,0.0279,-0.1872,638.9956
AHR,"American Healthcare REIT, Inc.",Real Estate & REITs,Real Estate - Healthcare & Senior Living,Primary,12192.6716,0.0298,-0.008,0.1211,12192.6716
AI,"C3.Ai, Inc.",Big Data & Analytics,"Big Data - Analytics, AI Platforms & BI",Primary,1601.1276,0.0373,0.2638,0.104,960.6766
AI,"C3.Ai, Inc.",Artificial Intelligence,"AI - Apps, Domain-Specific AI",Secondary,1601.1276,0.0373,0.2638,0.104,640.451
AIG,"American International Group, Inc.",Financials - Traditional,Fin Trad - Insurance & Reinsurance,Primary,39802.6295,-0.0068,-0.0261,-0.0254,39802.6295
AIOT,"Powerfleet, Inc.",Electric Vehicles & Mobility,EVs - Autonomous Driving & Fleet,Primary,408.0468,-0.0225,-0.1979,-0.0732,408.0468
AIT,"Applied Industrial Technologies, Inc.",Industrials & Construction,Industrials - Distribution & Rental Services,Primary,12537.063,-0.0562,-0.0057,0.1192,12537.063
AIZ,"Assurant, Inc.",Financials - Traditional,Fin Trad - Insurance & Reinsurance,Primary,14009.9232,0.0059,0.0374,0.1146,14009.9232
AJG,Arthur J. Gallagher & Co.,Financials - Traditional,Fin Trad - Insurance & Reinsurance,Primary,67625.3186,0.0502,0.0892,0.2762,67625.3186
AKAM,Akamai Technologies Inc,Telecommunications,Telecom - Cloud & Edge Connectivity,Primary,15869.1877,-0.1166,-0.0592,-0.2449,9521.5126
AKAM,Akamai Technologies Inc,Cloud Computing,Cloud - Data Centers & Infrastructure,Secondary,15869.1877,-0.1166,-0.0592,-0.2449,6347.6751
ALB,Albemarle Corp,Energy - Renewable,Energy Clean - Materials & Critical Metals,Primary,16904.2244,0.0521,0.2253,-0.1547,10142.5346
ALB,Albemarle Corp,Commodities - Metals,Comm Metals - Battery & Energy Transition Metals,Secondary,16904.2244,0.0521,0.2253,-0.1547,6761.6898
ALGM,"Allegro Microsystems, Inc.",Semiconductors,"Semis - Analog, Mixed-Signal & Power Management",Primary,6926.7,-0.1629,-0.2578,-0.1687,4156.02
ALGM,"Allegro Microsystems, Inc.",Electric Vehicles & Mobility,EVs - Key Suppliers & Autonomy Tech,Secondary,6926.7,-0.1629,-0.2578,-0.1687,2770.68
ALGN,"Align Technology, Inc.",Healthcare & Biotech,Healthcare - Medical Devices & HealthTech Hardware,Primary,11547.5282,-0.1035,-0.0338,-0.003,11547.5282
ALGT,Allegiant Travel Co,Transportation & Logistics,Transportation - Air Travel & Passenger Transportation,Primary,2237.5952,-0.0455,-0.1337,0.0057,2237.5952
ALK,"Alaska Air Group, Inc.",Transportation & Logistics,Transportation - Air Travel & Passenger Transportation,Primary,4509.8821,-0.1208,-0.097,-0.0165,4509.8821
ALL,Allstate Corp,Financials - Traditional,Fin Trad - Insurance & Reinsurance,Primary,64182.9339,-0.029,-0.0027,0.1899,64182.9339
ALLE,Allegion Plc,Smart Home & IoT,Smart Home - Automation & Control Systems,Primary,13802.3205,-0.015,0.0501,0.247,8281.3923
ALLE,Allegion Plc,Smart Home & IoT,"Smart Home - Connectivity, Security & Networking",Secondary,13802.3205,-0.015,0.0501,0.247,5520.9282
ALLY,Ally Financial Inc.,FinTech & Digital Finance,FinTech - Digital Banking & Neobanks,Primary,13059.2929,-0.0441,-0.0169,0.0112,13059.2929
ALNY,"Alnylam Pharmaceuticals, Inc.",Healthcare & Biotech,Healthcare - Next-Gen Biotech Platforms,Primary,31608.39,0.0331,-0.121,-0.2139,31608.39
ALRM,"Alarm.Com Holdings, Inc.",Smart Home & IoT,Smart Home - Automation & Control Systems,Primary,2823.1789,0.0349,0.1388,0.3154,1693.9073
ALRM,"Alarm.Com Holdings, Inc.",Smart Home & IoT,"Smart Home - Connectivity, Security & Networking",Secondary,2823.1789,0.0349,0.1388,0.3154,1129.2716
ALT,"Altimmune, Inc.",Healthcare & Biotech,Healthcare - Metabolic & Cardiometabolic,Primary,604.95,0.0578,0.0951,0.0614,604.95
ALV,"Autoliv, Inc.",Electric Vehicles & Mobility,EVs - Key Suppliers & Autonomy Tech,Primary,9181.7501,0.0267,0.0882,0.0427,9181.7501
AM,Antero Midstream Corp,Energy - Traditional,Energy Base - Refining & Midstream Infrastructure,Primary,10509.2821,-0.0182,-0.0278,0.0257,6305.5693
AM,Antero Midstream Corp,Commodities - Energy,Comm Energy - Natural Gas & LNG,Secondary,10509.2821,-0.0182,-0.0278,0.0257,4203.7128
AMAT,Applied Materials Inc /De,Semiconductors,"Semis - Equipment, Lithography & Deposition",Primary,390882.1124,-0.0283,-0.1243,0.1532,234529.2674
AMAT,Applied Materials Inc /De,Artificial Intelligence,"AI - Compute, Edge & Acceleration",Secondary,390882.1124,-0.0283,-0.1243,0.1532,156352.845
AMBA,Ambarella Inc,Industrial Automation & Robotics,Automation - Industrial Sensors & Machine Vision,Primary,3234.4014,-0.1013,0.0457,-0.1185,1940.6408
AMBA,Ambarella Inc,Industrial Automation & Robotics,Robotics - Sensors & Vision Systems,Secondary,3234.4014,-0.1013,0.0457,-0.1185,1293.7606
AMCR,Amcor Plc,Industrials & Construction,Industrials - Packaging & Containers,Primary,22465.3771,0.0556,0.1398,0.2831,22465.3771
AMD,Advanced Micro Devices Inc,Semiconductors,Semis - Emerging Technologies,Primary,772568.8136,-0.08,-0.1231,0.0526,463541.2882
AMD,Advanced Micro Devices Inc,Semiconductors,"Semis - Logic & CPUs, GPUs, Accelerators",Secondary,772568.8136,-0.08,-0.1231,0.0526,309027.5254
AME,Ametek Inc/,Hardware,Hardware - Industrial & IoT,Primary,54919.5317,-0.0598,-0.0066,0.075,32951.719
AME,Ametek Inc/,Industrial Automation & Robotics,Automation - Industrial Sensors & Machine Vision,Secondary,54919.5317,-0.0598,-0.0066,0.075,21967.8127
AMG,"Affiliated Managers Group, Inc.",Financials - Traditional,"Fin Trad - Asset Management, Custody & Alternatives",Primary,9211.5665,-0.0485,0.0243,0.1771,9211.5665
AMGN,Amgen Inc,Healthcare & Biotech,Healthcare - Metabolic & Cardiometabolic,Primary,237515.8515,0.0643,0.1895,0.3096,142509.5109
AMGN,Amgen Inc,Healthcare & Biotech,Healthcare - Oncology & Precision Cancer Therapeutics,Secondary,237515.8515,0.0643,0.1895,0.3096,95006.3406
AMH,American Homes 4 Rent,Real Estate & REITs,"Real Estate - Housing, Urban Living & Demographics",Primary,12359.6454,0.0079,0.0375,0.0805,12359.6454
AMKR,"Amkor Technology, Inc.",Semiconductors,"Semis - Testing, Packaging & Assembly",Primary,12487.2208,-0.148,-0.2307,-0.2365,12487.2208
AMP,"Ameriprise Financial, Inc.",Financials - Traditional,"Fin Trad - Asset Management, Custody & Alternatives",Primary,49077.0555,-0.0245,0.0716,0.2369,49077.0555
AMR,"Alpha Metallurgical Resources, Inc.",Energy - Traditional,Energy Base - Coal & Thermal Power Generation,Primary,2662.7262,0.2647,0.4664,0.2193,2662.7262
AMSC,American Superconductor Corp /De/,Energy - Renewable,Energy Clean - Wind,Primary,1453.7487,-0.0598,-0.0906,-0.3928,1453.7487
AMT,American Tower Corp /Ma/,Telecommunications,Telecom - Infrastructure & Equipment,Primary,81915.7779,0.0013,0.0677,-0.0343,49149.4667
AMT,American Tower Corp /Ma/,Real Estate & REITs,Real Estate - Digital Infrastructure,Secondary,81915.7779,0.0013,0.0677,-0.0343,32766.3112
AMTX,"Aemetis, Inc",Commodities - Energy,Comm Energy - Biofuels & Renewable Fuels,Primary,149.3911,0.1695,0.1189,-0.08,89.6347
AMTX,"Aemetis, Inc",Energy - Renewable,Energy Clean - Fuels & Bioenergy,Secondary,149.3911,0.1695,0.1189,-0.08,59.7564
AMWL,American Well Corp,Healthcare & Biotech,"Healthcare - Digital Health, Telemedicine & Remote Care",Primary,202.4042,-0.0442,0.1049,0.5044,202.4042
AMZN,Amazon Com Inc,Cloud Computing,Cloud - Hyperscalers & Platforms,Primary,2789664.3318,-0.0153,0.1069,-0.0366,1673798.5991
AMZN,Amazon Com Inc,E-commerce,"E-commerce - Omnichannel Retailers, Online & Physical Stores",Secondary,2789664.3318,-0.0153,0.1069,-0.0366,1115865.7327
AN,"Autonation, Inc.",E-commerce,"E-commerce - Omnichannel Retailers, Online & Physical Stores",Primary,6595.3004,-0.0474,-0.0274,0.0701,6595.3004
ANDE,"Andersons, Inc.",Agriculture & FoodTech,Agriculture - Agri-Food Processing & Distribution,Primary,2312.3772,0.0328,-0.1302,-0.0286,1387.4263
ANDE,"Andersons, Inc.",Commodities - Agriculture,"Comm Agri - Grains, Oilseeds & Softs",Secondary,2312.3772,0.0328,-0.1302,-0.0286,924.9509
ANET,"Arista Networks, Inc.",Hardware,Hardware - Communications & Telecom,Primary,237930.0221,-0.0512,0.0682,0.2696,142758.0133
ANET,"Arista Networks, Inc.",Hardware,Hardware - Networking Equipment,Secondary,237930.0221,-0.0512,0.0682,0.2696,95172.0088
ANF,Abercrombie & Fitch Co /De/,Consumer Goods & Retail,Consumer - Apparel & E-Commerce Retail,Primary,4843.5008,0.0081,0.1994,0.4252,4843.5008
AON,Aon Plc,Financials - Traditional,Fin Trad - Insurance & Reinsurance,Primary,75327.8598,-0.002,0.0004,0.0978,75327.8598
AOS,Smith A O Corp,Environmental Sustainability,Environmental - Water Infrastructure & Treatment,Primary,8573.113,0.0146,0.0668,0.1101,8573.113
APA,Apa Corp,Energy - Traditional,Energy Base - Oil & Gas Exploration & Production,Primary,15201.7518,0.0722,0.1914,0.1397,15201.7518
APD,"Air Products & Chemicals, Inc.",Energy - Renewable,Energy Clean - Hydrogen & Fuel Cells,Primary,67941.3566,-0.0125,0.0367,0.0579,67941.3566
APG,APi Group Corp,Industrials & Construction,Industrials - Engineering & Construction,Primary,17787.7178,-0.0635,0.0404,-0.0082,10672.6307
APG,APi Group Corp,Industrials & Construction,Industrials - Building Products & HVAC,Secondary,17787.7178,-0.0635,0.0404,-0.0082,7115.0871
APH,Amphenol Corp /De/,Hardware,Hardware - Communications & Telecom,Primary,193590.7258,-0.0604,-0.0027,0.2594,193590.7258
APO,"Apollo Global Management, Inc.",Financials - Traditional,"Fin Trad - Asset Management, Custody & Alternatives",Primary,78359.1732,-0.0533,0.1198,0.018,78359.1732
APP,Applovin Corp,Artificial Intelligence,"AI - Ads, Search & Recommendations",Primary,102720.2236,-0.0307,-0.2334,-0.3707,61632.1342
APP,Applovin Corp,Digital Entertainment & Media,Entertainment - Advertising & Social Platforms,Secondary,102720.2236,-0.0307,-0.2334,-0.3707,41088.0894
APPF,Appfolio Inc,Software,Software - Vertical SaaS Platforms,Primary,7947.5728,0.0989,0.3687,0.382,7947.5728
APTV,Aptiv Plc,Industrial Automation & Robotics,"Robotics - Autonomous Vehicles, Service & Mobility",Primary,10024.537,-0.0258,-0.1394,-0.1355,6014.7222
APTV,Aptiv Plc,Transportation & Logistics,Transportation - Infrastructure & Equipment,Secondary,10024.537,-0.0258,-0.1394,-0.1355,4009.8148
AR,Antero Resources Corp,Commodities - Energy,Comm Energy - Natural Gas & LNG,Primary,11664.2352,0.0153,0.0818,0.0243,11664.2352
ARAY,Accuray Inc,Industrial Automation & Robotics,Robotics - Medical & Surgical Robotics,Primary,33.4414,0.0,0.1667,-0.0968,33.4414
ARCB,Arcbest Corp /De/,Transportation & Logistics,"Transportation - Trucking, LTL & Ground Freight",Primary,3136.7889,-0.0178,-0.1053,0.129,3136.7889
ARCT,Arcturus Therapeutics Holdings Inc.,Nanotechnology,NanoTech - Nanomedicine & Drug Delivery,Primary,382.2903,0.6343,1.323,0.916,382.2903
ARE,"Alexandria Real Estate Equities, Inc.",Real Estate & REITs,Real Estate - Office & Commercial Workspaces,Primary,9205.3767,0.1111,0.0672,0.1325,9205.3767
AREC,American Resources Corp,Commodities - Metals,Comm Metals - Rare Earth & Strategic Materials,Primary,286.683,-0.0694,0.5376,0.2777,286.683
ARES,Ares Management Corp,Financials - Traditional,"Fin Trad - Asset Management, Custody & Alternatives",Primary,31854.4644,-0.0192,0.1647,0.1507,31854.4644
ARLO,"Arlo Technologies, Inc.",Smart Home & IoT,Smart Home - Connected Devices & Appliances,Primary,1409.7343,-0.0858,0.0455,0.0291,845.8406
ARLO,"Arlo Technologies, Inc.",Smart Home & IoT,"Smart Home - Connectivity, Security & Networking",Secondary,1409.7343,-0.0858,0.0455,0.0291,563.8937
ARLP,Alliance Resource Partners Lp,Energy - Traditional,Energy Base - Coal & Thermal Power Generation,Primary,3383.7264,0.0346,0.0875,0.0849,3383.7264
ARM,Arm Holdings Plc /Uk,Semiconductors,Semis - EDA Tools & Design Software,Primary,259865.4196,-0.1293,-0.1403,-0.1841,155919.2518
ARM,Arm Holdings Plc /Uk,Semiconductors,"Semis - Logic & CPUs, GPUs, Accelerators",Secondary,259865.4196,-0.1293,-0.1403,-0.1841,103946.1678
ARMK,Aramark,Business Services & Consulting,"Business Services - Outsourcing, Facilities & Testing",Primary,15716.7346,-0.0401,0.0507,0.16,15716.7346
ARQQ,Arqit Quantum Inc.,Semiconductors,Semis - Emerging Technologies,Primary,367.887,-0.1322,0.152,0.2851,367.887
ARW,"Arrow Electronics, Inc.",Industrials & Construction,Industrials - Distribution & Rental Services,Primary,10733.4088,-0.0147,-0.0198,-0.0093,6440.0453
ARW,"Arrow Electronics, Inc.",Hardware,Hardware - Data Center Infrastructure & Servers,Secondary,10733.4088,-0.0147,-0.0198,-0.0093,4293.3635
ARWR,"Arrowhead Pharmaceuticals, Inc.",Healthcare & Biotech,Healthcare - Genomics & Personalized Medicine,Primary,12304.6767,0.0054,0.0038,0.1532,12304.6767
ASAN,"Asana, Inc.",Cloud Computing,Cloud - Horizontal SaaS & Cloud Applications,Primary,2208.2841,0.0481,0.4581,0.5063,2208.2841
ASB,Associated Banc-Corp,Financials - Traditional,"Fin Trad - Banks, Lending & Mortgage Finance",Primary,5824.1235,-0.0461,0.0192,0.109,5824.1235
ASH,Ashland Inc.,Industrials & Construction,Industrials - Chemicals & Advanced Materials,Primary,3327.3464,-0.0142,0.0916,0.3009,3327.3464
ASML,Asml Holding Nv,Semiconductors,"Semis - Equipment, Lithography & Deposition",Primary,677460.2198,-0.0436,-0.0205,0.1093,406476.1319
ASML,Asml Holding Nv,Hardware,Hardware - Next-Gen & Specialty,Secondary,677460.2198,-0.0436,-0.0205,0.1093,270984.0879
ASPN,Aspen Aerogels Inc,Nanotechnology,NanoTech - Energy & Environment,Primary,429.8819,-0.1145,0.0039,-0.053,429.8819
ASTS,"Ast Spacemobile, Inc.",Telecommunications,Telecom - Satellite & Space Communication,Primary,20580.5362,-0.0328,0.16,-0.2866,12348.3217
ASTS,"Ast Spacemobile, Inc.",Space Tech,"Space - Infrastructure, Exploration & Launch",Secondary,20580.5362,-0.0328,0.16,-0.2866,8232.2145
ASX,"Ase Technology Holding Co., Ltd.",Semiconductors,"Semis - Testing, Packaging & Assembly",Primary,95059.819,-0.0766,-0.0748,0.1298,95059.819
ATAI,Atai Life Sciences N.V.,Healthcare & Biotech,"Healthcare - Regenerative Medicine, Psychedelics, Cannabis",Primary,2736.9813,0.0165,0.0293,0.7044,2736.9813
ATI,Ati Inc,Defense & Aerospace,Defense - Secure Defense Supply Chains,Primary,28188.6302,-0.094,0.0359,0.2905,28188.6302
ATLX,Atlas Lithium Corp,Commodities - Metals,Comm Metals - Battery & Energy Transition Metals,Primary,99.9314,0.0343,0.1773,-0.2437,99.9314
ATO,Atmos Energy Corp,Energy - Traditional,Energy Base - Utilities & Conventional Power Operators,Primary,28195.7411,-0.0181,-0.0629,-0.0545,16917.4447
ATO,Atmos Energy Corp,Commodities - Energy,Comm Energy - Natural Gas & LNG,Secondary,28195.7411,-0.0181,-0.0629,-0.0545,11278.2964
ATOM,Atomera Inc,Nanotechnology,NanoTech - Research Tools & Advanced Instruments,Primary,186.5349,-0.1464,-0.1434,-0.4383,186.5349
ATR,"Aptargroup, Inc.",Industrials & Construction,Industrials - Packaging & Containers,Primary,8570.7364,0.0204,0.0487,0.1711,5142.4418
ATR,"Aptargroup, Inc.",Nanotechnology,NanoTech - Nanomedicine & Drug Delivery,Secondary,8570.7364,0.0204,0.0487,0.1711,3428.2946
AU,Anglogold Ashanti Plc,Commodities - Metals,Comm Metals - Gold,Primary,61309.3498,0.2667,0.5555,0.3443,61309.3498
AUID,Authid Inc.,Cybersecurity,"Cybersecurity - Identity, Biometrics & Access Management",Primary,7.8586,-0.1098,-0.375,-0.605,7.8586
AUR,"Aurora Innovation, Inc.",Industrial Automation & Robotics,"Robotics - Autonomous Vehicles, Service & Mobility",Primary,12505.9284,-0.1073,0.0417,-0.1297,7503.557
AUR,"Aurora Innovation, Inc.",Transportation & Logistics,Transportation - Urban Mobility & Emerging Transport Tech,Secondary,12505.9284,-0.1073,0.0417,-0.1297,5002.3714
AVAV,Aerovironment Inc,Defense & Aerospace,Defense - Drones & Anti-Drone Systems,Primary,8142.7994,-0.169,0.0094,-0.0176,8142.7994
AVGO,Broadcom Inc.,Semiconductors,"Semis - Logic & CPUs, GPUs, Accelerators",Primary,1752930.482,-0.0624,-0.0612,-0.1098,1051758.2892
AVGO,Broadcom Inc.,Semiconductors,Semis - Wireless & Connectivity,Secondary,1752930.482,-0.0624,-0.0612,-0.1098,701172.1928
AVNT,Avient Corp,Industrials & Construction,Industrials - Chemicals & Advanced Materials,Primary,4096.1951,-0.0363,0.2189,0.3187,4096.1951
AVT,"Avnet, Inc.",Industrials & Construction,Industrials - Distribution & Rental Services,Primary,7274.9488,-0.0739,-0.0142,0.0668,4364.9693
AVT,"Avnet, Inc.",Hardware,Hardware - Data Center Infrastructure & Servers,Secondary,7274.9488,-0.0739,-0.0142,0.0668,2909.9795
AVTR,"Avantor, Inc.",Nanotechnology,NanoTech - Research Tools & Advanced Instruments,Primary,9780.1489,0.0586,0.274,0.8374,5868.0893
AVTR,"Avantor, Inc.",Healthcare & Biotech,Healthcare - Next-Gen Biotech Platforms,Secondary,9780.1489,0.0586,0.274,0.8374,3912.0596
AVY,Avery Dennison Corp,Industrials & Construction,Industrials - Packaging & Containers,Primary,13923.0401,0.0267,0.1837,0.1635,8353.8241
AVY,Avery Dennison Corp,Industrial Automation & Robotics,"Automation - Industrial IoT, Connectivity",Secondary,13923.0401,0.0267,0.1837,0.1635,5569.216
AWK,"American Water Works Company, Inc.",Environmental Sustainability,Environmental - Water Infrastructure & Treatment,Primary,26905.9177,-0.0059,0.014,0.1002,26905.9177
AWR,American States Water Co,Environmental Sustainability,Environmental - Water Infrastructure & Treatment,Primary,3512.9054,0.0023,0.023,0.1689,3512.9054
AWRE,Aware Inc /Ma/,Cybersecurity,"Cybersecurity - Identity, Biometrics & Access Management",Primary,27.0477,0.0248,0.1376,-0.0159,27.0477
AXON,"Axon Enterprise, Inc.",Defense & Aerospace,Defense - Cyber Defense & Electronic Warfare,Primary,50996.7873,0.0243,0.2762,0.6103,30598.0724
AXON,"Axon Enterprise, Inc.",Defense & Aerospace,Defense - Secure Defense Supply Chains,Secondary,50996.7873,0.0243,0.2762,0.6103,20398.7149
AXP,American Express Co,FinTech & Digital Finance,FinTech - Digital Payments & Merchant Infrastructure,Primary,226904.1039,-0.0189,-0.0142,0.0879,226904.1039
AXTA,Axalta Coating Systems Ltd.,Industrials & Construction,Industrials - Chemicals & Advanced Materials,Primary,7747.5241,-0.0298,0.1427,0.2427,7747.5241
AYI,Acuity Inc.,Industrials & Construction,Industrials - Building Products & HVAC,Primary,10270.8864,-0.0428,0.0493,0.2211,6162.5318
AYI,Acuity Inc.,Smart Home & IoT,Smart Home - Automation & Control Systems,Secondary,10270.8864,-0.0428,0.0493,0.2211,4108.3546
AZN,Astrazeneca Plc,Healthcare & Biotech,Healthcare - Oncology & Precision Cancer Therapeutics,Primary,257416.0254,0.0609,-0.0136,-0.1253,257416.0254
AZO,Autozone Inc,E-commerce,"E-commerce - Omnichannel Retailers, Online & Physical Stores",Primary,48289.583,-0.0222,0.0118,-0.1397,48289.583
B,Barrick Mining Corporation,Commodities - Metals,Comm Metals - Gold,Primary,78344.0958,0.1442,0.2809,0.158,47006.4575
B,Barrick Mining Corporation,Commodities - Metals,Comm Metals - Precious Metals,Secondary,78344.0958,0.1442,0.2809,0.158,31337.6383
BA,Boeing Co,Defense & Aerospace,Defense - Next-Generation Aircraft & Maintenance,Primary,169297.2559,-0.0754,0.0238,-0.0246,101578.3535
BA,Boeing Co,Defense & Aerospace,Defense - Secure Defense Supply Chains,Secondary,169297.2559,-0.0754,0.0238,-0.0246,67718.9024
BABA,Alibaba Group Holding Ltd,Cloud Computing,Cloud - Hyperscalers & Platforms,Primary,286042.8884,-0.0361,0.0463,-0.0839,286042.8884
BAC,Bank Of America Corp,Financials - Traditional,"Fin Trad - Banks, Lending & Mortgage Finance",Primary,431382.637,-0.0434,0.0067,0.2043,431382.637
BAH,Booz Allen Hamilton Holding Corp,Defense & Aerospace,Defense - Cyber Defense & Electronic Warfare,Primary,9267.9575,-0.0053,0.1786,0.0245,9267.9575
BALL,Ball Corp,Environmental Sustainability,Environmental - Waste Management & Recycling,Primary,16832.4865,0.0286,0.0219,0.1326,16832.4865
BALY,Bally'S Corp,Digital Entertainment & Media,Entertainment - iGaming & Online Gambling,Primary,516.3032,-0.2688,-0.2786,-0.158,516.3032
BAX,Baxter International Inc,Healthcare & Biotech,Healthcare - Senior Care & Longevity,Primary,13617.6747,-0.0146,0.2155,0.3848,13617.6747
BB,Blackberry Ltd,Smart Home & IoT,"Smart Home & IoT - Devices, Sensors & Connectivity",Primary,4712.2474,-0.0966,-0.0684,0.209,4712.2474
BBAI,"Bigbear.Ai Holdings, Inc.",Industrial Automation & Robotics,"Robotics - Autonomous Vehicles, Service & Mobility",Primary,1543.9723,-0.0153,0.1298,-0.2333,926.3834
BBAI,"Bigbear.Ai Holdings, Inc.",Artificial Intelligence,"AI - Apps, Domain-Specific AI",Secondary,1543.9723,-0.0153,0.1298,-0.2333,617.5889
BBWI,"Bath & Body Works, Inc.",Consumer Goods & Retail,Consumer - Household & Personal Care,Primary,3920.3774,0.0124,0.016,0.1473,3920.3774
BBY,Best Buy Co Inc,E-commerce,"E-commerce - Omnichannel Retailers, Online & Physical Stores",Primary,18102.7883,-0.0061,0.0173,0.4233,10861.673
BBY,Best Buy Co Inc,E-commerce,E-commerce - Retail Media & Advertising,Secondary,18102.7883,-0.0061,0.0173,0.4233,7241.1153
BC,Brunswick Corp,Consumer Goods & Retail,Consumer - Modern Luxury & Lifestyle,Primary,5237.5762,-0.017,0.0215,0.0321,5237.5762
BCO,Brink's Co,Business Services & Consulting,"Business Services - Outsourcing, Facilities & Testing",Primary,4588.802,-0.0249,-0.0778,0.0656,4588.802
BDC,Belden Inc.,Hardware,Hardware - Networking Equipment,Primary,4785.5152,-0.0989,0.1886,0.1691,2871.3091
BDC,Belden Inc.,Industrial Automation & Robotics,Automation - Industrial Software & Digital Twin,Secondary,4785.5152,-0.0989,0.1886,0.1691,1914.2061
BDX,Becton Dickinson & Co,Healthcare & Biotech,Healthcare - Medical Devices & HealthTech Hardware,Primary,52298.2656,0.0469,0.2551,0.3221,52298.2656
BE,Bloom Energy Corp,Energy - Renewable,Energy Clean - Hydrogen & Fuel Cells,Primary,59332.533,-0.1239,-0.0729,-0.3457,59332.533
BEAM,Beam Therapeutics Inc.,Healthcare & Biotech,Healthcare - Next-Gen Biotech Platforms,Primary,3073.8409,0.1125,0.1486,0.0755,3073.8409
BEEM,Beam Global,Electric Vehicles & Mobility,EVs - Charging & Infrastructure,Primary,34.8565,0.3894,0.4404,0.0903,20.9139
BEEM,Beam Global,Electric Vehicles & Mobility,EVs - Autonomous Driving & Fleet,Secondary,34.8565,0.3894,0.4404,0.0903,13.9426
BEN,"Franklin Resources, Inc.",Financials - Traditional,"Fin Trad - Asset Management, Custody & Alternatives",Primary,17432.1195,0.0133,0.0626,0.123,17432.1195
BEP,Brookfield Renewable Partners L.P.,Energy - Renewable,Energy Clean - Solar,Primary,9834.6581,-0.057,-0.0091,-0.0631,5900.7949
BEP,Brookfield Renewable Partners L.P.,Energy - Renewable,Energy Clean - Wind,Secondary,9834.6581,-0.057,-0.0091,-0.0631,3933.8632
BEPC,Brookfield Renewable Corp,Environmental Sustainability,Environmental - Climate Technologies & Carbon Solutions,Primary,6171.1754,-0.0634,-0.0107,-0.1074,3702.7052
BEPC,Brookfield Renewable Corp,Environmental Sustainability,Environmental - Sustainable Agriculture & Resource Management,Secondary,6171.1754,-0.0634,-0.0107,-0.1074,2468.4702
BF.B,Brown-Forman Corp,Consumer Goods & Retail,"Consumer - Health, Food & Beverages",Primary,,,,,
BG,Bunge Global Sa,Agriculture & FoodTech,Agriculture - Agri-Food Processing & Distribution,Primary,21730.5941,0.0012,-0.0693,-0.0494,13038.3565
BG,Bunge Global Sa,Commodities - Agriculture,"Comm Agri - Grains, Oilseeds & Softs",Secondary,21730.5941,0.0012,-0.0693,-0.0494,8692.2376
BHF,"Brighthouse Financial, Inc.",Financials - Traditional,Fin Trad - Insurance & Reinsurance,Primary,3006.1294,-0.1092,-0.1666,-0.1665,3006.1294
BHP,Bhp Group Ltd,Energy - Renewable,Energy Clean - Materials & Critical Metals,Primary,246464.1096,0.1181,0.16,0.1423,147878.4658
BHP,Bhp Group Ltd,Commodities - Metals,Comm Metals - Industrial & Base Metals,Secondary,246464.1096,0.1181,0.16,0.1423,98585.6438
BIDU,"Baidu, Inc.",Artificial Intelligence,"AI - Ads, Search & Recommendations",Primary,31615.5762,-0.1009,-0.132,-0.2894,18969.3457
BIDU,"Baidu, Inc.",Artificial Intelligence,"AI - Apps, Domain-Specific AI",Secondary,31615.5762,-0.1009,-0.132,-0.2894,12646.2305
BIIB,Biogen Inc.,Healthcare & Biotech,Healthcare - Age-Related & Longevity Therapeutics,Primary,32030.1115,0.0331,0.0806,0.1441,32030.1115
BILL,"Bill Holdings, Inc.",FinTech & Digital Finance,FinTech - Digital Payments & Merchant Infrastructure,Primary,4762.7155,-0.0394,0.159,0.3119,4762.7155
BIO,"Bio-Rad Laboratories, Inc.",Healthcare & Biotech,"Healthcare - Diagnostics, Biomarkers & Liquid Biopsy",Primary,10161.3086,0.0667,0.2012,0.3253,10161.3086
BIOX,Bioceres Crop Solutions Corp.,Agriculture & FoodTech,Agriculture - Agricultural Inputs & Crop Science,Primary,28.1428,-0.0178,0.2672,0.0138,28.1428
BIRD,"Allbirds, Inc.",E-commerce,E-commerce - Direct-to-Consumer,Primary,21.5748,0.0987,0.0944,-0.3265,21.5748
BJ,"BJ's Wholesale Club Holdings, Inc.",E-commerce,"E-commerce - Omnichannel Retailers, Online & Physical Stores",Primary,12312.254,0.0322,0.0562,0.0211,7387.3524
BJ,"BJ's Wholesale Club Holdings, Inc.",E-commerce,E-commerce - Grocery & Local Commerce Platforms,Secondary,12312.254,0.0322,0.0562,0.0211,4924.9016
BKD,Brookdale Senior Living Inc.,Healthcare & Biotech,Healthcare - Senior Care & Longevity,Primary,2818.0436,-0.0665,-0.1862,-0.1181,2818.0436
BKH,Black Hills Corp,Energy - Traditional,Energy Base - Utilities & Conventional Power Operators,Primary,5466.5879,-0.0258,-0.0363,-0.0241,3279.9527
BKH,Black Hills Corp,Commodities - Energy,Comm Energy - Natural Gas & LNG,Secondary,5466.5879,-0.0258,-0.0363,-0.0241,2186.6352
BKKT,"Bakkt Holdings, Inc.",Crypto & Blockchain,"Blockchain - Platforms, Tokenization & Financial Services",Primary,387.1467,0.1229,0.1185,-0.3028,387.1467
BKNG,Booking Holdings Inc.,Consumer Goods & Retail,Consumer - Resale & Sharing Platforms,Primary,157504.3767,-0.0115,0.2129,0.3161,94502.626
BKNG,Booking Holdings Inc.,Real Estate & REITs,"Real Estate - Travel, Leisure & Entertainment Properties",Secondary,157504.3767,-0.0115,0.2129,0.3161,63001.7507
BKR,Baker Hughes Co,Energy - Traditional,Energy Base - Oilfield Services & Equipment,Primary,61883.3017,-0.0383,0.1155,-0.0491,61883.3017
BKSY,Blacksky Technology Inc.,Defense & Aerospace,Defense - Space Technology & Satellite Services,Primary,1135.6645,-0.1025,0.2182,-0.3785,681.3987
BKSY,Blacksky Technology Inc.,Space Tech,Space - Data Analytics & Earth Observation,Secondary,1135.6645,-0.1025,0.2182,-0.3785,454.2658
BKYI,Bio Key International Inc,Cybersecurity,"Cybersecurity - Identity, Biometrics & Access Management",Primary,4.4096,-0.0346,-0.3384,-0.3398,4.4096
BLD,Topbuild Corp,Industrials & Construction,Industrials - Building Products & HVAC,Primary,9935.5501,,,,9935.5501
BLDP,Ballard Power Systems Inc.,Energy - Renewable,Energy Clean - Hydrogen & Fuel Cells,Primary,723.6156,-0.1111,-0.1946,-0.558,723.6156
BLDR,"Builders Firstsource, Inc.",Industrials & Construction,Industrials - Building Products & HVAC,Primary,7554.3471,-0.0317,-0.0048,-0.0494,4532.6083
BLDR,"Builders Firstsource, Inc.",Industrials & Construction,Industrials - Distribution & Rental Services,Secondary,7554.3471,-0.0317,-0.0048,-0.0494,3021.7388
BLK,"Blackrock, Inc.",Financials - Traditional,"Fin Trad - Asset Management, Custody & Alternatives",Primary,179114.0491,-0.0146,0.1151,0.0934,107468.4295
BLK,"Blackrock, Inc.",Crypto & Blockchain,"Blockchain - Platforms, Tokenization & Financial Services",Secondary,179114.0491,-0.0146,0.1151,0.0934,71645.6196
BLKB,Blackbaud Inc,Software,Software - Vertical SaaS Platforms,Primary,2156.9374,0.0502,0.5206,0.6043,2156.9374
BLNK,Blink Charging Co.,Electric Vehicles & Mobility,EVs - Charging & Infrastructure,Primary,86.2385,0.0034,0.074,-0.2831,86.2385
BMBL,Bumble Inc.,Digital Entertainment & Media,Entertainment - Advertising & Social Platforms,Primary,369.5113,0.0332,0.0036,-0.085,369.5113
BMRN,Biomarin Pharmaceutical Inc.,Healthcare & Biotech,Healthcare - Genomics & Personalized Medicine,Primary,12911.3691,-0.0098,0.133,0.2329,12911.3691
BMY,Bristol Myers Squibb Co,Healthcare & Biotech,Healthcare - Oncology & Precision Cancer Therapeutics,Primary,136882.3135,0.0498,0.0894,0.138,82129.3881
BMY,Bristol Myers Squibb Co,Healthcare & Biotech,Healthcare - Age-Related & Longevity Therapeutics,Secondary,136882.3135,0.0498,0.0894,0.138,54752.9254
BNED,"Barnes & Noble Education, Inc.",Education Technology,Education - Digital Curriculum,Primary,418.0597,-0.0066,0.0194,0.3545,418.0597
BNTX,Biontech Se,Healthcare & Biotech,Healthcare - Next-Gen Biotech Platforms,Primary,29282.8929,0.2522,0.2662,0.282,17569.7357
BNTX,Biontech Se,Healthcare & Biotech,Healthcare - Oncology & Precision Cancer Therapeutics,Secondary,29282.8929,0.2522,0.2662,0.282,11713.1572
BNY,BNY Mellon Corp,Financials - Traditional,"Fin Trad - Asset Management, Custody & Alternatives",Primary,107536.1252,-0.0291,-0.0062,0.1449,107536.1252
BODI,"Beachbody Company, Inc.",Healthcare & Biotech,Healthcare - Healthy Aging & Nutrition,Primary,46.4038,-0.0939,-0.4058,-0.4167,46.4038
BP,Bp Plc,Energy - Traditional,Energy Base - Integrated Energy Majors,Primary,115272.3165,0.0524,0.0314,0.0098,69163.3899
BP,Bp Plc,Commodities - Energy,Comm Energy - Crude Oil,Secondary,115272.3165,0.0524,0.0314,0.0098,46108.9266
BR,"Broadridge Financial Solutions, Inc.",FinTech & Digital Finance,FinTech - Exchanges & Market Infrastructure,Primary,20772.4903,0.0653,0.2616,0.2226,12463.4942
BR,"Broadridge Financial Solutions, Inc.",Big Data & Analytics,"Big Data - Data Generation, Sourcing & Providers",Secondary,20772.4903,0.0653,0.2616,0.2226,8308.9961
BRBR,"Bellring Brands, Inc.",Consumer Goods & Retail,"Consumer - Health, Food & Beverages",Primary,1184.8747,-0.0521,-0.2101,0.126,1184.8747
BRK-B,Berkshire Hathaway Inc.,Conglomerates & Diversified Holdings,Diversified Holdings & Multi-Industry Conglomerates,Primary,1061406.7457,-0.0163,0.0101,0.033,1061406.7457
BRKR,Bruker Corp,Nanotechnology,NanoTech - Research Tools & Advanced Instruments,Primary,9074.5211,0.0322,-0.0417,0.3253,9074.5211
BRO,"Brown & Brown, Inc.",Financials - Traditional,Fin Trad - Insurance & Reinsurance,Primary,24399.7866,0.0337,0.1118,0.249,24399.7866
BROS,Dutch Bros Inc.,Consumer Goods & Retail,Consumer - Restaurants & Dining,Primary,6879.1074,-0.0413,-0.2207,-0.0672,6879.1074
BRX,Brixmor Property Group Inc.,Real Estate & REITs,Real Estate - Retail & Consumer Real Estate,Primary,8994.4274,-0.0223,-0.0832,-0.0408,8994.4274
BRZE,"Braze, Inc.",Software,"Software - Collaboration, CRM & Communications",Primary,3498.3396,0.0736,0.4637,0.3268,3498.3396
BSX,Boston Scientific Corp,Healthcare & Biotech,Healthcare - Medical Devices & HealthTech Hardware,Primary,72997.6897,-0.0282,0.1558,-0.1186,43798.6138
BSX,Boston Scientific Corp,Healthcare & Biotech,Healthcare - Senior Care & Longevity,Secondary,72997.6897,-0.0282,0.1558,-0.1186,29199.0759
BSY,Bentley Systems Inc,Industrial Automation & Robotics,Automation - Industrial Software & Digital Twin,Primary,11201.6049,0.0232,0.2311,0.1144,6720.9629
BSY,Bentley Systems Inc,Software,Software - Vertical SaaS Platforms,Secondary,11201.6049,0.0232,0.2311,0.1144,4480.642
BTDR,Bitdeer Technologies Group,Crypto & Blockchain,Blockchain - Cryptocurrency Mining & Staking,Primary,3090.1641,0.2453,-0.0657,-0.2379,3090.1641
BTU,Peabody Energy Corp,Energy - Traditional,Energy Base - Coal & Thermal Power Generation,Primary,3365.6591,0.0836,0.1627,0.1346,3365.6591
BURL,"Burlington Stores, Inc.",E-commerce,"E-commerce - Omnichannel Retailers, Online & Physical Stores",Primary,20550.6303,-0.0609,-0.0382,0.0331,12330.3782
BURL,"Burlington Stores, Inc.",Consumer Goods & Retail,Consumer - Apparel & E-Commerce Retail,Secondary,20550.6303,-0.0609,-0.0382,0.0331,8220.2521
BVN,Buenaventura Mining Co Inc,Commodities - Metals,Comm Metals - Precious Metals,Primary,9008.9145,0.0513,0.1325,0.0522,9008.9145
BWA,Borgwarner Inc,Electric Vehicles & Mobility,EVs - Key Suppliers & Autonomy Tech,Primary,13804.5052,-0.0128,0.0536,0.0691,13804.5052
BWXT,"Bwx Technologies, Inc.",Energy - Traditional,Energy Base - Nuclear Power & Advanced Reactors,Primary,14364.4939,-0.0935,-0.1112,-0.2246,8618.6963
BWXT,"Bwx Technologies, Inc.",Commodities - Energy,Comm Energy - Uranium & Nuclear Fuels,Secondary,14364.4939,-0.0935,-0.1112,-0.2246,5745.7976
BX,Blackstone Inc.,Financials - Traditional,"Fin Trad - Asset Management, Custody & Alternatives",Primary,107624.6325,-0.0038,0.1634,0.2216,107624.6325
BXP,"Bxp, Inc.",Real Estate & REITs,Real Estate - Office & Commercial Workspaces,Primary,10804.2972,-0.0114,-0.0025,0.1373,10804.2972
BYD,Boyd Gaming Corp,Digital Entertainment & Media,Entertainment - iGaming & Online Gambling,Primary,5869.1043,-0.0398,-0.0668,0.0165,5869.1043
BYND,"Beyond Meat, Inc.",Agriculture & FoodTech,Agriculture - Alternative Proteins,Primary,253.9549,0.0965,25.375,17.7199,152.3729
BYND,"Beyond Meat, Inc.",Consumer Goods & Retail,"Consumer - Health, Food & Beverages",Secondary,253.9549,0.0965,25.375,17.7199,101.582
C,Citigroup Inc,Financials - Traditional,"Fin Trad - Banks, Lending & Mortgage Finance",Primary,220834.5422,-0.0551,0.0033,0.0567,220834.5422
CACI,Caci International Inc /De/,Defense & Aerospace,Defense - Cyber Defense & Electronic Warfare,Primary,14307.0209,-0.0345,0.347,0.321,14307.0209
CAH,"Cardinal Health, Inc.",Healthcare & Biotech,"Healthcare - IT, Services & Data Infrastructure",Primary,53378.4541,-0.0241,0.0156,0.1466,53378.4541
CALM,Cal-Maine Foods Inc,Commodities - Agriculture,Comm Agri - Livestock & Animal Protein,Primary,3867.2564,0.0211,-0.0606,0.0764,3867.2564
CAMT,Camtek Ltd,Semiconductors,"Semis - Testing, Packaging & Assembly",Primary,6851.355,-0.1123,-0.054,-0.0858,6851.355
CAR,"Avis Budget Group, Inc.",Transportation & Logistics,Transportation - Urban Mobility & Emerging Transport Tech,Primary,5179.1088,0.0635,-0.0782,-0.0704,5179.1088
CARR,Carrier Global Corp,Smart Home & IoT,Smart Home - Automation & Control Systems,Primary,49764.5028,-0.0384,-0.127,-0.0256,49764.5028
CART,Maplebear Inc.,E-commerce,E-commerce - Grocery & Local Commerce Platforms,Primary,11535.6488,0.0194,0.1716,0.243,6921.3893
CART,Maplebear Inc.,E-commerce,E-commerce - Retail Media & Advertising,Secondary,11535.6488,0.0194,0.1716,0.243,4614.2595
CASY,"Casey's General Stores, Inc.",E-commerce,E-commerce - Grocery & Local Commerce Platforms,Primary,30926.4865,-0.0127,-0.0444,0.014,30926.4865
CAT,Caterpillar Inc,Transportation & Logistics,Transportation - Infrastructure & Equipment,Primary,380564.8518,-0.0335,-0.0745,-0.0422,228338.9111
CAT,Caterpillar Inc,Industrial Automation & Robotics,"Robotics - Autonomous Vehicles, Service & Mobility",Secondary,380564.8518,-0.0335,-0.0745,-0.0422,152225.9407
CAVA,"Cava Group, Inc.",Consumer Goods & Retail,Consumer - Restaurants & Dining,Primary,8600.44,-0.0106,0.1648,-0.094,8600.44
CB,Chubb Limited,Financials - Traditional,Fin Trad - Insurance & Reinsurance,Primary,131553.8902,-0.0077,-0.0347,0.0357,131553.8902
CBOE,"Cboe Global Markets, Inc.",FinTech & Digital Finance,FinTech - Exchanges & Market Infrastructure,Primary,31406.5836,0.0155,0.0557,-0.1437,31406.5836
CBRE,"CBRE Group, Inc.",Real Estate & REITs,Real Estate - Office & Commercial Workspaces,Primary,44044.4046,-0.005,0.1221,0.1607,44044.4046
CBSH,"Commerce Bancshares, Inc.",Financials - Traditional,"Fin Trad - Banks, Lending & Mortgage Finance",Primary,8373.5707,-0.0314,-0.0046,0.1245,8373.5707
CBT,Cabot Corp,Industrials & Construction,Industrials - Chemicals & Advanced Materials,Primary,4398.4456,-0.0306,-0.044,0.0933,2639.0674
CBT,Cabot Corp,Electric Vehicles & Mobility,EVs - Batteries & Materials,Secondary,4398.4456,-0.0306,-0.044,0.0933,1759.3782
CBUS,"Cibus, Inc.",Agriculture & FoodTech,Agriculture - Agricultural Inputs & Crop Science,Primary,129.9292,-0.0395,-0.0449,0.2319,129.9292
CCI,Crown Castle Inc.,Telecommunications,Telecom - Infrastructure & Equipment,Primary,32126.1411,-0.0062,0.0126,-0.17,19275.6847
CCI,Crown Castle Inc.,Real Estate & REITs,Real Estate - Digital Infrastructure,Secondary,32126.1411,-0.0062,0.0126,-0.17,12850.4564
CCJ,Cameco Corp,Energy - Traditional,Energy Base - Nuclear Power & Advanced Reactors,Primary,44646.4866,0.0488,0.1475,-0.0268,26787.892
CCJ,Cameco Corp,Commodities - Energy,Comm Energy - Uranium & Nuclear Fuels,Secondary,44646.4866,0.0488,0.1475,-0.0268,17858.5946
CCK,"Crown Holdings, Inc.",Industrials & Construction,Industrials - Packaging & Containers,Primary,12993.6184,0.0038,0.0465,0.2421,12993.6184
CCL,Carnival Corp,Real Estate & REITs,"Real Estate - Travel, Leisure & Entertainment Properties",Primary,35241.0712,-0.085,0.0235,-0.012,35241.0712
CDE,"Coeur Mining, Inc.",Commodities - Metals,Comm Metals - Gold,Primary,21555.7962,0.1148,0.376,0.1774,21555.7962
CDLR,Cadeler A/S,Energy - Renewable,Energy Clean - Wind,Primary,2307.5868,0.0382,0.0464,-0.0974,2307.5868
CDNA,"Caredx, Inc.",Healthcare & Biotech,Healthcare - Genomics & Personalized Medicine,Primary,2514.8006,0.0726,0.2925,1.2536,2514.8006
CDNS,Cadence Design Systems Inc,Semiconductors,Semis - EDA Tools & Design Software,Primary,87855.8718,-0.0179,-0.0346,-0.11,52713.5231
CDNS,Cadence Design Systems Inc,Industrial Automation & Robotics,Automation - Industrial Software & Digital Twin,Secondary,87855.8718,-0.0179,-0.0346,-0.11,35142.3487
CDP,COPT Defense Properties,Real Estate & REITs,Real Estate - Office & Commercial Workspaces,Primary,4226.8078,0.0087,-0.0056,0.1637,2536.0847
CDP,COPT Defense Properties,Defense & Aerospace,Defense - Secure Defense Supply Chains,Secondary,4226.8078,0.0087,-0.0056,0.1637,1690.7231
CDW,CDW Corp,Industrials & Construction,Industrials - Distribution & Rental Services,Primary,17158.6417,-0.0156,0.0543,0.2918,10295.185
CDW,CDW Corp,Hardware,Hardware - Data Center Infrastructure & Servers,Secondary,17158.6417,-0.0156,0.0543,0.2918,6863.4567
CECO,Ceco Environmental Corp,Environmental Sustainability,Environmental - Clean Technologies & Pollution Control,Primary,4188.914,-0.1014,-0.1014,-0.1135,4188.914
CEG,Constellation Energy Corp,Energy - Traditional,Energy Base - Nuclear Power & Advanced Reactors,Primary,96683.3993,-0.0326,-0.0083,-0.0438,58010.0396
CEG,Constellation Energy Corp,Energy - Traditional,Energy Base - Utilities & Conventional Power Operators,Secondary,96683.3993,-0.0326,-0.0083,-0.0438,38673.3597
CELH,"Celsius Holdings, Inc.",Healthcare & Biotech,Healthcare - Healthy Aging & Nutrition,Primary,8441.2493,0.1468,0.2278,0.1232,5064.7496
CELH,"Celsius Holdings, Inc.",Consumer Goods & Retail,"Consumer - Health, Food & Beverages",Secondary,8441.2493,0.1468,0.2278,0.1232,3376.4997
CENX,Century Aluminum Co,Commodities - Metals,Comm Metals - Industrial & Base Metals,Primary,4347.7853,-0.0599,-0.0526,-0.2736,4347.7853
CEVA,Ceva Inc,Artificial Intelligence,"AI - Compute, Edge & Acceleration",Primary,788.0325,-0.159,-0.2779,-0.2719,788.0325
CF,"Cf Industries Holdings, Inc.",Agriculture & FoodTech,Agriculture - Agricultural Inputs & Crop Science,Primary,19613.4226,0.0955,0.0281,0.0705,11768.0536
CF,"Cf Industries Holdings, Inc.",Commodities - Agriculture,"Comm Agri - Fertilizers, Crop Inputs & Seeds",Secondary,19613.4226,0.0955,0.0281,0.0705,7845.369
CFG,"Citizens Financial Group, Inc.",Financials - Traditional,"Fin Trad - Banks, Lending & Mortgage Finance",Primary,29423.4107,-0.0652,-0.0207,0.12,29423.4107
CFR,"Cullen/Frost Bankers, Inc.",Financials - Traditional,"Fin Trad - Banks, Lending & Mortgage Finance",Primary,10204.2092,-0.0346,0.0169,0.1901,10204.2092
CG,Carlyle Group Inc.,Financials - Traditional,"Fin Trad - Asset Management, Custody & Alternatives",Primary,17592.1499,0.009,0.1196,0.1018,17592.1499
CGC,Canopy Growth Corp,Healthcare & Biotech,"Healthcare - Regenerative Medicine, Psychedelics, Cannabis",Primary,471.7641,0.0294,0.1602,-0.0187,471.7641
CGNX,Cognex Corp,Industrial Automation & Robotics,Automation - Industrial Sensors & Machine Vision,Primary,10184.2715,-0.0763,-0.0444,-0.0567,6110.5629
CGNX,Cognex Corp,Industrial Automation & Robotics,Automation - Smart Logistics & Warehouse Automation,Secondary,10184.2715,-0.0763,-0.0444,-0.0567,4073.7086
CHD,Church & Dwight Co Inc /De/,Healthcare & Biotech,Healthcare - Healthy Aging & Nutrition,Primary,23435.7467,-0.0247,0.0303,0.0362,14061.448
CHD,Church & Dwight Co Inc /De/,Consumer Goods & Retail,"Consumer - Health, Food & Beverages",Secondary,23435.7467,-0.0247,0.0303,0.0362,9374.2987
CHDN,Churchill Downs Inc,Digital Entertainment & Media,Entertainment - iGaming & Online Gambling,Primary,6531.6097,0.0318,0.1189,0.0956,6531.6097
CHE,Chemed Corp,Healthcare & Biotech,Healthcare - Senior Care & Longevity,Primary,7065.2289,0.0158,0.0761,0.2275,7065.2289
CHGG,"Chegg, Inc",Education Technology,"Education - Platforms, Infrastructure & Online Learning",Primary,91.0425,0.038,-0.1546,-0.4266,91.0425
CHH,"Choice Hotels International, Inc.",Real Estate & REITs,"Real Estate - Travel, Leisure & Entertainment Properties",Primary,4933.8453,0.0496,0.015,-0.0142,4933.8453
CHKP,Check Point Software Technologies Ltd,Cybersecurity,Cybersecurity - Cloud Security,Primary,13329.2381,-0.0089,0.036,-0.009,7997.5429
CHKP,Check Point Software Technologies Ltd,Cybersecurity,"Cybersecurity - Endpoint, Identity & Zero Trust",Secondary,13329.2381,-0.0089,0.036,-0.009,5331.6952
CHPT,"Chargepoint Holdings, Inc.",Electric Vehicles & Mobility,EVs - Charging & Infrastructure,Primary,161.8602,0.0113,0.1553,-0.0849,161.8602
CHRD,Chord Energy Corp,Energy - Traditional,Energy Base - Oil & Gas Exploration & Production,Primary,8087.0807,0.0862,0.074,0.0442,8087.0807
CHRW,"C. H. Robinson Worldwide, Inc.",Transportation & Logistics,"Transportation - Logistics, Warehousing & Supply Chain Solutions",Primary,16549.6442,-0.0467,-0.3108,-0.2022,16549.6442
CHTR,"Charter Communications, Inc. /Mo/",Telecommunications,"Telecom - 5G, Wireless & Carriers",Primary,17911.9009,-0.0266,0.1871,0.0085,10747.1405
CHTR,"Charter Communications, Inc. /Mo/",Smart Home & IoT,"Smart Home - Connectivity, Security & Networking",Secondary,17911.9009,-0.0266,0.1871,0.0085,7164.7604
CHWY,"Chewy, Inc.",E-commerce,E-commerce - Direct-to-Consumer,Primary,9834.3696,0.0714,0.174,0.2052,9834.3696
CI,The Cigna Group,Healthcare & Biotech,"Healthcare - IT, Services & Data Infrastructure",Primary,73329.3799,-0.0179,-0.0307,-0.0103,73329.3799
CIEN,Ciena Corp,Hardware,Hardware - Communications & Telecom,Primary,56025.2322,-0.0769,-0.0288,-0.326,33615.1393
CIEN,Ciena Corp,Telecommunications,Telecom - Infrastructure & Equipment,Secondary,56025.2322,-0.0769,-0.0288,-0.326,22410.0929
CIFR,Cipher Mining Inc.,Crypto & Blockchain,Blockchain - Cryptocurrency Mining & Staking,Primary,6542.9595,-0.1171,-0.3894,-0.2674,6542.9595
CINF,Cincinnati Financial Corp,Financials - Traditional,Fin Trad - Insurance & Reinsurance,Primary,25828.8192,-0.0282,-0.0618,0.005,25828.8192
CL,Colgate Palmolive Co,Consumer Goods & Retail,Consumer - Household & Personal Care,Primary,72606.5027,-0.0095,0.0111,0.0128,43563.9016
CL,Colgate Palmolive Co,Nanotechnology,NanoTech - Consumer & Industrial Products,Secondary,72606.5027,-0.0095,0.0111,0.0128,29042.6011
CLF,Cleveland-Cliffs Inc.,Commodities - Metals,Comm Metals - Industrial & Base Metals,Primary,6429.9866,-0.0529,0.0283,0.0533,6429.9866
CLH,Clean Harbors Inc,Environmental Sustainability,Environmental - Waste Management & Recycling,Primary,16679.7152,-0.0186,0.031,0.1183,16679.7152
CLMT,"Calumet, Inc. /De",Commodities - Energy,Comm Energy - Biofuels & Renewable Fuels,Primary,4307.8923,0.027,0.1446,0.491,2584.7354
CLMT,"Calumet, Inc. /De",Energy - Renewable,Energy Clean - Fuels & Bioenergy,Secondary,4307.8923,0.027,0.1446,0.491,1723.1569
CLNE,Clean Energy Fuels Corp.,Commodities - Energy,Comm Energy - Biofuels & Renewable Fuels,Primary,357.1209,-0.1148,-0.2249,-0.202,214.2725
CLNE,Clean Energy Fuels Corp.,Energy - Renewable,Energy Clean - Fuels & Bioenergy,Secondary,357.1209,-0.1148,-0.2249,-0.202,142.8484
CLNN,Clene Inc.,Nanotechnology,NanoTech - Nanomedicine & Drug Delivery,Primary,55.5056,0.0435,-0.2117,-0.3656,55.5056
CLSK,"Cleanspark, Inc.",FinTech & Digital Finance,"FinTech - Crypto, Blockchain & Tokenization",Primary,3076.6684,-0.0091,-0.2325,-0.2398,1846.001
CLSK,"Cleanspark, Inc.",Crypto & Blockchain,Blockchain - Cryptocurrency Mining & Staking,Secondary,3076.6684,-0.0091,-0.2325,-0.2398,1230.6674
CLX,Clorox Co,Consumer Goods & Retail,Consumer - Household & Personal Care,Primary,12902.1292,0.0094,0.1507,0.1341,12902.1292
CMC,Commercial Metals Co,Commodities - Metals,Comm Metals - Industrial & Base Metals,Primary,7335.4994,-0.0743,-0.0254,-0.059,4401.2996
CMC,Commercial Metals Co,Commodities - Metals,Comm Metals - Recycling & Circular Materials,Secondary,7335.4994,-0.0743,-0.0254,-0.059,2934.1998
CMCSA,Comcast Corp,Telecommunications,"Telecom - 5G, Wireless & Carriers",Primary,95280.8933,0.0256,0.2249,0.0852,57168.536
CMCSA,Comcast Corp,Smart Home & IoT,"Smart Home - Connectivity, Security & Networking",Secondary,95280.8933,0.0256,0.2249,0.0852,38112.3573
CME,Cme Group Inc.,FinTech & Digital Finance,FinTech - Exchanges & Market Infrastructure,Primary,98877.1097,0.0192,0.0812,-0.0445,98877.1097
CMG,"Chipotle Mexican Grill, Inc.",Consumer Goods & Retail,Consumer - Restaurants & Dining,Primary,46783.2241,0.1015,0.1528,0.125,46783.2241
CMI,Cummins Inc,Energy - Renewable,Energy Clean - Hydrogen & Fuel Cells,Primary,80902.6647,-0.0656,-0.113,-0.0737,48541.5988
CMI,Cummins Inc,Transportation & Logistics,Transportation - Infrastructure & Equipment,Secondary,80902.6647,-0.0656,-0.113,-0.0737,32361.0659
CMPS,Compass Pathways Plc,Healthcare & Biotech,"Healthcare - Regenerative Medicine, Psychedelics, Cannabis",Primary,1845.896,,,,1845.896
CMS,CMS Energy Corp,Energy - Traditional,Energy Base - Utilities & Conventional Power Operators,Primary,21407.91,-0.0399,-0.0719,-0.0654,21407.91
CNC,Centene Corp,Healthcare & Biotech,"Healthcare - IT, Services & Data Infrastructure",Primary,32119.5532,-0.0363,0.0201,0.1255,32119.5532
CNH,Cnh Industrial N.V.,Agriculture & FoodTech,Agriculture - Precision Agriculture & Farm Automation,Primary,19088.8441,0.137,0.1177,0.1695,19088.8441
CNI,Canadian National Railway Co,Transportation & Logistics,Transportation - Freight Rail & Infrastructure,Primary,78540.2138,0.0237,-0.0057,0.1435,78540.2138
CNM,"Core & Main, Inc.",Industrials & Construction,Industrials - Distribution & Rental Services,Primary,8401.2145,-0.0239,0.0408,-0.0483,5040.7287
CNM,"Core & Main, Inc.",Environmental Sustainability,Environmental - Water Infrastructure & Treatment,Secondary,8401.2145,-0.0239,0.0408,-0.0483,3360.4858
CNO,"CNO Financial Group, Inc.",Financials - Traditional,Fin Trad - Insurance & Reinsurance,Primary,4951.7438,-0.0318,0.0175,0.1338,4951.7438
CNP,Centerpoint Energy Inc,Energy - Traditional,Energy Base - Utilities & Conventional Power Operators,Primary,25538.5859,-0.0448,-0.1182,-0.0817,15323.1515
CNP,Centerpoint Energy Inc,Commodities - Energy,Comm Energy - Natural Gas & LNG,Secondary,25538.5859,-0.0448,-0.1182,-0.0817,10215.4344
CNR,"Core Natural Resources, Inc.",Energy - Traditional,Energy Base - Coal & Thermal Power Generation,Primary,4721.897,-0.0084,0.0994,0.1337,4721.897
CNX,CNX Resources Corp,Energy - Traditional,Energy Base - Oil & Gas Exploration & Production,Primary,5379.2307,0.0179,0.0551,0.0228,3227.5384
CNX,CNX Resources Corp,Commodities - Energy,Comm Energy - Natural Gas & LNG,Secondary,5379.2307,0.0179,0.0551,0.0228,2151.6923
CNXC,Concentrix Corp,Business Services & Consulting,"Business Services - Outsourcing, Facilities & Testing",Primary,1549.8661,0.0372,0.177,-0.0022,1549.8661
COF,Capital One Financial Corp,Financials - Traditional,"Fin Trad - Banks, Lending & Mortgage Finance",Primary,133684.4829,-0.0381,0.0936,0.1715,80210.6897
COF,Capital One Financial Corp,FinTech & Digital Finance,FinTech - Digital Payments & Merchant Infrastructure,Secondary,133684.4829,-0.0381,0.0936,0.1715,53473.7932
COHR,Coherent Corp.,Hardware,Hardware - Next-Gen & Specialty,Primary,56697.3497,-0.1114,-0.0757,-0.2341,56697.3497
COHU,Cohu Inc,Semiconductors,"Semis - Testing, Packaging & Assembly",Primary,2573.7906,-0.0831,-0.0026,0.191,2573.7906
COIN,"Coinbase Global, Inc.",FinTech & Digital Finance,"FinTech - Crypto, Blockchain & Tokenization",Primary,49202.9492,0.2561,0.1572,-0.0365,29521.7695
COIN,"Coinbase Global, Inc.",FinTech & Digital Finance,FinTech - Exchanges & Market Infrastructure,Secondary,49202.9492,0.2561,0.1572,-0.0365,19681.1797
COKE,"Coca-Cola Consolidated, Inc.",Consumer Goods & Retail,"Consumer - Health, Food & Beverages",Primary,12587.3084,-0.0001,0.0612,0.0739,12587.3084
COLB,"Columbia Banking System, Inc.",Financials - Traditional,"Fin Trad - Banks, Lending & Mortgage Finance",Primary,8716.2187,-0.0575,-0.0449,0.0533,8716.2187
COLD,Americold Realty Trust,Transportation & Logistics,"Transportation - Logistics, Warehousing & Supply Chain Solutions",Primary,4353.5784,0.0249,0.0816,0.0714,2612.147
COLD,Americold Realty Trust,Real Estate & REITs,"Real Estate - E-Commerce, Warehousing & Logistics",Secondary,4353.5784,0.0249,0.0816,0.0714,1741.4314
COLM,Columbia Sportswear Co,Consumer Goods & Retail,Consumer - Apparel & E-Commerce Retail,Primary,3088.4855,0.0559,-0.0178,-0.012,3088.4855
COO,"The Cooper Companies, Inc.",Healthcare & Biotech,Healthcare - Medical Devices & HealthTech Hardware,Primary,14865.2349,0.0007,0.0853,0.2127,14865.2349
COP,Conocophillips,Energy - Traditional,Energy Base - Oil & Gas Exploration & Production,Primary,164311.3068,0.0709,0.1295,0.1263,98586.7841
COP,Conocophillips,Commodities - Energy,Comm Energy - Crude Oil,Secondary,164311.3068,0.0709,0.1295,0.1263,65724.5227
COR,"Cencora, Inc.",Healthcare & Biotech,"Healthcare - IT, Services & Data Infrastructure",Primary,60690.6732,0.0134,0.0446,0.2005,60690.6732
CORZ,"Core Scientific, Inc./Tx",Crypto & Blockchain,Blockchain - Cryptocurrency Mining & Staking,Primary,5723.0731,-0.1174,-0.2567,-0.2824,5723.0731
COST,Costco Wholesale Corp /New,E-commerce,"E-commerce - Omnichannel Retailers, Online & Physical Stores",Primary,420302.5974,-0.0139,0.025,-0.0963,252181.5584
COST,Costco Wholesale Corp /New,Consumer Goods & Retail,"Consumer - Health, Food & Beverages",Secondary,420302.5974,-0.0139,0.025,-0.0963,168121.039
COTY,Coty Inc.,Consumer Goods & Retail,Consumer - Household & Personal Care,Primary,2412.478,-0.0386,0.0538,0.3838,2412.478
COUR,"Coursera, Inc.",Software,Software - Vertical SaaS Platforms,Primary,1718.1518,0.0381,0.1152,0.145,1030.8911
COUR,"Coursera, Inc.",Education Technology,Education - Digital Curriculum,Secondary,1718.1518,0.0381,0.1152,0.145,687.2607
CP,Canadian Pacific Kansas City Ltd/Cn,Transportation & Logistics,Transportation - Freight Rail & Infrastructure,Primary,84998.1723,0.0341,0.0473,0.1175,84998.1723
CPAY,"Corpay, Inc.",FinTech & Digital Finance,FinTech - Digital Payments & Merchant Infrastructure,Primary,27388.5889,-0.0011,0.1434,0.2005,27388.5889
CPNG,"Coupang, Inc.",E-commerce,E-commerce - Grocery & Local Commerce Platforms,Primary,29569.0689,0.0205,0.0525,0.0458,17741.4413
CPNG,"Coupang, Inc.",Software,Software - Vertical SaaS Platforms,Secondary,29569.0689,0.0205,0.0525,0.0458,11827.6276
CPRI,Capri Holdings Ltd,Consumer Goods & Retail,Consumer - Modern Luxury & Lifestyle,Primary,,-0.1102,-0.1216,-0.2573,
CPRT,Copart Inc,Consumer Goods & Retail,Consumer - Resale & Sharing Platforms,Primary,,0.0693,0.2426,-0.0174,
CPT,Camden Property Trust,Real Estate & REITs,"Real Estate - Housing, Urban Living & Demographics",Primary,10817.0283,-0.0251,-0.0465,0.0227,10817.0283
CQP,"Cheniere Energy Partners, L.P.",Commodities - Energy,Comm Energy - Natural Gas & LNG,Primary,33099.8645,-0.0097,0.0502,0.07,33099.8645
CR,Crane Co,Industrials & Construction,"Industrials - Machinery, Flow Control & Components",Primary,12046.1724,-0.0455,-0.0444,0.1899,7227.7034
CR,Crane Co,Defense & Aerospace,Defense - Next-Generation Aircraft & Maintenance,Secondary,12046.1724,-0.0455,-0.0444,0.1899,4818.469
CRBG,"Corebridge Financial, Inc.",Financials - Traditional,Fin Trad - Insurance & Reinsurance,Primary,14242.4324,-0.0731,0.036,0.1654,14242.4324
CRH,CRH Plc,Industrials & Construction,Industrials - Construction Materials & Aggregates,Primary,63248.5983,-0.0214,-0.0262,-0.0552,63248.5983
CRL,"Charles River Laboratories International, Inc.",Healthcare & Biotech,"Healthcare - IT, Services & Data Infrastructure",Primary,14092.0377,0.0541,0.2874,0.8582,8455.2226
CRL,"Charles River Laboratories International, Inc.",Healthcare & Biotech,Healthcare - Next-Gen Biotech Platforms,Secondary,14092.0377,0.0541,0.2874,0.8582,5636.8151
CRM,"Salesforce, Inc.",Cloud Computing,Cloud - Horizontal SaaS & Cloud Applications,Primary,171310.2285,0.0661,0.3329,0.1894,102786.1371
CRM,"Salesforce, Inc.",Cloud Computing,Cloud - Hyperscalers & Platforms,Secondary,171310.2285,0.0661,0.3329,0.1894,68524.0914
CRNC,Cerence Inc.,Artificial Intelligence,"AI - Apps, Domain-Specific AI",Primary,364.5559,-0.1034,-0.0851,-0.1682,364.5559
CRON,Cronos Group Inc.,Healthcare & Biotech,"Healthcare - Regenerative Medicine, Psychedelics, Cannabis",Primary,1219.4466,0.0541,0.208,0.2125,1219.4466
CROX,"Crocs, Inc.",Consumer Goods & Retail,Consumer - Apparel & E-Commerce Retail,Primary,5854.5731,-0.073,-0.0782,0.121,5854.5731
CRS,Carpenter Technology Corp,Defense & Aerospace,Defense - Secure Defense Supply Chains,Primary,24401.647,-0.0959,-0.1815,0.1233,14640.9882
CRS,Carpenter Technology Corp,Industrial Automation & Robotics,"Automation - Additive Manufacturing, 3D Printing",Secondary,24401.647,-0.0959,-0.1815,0.1233,9760.6588
CRSP,Crispr Therapeutics Ag,Healthcare & Biotech,Healthcare - Genomics & Personalized Medicine,Primary,5753.2129,0.1111,0.2518,0.1924,3451.9277
CRSP,Crispr Therapeutics Ag,Healthcare & Biotech,Healthcare - Next-Gen Biotech Platforms,Secondary,5753.2129,0.1111,0.2518,0.1924,2301.2852
CRSR,"Corsair Gaming, Inc.",Hardware,"Hardware - Consumer Electronics, PCs & Peripherals",Primary,1182.3742,-0.1586,0.0843,0.5772,1182.3742
CRTO,Criteo S.A.,E-commerce,E-commerce - Retail Media & Advertising,Primary,854.5175,-0.0821,-0.1627,0.0157,512.7105
CRTO,Criteo S.A.,Digital Entertainment & Media,Entertainment - Advertising & Social Platforms,Secondary,854.5175,-0.0821,-0.1627,0.0157,341.807
CRUS,"Cirrus Logic, Inc.",Semiconductors,"Semis - Analog, Mixed-Signal & Power Management",Primary,5780.0584,-0.0476,-0.1363,-0.3078,5780.0584
CRWD,"Crowdstrike Holdings, Inc.",Cybersecurity,Cybersecurity - Application Security,Primary,195454.8657,-0.1152,0.0465,0.1845,117272.9194
CRWD,"Crowdstrike Holdings, Inc.",Cybersecurity,Cybersecurity - Cloud Security,Secondary,195454.8657,-0.1152,0.0465,0.1845,78181.9463
CSAN,Cosan S.A.,Commodities - Agriculture,Comm Agri - Softs & Plantation Crops,Primary,2711.7519,0.0913,-0.1158,-0.2075,2711.7519
CSCO,"Cisco Systems, Inc.",Hardware,Hardware - Communications & Telecom,Primary,437656.9088,-0.0057,-0.0153,-0.0571,262594.1453
CSCO,"Cisco Systems, Inc.",Hardware,Hardware - Networking Equipment,Secondary,437656.9088,-0.0057,-0.0153,-0.0571,175062.7635
CSGP,"Costar Group, Inc.",Big Data & Analytics,"Big Data - Data Generation, Sourcing & Providers",Primary,13071.6735,-0.0037,0.1887,-0.0492,13071.6735
CSIQ,Canadian Solar Inc.,Energy - Renewable,Energy Clean - Solar,Primary,987.8977,-0.039,-0.0095,-0.1961,987.8977
CSL,Carlisle Companies Inc,Industrials & Construction,Industrials - Building Products & HVAC,Primary,14602.0921,-0.0029,0.1129,0.1102,14602.0921
CSX,Csx Corp,Transportation & Logistics,Transportation - Freight Rail & Infrastructure,Primary,95569.1813,0.0285,-0.0231,0.1274,57341.5088
CSX,Csx Corp,Transportation & Logistics,Transportation - Infrastructure & Equipment,Secondary,95569.1813,0.0285,-0.0231,0.1274,38227.6725
CTAS,Cintas Corp,Business Services & Consulting,"Business Services - Outsourcing, Facilities & Testing",Primary,81550.5521,0.0214,0.0053,0.1854,81550.5521
CTGO,"Contango Ore, Inc.",Commodities - Metals,Comm Metals - Rare Earth & Strategic Materials,Primary,669.1482,-0.0094,0.2577,-0.065,669.1482
CTRE,"Caretrust REIT, Inc.",Real Estate & REITs,Real Estate - Healthcare & Senior Living,Primary,9352.4852,0.0209,-0.0654,-0.0255,9352.4852
CTSH,Cognizant Technology Solutions Corp,Business Services & Consulting,Consulting,Primary,27868.9827,0.0586,0.4469,0.1895,27868.9827
CTVA,"Corteva, Inc.",Agriculture & FoodTech,Agriculture - Agricultural Inputs & Crop Science,Primary,54569.9615,0.0666,-0.0787,0.0372,32741.9769
CTVA,"Corteva, Inc.",Commodities - Agriculture,"Comm Agri - Fertilizers, Crop Inputs & Seeds",Secondary,54569.9615,0.0666,-0.0787,0.0372,21827.9846
CUBE,Cubesmart,Real Estate & REITs,Real Estate - Retail & Consumer Real Estate,Primary,9221.5819,-0.0142,-0.0029,0.0332,9221.5819
CUZ,Cousins Properties Inc,Real Estate & REITs,Real Estate - Office & Commercial Workspaces,Primary,4885.3891,-0.0007,-0.059,0.1351,4885.3891
CVLT,"Commvault Systems, Inc.",Cybersecurity,Cybersecurity - Cloud Security,Primary,5545.697,-0.0903,-0.0519,0.2624,3327.4182
CVLT,"Commvault Systems, Inc.",Cloud Computing,"Cloud - DevOps, Observability",Secondary,5545.697,-0.0903,-0.0519,0.2624,2218.2788
CVNA,Carvana Co.,Consumer Goods & Retail,Consumer - Resale & Sharing Platforms,Primary,76867.7968,-0.0751,0.1615,0.0857,76867.7968
CVS,Cvs Health Corp,Healthcare & Biotech,"Healthcare - IT, Services & Data Infrastructure",Primary,118969.8194,-0.0426,-0.1298,0.003,71381.8916
CVS,Cvs Health Corp,E-commerce,"E-commerce - Omnichannel Retailers, Online & Physical Stores",Secondary,118969.8194,-0.0426,-0.1298,0.003,47587.9278
CVSA,Covista Inc.,Education Technology,Education - Digital Curriculum,Primary,4505.038,0.0026,0.1496,0.0667,2703.0228
CVSA,Covista Inc.,Education Technology,Education - Workforce Training,Secondary,4505.038,0.0026,0.1496,0.0667,1802.0152
CVX,Chevron Corp,Energy - Traditional,Energy Base - Integrated Energy Majors,Primary,402658.3124,0.0353,0.065,0.084,241594.9874
CVX,Chevron Corp,Energy - Traditional,Energy Base - Oil & Gas Exploration & Production,Secondary,402658.3124,0.0353,0.065,0.084,161063.325
CW,Curtiss Wright Corp,Defense & Aerospace,Defense - Secure Defense Supply Chains,Primary,23453.0022,-0.092,-0.1534,-0.1261,23453.0022
CWCO,Consolidated Water Co. Ltd.,Environmental Sustainability,Environmental - Water Infrastructure & Treatment,Primary,471.739,-0.0567,0.0055,0.0193,471.739
CWEN,"Clearway Energy, Inc.",Energy - Renewable,Energy Clean - Utilities & Clean Power Operators,Primary,,-0.0463,-0.0301,-0.1369,
CWEN,"Clearway Energy, Inc.",Energy - Renewable,Energy Clean - Wind,Secondary,,-0.0463,-0.0301,-0.1369,
CWST,Casella Waste Systems Inc,Environmental Sustainability,Environmental - Waste Management & Recycling,Primary,5855.5208,0.0142,0.022,0.0549,5855.5208
CWT,California Water Service Group,Environmental Sustainability,Environmental - Water Infrastructure & Treatment,Primary,3064.1274,-0.0169,-0.0212,0.1544,3064.1274
CXDO,"Crexendo, Inc.",Telecommunications,Telecom - Enterprise & Unified Communications,Primary,212.4917,-0.0391,-0.0448,-0.3344,212.4917
CXT,"Crane NXT, Co.",Hardware,Hardware - Industrial & IoT,Primary,2889.5775,-0.0283,-0.0355,0.2588,2889.5775
CYTK,"Cytokinetics, Inc.",Healthcare & Biotech,Healthcare - Metabolic & Cardiometabolic,Primary,10682.5589,0.0366,-0.062,-0.0156,10682.5589
CZR,"Caesars Entertainment, Inc.",Digital Entertainment & Media,"Entertainment - Sports Betting, Wagering & Prediction Markets",Primary,6062.7183,0.0003,-0.0047,0.0667,3637.631
CZR,"Caesars Entertainment, Inc.",Digital Entertainment & Media,Entertainment - iGaming & Online Gambling,Secondary,6062.7183,0.0003,-0.0047,0.0667,2425.0873
D,"Dominion Energy, Inc",Energy - Traditional,Energy Base - Utilities & Conventional Power Operators,Primary,58576.4269,-0.0316,-0.068,-0.015,35145.8561
D,"Dominion Energy, Inc",Energy - Renewable,Energy Clean - Wind,Secondary,58576.4269,-0.0316,-0.068,-0.015,23430.5708
DAC,Danaos Corp,Transportation & Logistics,Transportation - Marine Shipping & Ports,Primary,2725.9842,0.0552,0.0896,0.1445,2725.9842
DAL,"Delta Air Lines, Inc.",Transportation & Logistics,Transportation - Air Travel & Passenger Transportation,Primary,54194.7163,-0.0777,0.0054,0.092,54194.7163
DAN,Dana Inc,Electric Vehicles & Mobility,EVs - Key Suppliers & Autonomy Tech,Primary,3412.3322,0.0451,0.1531,-0.0591,3412.3322
DAR,Darling Ingredients Inc.,Commodities - Energy,Comm Energy - Biofuels & Renewable Fuels,Primary,10373.9634,-0.0194,0.0369,0.1362,6224.378
DAR,Darling Ingredients Inc.,Energy - Renewable,Energy Clean - Fuels & Bioenergy,Secondary,10373.9634,-0.0194,0.0369,0.1362,4149.5854
DASH,"Doordash, Inc.",E-commerce,E-commerce - Grocery & Local Commerce Platforms,Primary,97378.7796,0.0298,0.3164,0.4032,58427.2678
DASH,"Doordash, Inc.",E-commerce,"E-commerce - Omnichannel Retailers, Online & Physical Stores",Secondary,97378.7796,0.0298,0.3164,0.4032,38951.5118
DAVE,Dave Inc./De,FinTech & Digital Finance,FinTech - Digital Banking & Neobanks,Primary,4524.6335,0.0602,-0.1318,0.4725,4524.6335
DBRG,"Digitalbridge Group, Inc.",Cloud Computing,Cloud - Data Centers & Infrastructure,Primary,2945.1473,0.0006,0.0057,0.0153,2945.1473
DBX,"Dropbox, Inc.",Cloud Computing,Cloud - Horizontal SaaS & Cloud Applications,Primary,7495.2473,0.0015,0.2125,0.265,7495.2473
DCBO,Docebo Inc.,Education Technology,Education - Workforce Training,Primary,614.4387,0.0725,0.3002,0.4363,614.4387
DCI,Donaldson Co Inc,Environmental Sustainability,Environmental - Clean Technologies & Pollution Control,Primary,10808.706,-0.0249,0.0266,0.1366,10808.706
DD,"Dupont De Nemours, Inc.",Nanotechnology,NanoTech - Consumer & Industrial Products,Primary,18680.495,-0.0542,0.0068,-0.0221,11208.297
DD,"Dupont De Nemours, Inc.",Nanotechnology,NanoTech - Energy & Environment,Secondary,18680.495,-0.0542,0.0068,-0.0221,7472.198
DDD,3D Systems Corp,Hardware,Hardware - Next-Gen & Specialty,Primary,530.009,-0.1402,0.2317,0.0669,318.0054
DDD,3D Systems Corp,Hardware,Hardware - Printing & Imaging,Secondary,530.009,-0.1402,0.2317,0.0669,212.0036
DDI,"Doubledown Interactive Co., Ltd.",Digital Entertainment & Media,Entertainment - Game Publishers & Developers,Primary,638.7439,-0.0023,0.1347,0.0644,638.7439
DDOG,"Datadog, Inc.",Cloud Computing,"Cloud - DevOps, Observability",Primary,84605.2554,-0.0777,-0.0359,0.0806,50763.1532
DDOG,"Datadog, Inc.",Cloud Computing,Cloud - Multi-Cloud Management,Secondary,84605.2554,-0.0777,-0.0359,0.0806,33842.1022
DE,Deere & Co,Agriculture & FoodTech,Agriculture - Precision Agriculture & Farm Automation,Primary,174776.3767,0.0634,0.0614,0.2217,104865.826
DE,Deere & Co,Transportation & Logistics,Transportation - Infrastructure & Equipment,Secondary,174776.3767,0.0634,0.0614,0.2217,69910.5507
DECK,Deckers Outdoor Corp,Consumer Goods & Retail,Consumer - Apparel & E-Commerce Retail,Primary,12485.1527,-0.0151,-0.0473,-0.1066,12485.1527
DELL,Dell Technologies Inc.,Hardware,"Hardware - Consumer Electronics, PCs & Peripherals",Primary,285646.6359,-0.0993,0.0062,0.7516,171387.9815
DELL,Dell Technologies Inc.,Hardware,Hardware - Data Center Infrastructure & Servers,Secondary,285646.6359,-0.0993,0.0062,0.7516,114258.6544
DFTX,"Definium Therapeutics, Inc.  -",Healthcare & Biotech,"Healthcare - Regenerative Medicine, Psychedelics, Cannabis",Primary,6034.4197,0.0535,0.0461,0.9828,6034.4197
DG,Dollar General Corp,E-commerce,"E-commerce - Omnichannel Retailers, Online & Physical Stores",Primary,27222.5989,0.0011,0.0716,0.1801,27222.5989
DGII,Digi International Inc,Industrial Automation & Robotics,"Automation - Industrial IoT, Connectivity",Primary,2842.694,-0.1199,0.1384,0.1696,1705.6164
DGII,Digi International Inc,Smart Home & IoT,"Smart Home & IoT - Devices, Sensors & Connectivity",Secondary,2842.694,-0.1199,0.1384,0.1696,1137.0776
DGX,Quest Diagnostics Inc,Healthcare & Biotech,"Healthcare - Diagnostics, Biomarkers & Liquid Biopsy",Primary,26974.1454,0.0426,0.0724,0.266,26974.1454
DHI,"D.R. Horton, Inc.",Real Estate & REITs,"Real Estate - Housing, Urban Living & Demographics",Primary,41493.6847,-0.0031,0.0469,0.0323,41493.6847
DHR,Danaher Corp /De/,Healthcare & Biotech,"Healthcare - Diagnostics, Biomarkers & Liquid Biopsy",Primary,153848.5022,0.081,0.1369,0.2652,92309.1013
DHR,Danaher Corp /De/,Nanotechnology,NanoTech - Research Tools & Advanced Instruments,Secondary,153848.5022,0.081,0.1369,0.2652,61539.4009
DINO,Hf Sinclair Corp,Energy - Traditional,Energy Base - Refining & Midstream Infrastructure,Primary,17301.9241,0.039,0.0991,0.4318,17301.9241
DIS,Walt Disney Co,Digital Entertainment & Media,Entertainment - Video Streaming,Primary,186102.3122,0.0087,0.161,0.0485,186102.3122
DKNG,Draftkings Inc.,Digital Entertainment & Media,"Entertainment - Sports Betting, Wagering & Prediction Markets",Primary,12992.2025,0.0011,0.1473,0.0303,7795.3215
DKNG,Draftkings Inc.,Digital Entertainment & Media,Entertainment - iGaming & Online Gambling,Secondary,12992.2025,0.0011,0.1473,0.0303,5196.881
DKS,"Dick's Sporting Goods, Inc.",E-commerce,"E-commerce - Omnichannel Retailers, Online & Physical Stores",Primary,16399.5495,-0.0928,-0.1034,-0.169,16399.5495
DLB,"Dolby Laboratories, Inc.",Hardware,Hardware - Next-Gen & Specialty,Primary,6113.7619,0.0462,0.3354,0.2144,3668.2571
DLB,"Dolby Laboratories, Inc.",Digital Entertainment & Media,Entertainment - Video Streaming,Secondary,6113.7619,0.0462,0.3354,0.2144,2445.5048
DLO,Dlocal Ltd,FinTech & Digital Finance,FinTech - Digital Payments & Merchant Infrastructure,Primary,4464.0628,0.0706,0.0774,0.2602,4464.0628
DLR,"Digital Realty Trust, Inc.",Cloud Computing,Cloud - Data Centers & Infrastructure,Primary,70536.2941,-0.0476,0.0629,-0.0122,42321.7765
DLR,"Digital Realty Trust, Inc.",Big Data & Analytics,"Big Data - Analytics, AI Platforms & BI",Secondary,70536.2941,-0.0476,0.0629,-0.0122,28214.5176
DLTR,"Dollar Tree, Inc.",E-commerce,"E-commerce - Omnichannel Retailers, Online & Physical Stores",Primary,25267.114,0.0162,0.1176,0.3737,25267.114
DNA,"Ginkgo Bioworks Holdings, Inc.",Agriculture & FoodTech,Agriculture - Alternative Proteins,Primary,498.3181,0.0898,-0.0668,-0.0842,498.3181
DNN,Denison Mines Corp.,Commodities - Energy,Comm Energy - Uranium & Nuclear Fuels,Primary,3167.9899,0.0836,0.1327,0.0937,3167.9899
DOC,"Healthpeak Properties, Inc.",Real Estate & REITs,Real Estate - Healthcare & Senior Living,Primary,14755.8831,0.0344,-0.026,0.1054,14755.8831
DOCN,"Digitalocean Holdings, Inc.",Cloud Computing,Cloud - Hyperscalers & Platforms,Primary,13596.8991,-0.1099,-0.1183,-0.2697,13596.8991
DOCS,"Doximity, Inc.",Healthcare & Biotech,"Healthcare - Digital Health, Telemedicine & Remote Care",Primary,4514.9707,0.0214,0.2386,0.3063,2708.9824
DOCS,"Doximity, Inc.",Healthcare & Biotech,"Healthcare - IT, Services & Data Infrastructure",Secondary,4514.9707,0.0214,0.2386,0.3063,1805.9883
DOCU,"Docusign, Inc.",Cloud Computing,Cloud - Horizontal SaaS & Cloud Applications,Primary,11838.5657,-0.0006,0.318,0.2661,7103.1394
DOCU,"Docusign, Inc.",Software,"Software - Collaboration, CRM & Communications",Secondary,11838.5657,-0.0006,0.318,0.2661,4735.4263
DOLE,Dole Plc,Commodities - Agriculture,Comm Agri - Softs & Plantation Crops,Primary,1257.2468,0.0008,-0.0527,-0.0791,1257.2468
DOMO,"Domo, Inc.",Big Data & Analytics,"Big Data - Analytics, AI Platforms & BI",Primary,178.7374,-0.0281,-0.038,0.0615,107.2424
DOMO,"Domo, Inc.",Software,"Software - Data, Analytics & DevOps",Secondary,178.7374,-0.0281,-0.038,0.0615,71.495
DOV,Dover Corp,Industrials & Construction,"Industrials - Machinery, Flow Control & Components",Primary,27194.6308,-0.0249,0.0208,-0.0258,27194.6308
DOW,Dow Inc.,Industrials & Construction,Industrials - Chemicals & Advanced Materials,Primary,23367.7209,0.0412,0.0469,-0.09,23367.7209
DPZ,"Domino's Pizza, Inc.",Consumer Goods & Retail,Consumer - Restaurants & Dining,Primary,11308.9913,-0.0128,0.0575,0.0869,11308.9913
DQ,Daqo New Energy Corp.,Energy - Renewable,Energy Clean - Solar,Primary,918.9061,-0.0724,0.1402,-0.2439,918.9061
DRI,"Darden Restaurants, Inc.",Consumer Goods & Retail,Consumer - Restaurants & Dining,Primary,25160.8538,-0.0162,0.1416,0.1336,25160.8538
DSP,Viant Technology Inc.,Digital Entertainment & Media,Entertainment - Advertising & Social Platforms,Primary,263.1323,-0.043,0.196,0.1318,263.1323
DT,"Dynatrace, Inc.",Cloud Computing,"Cloud - DevOps, Observability",Primary,14247.8047,0.0033,0.2128,0.2593,8548.6828
DT,"Dynatrace, Inc.",Software,"Software - Data, Analytics & DevOps",Secondary,14247.8047,0.0033,0.2128,0.2593,5699.1219
DTE,Dte Energy Co,Energy - Traditional,Energy Base - Coal & Thermal Power Generation,Primary,28137.6689,-0.0399,-0.0872,-0.0519,28137.6689
DTM,"DT Midstream, Inc.",Energy - Traditional,Energy Base - Refining & Midstream Infrastructure,Primary,12932.4787,-0.074,-0.1328,-0.1452,7759.4872
DTM,"DT Midstream, Inc.",Commodities - Energy,Comm Energy - Natural Gas & LNG,Secondary,12932.4787,-0.074,-0.1328,-0.1452,5172.9915
DUK,Duke Energy Corp,Energy - Traditional,Energy Base - Utilities & Conventional Power Operators,Primary,93447.3066,-0.0328,-0.0646,-0.0301,56068.384
DUK,Duke Energy Corp,Energy - Traditional,Energy Base - Coal & Thermal Power Generation,Secondary,93447.3066,-0.0328,-0.0646,-0.0301,37378.9226
DUOL,"Duolingo, Inc.",Education Technology,Education - Digital Curriculum,Primary,6808.6524,0.1001,0.211,0.3833,4085.1914
DUOL,"Duolingo, Inc.",Education Technology,"Education - Platforms, Infrastructure & Online Learning",Secondary,6808.6524,0.1001,0.211,0.3833,2723.461
DV,"Doubleverify Holdings, Inc.",Artificial Intelligence,"AI - Ads, Search & Recommendations",Primary,2062.8849,0.0015,0.2823,0.3981,1237.7309
DV,"Doubleverify Holdings, Inc.",Digital Entertainment & Media,Entertainment - Advertising & Social Platforms,Secondary,2062.8849,0.0015,0.2823,0.3981,825.154
DVA,Davita Inc.,Healthcare & Biotech,"Healthcare - IT, Services & Data Infrastructure",Primary,11089.7165,-0.0347,-0.258,-0.125,11089.7165
DVN,Devon Energy Corp/De,Energy - Traditional,Energy Base - Oil & Gas Exploration & Production,Primary,54009.9983,0.0709,0.0841,0.0497,32405.999
DVN,Devon Energy Corp/De,Commodities - Energy,Comm Energy - Crude Oil,Secondary,54009.9983,0.0709,0.0841,0.0497,21603.9993
DXCM,Dexcom Inc,Healthcare & Biotech,"Healthcare - Digital Health, Telemedicine & Remote Care",Primary,34845.4917,0.0289,0.3102,0.2843,20907.295
DXCM,Dexcom Inc,Healthcare & Biotech,Healthcare - Medical Devices & HealthTech Hardware,Secondary,34845.4917,0.0289,0.3102,0.2843,13938.1967
DY,"Dycom Industries, Inc.",Industrials & Construction,Industrials - Engineering & Construction,Primary,11800.8606,-0.0623,-0.1077,-0.0518,7080.5164
DY,"Dycom Industries, Inc.",Telecommunications,Telecom - Infrastructure & Equipment,Secondary,11800.8606,-0.0623,-0.1077,-0.0518,4720.3442
E,Eni Spa,Energy - Traditional,Energy Base - Integrated Energy Majors,Primary,81670.9073,0.0215,0.0862,0.0241,81670.9073
EA,Electronic Arts Inc.,Software,Software - Gaming & Platforms,Primary,52925.6399,0.0038,,,31755.3839
EA,Electronic Arts Inc.,Digital Entertainment & Media,Entertainment - Game Publishers & Developers,Secondary,52925.6399,0.0038,,,21170.256
EBAY,Ebay Inc,E-commerce,E-commerce - Online Marketplaces & Recommerce,Primary,46337.8488,0.0096,-0.0475,-0.1085,46337.8488
ECHO,EchoStar Corp,Telecommunications,Telecom - Satellite & Space Communication,Primary,25217.4977,-0.0553,-0.0514,-0.3241,25217.4977
ECL,Ecolab Inc.,Nanotechnology,NanoTech - Energy & Environment,Primary,78948.9458,0.02,0.0703,0.1288,47369.3675
ECL,Ecolab Inc.,Environmental Sustainability,Environmental - Clean Technologies & Pollution Control,Secondary,78948.9458,0.02,0.0703,0.1288,31579.5783
ED,"Consolidated Edison, Inc.",Energy - Traditional,Energy Base - Utilities & Conventional Power Operators,Primary,39331.2746,-0.0145,-0.0494,-0.0017,39331.2746
EEFT,"Euronet Worldwide, Inc.",FinTech & Digital Finance,FinTech - Digital Payments & Merchant Infrastructure,Primary,2620.8699,-0.0428,-0.0934,0.0537,2620.8699
EFX,Equifax Inc,Big Data & Analytics,"Big Data - Data Generation, Sourcing & Providers",Primary,22629.9401,0.0651,0.1554,0.1851,22629.9401
EG,"Everest Group, Ltd.",Financials - Traditional,Fin Trad - Insurance & Reinsurance,Primary,14189.1121,-0.0001,-0.0146,0.0444,14189.1121
EGHT,8X8 Inc /De/,Telecommunications,Telecom - Enterprise & Unified Communications,Primary,290.3154,-0.0337,0.2407,-0.0563,290.3154
EGP,Eastgroup Properties Inc,Real Estate & REITs,"Real Estate - E-Commerce, Warehousing & Logistics",Primary,10808.4367,-0.0101,-0.061,-0.013,10808.4367
EHC,Encompass Health Corp,Healthcare & Biotech,Healthcare - Senior Care & Longevity,Primary,11868.9884,-0.0265,0.0833,0.154,11868.9884
EIX,Edison International,Energy - Traditional,Energy Base - Utilities & Conventional Power Operators,Primary,27548.8313,0.0025,-0.1011,0.0301,27548.8313
EL,Estee Lauder Companies Inc,E-commerce,E-commerce - Direct-to-Consumer,Primary,36881.3745,0.184,0.2755,0.2968,22128.8247
EL,Estee Lauder Companies Inc,Nanotechnology,NanoTech - Consumer & Industrial Products,Secondary,36881.3745,0.184,0.2755,0.2968,14752.5498
ELAN,Elanco Animal Health Inc,Healthcare & Biotech,Healthcare - Animal Health & Veterinary,Primary,11971.8062,0.0127,-0.0327,0.1243,7183.0837
ELAN,Elanco Animal Health Inc,Commodities - Agriculture,Comm Agri - Livestock & Animal Protein,Secondary,11971.8062,0.0127,-0.0327,0.1243,4788.7225
ELF,"E.L.F. Beauty, Inc.",Consumer Goods & Retail,Consumer - Household & Personal Care,Primary,6015.2753,0.1148,0.3387,0.9191,6015.2753
ELS,Equity Lifestyle Properties Inc,Real Estate & REITs,"Real Estate - Housing, Urban Living & Demographics",Primary,12703.4698,-0.0023,-0.0086,0.0471,12703.4698
ELV,"Elevance Health, Inc.",Healthcare & Biotech,"Healthcare - IT, Services & Data Infrastructure",Primary,86864.8273,0.0005,0.056,0.0317,86864.8273
EME,"Emcor Group, Inc.",Industrials & Construction,Industrials - Engineering & Construction,Primary,34256.6311,-0.0714,0.0098,-0.085,20553.9787
EME,"Emcor Group, Inc.",Cloud Computing,Cloud - Data Centers & Infrastructure,Secondary,34256.6311,-0.0714,0.0098,-0.085,13702.6524
EMR,Emerson Electric Co,Hardware,Hardware - Industrial & IoT,Primary,87719.6249,-0.0362,0.089,0.1697,52631.7749
EMR,Emerson Electric Co,Industrial Automation & Robotics,Automation - Factory & Process Automation Systems,Secondary,87719.6249,-0.0362,0.089,0.1697,35087.85
ENB,Enbridge Inc,Energy - Traditional,Energy Base - Refining & Midstream Infrastructure,Primary,110208.9528,-0.0088,-0.093,-0.1148,66125.3717
ENB,Enbridge Inc,Energy - Renewable,Energy Clean - Wind,Secondary,110208.9528,-0.0088,-0.093,-0.1148,44083.5811
ENLT,Enlight Renewable Energy Ltd.,Energy - Renewable,Energy Clean - Wind,Primary,11173.4215,-0.0646,-0.114,-0.127,11173.4215
ENPH,"Enphase Energy, Inc.",Energy - Renewable,Energy Clean - Batteries & Storage,Primary,5102.1049,-0.0462,-0.0072,-0.3807,3061.2629
ENPH,"Enphase Energy, Inc.",Energy - Renewable,Energy Clean - Solar,Secondary,5102.1049,-0.0462,-0.0072,-0.3807,2040.842
ENS,Enersys,Energy - Renewable,Energy Clean - Batteries & Storage,Primary,6843.7367,-0.0671,-0.0514,-0.2048,6843.7367
ENSG,"Ensign Group, Inc",Healthcare & Biotech,Healthcare - Senior Care & Longevity,Primary,10460.531,-0.0119,0.0714,0.0459,10460.531
ENTG,"Entegris, Inc.",Semiconductors,"Semis - Equipment, Lithography & Deposition",Primary,21951.2486,-0.1119,0.0627,0.0943,21951.2486
ENVX,Enovix Corp,Electric Vehicles & Mobility,EVs - Batteries & Materials,Primary,737.3587,-0.2301,-0.2212,-0.4635,737.3587
EOG,Eog Resources Inc,Energy - Traditional,Energy Base - Oil & Gas Exploration & Production,Primary,80279.192,0.0732,0.052,0.1015,48167.5152
EOG,Eog Resources Inc,Commodities - Energy,Comm Energy - Crude Oil,Secondary,80279.192,0.0732,0.052,0.1015,32111.6768
EOSE,"Eos Energy Enterprises, Inc.",Energy - Renewable,Energy Clean - Batteries & Storage,Primary,1387.4791,-0.0522,0.0242,-0.5337,1387.4791
EPD,Enterprise Products Partners L.P.,Energy - Traditional,Energy Base - Refining & Midstream Infrastructure,Primary,82081.7236,-0.0229,-0.0058,-0.0226,82081.7236
EPR,EPR Properties,Real Estate & REITs,"Real Estate - Travel, Leisure & Entertainment Properties",Primary,4623.3483,-0.0147,-0.0216,0.044,4623.3483
EPRT,"Essential Properties Realty Trust, Inc.",Real Estate & REITs,Real Estate - Retail & Consumer Real Estate,Primary,6669.8595,-0.0071,-0.0393,-0.0068,6669.8595
EQH,"Equitable Holdings, Inc.",Financials - Traditional,Fin Trad - Insurance & Reinsurance,Primary,13338.2474,-0.0789,0.0373,0.1658,8002.9484
EQH,"Equitable Holdings, Inc.",Financials - Traditional,"Fin Trad - Asset Management, Custody & Alternatives",Secondary,13338.2474,-0.0789,0.0373,0.1658,5335.299
EQIX,Equinix Inc,Telecommunications,Telecom - Cloud & Edge Connectivity,Primary,105123.829,-0.0287,0.0357,-0.0074,63074.2974
EQIX,Equinix Inc,Cloud Computing,Cloud - Data Centers & Infrastructure,Secondary,105123.829,-0.0287,0.0357,-0.0074,42049.5316
EQNR,Equinor Asa,Energy - Traditional,Energy Base - Integrated Energy Majors,Primary,101761.9106,0.0513,0.0558,0.1191,101761.9106
EQT,Eqt Corp,Commodities - Energy,Comm Energy - Natural Gas & LNG,Primary,33602.7203,-0.0129,0.0093,-0.0667,33602.7203
ERIC,Ericsson Lm Telephone Co,Hardware,Hardware - Communications & Telecom,Primary,33457.0352,-0.0049,0.0977,-0.2281,33457.0352
ERIE,Erie Indemnity Co,Financials - Traditional,Fin Trad - Insurance & Reinsurance,Primary,13848.9719,0.0346,0.2346,0.1853,13848.9719
ERII,"Energy Recovery, Inc.",Environmental Sustainability,Environmental - Clean Technologies & Pollution Control,Primary,403.2545,-0.0539,-0.0606,-0.0835,403.2545
ERO,Ero Copper Corp.,Commodities - Metals,Comm Metals - Industrial & Base Metals,Primary,4111.6096,0.1663,0.4949,0.4753,4111.6096
ES,Eversource Energy,Energy - Traditional,Energy Base - Utilities & Conventional Power Operators,Primary,26446.3341,-0.0297,-0.0591,0.0083,26446.3341
ESAB,ESAB Corp,Industrials & Construction,"Industrials - Machinery, Flow Control & Components",Primary,5057.8678,-0.0402,-0.0271,-0.1061,5057.8678
ESNT,Essent Group Ltd.,Financials - Traditional,Fin Trad - Insurance & Reinsurance,Primary,6117.8593,-0.0216,0.0567,0.1064,6117.8593
ESS,"Essex Property Trust, Inc.",Real Estate & REITs,"Real Estate - Housing, Urban Living & Demographics",Primary,18573.5789,0.0051,-0.0143,0.0648,18573.5789
ESTC,Elastic N.V.,Cybersecurity,Cybersecurity - Cloud Security,Primary,8933.6036,-0.0085,0.499,0.5962,5360.1622
ESTC,Elastic N.V.,Cloud Computing,Cloud - Hyperscalers & Platforms,Secondary,8933.6036,-0.0085,0.499,0.5962,3573.4414
ET,Energy Transfer Lp,Energy - Traditional,Energy Base - Refining & Midstream Infrastructure,Primary,72963.5204,0.0067,0.0551,0.0767,43778.1122
ET,Energy Transfer Lp,Commodities - Energy,Comm Energy - Natural Gas & LNG,Secondary,72963.5204,0.0067,0.0551,0.0767,29185.4082
ETN,Eaton Corp Plc,Energy - Renewable,Energy Clean - Smart Grid & Electrification,Primary,162817.2847,-0.0716,0.0123,0.1015,97690.3708
ETN,Eaton Corp Plc,Hardware,Hardware - Data Center Infrastructure & Servers,Secondary,162817.2847,-0.0716,0.0123,0.1015,65126.9139
ETOR,eToro Group Ltd. - Class A,FinTech & Digital Finance,FinTech - Trading Platforms & WealthTech,Primary,2410.4661,0.0605,-0.1781,-0.2348,2410.4661
ETR,Entergy Corp /De/,Energy - Traditional,Energy Base - Utilities & Conventional Power Operators,Primary,48818.9886,-0.0299,-0.0912,-0.0626,48818.9886
ETSY,Etsy Inc,E-commerce,E-commerce - Online Marketplaces & Recommerce,Primary,7437.0749,0.0141,0.0015,0.334,7437.0749
EVER,"Everquote, Inc.",FinTech & Digital Finance,FinTech - InsurTech & Embedded Insurance,Primary,889.4513,0.0336,0.0302,0.3548,889.4513
EVGO,Evgo Inc.,Electric Vehicles & Mobility,EVs - Charging & Infrastructure,Primary,474.9187,-0.0848,0.0,-0.1968,474.9187
EVH,"Evolent Health, Inc.",Healthcare & Biotech,"Healthcare - IT, Services & Data Infrastructure",Primary,535.9012,0.0128,0.0216,0.2344,535.9012
EVLV,"Evolv Technologies Holdings, Inc.",Cybersecurity,"Cybersecurity - Identity, Biometrics & Access Management",Primary,960.5134,-0.0793,0.0133,-0.11,960.5134
EVR,Evercore Inc.,Financials - Traditional,Fin Trad - Capital Markets & Investment Banking,Primary,11225.4414,-0.0504,-0.1282,-0.1549,11225.4414
EVRG,"Evergy, Inc.",Energy - Traditional,Energy Base - Utilities & Conventional Power Operators,Primary,18657.4951,-0.029,-0.0583,-0.0164,18657.4951
EW,Edwards Lifesciences Corp,Healthcare & Biotech,Healthcare - Medical Devices & HealthTech Hardware,Primary,51754.9565,-0.0198,0.0712,0.0792,51754.9565
EWBC,"East West Bancorp, Inc.",Financials - Traditional,"Fin Trad - Banks, Lending & Mortgage Finance",Primary,17807.4311,-0.0485,0.0011,0.0632,17807.4311
EXC,Exelon Corp,Energy - Renewable,Energy Clean - Smart Grid & Electrification,Primary,45104.5174,-0.0454,-0.074,-0.0255,27062.7104
EXC,Exelon Corp,Energy - Renewable,Energy Clean - Utilities & Clean Power Operators,Secondary,45104.5174,-0.0454,-0.074,-0.0255,18041.807
EXE,Expand Energy Corp,Commodities - Energy,Comm Energy - Natural Gas & LNG,Primary,22245.1982,0.0138,0.0538,-0.0095,22245.1982
EXEL,"Exelixis, Inc.",Healthcare & Biotech,Healthcare - Oncology & Precision Cancer Therapeutics,Primary,13400.0344,0.0554,-0.0282,0.0892,13400.0344
EXK,Endeavour Silver Corp,Commodities - Metals,Comm Metals - Precious Metals,Primary,3145.0543,-0.0038,0.3426,0.1383,3145.0543
EXLS,"Exlservice Holdings, Inc.",Business Services & Consulting,"Business Services - Outsourcing, Facilities & Testing",Primary,5690.0169,0.0778,0.3962,0.284,3414.0101
EXLS,"Exlservice Holdings, Inc.",Artificial Intelligence,"AI - Apps, Domain-Specific AI",Secondary,5690.0169,0.0778,0.3962,0.284,2276.0068
EXP,Eagle Materials Inc.,Industrials & Construction,Industrials - Construction Materials & Aggregates,Primary,6350.7125,-0.0071,-0.0004,0.0409,6350.7125
EXPD,Expeditors International Of Washington Inc,Transportation & Logistics,"Transportation - Logistics, Warehousing & Supply Chain Solutions",Primary,24413.5384,0.0091,0.066,0.201,24413.5384
EXPE,"Expedia Group, Inc.",Consumer Goods & Retail,Consumer - Resale & Sharing Platforms,Primary,38602.7012,-0.0332,0.2485,0.4777,23161.6207
EXPE,"Expedia Group, Inc.",Real Estate & REITs,"Real Estate - Travel, Leisure & Entertainment Properties",Secondary,38602.7012,-0.0332,0.2485,0.4777,15441.0805
EXPO,"Exponent, Inc.",Business Services & Consulting,Consulting,Primary,3338.2105,0.0463,0.1706,0.2369,3338.2105
EXR,Extra Space Storage Inc.,Real Estate & REITs,Real Estate - Retail & Consumer Real Estate,Primary,31016.4833,-0.0074,0.0096,0.0312,31016.4833
EXTR,Extreme Networks Inc,Hardware,Hardware - Networking Equipment,Primary,3003.8949,-0.0569,-0.2257,-0.0368,3003.8949
F,Ford Motor Co,Electric Vehicles & Mobility,EVs - Manufacturers,Primary,57461.253,0.0028,0.0294,0.0655,57461.253
FAF,First American Financial Corp,Financials - Traditional,Fin Trad - Insurance & Reinsurance,Primary,7326.6962,-0.0284,0.0406,0.0665,7326.6962
FANG,"Diamondback Energy, Inc.",Energy - Traditional,Energy Base - Oil & Gas Exploration & Production,Primary,59005.7709,0.0407,0.0311,0.0543,35403.4625
FANG,"Diamondback Energy, Inc.",Commodities - Energy,Comm Energy - Crude Oil,Secondary,59005.7709,0.0407,0.0311,0.0543,23602.3084
FAST,Fastenal Co,Industrials & Construction,Industrials - Distribution & Rental Services,Primary,58820.7237,0.0047,0.1168,0.184,58820.7237
FATE,Fate Therapeutics Inc,Healthcare & Biotech,"Healthcare - Regenerative Medicine, Psychedelics, Cannabis",Primary,279.1818,-0.0934,-0.0754,0.1095,279.1818
FBIN,"Fortune Brands Innovations, Inc.",Industrials & Construction,Industrials - Building Products & HVAC,Primary,5312.1357,-0.0638,-0.1006,0.2424,5312.1357
FCEL,Fuelcell Energy Inc,Energy - Renewable,Energy Clean - Hydrogen & Fuel Cells,Primary,1562.3051,-0.1265,-0.1614,-0.2593,1562.3051
FCFS,"Firstcash Holdings, Inc.",Financials - Traditional,"Fin Trad - Banks, Lending & Mortgage Finance",Primary,9770.7991,0.049,0.1435,-0.0024,9770.7991
FCN,"FTI Consulting, Inc.",Business Services & Consulting,Consulting,Primary,4300.2268,0.0256,-0.0109,0.0163,4300.2268
FCPT,"Four Corners Property Trust, Inc.",Real Estate & REITs,Real Estate - Retail & Consumer Real Estate,Primary,2769.1541,0.0008,-0.0193,0.0293,2769.1541
FCX,Freeport-Mcmoran Inc,Energy - Renewable,Energy Clean - Materials & Critical Metals,Primary,110085.1086,0.153,0.2072,0.2333,66051.0652
FCX,Freeport-Mcmoran Inc,Commodities - Metals,Comm Metals - Industrial & Base Metals,Secondary,110085.1086,0.153,0.2072,0.2333,44034.0434
FDS,Factset Research Systems Inc,Big Data & Analytics,"Big Data - Data Generation, Sourcing & Providers",Primary,10666.4621,0.0579,0.2293,0.3394,10666.4621
FDX,Fedex Corp,Industrial Automation & Robotics,Automation - Smart Logistics & Warehouse Automation,Primary,76936.8218,-0.0286,0.03,0.0412,46162.0931
FDX,Fedex Corp,Transportation & Logistics,"Transportation - Logistics, Warehousing & Supply Chain Solutions",Secondary,76936.8218,-0.0286,0.03,0.0412,30774.7287
FDXF,FedEx Freight Corp,Transportation & Logistics,"Transportation - Trucking, LTL & Ground Freight",Primary,20531.8311,-0.0863,-0.1129,,20531.8311
FE,Firstenergy Corp,Energy - Traditional,Energy Base - Utilities & Conventional Power Operators,Primary,26594.2907,-0.0306,-0.0621,0.0201,26594.2907
FERG,Ferguson Enterprises Inc.,Industrials & Construction,Industrials - Distribution & Rental Services,Primary,46861.9872,-0.0073,0.0633,0.0867,28117.1923
FERG,Ferguson Enterprises Inc.,Industrials & Construction,Industrials - Building Products & HVAC,Secondary,46861.9872,-0.0073,0.0633,0.0867,18744.7949
FF,Futurefuel Corp.,Commodities - Agriculture,"Comm Agri - Grains, Oilseeds & Softs",Primary,243.88,-0.0054,0.178,0.3659,243.88
FFIN,"First Financial Bankshares, Inc.",Financials - Traditional,"Fin Trad - Banks, Lending & Mortgage Finance",Primary,4891.768,-0.0326,-0.0107,0.0673,4891.768
FFIV,"F5, Inc.",Cybersecurity,Cybersecurity - Application Security,Primary,21780.5133,-0.0461,-0.0089,0.0024,13068.308
FFIV,"F5, Inc.",Cloud Computing,Cloud - Multi-Cloud Management,Secondary,21780.5133,-0.0461,-0.0089,0.0024,8712.2053
FHI,"Federated Hermes, Inc.",Financials - Traditional,"Fin Trad - Asset Management, Custody & Alternatives",Primary,4755.86,-0.0067,0.1182,0.1898,4755.86
FHN,First Horizon Corp,Financials - Traditional,"Fin Trad - Banks, Lending & Mortgage Finance",Primary,11669.131,-0.0606,-0.0349,0.029,11669.131
FICO,Fair Isaac Corp,Big Data & Analytics,"Big Data - Analytics, AI Platforms & BI",Primary,25326.8996,0.08,-0.0278,-0.0451,25326.8996
FIG,"Figma, Inc. Class A",Software,Software - Vertical SaaS Platforms,Primary,14444.5676,0.0661,0.355,0.2552,14444.5676
FIS,"Fidelity National Information Services, Inc.",FinTech & Digital Finance,FinTech - Digital Banking & Neobanks,Primary,21319.2827,-0.0368,0.0325,-0.0414,12791.5696
FIS,"Fidelity National Information Services, Inc.",FinTech & Digital Finance,FinTech - Digital Payments & Merchant Infrastructure,Secondary,21319.2827,-0.0368,0.0325,-0.0414,8527.7131
FISV,"Fiserv, Inc. -",FinTech & Digital Finance,FinTech - Digital Payments & Merchant Infrastructure,Primary,27960.2952,-0.0333,0.0522,-0.058,27960.2952
FITB,Fifth Third Bancorp,Financials - Traditional,"Fin Trad - Banks, Lending & Mortgage Finance",Primary,49715.8501,-0.0558,-0.0408,0.123,49715.8501
FIVE,"Five Below, Inc.",E-commerce,"E-commerce - Omnichannel Retailers, Online & Physical Stores",Primary,13837.1089,0.0233,0.2431,0.1385,13837.1089
FIX,"Comfort Systems USA, Inc.",Industrials & Construction,Industrials - Engineering & Construction,Primary,58268.0825,-0.0668,-0.0954,-0.0975,34960.8495
FIX,"Comfort Systems USA, Inc.",Cloud Computing,Cloud - Data Centers & Infrastructure,Secondary,58268.0825,-0.0668,-0.0954,-0.0975,23307.233
FLEX,Flex Ltd.,Hardware,Hardware - Data Center Infrastructure & Servers,Primary,40800.5578,-0.1245,-0.1367,-0.1573,24480.3347
FLEX,Flex Ltd.,Industrial Automation & Robotics,Automation - Factory & Process Automation Systems,Secondary,40800.5578,-0.1245,-0.1367,-0.1573,16320.2231
FLG,"Flagstar Financial, Inc.",Financials - Traditional,"Fin Trad - Banks, Lending & Mortgage Finance",Primary,5591.3006,-0.0547,-0.0843,-0.0081,5591.3006
FLNC,"Fluence Energy, Inc.",Energy - Renewable,Energy Clean - Batteries & Storage,Primary,1623.4751,-0.137,-0.2136,-0.4383,1623.4751
FLO,"Flowers Foods, Inc.",Consumer Goods & Retail,"Consumer - Health, Food & Beverages",Primary,1473.3529,-0.0758,-0.1032,0.0076,1473.3529
FLR,Fluor Corp,Industrials & Construction,Industrials - Engineering & Construction,Primary,7010.7065,0.001,-0.0158,0.1756,7010.7065
FLS,Flowserve Corp,Industrials & Construction,"Industrials - Machinery, Flow Control & Components",Primary,10091.4835,-0.0183,0.1079,0.1585,10091.4835
FLUT,Flutter Entertainment Plc,Digital Entertainment & Media,"Entertainment - Sports Betting, Wagering & Prediction Markets",Primary,17806.8474,0.0118,0.0178,0.0565,10684.1084
FLUT,Flutter Entertainment Plc,Digital Entertainment & Media,Entertainment - iGaming & Online Gambling,Secondary,17806.8474,0.0118,0.0178,0.0565,7122.739
FLY,Firefly Aerospace Inc. -,Space Tech,"Space - Infrastructure, Exploration & Launch",Primary,4093.0437,-0.0832,0.1812,-0.4295,4093.0437
FMC,Fmc Corp,Agriculture & FoodTech,Agriculture - Agricultural Inputs & Crop Science,Primary,1379.9998,0.0857,-0.0573,-0.147,827.9999
FMC,Fmc Corp,Commodities - Agriculture,"Comm Agri - Fertilizers, Crop Inputs & Seeds",Secondary,1379.9998,0.0857,-0.0573,-0.147,551.9999
FN,Fabrinet,Hardware,Hardware - Communications & Telecom,Primary,15648.0105,-0.2342,-0.1566,-0.3791,9388.8063
FN,Fabrinet,Hardware,Hardware - Data Center Infrastructure & Servers,Secondary,15648.0105,-0.2342,-0.1566,-0.3791,6259.2042
FNB,F.N.B. Corp,Financials - Traditional,"Fin Trad - Banks, Lending & Mortgage Finance",Primary,6596.0122,-0.0488,-0.018,0.068,6596.0122
FND,"Floor & Decor Holdings, Inc.",E-commerce,"E-commerce - Omnichannel Retailers, Online & Physical Stores",Primary,5778.1453,-0.0736,0.023,0.1206,3466.8872
FND,"Floor & Decor Holdings, Inc.",Industrials & Construction,Industrials - Building Products & HVAC,Secondary,5778.1453,-0.0736,0.023,0.1206,2311.2581
FNF,"Fidelity National Financial, Inc.",Financials - Traditional,Fin Trad - Insurance & Reinsurance,Primary,12685.5205,-0.0439,-0.0269,-0.0313,12685.5205
FNV,Franco Nevada Corp,Commodities - Metals,Comm Metals - Gold,Primary,51249.4267,0.1346,0.2405,0.1792,30749.656
FNV,Franco Nevada Corp,Commodities - Metals,Comm Metals - Precious Metals,Secondary,51249.4267,0.1346,0.2405,0.1792,20499.7707
FORM,Formfactor Inc,Semiconductors,"Semis - Testing, Packaging & Assembly",Primary,8918.2623,-0.1325,0.0125,-0.1081,8918.2623
FOUR,"Shift4 Payments, Inc.",FinTech & Digital Finance,FinTech - Digital Payments & Merchant Infrastructure,Primary,3784.5586,0.0564,0.0345,0.1011,3784.5586
FOXA,Fox Corp,Digital Entertainment & Media,Entertainment - Video Streaming,Primary,28779.9911,-0.0072,0.2441,0.0666,17267.9947
FOXA,Fox Corp,Digital Entertainment & Media,Entertainment - Advertising & Social Platforms,Secondary,28779.9911,-0.0072,0.2441,0.0666,11511.9964
FR,"First Industrial Realty Trust, Inc.",Real Estate & REITs,"Real Estate - E-Commerce, Warehousing & Logistics",Primary,8342.8155,0.001,-0.0513,0.0159,8342.8155
FROG,Jfrog Ltd,Cloud Computing,"Cloud - DevOps, Observability",Primary,11359.7494,-0.042,0.1339,0.2896,6815.8496
FROG,Jfrog Ltd,Software,"Software - Data, Analytics & DevOps",Secondary,11359.7494,-0.042,0.1339,0.2896,4543.8998
FRSH,Freshworks Inc.,Software,"Software - Collaboration, CRM & Communications",Primary,3386.7515,0.0253,0.3286,0.4311,3386.7515
FRT,Federal Realty Investment Trust,Real Estate & REITs,Real Estate - Retail & Consumer Real Estate,Primary,10143.4372,-0.0139,-0.0648,-0.0067,10143.4372
FSLR,"First Solar, Inc.",Energy - Renewable,Energy Clean - Solar,Primary,23028.626,-0.05,0.0406,-0.139,13817.1756
FSLR,"First Solar, Inc.",Nanotechnology,NanoTech - Energy & Environment,Secondary,23028.626,-0.05,0.0406,-0.139,9211.4504
FSLY,"Fastly, Inc.",Telecommunications,Telecom - Cloud & Edge Connectivity,Primary,3974.5351,-0.1664,0.2841,0.5213,2384.7211
FSLY,"Fastly, Inc.",Cloud Computing,Cloud - Data Centers & Infrastructure,Secondary,3974.5351,-0.1664,0.2841,0.5213,1589.814
FTEK,"Fuel Tech, Inc.",Environmental Sustainability,Environmental - Clean Technologies & Pollution Control,Primary,43.3913,-0.0414,-0.1313,-0.0414,43.3913
FTI,Technipfmc Plc,Energy - Traditional,Energy Base - Oilfield Services & Equipment,Primary,30373.1307,-0.0141,0.0194,0.0853,30373.1307
FTNT,"Fortinet, Inc.",Industrial Automation & Robotics,"Automation - Industrial IoT, Connectivity",Primary,112632.3788,-0.0406,0.013,0.1858,67579.4273
FTNT,"Fortinet, Inc.",Cybersecurity,Cybersecurity - Application Security,Secondary,112632.3788,-0.0406,0.013,0.1858,45052.9515
FTV,Fortive Corp,Industrial Automation & Robotics,Automation - Industrial Sensors & Machine Vision,Primary,18145.185,-0.025,-0.0089,0.019,10887.111
FTV,Fortive Corp,Hardware,Hardware - Industrial & IoT,Secondary,18145.185,-0.025,-0.0089,0.019,7258.074
FWRD,Forward Air Corp,Transportation & Logistics,"Transportation - Logistics, Warehousing & Supply Chain Solutions",Primary,611.7714,-0.0448,0.1699,1.1689,611.7714
G,Genpact Limited,Business Services & Consulting,"Business Services - Outsourcing, Facilities & Testing",Primary,6240.7978,0.0969,0.2229,0.1674,3744.4787
G,Genpact Limited,Artificial Intelligence,"AI - Apps, Domain-Specific AI",Secondary,6240.7978,0.0969,0.2229,0.1674,2496.3191
GAP,"Gap, Inc.",Consumer Goods & Retail,Consumer - Apparel & E-Commerce Retail,Primary,7127.5826,-0.0388,0.0487,-0.1375,7127.5826
GATX,GATX Corp,Transportation & Logistics,Transportation - Freight Rail & Infrastructure,Primary,6246.877,-0.0205,-0.0351,0.0271,6246.877
GBCI,"Glacier Bancorp, Inc.",Financials - Traditional,"Fin Trad - Banks, Lending & Mortgage Finance",Primary,6152.5148,-0.0537,-0.0671,-0.0053,6152.5148
GD,General Dynamics Corp,Defense & Aerospace,Defense - Cyber Defense & Electronic Warfare,Primary,103972.4268,-0.029,0.0065,0.1396,62383.4561
GD,General Dynamics Corp,Defense & Aerospace,Defense - Secure Defense Supply Chains,Secondary,103972.4268,-0.029,0.0065,0.1396,41588.9707
GDDY,Godaddy Inc.,E-commerce,E-commerce - Platforms,Primary,12293.6926,0.0228,0.1079,0.0602,12293.6926
GDRX,"Goodrx Holdings, Inc.",Healthcare & Biotech,"Healthcare - IT, Services & Data Infrastructure",Primary,1176.9516,-0.0751,0.2021,0.3477,1176.9516
GE,General Electric Co,Defense & Aerospace,Defense - Next-Generation Aircraft & Maintenance,Primary,361455.6476,-0.0543,-0.0018,0.1559,216873.3886
GE,General Electric Co,Defense & Aerospace,Defense - Secure Defense Supply Chains,Secondary,361455.6476,-0.0543,-0.0018,0.1559,144582.259
GEF,"Greif, Inc.",Industrials & Construction,Industrials - Packaging & Containers,Primary,4997.522,0.0064,0.1448,0.3836,4997.522
GEHC,Ge Healthcare Technologies Inc.,Healthcare & Biotech,Healthcare - Medical Devices & HealthTech Hardware,Primary,33795.1652,0.0153,0.2077,0.1637,20277.0991
GEHC,Ge Healthcare Technologies Inc.,Healthcare & Biotech,Healthcare - Senior Care & Longevity,Secondary,33795.1652,0.0153,0.2077,0.1637,13518.0661
GEN,Gen Digital Inc.,Cybersecurity,"Cybersecurity - Endpoint, Identity & Zero Trust",Primary,17317.123,0.0203,0.1591,0.1693,17317.123
GENI,Genius Sports Ltd,Digital Entertainment & Media,"Entertainment - Sports Betting, Wagering & Prediction Markets",Primary,2157.0734,-0.0382,0.2535,0.6483,2157.0734
GERN,Geron Corp,Healthcare & Biotech,Healthcare - Age-Related & Longevity Therapeutics,Primary,976.5596,0.034,0.0483,0.2063,976.5596
GEV,Ge Vernova Inc.,Energy - Traditional,Energy Base - Nuclear Power & Advanced Reactors,Primary,254841.2805,-0.1001,-0.0721,-0.0829,152904.7683
GEV,Ge Vernova Inc.,Energy - Renewable,Energy Clean - Smart Grid & Electrification,Secondary,254841.2805,-0.1001,-0.0721,-0.0829,101936.5122
GEVO,"Gevo, Inc.",Commodities - Energy,Comm Energy - Biofuels & Renewable Fuels,Primary,380.7451,-0.0888,-0.1585,-0.0941,228.4471
GEVO,"Gevo, Inc.",Energy - Renewable,Energy Clean - Fuels & Bioenergy,Secondary,380.7451,-0.0888,-0.1585,-0.0941,152.298
GFI,Gold Fields Ltd,Commodities - Metals,Comm Metals - Gold,Primary,42762.1516,0.1881,0.4811,0.1932,42762.1516
GFL,Gfl Environmental Inc.,Environmental Sustainability,Environmental - Waste Management & Recycling,Primary,14814.5476,-0.0203,0.0545,0.142,14814.5476
GFS,Globalfoundries Inc.,Semiconductors,"Semis - Logic & CPUs, GPUs, Accelerators",Primary,26367.4891,-0.1196,-0.1557,-0.4085,26367.4891
GGG,Graco Inc.,Industrials & Construction,"Industrials - Machinery, Flow Control & Components",Primary,13059.9563,-0.0159,0.0372,0.075,13059.9563
GGRP,"The Glimpse Group, Inc.",Hardware,Hardware - Next-Gen & Specialty,Primary,23.2177,0.1835,0.395,1.123,23.2177
GH,"Guardant Health, Inc.",Healthcare & Biotech,"Healthcare - Diagnostics, Biomarkers & Liquid Biopsy",Primary,22905.9446,0.0857,0.1364,0.4464,13743.5668
GH,"Guardant Health, Inc.",Healthcare & Biotech,Healthcare - Genomics & Personalized Medicine,Secondary,22905.9446,0.0857,0.1364,0.4464,9162.3778
GHC,Graham Holdings Co,Education Technology,Education - Digital Curriculum,Primary,4941.8648,-0.0204,0.0208,0.0662,4941.8648
GHRS,Gh Research Plc,Healthcare & Biotech,"Healthcare - Regenerative Medicine, Psychedelics, Cannabis",Primary,1944.636,-0.0393,0.0253,0.3013,1944.636
GILD,"Gilead Sciences, Inc.",Healthcare & Biotech,Healthcare - Oncology & Precision Cancer Therapeutics,Primary,181182.2412,0.0561,0.1166,0.1271,108709.3447
GILD,"Gilead Sciences, Inc.",Healthcare & Biotech,"Healthcare - Regenerative Medicine, Psychedelics, Cannabis",Secondary,181182.2412,0.0561,0.1166,0.1271,72472.8965
GIS,General Mills Inc,Consumer Goods & Retail,"Consumer - Health, Food & Beverages",Primary,21332.3252,0.0196,0.1243,0.2149,21332.3252
GL,Globe Life Inc.,Financials - Traditional,Fin Trad - Insurance & Reinsurance,Primary,13147.4035,-0.0548,0.0,0.0945,13147.4035
GLPI,"Gaming & Leisure Properties, Inc.",Real Estate & REITs,"Real Estate - Travel, Leisure & Entertainment Properties",Primary,12669.5677,-0.0005,-0.0196,-0.0672,12669.5677
GLW,Corning Inc /Ny,Telecommunications,Telecom - Infrastructure & Equipment,Primary,129070.4244,-0.0973,-0.0399,-0.2179,129070.4244
GM,General Motors Co,Transportation & Logistics,Transportation - Urban Mobility & Emerging Transport Tech,Primary,79528.4243,0.0134,0.09,0.1413,47717.0546
GM,General Motors Co,Electric Vehicles & Mobility,EVs - Manufacturers,Secondary,79528.4243,0.0134,0.09,0.1413,31811.3697
GME,Gamestop Corp,E-commerce,"E-commerce - Omnichannel Retailers, Online & Physical Stores",Primary,8170.6674,-0.0241,-0.1471,-0.1903,8170.6674
GMED,Globus Medical Inc,Industrial Automation & Robotics,Robotics - Medical & Surgical Robotics,Primary,11668.7034,0.0118,0.1523,0.0272,11668.7034
GNK,Genco Shipping & Trading Ltd,Transportation & Logistics,Transportation - Marine Shipping & Ports,Primary,1155.9168,0.0384,0.0622,0.133,1155.9168
GNRC,Generac Holdings Inc.,Energy - Renewable,Energy Clean - Batteries & Storage,Primary,12154.13,-0.0607,-0.0215,-0.1687,7292.478
GNRC,Generac Holdings Inc.,Smart Home & IoT,Smart Home - Energy & Utilities,Secondary,12154.13,-0.0607,-0.0215,-0.1687,4861.652
GNTX,Gentex Corp,Electric Vehicles & Mobility,EVs - Key Suppliers & Autonomy Tech,Primary,4980.5538,-0.0096,-0.0067,0.0153,4980.5538
GOOGL,Alphabet Inc.,Artificial Intelligence,"AI - Ads, Search & Recommendations",Primary,4217126.218,-0.0031,0.0854,-0.11,2530275.7308
GOOGL,Alphabet Inc.,Cloud Computing,Cloud - Hyperscalers & Platforms,Secondary,4217126.218,-0.0031,0.0854,-0.11,1686850.4872
GPC,Genuine Parts Co,Industrials & Construction,Industrials - Distribution & Rental Services,Primary,18467.6941,-0.0079,0.1159,0.3872,11080.6165
GPC,Genuine Parts Co,E-commerce,"E-commerce - Omnichannel Retailers, Online & Physical Stores",Secondary,18467.6941,-0.0079,0.1159,0.3872,7387.0776
GPCR,Structure Therapeutics Inc.,Healthcare & Biotech,Healthcare - Metabolic & Cardiometabolic,Primary,3500.6009,-0.0994,-0.0337,0.2655,3500.6009
GPK,Graphic Packaging Holding Co,Industrials & Construction,Industrials - Packaging & Containers,Primary,3541.016,0.0491,0.0883,0.2036,3541.016
GPN,Global Payments Inc,FinTech & Digital Finance,FinTech - Digital Payments & Merchant Infrastructure,Primary,24739.1727,0.0047,0.2007,0.2929,24739.1727
GPRE,Green Plains Inc.,Energy - Renewable,Energy Clean - Fuels & Bioenergy,Primary,1139.0491,0.0423,-0.0552,0.0783,683.4295
GPRE,Green Plains Inc.,Commodities - Agriculture,"Comm Agri - Grains, Oilseeds & Softs",Secondary,1139.0491,0.0423,-0.0552,0.0783,455.6196
GRMN,Garmin Ltd,Hardware,"Hardware - Consumer Electronics, PCs & Peripherals",Primary,56862.5714,-0.0495,0.228,0.2351,34117.5428
GRMN,Garmin Ltd,Smart Home & IoT,"Smart Home & IoT - Devices, Sensors & Connectivity",Secondary,56862.5714,-0.0495,0.228,0.2351,22745.0286
GS,"Goldman Sachs Group, Inc.",Financials - Traditional,Fin Trad - Capital Markets & Investment Banking,Primary,302608.6294,-0.0001,-0.033,0.0564,302608.6294
GSAT,"Globalstar, Inc.",Telecommunications,Telecom - Satellite & Space Communication,Primary,10670.8409,-0.0004,0.04,-0.0042,6402.5045
GSAT,"Globalstar, Inc.",Space Tech,"Space - Infrastructure, Exploration & Launch",Secondary,10670.8409,-0.0004,0.04,-0.0042,4268.3364
GSL,"Global Ship Lease, Inc.",Transportation & Logistics,Transportation - Marine Shipping & Ports,Primary,1579.4331,0.0546,0.0337,0.1031,1579.4331
GT,Goodyear Tire & Rubber Co,Electric Vehicles & Mobility,EVs - Key Suppliers & Autonomy Tech,Primary,1718.7554,-0.0229,-0.1508,0.017,1718.7554
GTLB,Gitlab Inc.,Cloud Computing,"Cloud - DevOps, Observability",Primary,7038.0627,-0.0223,0.3789,0.6265,4222.8376
GTLB,Gitlab Inc.,Software,"Software - Data, Analytics & DevOps",Secondary,7038.0627,-0.0223,0.3789,0.6265,2815.2251
GTLS,"Chart Industries, Inc.",Industrials & Construction,"Industrials - Machinery, Flow Control & Components",Primary,10047.7188,,,,6028.6313
GTLS,"Chart Industries, Inc.",Commodities - Energy,Comm Energy - Natural Gas & LNG,Secondary,10047.7188,,,,4019.0875
GWH,"Ess Tech, Inc.",Energy - Renewable,Energy Clean - Batteries & Storage,Primary,11.9026,-0.3457,-0.4938,-0.5607,11.9026
GWRE,"Guidewire Software, Inc.",FinTech & Digital Finance,FinTech - InsurTech & Embedded Insurance,Primary,15751.2717,0.0775,0.44,0.3941,9450.763
GWRE,"Guidewire Software, Inc.",Software,Software - Vertical SaaS Platforms,Secondary,15751.2717,0.0775,0.44,0.3941,6300.5087
GWW,"W.W. Grainger, Inc.",Industrials & Construction,Industrials - Distribution & Rental Services,Primary,61807.7397,-0.0079,-0.0385,0.061,61807.7397
GXO,"Gxo Logistics, Inc.",Industrial Automation & Robotics,Automation - Smart Logistics & Warehouse Automation,Primary,5243.3791,-0.0589,-0.1303,-0.0214,3146.0275
GXO,"Gxo Logistics, Inc.",Transportation & Logistics,"Transportation - Logistics, Warehousing & Supply Chain Solutions",Secondary,5243.3791,-0.0589,-0.1303,-0.0214,2097.3516
H,Hyatt Hotels Corp,Real Estate & REITs,"Real Estate - Travel, Leisure & Entertainment Properties",Primary,17025.7509,-0.0017,-0.0161,0.0302,17025.7509
HAE,Haemonetics Corp,Healthcare & Biotech,Healthcare - Medical Devices & HealthTech Hardware,Primary,4950.0793,0.1982,0.4057,0.7565,4950.0793
HAIN,Hain Celestial Group Inc,Consumer Goods & Retail,"Consumer - Health, Food & Beverages",Primary,71.3003,0.3621,0.463,0.0822,71.3003
HAL,Halliburton Co,Energy - Traditional,Energy Base - Oilfield Services & Equipment,Primary,29442.8273,0.0267,0.0804,-0.1542,29442.8273
HALO,"Halozyme Therapeutics, Inc.",Healthcare & Biotech,Healthcare - Next-Gen Biotech Platforms,Primary,12277.0785,0.0964,0.3381,0.5787,7366.2471
HALO,"Halozyme Therapeutics, Inc.",Nanotechnology,NanoTech - Nanomedicine & Drug Delivery,Secondary,12277.0785,0.0964,0.3381,0.5787,4910.8314
HAS,"Hasbro, Inc.",Consumer Goods & Retail,Consumer - Modern Luxury & Lifestyle,Primary,13193.2996,-0.0254,0.0789,0.0548,7915.9798
HAS,"Hasbro, Inc.",Digital Entertainment & Media,Entertainment - Game Publishers & Developers,Secondary,13193.2996,-0.0254,0.0789,0.0548,5277.3198
HBAN,Huntington Bancshares Inc,Financials - Traditional,"Fin Trad - Banks, Lending & Mortgage Finance",Primary,34407.6659,-0.0491,-0.0213,0.0842,34407.6659
HCA,"HCA Healthcare, Inc.",Healthcare & Biotech,"Healthcare - IT, Services & Data Infrastructure",Primary,92920.2793,0.0606,0.1399,0.0955,92920.2793
HCAT,"Health Catalyst, Inc.",Healthcare & Biotech,"Healthcare - IT, Services & Data Infrastructure",Primary,115.1423,-0.173,-0.2388,0.186,115.1423
HCC,"Warrior Met Coal, Inc.",Energy - Traditional,Energy Base - Coal & Thermal Power Generation,Primary,5635.5669,0.0869,0.318,0.2501,5635.5669
HD,"Home Depot, Inc.",E-commerce,"E-commerce - Omnichannel Retailers, Online & Physical Stores",Primary,334642.315,-0.0096,0.0336,0.0776,200785.389
HD,"Home Depot, Inc.",E-commerce,E-commerce - Retail Media & Advertising,Secondary,334642.315,-0.0096,0.0336,0.0776,133856.926
HEI,Heico Corp,Defense & Aerospace,Defense - Next-Generation Aircraft & Maintenance,Primary,49612.477,-0.0524,0.0426,0.1792,29767.4862
HEI,Heico Corp,Defense & Aerospace,Defense - Secure Defense Supply Chains,Secondary,49612.477,-0.0524,0.0426,0.1792,19844.9908
HELP,Cybin Inc. -,Healthcare & Biotech,"Healthcare - Regenerative Medicine, Psychedelics, Cannabis",Primary,919.8276,0.05,0.6287,1.737,919.8276
HGV,Hilton Grand Vacations Inc.,Real Estate & REITs,"Real Estate - Travel, Leisure & Entertainment Properties",Primary,3506.1362,-0.0179,-0.0703,-0.0788,3506.1362
HIG,"Hartford Insurance Group, Inc.",Financials - Traditional,Fin Trad - Insurance & Reinsurance,Primary,36865.6811,-0.0139,-0.0428,0.0053,36865.6811
HII,"Huntington Ingalls Industries, Inc.",Defense & Aerospace,Defense - Secure Defense Supply Chains,Primary,11750.4516,-0.09,0.0387,-0.0569,7050.271
HII,"Huntington Ingalls Industries, Inc.",Transportation & Logistics,Transportation - Marine Shipping & Ports,Secondary,11750.4516,-0.09,0.0387,-0.0569,4700.1806
HIMS,"Hims & Hers Health, Inc.",Healthcare & Biotech,"Healthcare - Digital Health, Telemedicine & Remote Care",Primary,7881.3268,0.2,0.0318,0.4069,4728.7961
HIMS,"Hims & Hers Health, Inc.",Healthcare & Biotech,Healthcare - Healthy Aging & Nutrition,Secondary,7881.3268,0.2,0.0318,0.4069,3152.5307
HIPO,Hippo Holdings Inc.,FinTech & Digital Finance,FinTech - InsurTech & Embedded Insurance,Primary,874.0163,0.0024,0.2074,0.2763,874.0163
HIW,"Highwoods Properties, Inc.",Real Estate & REITs,Real Estate - Office & Commercial Workspaces,Primary,3463.615,0.0126,-0.0267,0.2488,3463.615
HL,Hecla Mining Co/De/,Commodities - Metals,Comm Metals - Precious Metals,Primary,13919.0414,0.1279,0.3525,0.198,13919.0414
HLF,Herbalife Ltd.,Consumer Goods & Retail,"Consumer - Health, Food & Beverages",Primary,1325.7627,0.026,0.072,-0.0032,1325.7627
HLI,"Houlihan Lokey, Inc.",Financials - Traditional,Fin Trad - Capital Markets & Investment Banking,Primary,9018.853,0.0029,-0.0636,-0.1442,9018.853
HLN,Haleon Plc,Consumer Goods & Retail,"Consumer - Health, Food & Beverages",Primary,43984.0188,0.0309,0.0366,0.08,43984.0188
HLNE,Hamilton Lane Inc,Financials - Traditional,"Fin Trad - Asset Management, Custody & Alternatives",Primary,5805.9056,0.0106,0.2982,0.198,5805.9056
HLT,Hilton Worldwide Holdings Inc.,Real Estate & REITs,"Real Estate - Travel, Leisure & Entertainment Properties",Primary,73512.9527,-0.0013,0.0206,0.0129,73512.9527
HNRG,Hallador Energy Co,Energy - Traditional,Energy Base - Coal & Thermal Power Generation,Primary,725.0648,-0.0483,-0.0417,-0.135,725.0648
HOG,"Harley-Davidson, Inc.",Consumer Goods & Retail,Consumer - Modern Luxury & Lifestyle,Primary,2934.8448,0.0151,0.0633,0.2249,2934.8448
HOMB,"Home Bancshares, Inc.",Financials - Traditional,"Fin Trad - Banks, Lending & Mortgage Finance",Primary,6055.5024,-0.0357,-0.0076,0.1465,6055.5024
HON,Honeywell International Inc,Hardware,Hardware - Industrial & IoT,Primary,68427.3462,-0.0772,-0.1207,-0.0774,41056.4077
HON,Honeywell International Inc,Industrial Automation & Robotics,Automation - Factory & Process Automation Systems,Secondary,68427.3462,-0.0772,-0.1207,-0.0774,27370.9385
HONA,Honeywell Aerospace Inc.,Defense & Aerospace,Defense - Next-Generation Aircraft & Maintenance,Primary,52211.621,-0.0098,-0.159,,31326.9726
HONA,Honeywell Aerospace Inc.,Defense & Aerospace,Defense - Secure Defense Supply Chains,Secondary,52211.621,-0.0098,-0.159,,20884.6484
HOOD,"Robinhood Markets, Inc.",FinTech & Digital Finance,FinTech - Trading Platforms & WealthTech,Primary,97217.7637,0.1315,0.0645,0.4243,58330.6582
HOOD,"Robinhood Markets, Inc.",Crypto & Blockchain,"Blockchain - Platforms, Tokenization & Financial Services",Secondary,97217.7637,0.1315,0.0645,0.4243,38887.1055
HPE,Hewlett Packard Enterprise Co,Hardware,Hardware - Communications & Telecom,Primary,70778.6792,-0.0896,0.122,0.5781,42467.2075
HPE,Hewlett Packard Enterprise Co,Hardware,Hardware - Networking Equipment,Secondary,70778.6792,-0.0896,0.122,0.5781,28311.4717
HPQ,Hp Inc,Hardware,"Hardware - Consumer Electronics, PCs & Peripherals",Primary,27170.4683,-0.0133,0.2122,0.3731,27170.4683
HQY,"Healthequity, Inc.",Healthcare & Biotech,"Healthcare - IT, Services & Data Infrastructure",Primary,8812.5037,0.0065,0.1175,0.2196,8812.5037
HR,Healthcare Realty Trust Inc,Real Estate & REITs,Real Estate - Healthcare & Senior Living,Primary,6645.3359,0.0073,-0.0714,-0.0359,6645.3359
HRB,"H&R Block, Inc.",Business Services & Consulting,"Business Services - Outsourcing, Facilities & Testing",Primary,6616.9147,-0.0045,0.3437,0.4323,6616.9147
HRL,Hormel Foods Corp /De/,Commodities - Agriculture,Comm Agri - Livestock & Animal Protein,Primary,13141.5208,-0.0269,-0.0456,0.1464,13141.5208
HSAI,Hesai Group,Electric Vehicles & Mobility,EVs - Autonomous Driving & Fleet,Primary,24011.3303,0.0489,0.294,-0.0861,24011.3303
HSIC,"Henry Schein, Inc.",Healthcare & Biotech,"Healthcare - IT, Services & Data Infrastructure",Primary,9863.019,-0.0141,0.047,0.2041,9863.019
HST,"Host Hotels & Resorts, Inc.",Real Estate & REITs,"Real Estate - Travel, Leisure & Entertainment Properties",Primary,15901.7367,0.0135,-0.0313,0.0754,15901.7367
HSY,Hershey Co,Commodities - Agriculture,Comm Agri - Softs & Plantation Crops,Primary,37464.5994,0.0122,0.0917,-0.0129,37464.5994
HTOO,Fusion Fuel Green Plc,Energy - Renewable,Energy Clean - Hydrogen & Fuel Cells,Primary,15.1522,-0.0966,-0.1887,-0.3196,15.1522
HUBB,Hubbell Inc,Energy - Renewable,Energy Clean - Smart Grid & Electrification,Primary,24832.8933,-0.0809,-0.0376,0.0227,24832.8933
HUBG,"Hub Group, Inc.",Transportation & Logistics,"Transportation - Logistics, Warehousing & Supply Chain Solutions",Primary,2490.7824,0.0107,-0.1725,0.0041,2490.7824
HUBS,Hubspot Inc,Cloud Computing,Cloud - Horizontal SaaS & Cloud Applications,Primary,11968.3866,0.0708,0.2631,0.2099,7181.032
HUBS,Hubspot Inc,Software,"Software - Collaboration, CRM & Communications",Secondary,11968.3866,0.0708,0.2631,0.2099,4787.3546
HUM,Humana Inc.,Healthcare & Biotech,"Healthcare - IT, Services & Data Infrastructure",Primary,45496.0277,-0.0261,-0.0396,0.2506,45496.0277
HUT,Hut 8 Corp.,Crypto & Blockchain,Blockchain - Cryptocurrency Mining & Staking,Primary,9966.7607,-0.0536,-0.3128,-0.2318,9966.7607
HWC,Hancock Whitney Corp,Financials - Traditional,"Fin Trad - Banks, Lending & Mortgage Finance",Primary,6047.2139,-0.0552,-0.004,0.139,6047.2139
HWM,Howmet Aerospace Inc.,Defense & Aerospace,Defense - Secure Defense Supply Chains,Primary,108346.3612,-0.0605,-0.0532,0.0459,108346.3612
HXL,Hexcel Corp /De/,Defense & Aerospace,Defense - Secure Defense Supply Chains,Primary,7098.0173,-0.0981,-0.1444,0.1093,7098.0173
HYFM,"Hydrofarm Holdings Group, Inc.",Agriculture & FoodTech,Agriculture - Precision Agriculture & Farm Automation,Primary,4.9157,-0.3061,0.5455,0.0515,4.9157
IBKR,"Interactive Brokers Group, Inc.",FinTech & Digital Finance,FinTech - Trading Platforms & WealthTech,Primary,42530.4492,0.0197,0.023,0.1209,42530.4492
IBM,International Business Machines Corp,Hardware,Hardware - Data Center Infrastructure & Servers,Primary,222042.2261,0.0058,0.1487,-0.0617,133225.3357
IBM,International Business Machines Corp,Cybersecurity,Cybersecurity - Cloud Security,Secondary,222042.2261,0.0058,0.1487,-0.0617,88816.8904
IBOC,International Bancshares Corp,Financials - Traditional,"Fin Trad - Banks, Lending & Mortgage Finance",Primary,4446.0712,-0.0258,-0.0469,0.0054,4446.0712
ICE,"Intercontinental Exchange, Inc.",FinTech & Digital Finance,FinTech - Exchanges & Market Infrastructure,Primary,90524.861,0.0421,0.126,0.0684,54314.9166
ICE,"Intercontinental Exchange, Inc.",Big Data & Analytics,"Big Data - Data Generation, Sourcing & Providers",Secondary,90524.861,0.0421,0.126,0.0684,36209.9444
IDA,"Idacorp, Inc.",Energy - Traditional,Energy Base - Utilities & Conventional Power Operators,Primary,7935.9281,-0.0379,-0.0758,-0.0251,7935.9281
IDCC,"Interdigital, Inc.",Semiconductors,Semis - Wireless & Connectivity,Primary,8836.4933,-0.0036,0.3373,0.2853,5301.896
IDCC,"Interdigital, Inc.",Telecommunications,"Telecom - 5G, Wireless & Carriers",Secondary,8836.4933,-0.0036,0.3373,0.2853,3534.5973
IDN,"Intellicheck, Inc.",Cybersecurity,"Cybersecurity - Identity, Biometrics & Access Management",Primary,59.7869,0.0498,-0.1962,-0.3042,59.7869
IDXX,"Idexx Laboratories, Inc.",Healthcare & Biotech,Healthcare - Animal Health & Veterinary,Primary,43875.5664,0.0108,0.0326,0.007,26325.3398
IDXX,"Idexx Laboratories, Inc.",Healthcare & Biotech,"Healthcare - Diagnostics, Biomarkers & Liquid Biopsy",Secondary,43875.5664,0.0108,0.0326,0.007,17550.2266
IEX,IDEX Corp,Industrials & Construction,"Industrials - Machinery, Flow Control & Components",Primary,17279.2064,-0.019,0.0548,0.1478,17279.2064
IFF,International Flavors & Fragrances Inc.,Industrials & Construction,Industrials - Chemicals & Advanced Materials,Primary,21504.0386,0.0012,0.1425,0.1259,12902.4232
IFF,International Flavors & Fragrances Inc.,Consumer Goods & Retail,"Consumer - Health, Food & Beverages",Secondary,21504.0386,0.0012,0.1425,0.1259,8601.6154
ILMN,"Illumina, Inc.",Healthcare & Biotech,"Healthcare - Diagnostics, Biomarkers & Liquid Biopsy",Primary,33129.3991,0.1494,0.1145,0.5149,19877.6395
ILMN,"Illumina, Inc.",Healthcare & Biotech,Healthcare - Genomics & Personalized Medicine,Secondary,33129.3991,0.1494,0.1145,0.5149,13251.7596
IMMR,Immersion Corp,Hardware,"Hardware - Consumer Electronics, PCs & Peripherals",Primary,249.2712,0.0013,0.1379,0.2493,249.2712
INCY,Incyte Corp,Healthcare & Biotech,Healthcare - Oncology & Precision Cancer Therapeutics,Primary,25906.7984,0.0637,0.0953,0.3121,25906.7984
INFY,Infosys Ltd,Business Services & Consulting,Consulting,Primary,48358.4738,-0.0124,0.119,-0.035,48358.4738
INGR,Ingredion Inc,Agriculture & FoodTech,Agriculture - Alternative Proteins,Primary,6737.7553,0.0156,0.0657,0.055,4042.6532
INGR,Ingredion Inc,Consumer Goods & Retail,"Consumer - Health, Food & Beverages",Secondary,6737.7553,0.0156,0.0657,0.055,2695.1021
INOD,Innodata Inc,Artificial Intelligence,"AI - Apps, Domain-Specific AI",Primary,2207.71,0.0056,0.07,-0.3483,2207.71
INSE,"Inspired Entertainment, Inc.",Digital Entertainment & Media,Entertainment - iGaming & Online Gambling,Primary,160.2589,-0.0225,-0.0746,-0.1556,160.2589
INTC,Intel Corp,Semiconductors,Semis - Emerging Technologies,Primary,473275.1836,-0.1213,-0.1014,-0.2399,283965.1102
INTC,Intel Corp,Semiconductors,"Semis - Logic & CPUs, GPUs, Accelerators",Secondary,473275.1836,-0.1213,-0.1014,-0.2399,189310.0734
INTU,Intuit Inc.,Cloud Computing,Cloud - Horizontal SaaS & Cloud Applications,Primary,100388.079,0.0617,0.3036,0.2005,60232.8474
INTU,Intuit Inc.,Software,"Software - Collaboration, CRM & Communications",Secondary,100388.079,0.0617,0.3036,0.2005,40155.2316
INVH,Invitation Homes Inc.,Real Estate & REITs,"Real Estate - Housing, Urban Living & Demographics",Primary,17886.6037,-0.0059,0.0228,0.0478,17886.6037
INVZ,Innoviz Technologies Ltd.,Industrial Automation & Robotics,Robotics - Sensors & Vision Systems,Primary,101.3564,-0.0836,-0.456,-0.5218,60.8138
INVZ,Innoviz Technologies Ltd.,Electric Vehicles & Mobility,EVs - Autonomous Driving & Fleet,Secondary,101.3564,-0.0836,-0.456,-0.5218,40.5426
IONQ,"Ionq, Inc.",Semiconductors,Semis - Emerging Technologies,Primary,18174.3858,-0.0303,0.3167,-0.2382,10904.6315
IONQ,"Ionq, Inc.",Hardware,Hardware - Next-Gen & Specialty,Secondary,18174.3858,-0.0303,0.3167,-0.2382,7269.7543
IOT,Samsara Inc.,Hardware,Hardware - Industrial & IoT,Primary,23273.4399,0.0038,0.2683,0.3247,13964.0639
IOT,Samsara Inc.,Industrial Automation & Robotics,"Automation - Industrial IoT, Connectivity",Secondary,23273.4399,0.0038,0.2683,0.3247,9309.376
IP,International Paper Co,Industrials & Construction,Industrials - Packaging & Containers,Primary,21971.8558,0.0184,0.1069,0.352,21971.8558
IPGP,IPG Photonics Corp,Hardware,Hardware - Next-Gen & Specialty,Primary,3116.0804,-0.1461,-0.2405,-0.3921,1869.6482
IPGP,IPG Photonics Corp,Industrial Automation & Robotics,Automation - Industrial Sensors & Machine Vision,Secondary,3116.0804,-0.1461,-0.2405,-0.3921,1246.4322
IPX,Iperionx Ltd,Commodities - Metals,Comm Metals - Rare Earth & Strategic Materials,Primary,814.8017,-0.0454,0.0255,-0.3776,814.8017
IQV,Iqvia Holdings Inc.,Healthcare & Biotech,"Healthcare - IT, Services & Data Infrastructure",Primary,42766.3732,0.0979,0.2532,0.5464,25659.8239
IQV,Iqvia Holdings Inc.,Big Data & Analytics,"Big Data - Data Generation, Sourcing & Providers",Secondary,42766.3732,0.0979,0.2532,0.5464,17106.5493
IR,Ingersoll Rand Inc.,Industrials & Construction,"Industrials - Machinery, Flow Control & Components",Primary,31237.8349,-0.034,-0.0448,0.1458,31237.8349
IRDM,Iridium Communications Inc.,Defense & Aerospace,Defense - Space Technology & Satellite Services,Primary,5189.9395,-0.0243,0.0281,0.0752,3113.9637
IRDM,Iridium Communications Inc.,Telecommunications,Telecom - Satellite & Space Communication,Secondary,5189.9395,-0.0243,0.0281,0.0752,2075.9758
IREN,Iren Ltd,Crypto & Blockchain,Blockchain - Cryptocurrency Mining & Staking,Primary,14967.0192,-0.0495,0.032,-0.2787,14967.0192
IRM,Iron Mountain Inc,Cloud Computing,Cloud - Data Centers & Infrastructure,Primary,36325.6961,-0.0573,-0.0203,-0.0352,21795.4177
IRM,Iron Mountain Inc,Real Estate & REITs,Real Estate - Digital Infrastructure,Secondary,36325.6961,-0.0573,-0.0203,-0.0352,14530.2784
IRT,"Independence Realty Trust, Inc.",Real Estate & REITs,"Real Estate - Housing, Urban Living & Demographics",Primary,3911.0024,-0.0258,0.0116,-0.0012,3911.0024
IRTC,"Irhythm Technologies, Inc.",Healthcare & Biotech,"Healthcare - Digital Health, Telemedicine & Remote Care",Primary,4236.4053,0.0165,0.1936,0.0904,2541.8432
IRTC,"Irhythm Technologies, Inc.",Healthcare & Biotech,Healthcare - Medical Devices & HealthTech Hardware,Secondary,4236.4053,0.0165,0.1936,0.0904,1694.5621
ISRG,Intuitive Surgical Inc,Industrial Automation & Robotics,Robotics - Medical & Surgical Robotics,Primary,135719.3027,-0.0398,0.1409,-0.1387,81431.5816
ISRG,Intuitive Surgical Inc,Hardware,Hardware - Next-Gen & Specialty,Secondary,135719.3027,-0.0398,0.1409,-0.1387,54287.7211
IT,"Gartner, Inc.",Business Services & Consulting,Consulting,Primary,12370.884,0.0818,0.4653,0.246,7422.5304
IT,"Gartner, Inc.",Big Data & Analytics,"Big Data - Data Generation, Sourcing & Providers",Secondary,12370.884,0.0818,0.4653,0.246,4948.3536
ITRI,"Itron, Inc.",Energy - Renewable,Energy Clean - Smart Grid & Electrification,Primary,4379.9888,-0.0151,0.1918,0.2221,2627.9933
ITRI,"Itron, Inc.",Smart Home & IoT,Smart Home - Energy & Utilities,Secondary,4379.9888,-0.0151,0.1918,0.2221,1751.9955
ITT,ITT Inc.,Industrials & Construction,"Industrials - Machinery, Flow Control & Components",Primary,18695.6679,-0.0515,0.0661,0.0823,18695.6679
ITW,Illinois Tool Works Inc.,Industrials & Construction,"Industrials - Machinery, Flow Control & Components",Primary,80396.1944,-0.0293,0.0194,0.1363,80396.1944
IVZ,Invesco Ltd.,Financials - Traditional,"Fin Trad - Asset Management, Custody & Alternatives",Primary,14136.8232,-0.0163,0.0817,0.1947,14136.8232
J,Jacobs Solutions Inc.,Industrials & Construction,Industrials - Engineering & Construction,Primary,17565.155,0.04,0.1397,0.3234,10539.093
J,Jacobs Solutions Inc.,Business Services & Consulting,Consulting,Secondary,17565.155,0.04,0.1397,0.3234,7026.062
JAZZ,Jazz Pharmaceuticals Plc,Healthcare & Biotech,"Healthcare - Regenerative Medicine, Psychedelics, Cannabis",Primary,16506.4786,0.038,-0.0023,0.0622,16506.4786
JBHT,Hunt J B Transport Services Inc,Transportation & Logistics,"Transportation - Trucking, LTL & Ground Freight",Primary,25868.8711,-0.0152,-0.0465,0.0644,25868.8711
JBL,Jabil Inc.,Hardware,Hardware - Data Center Infrastructure & Servers,Primary,32820.3633,-0.1374,-0.0272,-0.121,19692.218
JBL,Jabil Inc.,Industrial Automation & Robotics,Automation - Factory & Process Automation Systems,Secondary,32820.3633,-0.1374,-0.0272,-0.121,13128.1453
JBS,JBS N.V. Class A,Commodities - Agriculture,Comm Agri - Livestock & Animal Protein,Primary,45459.0052,0.0125,0.1393,0.0407,45459.0052
JCI,Johnson Controls International Plc,Smart Home & IoT,"Smart Home - Connectivity, Security & Networking",Primary,,-0.0689,-0.0017,0.0589,
JCI,Johnson Controls International Plc,Environmental Sustainability,Environmental - Climate Technologies & Carbon Solutions,Secondary,,-0.0689,-0.0017,0.0589,
JD,"Jd.Com, Inc.",Software,Software - Vertical SaaS Platforms,Primary,39664.1861,0.0107,-0.0239,-0.0667,39664.1861
JEF,Jefferies Financial Group Inc.,Financials - Traditional,Fin Trad - Capital Markets & Investment Banking,Primary,,-0.044,-0.0515,0.0051,
JHG,Janus Henderson Group Plc,Financials - Traditional,"Fin Trad - Asset Management, Custody & Alternatives",Primary,,,,,
JKHY,"Jack Henry & Associates, Inc.",FinTech & Digital Finance,FinTech - Digital Banking & Neobanks,Primary,,0.0841,0.1212,0.1962,
JKS,"Jinkosolar Holding Co., Ltd.",Energy - Renewable,Energy Clean - Solar,Primary,,-0.0496,0.0108,-0.2308,
JLL,Jones Lang Lasalle Inc,Real Estate & REITs,Real Estate - Office & Commercial Workspaces,Primary,,0.033,0.2129,0.3224,
JNJ,Johnson & Johnson,Healthcare & Biotech,Healthcare - Medical Devices & HealthTech Hardware,Primary,,0.038,0.0423,0.1729,
JNJ,Johnson & Johnson,Healthcare & Biotech,Healthcare - Oncology & Precision Cancer Therapeutics,Secondary,,0.038,0.0423,0.1729,
JOBY,"Joby Aviation, Inc.",Transportation & Logistics,Transportation - Air Travel & Passenger Transportation,Primary,,-0.0492,-0.0013,-0.276,
JOBY,"Joby Aviation, Inc.",Transportation & Logistics,Transportation - Urban Mobility & Emerging Transport Tech,Secondary,,-0.0492,-0.0013,-0.276,
JPM,JPMorgan Chase & Co.,Financials - Traditional,"Fin Trad - Banks, Lending & Mortgage Finance",Primary,,-0.031,0.0048,0.1656,
JPM,JPMorgan Chase & Co.,FinTech & Digital Finance,FinTech - Digital Banking & Neobanks,Secondary,,-0.031,0.0048,0.1656,
KBH,KB Home,Real Estate & REITs,"Real Estate - Housing, Urban Living & Demographics",Primary,,-0.0123,-0.0003,0.158,
KBR,"KBR, Inc.",Industrials & Construction,Industrials - Engineering & Construction,Primary,,0.0055,0.0613,0.2074,
KBR,"KBR, Inc.",Defense & Aerospace,Defense - Cyber Defense & Electronic Warfare,Secondary,,0.0055,0.0613,0.2074,
KD,"Kyndryl Holdings, Inc.",Business Services & Consulting,Consulting,Primary,,-0.0471,0.0763,0.0398,
KD,"Kyndryl Holdings, Inc.",Cloud Computing,Cloud - Multi-Cloud Management,Secondary,,-0.0471,0.0763,0.0398,
KDP,Keurig Dr Pepper Inc.,Consumer Goods & Retail,"Consumer - Health, Food & Beverages",Primary,,0.0191,0.0799,0.1212,
KEX,Kirby Corp,Transportation & Logistics,Transportation - Marine Shipping & Ports,Primary,,0.0095,-0.0615,-0.0391,
KEY,Keycorp,Financials - Traditional,"Fin Trad - Banks, Lending & Mortgage Finance",Primary,,-0.0618,-0.0374,0.0278,
KEYS,"Keysight Technologies, Inc.",Semiconductors,Semis - EDA Tools & Design Software,Primary,,-0.1165,-0.0277,-0.0635,
KEYS,"Keysight Technologies, Inc.",Semiconductors,Semis - Emerging Technologies,Secondary,,-0.1165,-0.0277,-0.0635,
KGC,Kinross Gold Corp,Commodities - Metals,Comm Metals - Gold,Primary,,0.2012,0.3859,0.1438,
KHC,Kraft Heinz Co,Consumer Goods & Retail,"Consumer - Health, Food & Beverages",Primary,,0.0027,0.0087,0.1064,
KIM,Kimco Realty Corp,Real Estate & REITs,Real Estate - Retail & Consumer Real Estate,Primary,,-0.016,-0.0668,0.0097,
KKR,KKR & Co. Inc.,Financials - Traditional,"Fin Trad - Asset Management, Custody & Alternatives",Primary,,-0.0485,0.1325,0.147,
KLAC,Kla Corp,Semiconductors,"Semis - Equipment, Lithography & Deposition",Primary,,-0.0958,-0.1579,-0.0001,
KLAC,Kla Corp,Artificial Intelligence,"AI - Compute, Edge & Acceleration",Secondary,,-0.0958,-0.1579,-0.0001,
KMB,Kimberly-Clark Corp,Consumer Goods & Retail,Consumer - Household & Personal Care,Primary,,-0.0098,0.0186,0.1224,
KMI,"Kinder Morgan, Inc.",Energy - Traditional,Energy Base - Refining & Midstream Infrastructure,Primary,,-0.0561,-0.0458,-0.0666,
KMI,"Kinder Morgan, Inc.",Commodities - Energy,Comm Energy - Natural Gas & LNG,Secondary,,-0.0561,-0.0458,-0.0666,
KNF,Knife River Corp,Industrials & Construction,Industrials - Construction Materials & Aggregates,Primary,,-0.0035,-0.1478,-0.1016,
KNSL,"Kinsale Capital Group, Inc.",Financials - Traditional,Fin Trad - Insurance & Reinsurance,Primary,,0.0115,0.1543,0.2302,
KNX,Knight-Swift Transportation Holdings Inc.,Transportation & Logistics,"Transportation - Trucking, LTL & Ground Freight",Primary,,-0.0113,-0.0101,0.0218,
KO,Coca Cola Co,Consumer Goods & Retail,"Consumer - Health, Food & Beverages",Primary,,0.0387,0.1223,0.1296,
KOPN,Kopin Corp,Hardware,Hardware - Next-Gen & Specialty,Primary,,-0.0836,0.3263,0.0392,
KR,Kroger Co,E-commerce,E-commerce - Grocery & Local Commerce Platforms,Primary,,0.0213,0.0455,-0.1308,
KR,Kroger Co,E-commerce,"E-commerce - Omnichannel Retailers, Online & Physical Stores",Secondary,,0.0213,0.0455,-0.1308,
KRC,Kilroy Realty Corp,Real Estate & REITs,Real Estate - Office & Commercial Workspaces,Primary,,0.0074,-0.0462,0.0868,
KRG,Kite Realty Group Trust,Real Estate & REITs,Real Estate - Retail & Consumer Real Estate,Primary,,-0.0113,-0.0952,-0.0168,
KTOS,"Kratos Defense & Security Solutions, Inc.",Hardware,Hardware - Next-Gen & Specialty,Primary,,-0.1147,0.1564,0.0457,
KTOS,"Kratos Defense & Security Solutions, Inc.",Defense & Aerospace,Defense - Drones & Anti-Drone Systems,Secondary,,-0.1147,0.1564,0.0457,
KVHI,Kvh Industries Inc \De\,Industrial Automation & Robotics,"Robotics - Autonomous Vehicles, Service & Mobility",Primary,,-0.0351,-0.1463,-0.2804,
KVUE,Kenvue Inc.,Consumer Goods & Retail,Consumer - Household & Personal Care,Primary,,-0.0073,0.0197,0.1038,
KVUE,Kenvue Inc.,Healthcare & Biotech,Healthcare - Healthy Aging & Nutrition,Secondary,,-0.0073,0.0197,0.1038,
L,Loews Corp,Conglomerates & Diversified Holdings,Diversified Holdings & Multi-Industry Conglomerates,Primary,,-0.0278,-0.0496,0.0071,
L,Loews Corp,Financials - Traditional,Fin Trad - Insurance & Reinsurance,Secondary,,-0.0278,-0.0496,0.0071,
LAC,Lithium Americas Corp.,Energy - Renewable,Energy Clean - Materials & Critical Metals,Primary,,-0.071,0.079,-0.3707,
LAC,Lithium Americas Corp.,Commodities - Metals,Comm Metals - Battery & Energy Transition Metals,Secondary,,-0.071,0.079,-0.3707,
LAD,"Lithia Motors, Inc.",E-commerce,"E-commerce - Omnichannel Retailers, Online & Physical Stores",Primary,,-0.0181,0.112,0.3529,
LAES,Sealsq Corp,Semiconductors,Semis - Emerging Technologies,Primary,,-0.1561,-0.0117,-0.2232,
LAMR,Lamar Advertising Co,Real Estate & REITs,Real Estate - Retail & Consumer Real Estate,Primary,,-0.0302,-0.0441,-0.0017,
LAMR,Lamar Advertising Co,Digital Entertainment & Media,Entertainment - Advertising & Social Platforms,Secondary,,-0.0302,-0.0441,-0.0017,
LAR,Lithium Argentina Ag,Commodities - Metals,Comm Metals - Battery & Energy Transition Metals,Primary,,0.0015,0.1252,-0.2841,
LAUR,"Laureate Education, Inc.",Education Technology,Education - Workforce Training,Primary,,-0.0043,0.0235,0.1362,
LCID,"Lucid Group, Inc.",Transportation & Logistics,Transportation - Urban Mobility & Emerging Transport Tech,Primary,,-0.1141,-0.1457,-0.0565,
LCID,"Lucid Group, Inc.",Electric Vehicles & Mobility,EVs - Manufacturers,Secondary,,-0.1141,-0.1457,-0.0565,
LDOS,"Leidos Holdings, Inc.",Defense & Aerospace,Defense - Cyber Defense & Electronic Warfare,Primary,,-0.017,0.2815,0.1532,
LDOS,"Leidos Holdings, Inc.",Space Tech,Space - Data Analytics & Earth Observation,Secondary,,-0.017,0.2815,0.1532,
LEA,Lear Corp,Electric Vehicles & Mobility,EVs - Key Suppliers & Autonomy Tech,Primary,,0.0287,-0.0975,-0.0666,
LECO,"Lincoln Electric Holdings, Inc.",Industrials & Construction,"Industrials - Machinery, Flow Control & Components",Primary,,-0.0176,0.1256,0.0868,
LECO,"Lincoln Electric Holdings, Inc.",Industrial Automation & Robotics,"Robotics - Autonomous Vehicles, Service & Mobility",Secondary,,-0.0176,0.1256,0.0868,
LEN,Lennar Corp,Real Estate & REITs,"Real Estate - Housing, Urban Living & Demographics",Primary,,0.0022,0.0595,-0.0145,
LEU,Centrus Energy Corp,Energy - Traditional,Energy Base - Nuclear Power & Advanced Reactors,Primary,,-0.0205,0.0906,0.0514,
LEU,Centrus Energy Corp,Commodities - Energy,Comm Energy - Uranium & Nuclear Fuels,Secondary,,-0.0205,0.0906,0.0514,
LEVI,Levi Strauss & Co,E-commerce,E-commerce - Direct-to-Consumer,Primary,,-0.047,-0.1083,-0.0055,
LEVI,Levi Strauss & Co,Consumer Goods & Retail,Consumer - Apparel & E-Commerce Retail,Secondary,,-0.047,-0.1083,-0.0055,
LFST,"Lifestance Health Group, Inc.",Healthcare & Biotech,"Healthcare - Digital Health, Telemedicine & Remote Care",Primary,,0.004,0.1536,0.6716,
LFUS,"Littelfuse, Inc.",Semiconductors,"Semis - Analog, Mixed-Signal & Power Management",Primary,,-0.0973,-0.0051,-0.0695,
LFUS,"Littelfuse, Inc.",Electric Vehicles & Mobility,EVs - Key Suppliers & Autonomy Tech,Secondary,,-0.0973,-0.0051,-0.0695,
LH,Labcorp Holdings Inc.,Healthcare & Biotech,"Healthcare - Diagnostics, Biomarkers & Liquid Biopsy",Primary,,0.0572,0.1557,0.3187,
LHX,"L3Harris Technologies, Inc. /De/",Defense & Aerospace,Defense - Cyber Defense & Electronic Warfare,Primary,,-0.086,-0.1099,-0.1257,
LHX,"L3Harris Technologies, Inc. /De/",Defense & Aerospace,Defense - Drones & Anti-Drone Systems,Secondary,,-0.086,-0.1099,-0.1257,
LI,Li Auto Inc.,Transportation & Logistics,Transportation - Urban Mobility & Emerging Transport Tech,Primary,,0.0644,0.055,-0.1944,
LI,Li Auto Inc.,Electric Vehicles & Mobility,EVs - Manufacturers,Secondary,,0.0644,0.055,-0.1944,
LII,Lennox International Inc.,Industrials & Construction,Industrials - Building Products & HVAC,Primary,,-0.0454,-0.251,-0.1596,
LIN,Linde Plc,Energy - Renewable,Energy Clean - Hydrogen & Fuel Cells,Primary,,0.01,-0.037,-0.0494,
LIN,Linde Plc,Environmental Sustainability,Environmental - Climate Technologies & Carbon Solutions,Secondary,,0.01,-0.037,-0.0494,
LINC,Lincoln Educational Services Corp,Education Technology,Education - Workforce Training,Primary,,-0.1409,-0.376,-0.4509,
LITE,Lumentum Holdings Inc.,Hardware,Hardware - Communications & Telecom,Primary,,-0.0642,0.0397,-0.1014,
LITE,Lumentum Holdings Inc.,Industrial Automation & Robotics,Robotics - Sensors & Vision Systems,Secondary,,-0.0642,0.0397,-0.1014,
LIVN,Livanova Plc,Healthcare & Biotech,Healthcare - Medical Devices & HealthTech Hardware,Primary,,-0.0423,0.0017,0.0693,
LKQ,Lkq Corp,Commodities - Metals,Comm Metals - Recycling & Circular Materials,Primary,,0.0257,0.0505,-0.03,
LLY,Eli Lilly & Co,Healthcare & Biotech,Healthcare - Metabolic & Cardiometabolic,Primary,,0.0638,0.0601,0.2069,
LLY,Eli Lilly & Co,Healthcare & Biotech,Healthcare - Age-Related & Longevity Therapeutics,Secondary,,0.0638,0.0601,0.2069,
LMND,"Lemonade, Inc.",FinTech & Digital Finance,FinTech - InsurTech & Embedded Insurance,Primary,,0.0139,-0.1209,-0.0645,
LMT,Lockheed Martin Corp,Defense & Aerospace,Defense - Cyber Defense & Electronic Warfare,Primary,,-0.0741,-0.0088,0.0851,
LMT,Lockheed Martin Corp,Defense & Aerospace,Defense - Drones & Anti-Drone Systems,Secondary,,-0.0741,-0.0088,0.0851,
LNG,"Cheniere Energy, Inc.",Commodities - Energy,Comm Energy - Natural Gas & LNG,Primary,,0.0216,0.0225,0.1566,
LNN,Lindsay Corp,Agriculture & FoodTech,Agriculture - Precision Agriculture & Farm Automation,Primary,,0.0129,0.0275,0.0675,
LNT,Alliant Energy Corp,Energy - Traditional,Energy Base - Utilities & Conventional Power Operators,Primary,,-0.0388,-0.0812,-0.0669,
LNTH,"Lantheus Holdings, Inc.",Healthcare & Biotech,"Healthcare - Diagnostics, Biomarkers & Liquid Biopsy",Primary,,-0.0097,-0.0362,0.0582,
LNTH,"Lantheus Holdings, Inc.",Nanotechnology,NanoTech - Nanomedicine & Drug Delivery,Secondary,,-0.0097,-0.0362,0.0582,
LNZA,"Lanzatech Global, Inc.",Environmental Sustainability,Environmental - Climate Technologies & Carbon Solutions,Primary,,-0.0142,0.1181,-0.1977,
LNZA,"Lanzatech Global, Inc.",Environmental Sustainability,Environmental - Sustainable Agriculture & Resource Management,Secondary,,-0.0142,0.1181,-0.1977,
LOCL,Local Bounti Corporation/De,Agriculture & FoodTech,Agriculture - Precision Agriculture & Farm Automation,Primary,,-0.0714,-0.037,-0.4583,
LOGI,Logitech International S.A.,Hardware,"Hardware - Consumer Electronics, PCs & Peripherals",Primary,,-0.0685,-0.0668,-0.0923,
LOPE,"Grand Canyon Education, Inc.",Education Technology,"Education - Platforms, Infrastructure & Online Learning",Primary,,0.0226,0.0593,-0.0596,
LOW,"Lowe's Companies, Inc.",E-commerce,"E-commerce - Omnichannel Retailers, Online & Physical Stores",Primary,,-0.0109,0.0702,0.0001,
LOW,"Lowe's Companies, Inc.",Industrials & Construction,Industrials - Building Products & HVAC,Secondary,,-0.0109,0.0702,0.0001,
LPX,Louisiana-Pacific Corp,Industrials & Construction,Industrials - Building Products & HVAC,Primary,,-0.0096,0.0185,0.0476,
LQDA,Liquidia Corp,Nanotechnology,NanoTech - Nanomedicine & Drug Delivery,Primary,,-0.0782,-0.2292,0.1073,
LRCX,Lam Research Corp,Semiconductors,"Semis - Equipment, Lithography & Deposition",Primary,,-0.0552,-0.0181,0.0396,
LRCX,Lam Research Corp,Artificial Intelligence,"AI - Compute, Edge & Acceleration",Secondary,,-0.0552,-0.0181,0.0396,
LRN,"Stride, Inc.",Education Technology,Education - Digital Curriculum,Primary,,0.012,-0.0199,-0.0375,
LRN,"Stride, Inc.",Education Technology,"Education - Platforms, Infrastructure & Online Learning",Secondary,,0.012,-0.0199,-0.0375,
LSCC,Lattice Semiconductor Corp,Semiconductors,Semis - Emerging Technologies,Primary,,-0.0979,-0.148,-0.1554,
LSCC,Lattice Semiconductor Corp,Industrial Automation & Robotics,Robotics - Sensors & Vision Systems,Secondary,,-0.0979,-0.148,-0.1554,
LSF,"Laird Superfood, Inc.",Agriculture & FoodTech,Agriculture - Alternative Proteins,Primary,,-0.1996,0.0027,0.139,
LSPD,Lightspeed Commerce Inc.,E-commerce,E-commerce - Platforms,Primary,,-0.0056,0.1087,0.2676,
LSTR,Landstar System Inc,Transportation & Logistics,"Transportation - Trucking, LTL & Ground Freight",Primary,,-0.0167,-0.1008,-0.0215,
LULU,Lululemon Athletica Inc.,E-commerce,E-commerce - Direct-to-Consumer,Primary,,0.0127,0.0944,-0.0449,
LULU,Lululemon Athletica Inc.,E-commerce,"E-commerce - Omnichannel Retailers, Online & Physical Stores",Secondary,,0.0127,0.0944,-0.0449,
LUNR,"Intuitive Machines, Inc.",Space Tech,"Space - Infrastructure, Exploration & Launch",Primary,,-0.0363,0.3363,-0.465,
LUV,Southwest Airlines Co,Transportation & Logistics,Transportation - Air Travel & Passenger Transportation,Primary,,-0.0877,-0.0968,-0.0055,
LUXE,"LuxExperience B.V. American Depositary Shares, each representing one Ordinary Share",Consumer Goods & Retail,Consumer - Modern Luxury & Lifestyle,Primary,,0.017,-0.0239,0.0777,
LVS,Las Vegas Sands Corp,Real Estate & REITs,"Real Estate - Travel, Leisure & Entertainment Properties",Primary,,0.0173,0.0282,-0.0429,
LXFR,Luxfer Holdings Plc,Commodities - Metals,Comm Metals - Rare Earth & Strategic Materials,Primary,,0.007,0.0076,0.0893,
LYB,Lyondellbasell Industries N.V.,Industrials & Construction,Industrials - Chemicals & Advanced Materials,Primary,,0.0591,0.0941,-0.0263,
LYFT,"Lyft, Inc.",Transportation & Logistics,Transportation - Urban Mobility & Emerging Transport Tech,Primary,,-0.0006,0.2461,0.296,
LYFT,"Lyft, Inc.",Electric Vehicles & Mobility,EVs - Autonomous Driving & Fleet,Secondary,,-0.0006,0.2461,0.296,
LYV,"Live Nation Entertainment, Inc.",Real Estate & REITs,"Real Estate - Travel, Leisure & Entertainment Properties",Primary,,-0.0352,0.0327,0.0954,
LYV,"Live Nation Entertainment, Inc.",Digital Entertainment & Media,Entertainment - Advertising & Social Platforms,Secondary,,-0.0352,0.0327,0.0954,
M,"Macy'S, Inc.",E-commerce,"E-commerce - Omnichannel Retailers, Online & Physical Stores",Primary,,-0.0252,-0.0219,0.1151,
MA,Mastercard Inc,FinTech & Digital Finance,FinTech - Digital Payments & Merchant Infrastructure,Primary,,0.0199,0.0949,0.1641,
MA,Mastercard Inc,Crypto & Blockchain,"Blockchain - Platforms, Tokenization & Financial Services",Secondary,,0.0199,0.0949,0.1641,
MAA,Mid America Apartment Communities Inc.,Real Estate & REITs,"Real Estate - Housing, Urban Living & Demographics",Primary,,-0.0163,-0.0108,0.0217,
MAC,Macerich Co,Real Estate & REITs,Real Estate - Retail & Consumer Real Estate,Primary,,-0.0134,-0.0364,0.0972,
MANH,Manhattan Associates Inc,Industrial Automation & Robotics,Automation - Smart Logistics & Warehouse Automation,Primary,,0.087,0.4553,0.5944,
MANH,Manhattan Associates Inc,Transportation & Logistics,Transportation - Infrastructure & Equipment,Secondary,,0.087,0.4553,0.5944,
MAR,Marriott International Inc /Md/,Real Estate & REITs,"Real Estate - Travel, Leisure & Entertainment Properties",Primary,,0.0011,-0.0202,-0.0344,
MARA,"Mara Holdings, Inc.",FinTech & Digital Finance,"FinTech - Crypto, Blockchain & Tokenization",Primary,,0.2239,-0.1182,-0.169,
MARA,"Mara Holdings, Inc.",Crypto & Blockchain,Blockchain - Cryptocurrency Mining & Staking,Secondary,,0.2239,-0.1182,-0.169,
MAS,Masco Corp,Industrials & Construction,Industrials - Building Products & HVAC,Primary,,-0.014,-0.0524,0.0967,
MASI,Masimo Corp,Healthcare & Biotech,Healthcare - Medical Devices & HealthTech Hardware,Primary,,,,,
MAT,"Mattel, Inc.",Consumer Goods & Retail,Consumer - Modern Luxury & Lifestyle,Primary,,-0.0346,0.019,-0.0307,
MATX,"Matson, Inc.",Transportation & Logistics,Transportation - Marine Shipping & Ports,Primary,,0.0253,0.0451,0.2214,
MBLY,Mobileye Global Inc.,Hardware,Hardware - Next-Gen & Specialty,Primary,,0.0123,0.2088,-0.0786,
MBLY,Mobileye Global Inc.,Industrial Automation & Robotics,"Robotics - Autonomous Vehicles, Service & Mobility",Secondary,,0.0123,0.2088,-0.0786,
MCD,Mcdonald's Corp,Consumer Goods & Retail,Consumer - Restaurants & Dining,Primary,,-0.0069,0.031,-0.0401,
MCHP,Microchip Technology Inc,Semiconductors,"Semis - Analog, Mixed-Signal & Power Management",Primary,,-0.039,-0.0648,-0.1608,
MCHP,Microchip Technology Inc,Smart Home & IoT,"Smart Home & IoT - Devices, Sensors & Connectivity",Secondary,,-0.039,-0.0648,-0.1608,
MCK,Mckesson Corp,Healthcare & Biotech,"Healthcare - IT, Services & Data Infrastructure",Primary,,-0.0116,0.0417,0.1218,
MCO,Moodys Corp /De/,Big Data & Analytics,"Big Data - Data Generation, Sourcing & Providers",Primary,,0.0379,0.0681,0.1325,
MDB,"Mongodb, Inc.",Cloud Computing,Cloud - Hyperscalers & Platforms,Primary,,-0.0641,0.4402,0.3569,
MDB,"Mongodb, Inc.",Big Data & Analytics,"Big Data - Analytics, AI Platforms & BI",Secondary,,-0.0641,0.4402,0.3569,
MDLZ,"Mondelez International, Inc.",Consumer Goods & Retail,"Consumer - Health, Food & Beverages",Primary,,0.0132,0.0733,0.0568,
MDT,Medtronic Plc,Industrial Automation & Robotics,Robotics - Medical & Surgical Robotics,Primary,,0.0228,0.1383,0.2053,
MDT,Medtronic Plc,Healthcare & Biotech,"Healthcare - Digital Health, Telemedicine & Remote Care",Secondary,,0.0228,0.1383,0.2053,
MEDP,"Medpace Holdings, Inc.",Healthcare & Biotech,"Healthcare - IT, Services & Data Infrastructure",Primary,,0.073,0.0246,0.4433,
MEDP,"Medpace Holdings, Inc.",Healthcare & Biotech,Healthcare - Next-Gen Biotech Platforms,Secondary,,0.073,0.0246,0.4433,
MELI,Mercadolibre Inc,E-commerce,E-commerce - Online Marketplaces & Recommerce,Primary,,0.0424,0.069,0.1459,
MELI,Mercadolibre Inc,Software,Software - Vertical SaaS Platforms,Secondary,,0.0424,0.069,0.1459,
MESO,Mesoblast Ltd,Healthcare & Biotech,"Healthcare - Regenerative Medicine, Psychedelics, Cannabis",Primary,,0.0897,0.0572,0.1348,
MET,"Metlife, Inc.",Financials - Traditional,Fin Trad - Insurance & Reinsurance,Primary,,-0.034,0.0258,0.126,
META,"Meta Platforms, Inc.",Digital Entertainment & Media,Entertainment - Advertising & Social Platforms,Primary,,-0.0677,-0.0927,-0.0938,
META,"Meta Platforms, Inc.",Artificial Intelligence,"AI - Apps, Domain-Specific AI",Secondary,,-0.0677,-0.0927,-0.0938,
METC,"Ramaco Resources, Inc.",Energy - Traditional,Energy Base - Coal & Thermal Power Generation,Primary,,-0.0286,0.0625,-0.1445,
MGA,Magna International Inc,Electric Vehicles & Mobility,EVs - Key Suppliers & Autonomy Tech,Primary,,0.04,0.1188,0.1661,
MGM,Mgm Resorts International,Digital Entertainment & Media,"Entertainment - Sports Betting, Wagering & Prediction Markets",Primary,,-0.0082,-0.0278,0.1614,
MGM,Mgm Resorts International,Digital Entertainment & Media,Entertainment - iGaming & Online Gambling,Secondary,,-0.0082,-0.0278,0.1614,
MGNI,"Magnite, Inc.",E-commerce,E-commerce - Retail Media & Advertising,Primary,,-0.0497,0.3114,0.7817,
MGNI,"Magnite, Inc.",Artificial Intelligence,"AI - Ads, Search & Recommendations",Secondary,,-0.0497,0.3114,0.7817,
MH,"McGraw Hill, Inc.",Education Technology,Education - Digital Curriculum,Primary,,0.0153,0.3912,0.0911,
MIDD,Middleby Corp,Industrials & Construction,"Industrials - Machinery, Flow Control & Components",Primary,,-0.0206,-0.1194,-0.0114,
MITK,Mitek Systems Inc,Cybersecurity,"Cybersecurity - Identity, Biometrics & Access Management",Primary,,-0.0448,0.1666,0.2083,
MKC,"Mccormick & Co, Inc.",Consumer Goods & Retail,"Consumer - Health, Food & Beverages",Primary,,0.0135,0.104,0.1906,
MKSI,MKS Inc.,Semiconductors,"Semis - Equipment, Lithography & Deposition",Primary,,-0.1018,-0.1917,-0.1081,
MKTX,Marketaxess Holdings Inc,FinTech & Digital Finance,FinTech - Exchanges & Market Infrastructure,Primary,,0.002,0.425,0.1955,
MLEC,Moolec Science Sa,Agriculture & FoodTech,Agriculture - Alternative Proteins,Primary,,-0.0278,-0.0251,-0.0494,
MLI,"Mueller Industries, Inc.",Industrials & Construction,"Industrials - Machinery, Flow Control & Components",Primary,,-0.0407,0.0014,-0.0509,
MLI,"Mueller Industries, Inc.",Industrials & Construction,Industrials - Building Products & HVAC,Secondary,,-0.0407,0.0014,-0.0509,
MLM,"Martin Marietta Materials, Inc.",Industrials & Construction,Industrials - Construction Materials & Aggregates,Primary,,-0.0237,-0.0219,-0.0042,
MMM,3M Co,Nanotechnology,NanoTech - Consumer & Industrial Products,Primary,,-0.0202,0.0553,0.1866,
MMM,3M Co,Nanotechnology,NanoTech - Research Tools & Advanced Instruments,Secondary,,-0.0202,0.0553,0.1866,
MMS,"Maximus, Inc.",Business Services & Consulting,"Business Services - Outsourcing, Facilities & Testing",Primary,,0.0532,0.0201,-0.046,
MNDY,Monday.Com Ltd.,Cloud Computing,Cloud - Horizontal SaaS & Cloud Applications,Primary,,0.0367,0.2647,0.1897,
MNST,Monster Beverage Corp,Consumer Goods & Retail,"Consumer - Health, Food & Beverages",Primary,,0.0207,-0.0009,-0.4499,
MNTK,"Montauk Renewables, Inc.",Commodities - Energy,Comm Energy - Biofuels & Renewable Fuels,Primary,,0.0,0.0444,0.2288,
MNTK,"Montauk Renewables, Inc.",Energy - Renewable,Energy Clean - Fuels & Bioenergy,Secondary,,0.0,0.0444,0.2288,
MNTS,Momentus Inc.,Space Tech,"Space - Infrastructure, Exploration & Launch",Primary,,-0.1095,-0.1186,-0.4291,
MO,"Altria Group, Inc.",Consumer Goods & Retail,"Consumer - Health, Food & Beverages",Primary,,0.0059,-0.0831,-0.09,
MOD,Modine Manufacturing Co,Hardware,Hardware - Data Center Infrastructure & Servers,Primary,,-0.0564,-0.2081,-0.2096,
MOG.A,Moog Inc.,Defense & Aerospace,Defense - Next-Generation Aircraft & Maintenance,Primary,,,,,
MOG.A,Moog Inc.,Space Tech,"Space - Infrastructure, Exploration & Launch",Secondary,,,,,
MORN,"Morningstar, Inc.",Big Data & Analytics,"Big Data - Data Generation, Sourcing & Providers",Primary,,0.0413,0.2888,0.2495,
MOS,Mosaic Co,Agriculture & FoodTech,Agriculture - Agricultural Inputs & Crop Science,Primary,,0.1296,0.0956,0.1126,
MOS,Mosaic Co,Commodities - Agriculture,"Comm Agri - Fertilizers, Crop Inputs & Seeds",Secondary,,0.1296,0.0956,0.1126,
MP,Mp Materials Corp. / De,Energy - Renewable,Energy Clean - Materials & Critical Metals,Primary,,0.0223,0.3449,-0.0274,
MP,Mp Materials Corp. / De,Defense & Aerospace,Defense - Secure Defense Supply Chains,Secondary,,0.0223,0.3449,-0.0274,
MPC,Marathon Petroleum Corp,Energy - Traditional,Energy Base - Refining & Midstream Infrastructure,Primary,,0.0177,0.1583,0.456,
MPC,Marathon Petroleum Corp,Commodities - Energy,Comm Energy - Crude Oil,Secondary,,0.0177,0.1583,0.456,
MPT,"Medical Properties Trust, Inc. common stock",Real Estate & REITs,Real Estate - Healthcare & Senior Living,Primary,,-0.0144,-0.1417,-0.1861,
MPWR,Monolithic Power Systems Inc,Semiconductors,"Semis - Analog, Mixed-Signal & Power Management",Primary,,-0.0611,-0.0579,-0.1556,
MPWR,Monolithic Power Systems Inc,Energy - Renewable,Energy Clean - Smart Grid & Electrification,Secondary,,-0.0611,-0.0579,-0.1556,
MQ,"Marqeta, Inc.",FinTech & Digital Finance,FinTech - Digital Banking & Neobanks,Primary,,0.0015,-0.0221,0.0354,
MRAM,Everspin Technologies Inc.,Semiconductors,Semis - Emerging Technologies,Primary,,-0.0937,0.0307,-0.4727,
MRCY,Mercury Systems Inc,Defense & Aerospace,Defense - Cyber Defense & Electronic Warfare,Primary,,-0.1778,-0.1409,-0.0519,
MRK,"Merck & Co., Inc.",Healthcare & Biotech,Healthcare - Metabolic & Cardiometabolic,Primary,,0.123,0.1691,0.3259,
MRK,"Merck & Co., Inc.",Healthcare & Biotech,Healthcare - Oncology & Precision Cancer Therapeutics,Secondary,,0.123,0.1691,0.3259,
MRNA,"Moderna, Inc.",Healthcare & Biotech,Healthcare - Next-Gen Biotech Platforms,Primary,,1.292,1.5452,2.0709,
MRNA,"Moderna, Inc.",Nanotechnology,NanoTech - Nanomedicine & Drug Delivery,Secondary,,1.292,1.5452,2.0709,
MRSH,"Marsh McLennan Companies, Inc.",Financials - Traditional,Fin Trad - Insurance & Reinsurance,Primary,,0.0223,0.0885,0.1694,
MRVL,"Marvell Technology, Inc.",Semiconductors,Semis - Emerging Technologies,Primary,,0.0677,0.1324,0.2434,
MRVL,"Marvell Technology, Inc.",Semiconductors,"Semis - Logic & CPUs, GPUs, Accelerators",Secondary,,0.0677,0.1324,0.2434,
MS,Morgan Stanley,Financials - Traditional,Fin Trad - Capital Markets & Investment Banking,Primary,,-0.0145,0.0009,0.0742,
MS,Morgan Stanley,Financials - Traditional,"Fin Trad - Asset Management, Custody & Alternatives",Secondary,,-0.0145,0.0009,0.0742,
MSA,MSA Safety Inc,Industrials & Construction,"Industrials - Machinery, Flow Control & Components",Primary,,0.0016,0.0914,0.1271,
MSCI,Msci Inc.,Big Data & Analytics,"Big Data - Data Generation, Sourcing & Providers",Primary,,-0.0099,0.0235,-0.0289,
MSEX,Middlesex Water Co,Environmental Sustainability,Environmental - Water Infrastructure & Treatment,Primary,,-0.0019,0.041,0.1327,
MSFT,Microsoft Corporation,Cloud Computing,Cloud - Hyperscalers & Platforms,Primary,,-0.0227,0.2688,0.1552,
MSFT,Microsoft Corporation,Software,Software - Vertical SaaS Platforms,Secondary,,-0.0227,0.2688,0.1552,
MSI,"Motorola Solutions, Inc.",Hardware,Hardware - Communications & Telecom,Primary,,0.0299,0.1805,0.2041,
MSI,"Motorola Solutions, Inc.",Telecommunications,Telecom - Infrastructure & Equipment,Secondary,,0.0299,0.1805,0.2041,
MSM,"MSC Industrial Direct Co., Inc.",Industrials & Construction,Industrials - Distribution & Rental Services,Primary,,-0.0324,-0.0478,0.1387,
MSTR,MicroStrategy Incorporated,FinTech & Digital Finance,"FinTech - Crypto, Blockchain & Tokenization",Primary,,0.2817,0.2736,-0.2766,
MSTR,MicroStrategy Incorporated,Crypto & Blockchain,"Blockchain - Platforms, Tokenization & Financial Services",Secondary,,0.2817,0.2736,-0.2766,
MTA,Metalla Royalty & Streaming Ltd.,Commodities - Metals,Comm Metals - Precious Metals,Primary,,0.1426,0.4735,0.6479,
MTB,M&T Bank Corp,Financials - Traditional,"Fin Trad - Banks, Lending & Mortgage Finance",Primary,,-0.0541,-0.0229,0.1398,
MTCH,"Match Group, Inc.",Digital Entertainment & Media,Entertainment - Advertising & Social Platforms,Primary,,0.0769,0.0928,0.1522,
MTD,Mettler-Toledo International Inc.,Nanotechnology,NanoTech - Research Tools & Advanced Instruments,Primary,,-0.0168,0.0476,0.2795,
MTD,Mettler-Toledo International Inc.,Healthcare & Biotech,"Healthcare - Diagnostics, Biomarkers & Liquid Biopsy",Secondary,,-0.0168,0.0476,0.2795,
MTDR,Matador Resources Co,Energy - Traditional,Energy Base - Oil & Gas Exploration & Production,Primary,,0.0874,0.1377,0.0488,
MTG,MGIC Investment Corp,Financials - Traditional,Fin Trad - Insurance & Reinsurance,Primary,,-0.0083,0.0729,0.1873,
MTLS,Materialise Nv,Hardware,Hardware - Printing & Imaging,Primary,,-0.0448,0.028,0.1357,
MTLS,Materialise Nv,Industrial Automation & Robotics,"Automation - Additive Manufacturing, 3D Printing",Secondary,,-0.0448,0.028,0.1357,
MTN,"Vail Resorts, Inc.",Real Estate & REITs,"Real Estate - Travel, Leisure & Entertainment Properties",Primary,,0.0304,0.0607,0.2232,
MTSI,"MACOM Technology Solutions Holdings, Inc.",Semiconductors,Semis - Wireless & Connectivity,Primary,,-0.1575,-0.0573,-0.2992,
MTSI,"MACOM Technology Solutions Holdings, Inc.",Defense & Aerospace,Defense - Cyber Defense & Electronic Warfare,Secondary,,-0.1575,-0.0573,-0.2992,
MTZ,"Mastec, Inc.",Industrials & Construction,Industrials - Engineering & Construction,Primary,,-0.1053,-0.258,-0.3151,
MTZ,"Mastec, Inc.",Energy - Renewable,Energy Clean - Smart Grid & Electrification,Secondary,,-0.1053,-0.258,-0.3151,
MU,Micron Technology Inc,Semiconductors,Semis - Memory & Storage,Primary,,-0.005,-0.0237,0.2688,
MU,Micron Technology Inc,Artificial Intelligence,"AI - Compute, Edge & Acceleration",Secondary,,-0.005,-0.0237,0.2688,
MUR,Murphy Oil Corp,Energy - Traditional,Energy Base - Oil & Gas Exploration & Production,Primary,,0.0932,-0.0408,0.0006,
MUSA,Murphy USA Inc.,E-commerce,E-commerce - Grocery & Local Commerce Platforms,Primary,,0.0011,-0.0852,0.0463,
MVST,"Microvast Holdings, Inc.",Electric Vehicles & Mobility,EVs - Batteries & Materials,Primary,,-0.0405,-0.064,-0.4167,
MZTI,The Marzetti Co,Consumer Goods & Retail,"Consumer - Health, Food & Beverages",Primary,,-0.0381,0.0477,-0.0007,
NATR,Natures Sunshine Products Inc,Consumer Goods & Retail,"Consumer - Health, Food & Beverages",Primary,,-0.0516,-0.3012,-0.344,
NB,Niocorp Developments Ltd,Commodities - Metals,Comm Metals - Rare Earth & Strategic Materials,Primary,,-0.092,0.0642,-0.1278,
NBIX,"Neurocrine Biosciences, Inc.",Healthcare & Biotech,Healthcare - Next-Gen Biotech Platforms,Primary,,-0.001,-0.1239,-0.0188,
NBTX,Nanobiotix S.A.,Nanotechnology,NanoTech - Nanomedicine & Drug Delivery,Primary,,0.1368,0.1011,0.0839,
NCLH,Norwegian Cruise Line Holdings Ltd.,Real Estate & REITs,"Real Estate - Travel, Leisure & Entertainment Properties",Primary,,-0.0931,-0.0786,0.0468,
NDAQ,"Nasdaq, Inc.",FinTech & Digital Finance,FinTech - Exchanges & Market Infrastructure,Primary,,0.0124,0.0863,0.0903,
NDAQ,"Nasdaq, Inc.",Crypto & Blockchain,"Blockchain - Platforms, Tokenization & Financial Services",Secondary,,0.0124,0.0863,0.0903,
NDSN,Nordson Corp,Industrials & Construction,"Industrials - Machinery, Flow Control & Components",Primary,,0.0762,0.1374,0.1618,
NEE,Nextera Energy Inc,Energy - Renewable,Energy Clean - Utilities & Clean Power Operators,Primary,,-0.0295,-0.0684,-0.0605,
NEE,Nextera Energy Inc,Energy - Traditional,Energy Base - Nuclear Power & Advanced Reactors,Secondary,,-0.0295,-0.0684,-0.0605,
NEM,Newmont Corp /De/,Commodities - Metals,Comm Metals - Gold,Primary,,0.1174,0.3891,0.2175,
NEM,Newmont Corp /De/,Commodities - Metals,Comm Metals - Precious Metals,Secondary,,0.1174,0.3891,0.2175,
NET,"Cloudflare, Inc.",Cybersecurity,Cybersecurity - Application Security,Primary,,-0.0717,0.1175,0.3785,
NET,"Cloudflare, Inc.",Cybersecurity,Cybersecurity - Cloud Security,Secondary,,-0.0717,0.1175,0.3785,
NEU,Newmarket Corp,Industrials & Construction,Industrials - Chemicals & Advanced Materials,Primary,,-0.0256,0.2173,0.306,
NEXT,Nextdecade Corp.,Commodities - Energy,Comm Energy - Natural Gas & LNG,Primary,,-0.0097,-0.1055,-0.1574,
NFG,National Fuel Gas Co,Energy - Traditional,Energy Base - Utilities & Conventional Power Operators,Primary,,0.0068,0.0051,0.0221,
NFG,National Fuel Gas Co,Commodities - Energy,Comm Energy - Natural Gas & LNG,Secondary,,0.0068,0.0051,0.0221,
NFLX,Netflix Inc,Digital Entertainment & Media,Entertainment - Video Streaming,Primary,,0.0183,0.1553,-0.1087,
NGG,National Grid Plc,Energy - Renewable,Energy Clean - Smart Grid & Electrification,Primary,,-0.0159,-0.0317,-0.0528,
NGVC,"Natural Grocers By Vitamin Cottage, Inc.",Consumer Goods & Retail,"Consumer - Health, Food & Beverages",Primary,,-0.0129,-0.0539,-0.0435,
NHI,National Health Investors Inc,Healthcare & Biotech,Healthcare - Senior Care & Longevity,Primary,,0.0056,-0.0824,-0.0302,
NI,Nisource Inc.,Energy - Traditional,Energy Base - Utilities & Conventional Power Operators,Primary,,-0.0442,-0.1253,-0.1429,
NI,Nisource Inc.,Commodities - Energy,Comm Energy - Natural Gas & LNG,Secondary,,-0.0442,-0.1253,-0.1429,
NICE,Nice Ltd.,Big Data & Analytics,"Big Data - Analytics, AI Platforms & BI",Primary,,-0.0198,0.1546,0.0513,
NIO,Nio Inc.,Electric Vehicles & Mobility,EVs - Manufacturers,Primary,,0.0243,-0.0022,-0.1732,
NJR,New Jersey Resources Corp,Energy - Traditional,Energy Base - Utilities & Conventional Power Operators,Primary,,-0.0374,-0.0991,-0.0558,
NJR,New Jersey Resources Corp,Commodities - Energy,Comm Energy - Natural Gas & LNG,Secondary,,-0.0374,-0.0991,-0.0558,
NKE,"Nike, Inc.",E-commerce,E-commerce - Direct-to-Consumer,Primary,,0.0007,-0.0056,-0.0736,
NKE,"Nike, Inc.",Consumer Goods & Retail,Consumer - Apparel & E-Commerce Retail,Secondary,,0.0007,-0.0056,-0.0736,
NLY,"Annaly Capital Management, Inc.",Financials - Traditional,"Fin Trad - Banks, Lending & Mortgage Finance",Primary,,-0.0073,0.0381,0.1066,
NMG,Nouveau Monde Graphite Inc.,Commodities - Metals,Comm Metals - Battery & Energy Transition Metals,Primary,,0.0204,0.145,-0.2386,
NNDM,Nano Dimension Ltd.,Hardware,Hardware - Printing & Imaging,Primary,,-0.0552,0.0476,-0.0435,
NNDM,Nano Dimension Ltd.,Industrial Automation & Robotics,"Automation - Additive Manufacturing, 3D Printing",Secondary,,-0.0552,0.0476,-0.0435,
NNN,"Nnn Reit, Inc.",Real Estate & REITs,Real Estate - Retail & Consumer Real Estate,Primary,,-0.0037,-0.0455,0.0322,
NOC,Northrop Grumman Corp /De/,Defense & Aerospace,Defense - Cyber Defense & Electronic Warfare,Primary,,-0.0595,0.0329,0.0034,
NOC,Northrop Grumman Corp /De/,Defense & Aerospace,Defense - Drones & Anti-Drone Systems,Secondary,,-0.0595,0.0329,0.0034,
NOK,Nokia Corp,Hardware,Hardware - Communications & Telecom,Primary,,-0.0511,0.0493,-0.28,
NOV,Nov Inc.,Energy - Traditional,Energy Base - Oilfield Services & Equipment,Primary,,-0.0341,0.0144,-0.0125,
NOVT,Novanta Inc,Industrial Automation & Robotics,Automation - Factory & Process Automation Systems,Primary,,-0.1281,0.0138,-0.0622,
NOW,"Servicenow, Inc.",Cloud Computing,Cloud - Horizontal SaaS & Cloud Applications,Primary,,0.0361,0.3974,0.2888,
NOW,"Servicenow, Inc.",Cloud Computing,Cloud - Multi-Cloud Management,Secondary,,0.0361,0.3974,0.2888,
NPWR,Net Power Inc.,Environmental Sustainability,Environmental - Climate Technologies & Carbon Solutions,Primary,,-0.1282,0.1565,-0.0957,
NPWR,Net Power Inc.,Environmental Sustainability,Environmental - Sustainable Agriculture & Resource Management,Secondary,,-0.1282,0.1565,-0.0957,
NRG,"Nrg Energy, Inc.",Energy - Traditional,Energy Base - Coal & Thermal Power Generation,Primary,,-0.104,-0.2062,-0.171,
NRG,"Nrg Energy, Inc.",Smart Home & IoT,Smart Home - Automation & Control Systems,Secondary,,-0.104,-0.2062,-0.171,
NRGV,"Energy Vault Holdings, Inc.",Energy - Renewable,Energy Clean - Batteries & Storage,Primary,,0.0026,0.1692,-0.2445,
NSA,National Storage Affiliates Trust,Real Estate & REITs,Real Estate - Retail & Consumer Real Estate,Primary,,,,,
NSC,Norfolk Southern Corp,Transportation & Logistics,Transportation - Freight Rail & Infrastructure,Primary,,0.0488,0.0102,0.1306,
NTAP,"Netapp, Inc.",Hardware,Hardware - Data Center Infrastructure & Servers,Primary,,-0.0715,0.1678,0.5559,
NTES,"Netease, Inc.",Software,Software - Gaming & Platforms,Primary,,0.0244,0.0665,0.1276,
NTES,"Netease, Inc.",Digital Entertainment & Media,Entertainment - Game Publishers & Developers,Secondary,,0.0244,0.0665,0.1276,
NTGR,"Netgear, Inc.",Smart Home & IoT,"Smart Home - Connectivity, Security & Networking",Primary,,-0.1296,-0.1609,-0.1551,
NTLA,"Intellia Therapeutics, Inc.",Healthcare & Biotech,Healthcare - Genomics & Personalized Medicine,Primary,,0.0781,0.1568,0.038,
NTLA,"Intellia Therapeutics, Inc.",Healthcare & Biotech,Healthcare - Next-Gen Biotech Platforms,Secondary,,0.0781,0.1568,0.038,
NTNX,"Nutanix, Inc.",Cloud Computing,Cloud - Multi-Cloud Management,Primary,,0.0155,0.2852,0.5135,
NTR,Nutrien Ltd.,Agriculture & FoodTech,Agriculture - Agricultural Inputs & Crop Science,Primary,,0.103,0.0982,0.0813,
NTR,Nutrien Ltd.,Commodities - Agriculture,"Comm Agri - Fertilizers, Crop Inputs & Seeds",Secondary,,0.103,0.0982,0.0813,
NTRA,"Natera, Inc.",Healthcare & Biotech,"Healthcare - Diagnostics, Biomarkers & Liquid Biopsy",Primary,,0.0713,0.2544,0.6301,
NTRS,Northern Trust Corp,Financials - Traditional,"Fin Trad - Asset Management, Custody & Alternatives",Primary,,-0.0392,0.0334,0.1056,
NU,Nu Holdings Ltd.,FinTech & Digital Finance,FinTech - Digital Banking & Neobanks,Primary,,-0.0427,0.0275,0.1079,
NUE,Nucor Corp,Commodities - Metals,Comm Metals - Industrial & Base Metals,Primary,,-0.094,0.0103,0.0786,
NUE,Nucor Corp,Commodities - Metals,Comm Metals - Recycling & Circular Materials,Secondary,,-0.094,0.0103,0.0786,
NUS,"Nu Skin Enterprises, Inc.",Healthcare & Biotech,Healthcare - Healthy Aging & Nutrition,Primary,,-0.0125,-0.0669,-0.1899,
NUS,"Nu Skin Enterprises, Inc.",Consumer Goods & Retail,"Consumer - Health, Food & Beverages",Secondary,,-0.0125,-0.0669,-0.1899,
NVDA,Nvidia Corp,Semiconductors,Semis - Emerging Technologies,Primary,,-0.0464,0.0285,-0.0207,
NVDA,Nvidia Corp,Semiconductors,"Semis - Logic & CPUs, GPUs, Accelerators",Secondary,,-0.0464,0.0285,-0.0207,
NVEC,Nve Corp /New/,Semiconductors,Semis - Emerging Technologies,Primary,,-0.0937,-0.1741,0.2659,
NVEC,Nve Corp /New/,Nanotechnology,NanoTech - Research Tools & Advanced Instruments,Secondary,,-0.0937,-0.1741,0.2659,
NVO,Novo Nordisk A S,Healthcare & Biotech,Healthcare - Metabolic & Cardiometabolic,Primary,,0.0315,-0.0175,0.0664,
NVO,Novo Nordisk A S,Healthcare & Biotech,Healthcare - Age-Related & Longevity Therapeutics,Secondary,,0.0315,-0.0175,0.0664,
NVR,"NVR, Inc.",Real Estate & REITs,"Real Estate - Housing, Urban Living & Demographics",Primary,,0.008,0.0331,0.0514,
NVST,Envista Holdings Corp,Healthcare & Biotech,Healthcare - Medical Devices & HealthTech Hardware,Primary,,-0.031,0.0394,0.1511,
NVT,Nvent Electric Plc,Hardware,Hardware - Data Center Infrastructure & Servers,Primary,,-0.1133,-0.0416,-0.0696,
NVTS,Navitas Semiconductor Corp,Semiconductors,Semis - Emerging Technologies,Primary,,-0.1024,0.0781,-0.468,
NVTS,Navitas Semiconductor Corp,Electric Vehicles & Mobility,EVs - Key Suppliers & Autonomy Tech,Secondary,,-0.1024,0.0781,-0.468,
NWE,"Northwestern Energy Group, Inc.",Energy - Traditional,Energy Base - Utilities & Conventional Power Operators,Primary,,-0.0238,-0.0337,-0.0142,
NWSA,News Corp,Digital Entertainment & Media,Entertainment - Advertising & Social Platforms,Primary,,0.0418,0.1538,0.1569,
NWSA,News Corp,Big Data & Analytics,"Big Data - Data Generation, Sourcing & Providers",Secondary,,0.0418,0.1538,0.1569,
NXE,Nexgen Energy Ltd.,Commodities - Energy,Comm Energy - Uranium & Nuclear Fuels,Primary,,0.0452,0.159,0.0313,
NXPI,Nxp Semiconductors N.V.,Semiconductors,"Semis - Analog, Mixed-Signal & Power Management",Primary,,-0.039,-0.1866,-0.244,
NXPI,Nxp Semiconductors N.V.,Semiconductors,Semis - Wireless & Connectivity,Secondary,,-0.039,-0.1866,-0.244,
NXST,"Nexstar Media Group, Inc.",Digital Entertainment & Media,Entertainment - Advertising & Social Platforms,Primary,,-0.0181,0.0377,-0.0075,
NXT,Nextracker Inc.,Energy - Renewable,Energy Clean - Solar,Primary,,-0.1507,-0.1752,-0.2879,
NYT,New York Times Co,Digital Entertainment & Media,Entertainment - Advertising & Social Platforms,Primary,,0.0139,-0.0638,-0.1126,
O,Realty Income Corp,Real Estate & REITs,Real Estate - Retail & Consumer Real Estate,Primary,,-0.0022,-0.0287,0.019,
OC,Owens Corning,Environmental Sustainability,Environmental - Climate Technologies & Carbon Solutions,Primary,,-0.0427,0.0656,0.2828,
OC,Owens Corning,Environmental Sustainability,Environmental - Sustainable Agriculture & Resource Management,Secondary,,-0.0427,0.0656,0.2828,
ODFL,"Old Dominion Freight Line, Inc.",Transportation & Logistics,"Transportation - Trucking, LTL & Ground Freight",Primary,,-0.0213,-0.1051,-0.0046,
OGE,OGE Energy Corp,Energy - Traditional,Energy Base - Utilities & Conventional Power Operators,Primary,,-0.0396,-0.0804,-0.0433,
OGS,"One Gas, Inc.",Energy - Traditional,Energy Base - Utilities & Conventional Power Operators,Primary,,-0.0183,-0.006,-0.0346,
OGS,"One Gas, Inc.",Commodities - Energy,Comm Energy - Natural Gas & LNG,Secondary,,-0.0183,-0.006,-0.0346,
OHI,Omega Healthcare Investors Inc,Healthcare & Biotech,Healthcare - Senior Care & Longevity,Primary,,0.0017,-0.0731,-0.021,
OHI,Omega Healthcare Investors Inc,Real Estate & REITs,Real Estate - Healthcare & Senior Living,Secondary,,0.0017,-0.0731,-0.021,
OII,Oceaneering International Inc,Energy - Traditional,Energy Base - Oilfield Services & Equipment,Primary,,0.0153,0.1037,0.3773,
OII,Oceaneering International Inc,Industrial Automation & Robotics,"Robotics - Autonomous Vehicles, Service & Mobility",Secondary,,0.0153,0.1037,0.3773,
OKE,Oneok Inc /New/,Energy - Traditional,Energy Base - Refining & Midstream Infrastructure,Primary,,-0.0175,0.013,0.0197,
OKE,Oneok Inc /New/,Commodities - Energy,Comm Energy - Natural Gas & LNG,Secondary,,-0.0175,0.013,0.0197,
OKLO,Oklo Inc.,Energy - Traditional,Energy Base - Nuclear Power & Advanced Reactors,Primary,,-0.0516,-0.0434,-0.3534,
OKLO,Oklo Inc.,Artificial Intelligence,"AI - Compute, Edge & Acceleration",Secondary,,-0.0516,-0.0434,-0.3534,
OKTA,"Okta, Inc.",Cybersecurity,"Cybersecurity - Endpoint, Identity & Zero Trust",Primary,,-0.0834,-0.0071,0.511,
OLED,Universal Display Corp,Semiconductors,Semis - Emerging Technologies,Primary,,-0.0346,0.0808,-0.0575,
OLED,Universal Display Corp,Hardware,Hardware - Next-Gen & Specialty,Secondary,,-0.0346,0.0808,-0.0575,
OLLI,"Ollie's Bargain Outlet Holdings, Inc.",E-commerce,"E-commerce - Omnichannel Retailers, Online & Physical Stores",Primary,,-0.0055,0.166,-0.0843,
OLN,Olin Corp,Defense & Aerospace,Defense - Secure Defense Supply Chains,Primary,,-0.0366,-0.2217,-0.2929,
OMC,Omnicom Group Inc.,Digital Entertainment & Media,Entertainment - Advertising & Social Platforms,Primary,,-0.0003,0.1237,0.1993,
OMCL,"Omnicell, Inc.",Healthcare & Biotech,"Healthcare - IT, Services & Data Infrastructure",Primary,,-0.0461,-0.1074,-0.1869,
ON,On Semiconductor Corp,Semiconductors,"Semis - Analog, Mixed-Signal & Power Management",Primary,,-0.1022,-0.1766,-0.323,
ON,On Semiconductor Corp,Semiconductors,Semis - Emerging Technologies,Secondary,,-0.1022,-0.1766,-0.323,
ONB,Old National Bancorp,Financials - Traditional,"Fin Trad - Banks, Lending & Mortgage Finance",Primary,,-0.0501,-0.0115,0.0901,
ONDS,Ondas Holdings Inc.,Defense & Aerospace,Defense - Drones & Anti-Drone Systems,Primary,,-0.0574,0.0984,-0.0512,
ONTO,Onto Innovation Inc.,Nanotechnology,NanoTech - Research Tools & Advanced Instruments,Primary,,-0.1157,0.0071,0.1219,
OPAL,Opal Fuels Inc.,Commodities - Energy,Comm Energy - Biofuels & Renewable Fuels,Primary,,-0.014,-0.0578,0.0547,
OPAL,Opal Fuels Inc.,Energy - Renewable,Energy Clean - Fuels & Bioenergy,Secondary,,-0.014,-0.0578,0.0547,
OPCH,"Option Care Health, Inc.",Healthcare & Biotech,"Healthcare - IT, Services & Data Infrastructure",Primary,,-0.0104,0.1243,0.1013,
OPCH,"Option Care Health, Inc.",Healthcare & Biotech,"Healthcare - Digital Health, Telemedicine & Remote Care",Secondary,,-0.0104,0.1243,0.1013,
ORA,"Ormat Technologies, Inc.",Energy - Renewable,Energy Clean - Utilities & Clean Power Operators,Primary,,-0.0546,0.0449,-0.1896,
ORCL,Oracle Corp,Cloud Computing,Cloud - Horizontal SaaS & Cloud Applications,Primary,,-0.0269,0.2202,-0.2255,
ORCL,Oracle Corp,Software,Software - Vertical SaaS Platforms,Secondary,,-0.0269,0.2202,-0.2255,
ORI,Old Republic International Corp,Financials - Traditional,Fin Trad - Insurance & Reinsurance,Primary,,-0.0296,0.0063,0.0576,
ORLY,O Reilly Automotive Inc,FinTech & Digital Finance,FinTech - Trading Platforms & WealthTech,Primary,,-0.0213,0.0348,-0.035,
OSCR,"Oscar Health, Inc.",Healthcare & Biotech,"Healthcare - Digital Health, Telemedicine & Remote Care",Primary,,-0.022,0.1079,0.4472,
OSCR,"Oscar Health, Inc.",FinTech & Digital Finance,FinTech - InsurTech & Embedded Insurance,Secondary,,-0.022,0.1079,0.4472,
OSK,Oshkosh Corp,Transportation & Logistics,Transportation - Infrastructure & Equipment,Primary,,0.0275,0.0375,0.2458,
OTIS,Otis Worldwide Corp,Industrials & Construction,Industrials - Building Products & HVAC,Primary,,-0.0157,0.0163,0.0041,
OTLY,Oatly Group Ab,Agriculture & FoodTech,Agriculture - Alternative Proteins,Primary,,0.0484,0.1545,0.4286,
OTLY,Oatly Group Ab,Consumer Goods & Retail,"Consumer - Health, Food & Beverages",Secondary,,0.0484,0.1545,0.4286,
OUST,"Ouster, Inc.",Industrial Automation & Robotics,Automation - Industrial Sensors & Machine Vision,Primary,,-0.2113,0.0194,0.0949,
OUST,"Ouster, Inc.",Industrial Automation & Robotics,Robotics - Sensors & Vision Systems,Secondary,,-0.2113,0.0194,0.0949,
OVV,Ovintiv Inc.,Energy - Traditional,Energy Base - Oil & Gas Exploration & Production,Primary,,0.0603,0.0885,0.141,
OXY,Occidental Petroleum Corp /De/,Energy - Traditional,Energy Base - Oil & Gas Exploration & Production,Primary,,0.0504,0.0642,0.0468,
OXY,Occidental Petroleum Corp /De/,Commodities - Energy,Comm Energy - Crude Oil,Secondary,,0.0504,0.0642,0.0468,
OZK,Bank OZK,Financials - Traditional,"Fin Trad - Banks, Lending & Mortgage Finance",Primary,,-0.0585,-0.014,0.0358,
PAA,Plains All American Pipeline Lp,Energy - Traditional,Energy Base - Refining & Midstream Infrastructure,Primary,,0.0297,0.0138,0.0571,
PAAS,Pan American Silver Corp,Commodities - Metals,Comm Metals - Gold,Primary,,0.1191,0.201,-0.0316,
PAAS,Pan American Silver Corp,Commodities - Metals,Comm Metals - Precious Metals,Secondary,,0.1191,0.201,-0.0316,
PACB,"Pacific Biosciences Of California, Inc.",Healthcare & Biotech,"Healthcare - Diagnostics, Biomarkers & Liquid Biopsy",Primary,,0.1739,-0.0357,0.08,
PACB,"Pacific Biosciences Of California, Inc.",Healthcare & Biotech,Healthcare - Genomics & Personalized Medicine,Secondary,,0.1739,-0.0357,0.08,
PAG,"Penske Automotive Group, Inc.",E-commerce,"E-commerce - Omnichannel Retailers, Online & Physical Stores",Primary,,-0.0136,0.0128,0.3616,
PANW,Palo Alto Networks Inc,Industrial Automation & Robotics,"Automation - Industrial IoT, Connectivity",Primary,,-0.0687,0.099,0.415,
PANW,Palo Alto Networks Inc,Cybersecurity,Cybersecurity - Application Security,Secondary,,-0.0687,0.099,0.415,
PATH,"UiPath, Inc.",Software,Software - Vertical SaaS Platforms,Primary,,0.0237,0.6069,0.5506,
PATH,"UiPath, Inc.",Industrial Automation & Robotics,Automation - Industrial Software & Digital Twin,Secondary,,0.0237,0.6069,0.5506,
PAYX,"Paychex, Inc.",Cloud Computing,Cloud - Horizontal SaaS & Cloud Applications,Primary,,0.0202,0.1366,0.3345,
PAYX,"Paychex, Inc.",Business Services & Consulting,"Business Services - Outsourcing, Facilities & Testing",Secondary,,0.0202,0.1366,0.3345,
PB,"Prosperity Bancshares, Inc.",Financials - Traditional,"Fin Trad - Banks, Lending & Mortgage Finance",Primary,,-0.0304,0.0012,0.0616,
PBF,PBF Energy Inc.,Energy - Traditional,Energy Base - Refining & Midstream Infrastructure,Primary,,0.0234,0.1913,0.889,
PCAR,Paccar Inc,Transportation & Logistics,Transportation - Infrastructure & Equipment,Primary,,0.0018,0.0048,0.2015,
PCG,PG&E Corp,Energy - Traditional,Energy Base - Utilities & Conventional Power Operators,Primary,,-0.0135,0.0034,0.0737,
PCOR,"Procore Technologies, Inc.",Software,Software - Vertical SaaS Platforms,Primary,,0.0617,0.5455,0.3689,
PCTY,Paylocity Holding Corp,Cloud Computing,Cloud - Horizontal SaaS & Cloud Applications,Primary,,0.0341,0.2715,0.3725,
PD,"Pagerduty, Inc.",Cloud Computing,"Cloud - DevOps, Observability",Primary,,0.0353,0.4276,0.7475,
PD,"Pagerduty, Inc.",Software,"Software - Data, Analytics & DevOps",Secondary,,0.0353,0.4276,0.7475,
PDD,Pdd Holdings Inc.,E-commerce,E-commerce - Platforms,Primary,,0.0423,0.061,-0.0962,
PDD,Pdd Holdings Inc.,Software,Software - Vertical SaaS Platforms,Secondary,,0.0423,0.061,-0.0962,
PDFS,Pdf Solutions Inc,Semiconductors,Semis - EDA Tools & Design Software,Primary,,-0.1031,-0.128,0.024,
PEB,Pebblebrook Hotel Trust,Real Estate & REITs,"Real Estate - Travel, Leisure & Entertainment Properties",Primary,,0.0126,-0.0258,0.2443,
PECO,"Phillips Edison & Company, Inc.",Real Estate & REITs,Real Estate - Retail & Consumer Real Estate,Primary,,-0.0278,-0.0774,-0.0235,
PEG,Public Service Enterprise Group Inc,Energy - Renewable,Energy Clean - Utilities & Clean Power Operators,Primary,,-0.0451,-0.0898,-0.0668,
PEGA,Pegasystems Inc.,Software,"Software - Collaboration, CRM & Communications",Primary,,0.041,0.2936,-0.0166,
PEGA,Pegasystems Inc.,Artificial Intelligence,"AI - Apps, Domain-Specific AI",Secondary,,0.041,0.2936,-0.0166,
PEN,"Penumbra, Inc.",Healthcare & Biotech,Healthcare - Medical Devices & HealthTech Hardware,Primary,,-0.0056,0.0229,-0.0083,
PENN,"Penn Entertainment, Inc.",Digital Entertainment & Media,"Entertainment - Sports Betting, Wagering & Prediction Markets",Primary,,-0.0075,-0.0799,0.1168,
PENN,"Penn Entertainment, Inc.",Digital Entertainment & Media,Entertainment - iGaming & Online Gambling,Secondary,,-0.0075,-0.0799,0.1168,
PEP,Pepsico Inc,Consumer Goods & Retail,"Consumer - Health, Food & Beverages",Primary,,0.0191,0.0632,-0.0259,
PFE,Pfizer Inc,Healthcare & Biotech,Healthcare - Metabolic & Cardiometabolic,Primary,,0.0478,0.142,0.1006,
PFE,Pfizer Inc,Healthcare & Biotech,Healthcare - Oncology & Precision Cancer Therapeutics,Secondary,,0.0478,0.142,0.1006,
PFG,"Principal Financial Group, Inc.",Financials - Traditional,"Fin Trad - Asset Management, Custody & Alternatives",Primary,,-0.0283,0.032,0.0742,
PFG,"Principal Financial Group, Inc.",Financials - Traditional,Fin Trad - Insurance & Reinsurance,Secondary,,-0.0283,0.032,0.0742,
PFGC,Performance Food Group Co,Agriculture & FoodTech,Agriculture - Agri-Food Processing & Distribution,Primary,,-0.0212,-0.0483,0.103,
PG,Procter & Gamble Co,Consumer Goods & Retail,Consumer - Household & Personal Care,Primary,,0.0009,-0.0082,0.0165,
PG,Procter & Gamble Co,Nanotechnology,NanoTech - Consumer & Industrial Products,Secondary,,0.0009,-0.0082,0.0165,
PGR,Progressive Corp,Financials - Traditional,Fin Trad - Insurance & Reinsurance,Primary,,0.0462,0.059,0.1026,
PH,Parker-Hannifin Corp,Industrials & Construction,"Industrials - Machinery, Flow Control & Components",Primary,,-0.0512,0.0165,0.1584,
PH,Parker-Hannifin Corp,Defense & Aerospace,Defense - Secure Defense Supply Chains,Secondary,,-0.0512,0.0165,0.1584,
PHM,"Pultegroup, Inc.",Real Estate & REITs,"Real Estate - Housing, Urban Living & Demographics",Primary,,-0.0091,0.0347,0.1116,
PHR,"Phreesia, Inc.",Healthcare & Biotech,"Healthcare - IT, Services & Data Infrastructure",Primary,,-0.013,0.2367,0.3804,
PI,Impinj Inc,Hardware,Hardware - Industrial & IoT,Primary,,-0.0412,0.3053,0.1802,
PI,Impinj Inc,Smart Home & IoT,"Smart Home & IoT - Devices, Sensors & Connectivity",Secondary,,-0.0412,0.3053,0.1802,
PII,Polaris Inc.,Consumer Goods & Retail,Consumer - Modern Luxury & Lifestyle,Primary,,-0.0734,-0.1125,-0.0189,
PINS,"Pinterest, Inc.",E-commerce,E-commerce - Online Marketplaces & Recommerce,Primary,,-0.0274,0.069,0.2414,
PINS,"Pinterest, Inc.",Artificial Intelligence,"AI - Ads, Search & Recommendations",Secondary,,-0.0274,0.069,0.2414,
PK,Park Hotels & Resorts Inc.,Real Estate & REITs,"Real Estate - Travel, Leisure & Entertainment Properties",Primary,,0.043,0.0816,0.4011,
PKG,Packaging Corp Of America,Industrials & Construction,Industrials - Packaging & Containers,Primary,,-0.0105,0.0808,0.1904,
PL,Planet Labs Pbc,Defense & Aerospace,Defense - Space Technology & Satellite Services,Primary,,-0.0972,-0.0031,-0.4753,
PL,Planet Labs Pbc,Space Tech,Space - Data Analytics & Earth Observation,Secondary,,-0.0972,-0.0031,-0.4753,
PLD,"Prologis, Inc.",E-commerce,"E-commerce - Omnichannel Retailers, Online & Physical Stores",Primary,,0.0055,-0.0229,-0.0125,
PLD,"Prologis, Inc.",Real Estate & REITs,"Real Estate - E-Commerce, Warehousing & Logistics",Secondary,,0.0055,-0.0229,-0.0125,
PLNT,"Planet Fitness, Inc.",Real Estate & REITs,"Real Estate - Travel, Leisure & Entertainment Properties",Primary,,0.0763,-0.0006,0.0737,
PLNT,"Planet Fitness, Inc.",Healthcare & Biotech,Healthcare - Healthy Aging & Nutrition,Secondary,,0.0763,-0.0006,0.0737,
PLTK,Playtika Holding Corp.,Digital Entertainment & Media,Entertainment - Game Publishers & Developers,Primary,,-0.0558,-0.338,-0.313,
PLTR,Palantir Technologies Inc.,Defense & Aerospace,Defense - Cyber Defense & Electronic Warfare,Primary,,0.0339,0.4585,0.3095,
PLTR,Palantir Technologies Inc.,Industrial Automation & Robotics,"Robotics - Autonomous Vehicles, Service & Mobility",Secondary,,0.0339,0.4585,0.3095,
PLUG,Plug Power Inc,Energy - Renewable,Energy Clean - Hydrogen & Fuel Cells,Primary,,-0.0216,0.0365,-0.3995,
PLUG,Plug Power Inc,Nanotechnology,NanoTech - Energy & Environment,Secondary,,-0.0216,0.0365,-0.3995,
PM,Philip Morris International Inc.,Consumer Goods & Retail,"Consumer - Health, Food & Beverages",Primary,,-0.0113,-0.0151,0.0071,
PNC,"PNC Financial Services Group, Inc.",Financials - Traditional,"Fin Trad - Banks, Lending & Mortgage Finance",Primary,,-0.0539,-0.0246,0.1223,
PNFP,"Pinnacle Financial Partners, Inc.",Financials - Traditional,"Fin Trad - Banks, Lending & Mortgage Finance",Primary,,-0.0532,0.0294,0.0556,
PNR,Pentair Plc,Environmental Sustainability,Environmental - Water Infrastructure & Treatment,Primary,,-0.0266,0.0421,-0.131,
PNW,Pinnacle West Capital Corp,Energy - Traditional,Energy Base - Utilities & Conventional Power Operators,Primary,,-0.0406,-0.0681,-0.0353,
PODD,Insulet Corp,Healthcare & Biotech,Healthcare - Medical Devices & HealthTech Hardware,Primary,,0.0336,-0.0645,-0.0556,
PODD,Insulet Corp,Healthcare & Biotech,Healthcare - Metabolic & Cardiometabolic,Secondary,,0.0336,-0.0645,-0.0556,
POR,Portland General Electric Co,Energy - Traditional,Energy Base - Utilities & Conventional Power Operators,Primary,,-0.023,-0.0534,0.0111,
POST,"Post Holdings, Inc.",Consumer Goods & Retail,"Consumer - Health, Food & Beverages",Primary,,-0.0056,-0.1071,-0.1724,
POWI,Power Integrations Inc,Semiconductors,Semis - Emerging Technologies,Primary,,-0.1206,-0.2214,-0.2151,
PPC,Pilgrims Pride Corp,Agriculture & FoodTech,Agriculture - Agri-Food Processing & Distribution,Primary,,0.1559,0.1551,0.1121,
PPC,Pilgrims Pride Corp,Commodities - Agriculture,Comm Agri - Livestock & Animal Protein,Secondary,,0.1559,0.1551,0.1121,
PPG,Ppg Industries Inc,Nanotechnology,NanoTech - Research Tools & Advanced Instruments,Primary,,-0.0042,0.0052,0.0723,
PPL,Ppl Corp,Energy - Renewable,Energy Clean - Utilities & Clean Power Operators,Primary,,-0.0455,-0.0513,-0.0419,
PR,Permian Resources Corp,Energy - Traditional,Energy Base - Oil & Gas Exploration & Production,Primary,,0.1047,0.1114,0.1724,
PRCT,Procept Biorobotics Corp,Industrial Automation & Robotics,Robotics - Medical & Surgical Robotics,Primary,,0.0014,0.2353,-0.2506,
PRDO,Perdoceo Education Corp,Education Technology,Education - Workforce Training,Primary,,0.0316,0.0707,-0.0179,
PRI,"Primerica, Inc.",Financials - Traditional,Fin Trad - Insurance & Reinsurance,Primary,,-0.0532,-0.0362,0.057,
PRLB,Proto Labs Inc,Industrial Automation & Robotics,"Automation - Additive Manufacturing, 3D Printing",Primary,,-0.1334,0.0126,0.1414,
PRU,"Prudential Financial, Inc.",Financials - Traditional,Fin Trad - Insurance & Reinsurance,Primary,,-0.0318,0.0281,0.1781,
PRVA,"Privia Health Group, Inc.",Healthcare & Biotech,"Healthcare - Digital Health, Telemedicine & Remote Care",Primary,,-0.04,-0.1542,-0.0671,
PSA,Public Storage,Real Estate & REITs,Real Estate - Retail & Consumer Real Estate,Primary,,-0.0106,0.0237,0.0672,
PSKY,Paramount Skydance Corporation - Class B,Digital Entertainment & Media,Entertainment - Video Streaming,Primary,,0.0207,0.2191,0.0116,
PSN,Parsons Corp,Defense & Aerospace,Defense - Cyber Defense & Electronic Warfare,Primary,,0.024,-0.161,-0.0533,
PSN,Parsons Corp,Cybersecurity,"Cybersecurity - Identity, Biometrics & Access Management",Secondary,,0.024,-0.161,-0.0533,
PSNY,Polestar Automotive Holding Uk Plc,Electric Vehicles & Mobility,EVs - Manufacturers,Primary,,-0.0646,-0.1131,-0.38,
PSO,Pearson Plc,Education Technology,Education - Digital Curriculum,Primary,,0.008,0.0219,0.0833,
PSTG,"Pure Storage, Inc.",Hardware,Hardware - Data Center Infrastructure & Servers,Primary,,,,,
PSTG,"Pure Storage, Inc.",Cloud Computing,Cloud - Data Centers & Infrastructure,Secondary,,,,,
PSX,Phillips 66,Energy - Traditional,Energy Base - Refining & Midstream Infrastructure,Primary,,0.0452,0.1796,0.4028,
PTC,Ptc Inc.,Industrial Automation & Robotics,"Automation - Industrial IoT, Connectivity",Primary,,0.0329,0.3682,0.0606,
PTC,Ptc Inc.,Industrial Automation & Robotics,Automation - Industrial Software & Digital Twin,Secondary,,0.0329,0.3682,0.0606,
PTEN,Patterson Uti Energy Inc,Energy - Traditional,Energy Base - Oilfield Services & Equipment,Primary,,0.0853,0.1934,0.0197,
PTON,"Peloton Interactive, Inc.",Healthcare & Biotech,Healthcare - Medical Devices & HealthTech Hardware,Primary,,-0.0391,-0.1028,0.0444,
PUBM,"Pubmatic, Inc.",E-commerce,E-commerce - Retail Media & Advertising,Primary,,-0.0671,0.3341,0.6072,
PUBM,"Pubmatic, Inc.",Artificial Intelligence,"AI - Ads, Search & Recommendations",Secondary,,-0.0671,0.3341,0.6072,
PVH,PVH Corp,Consumer Goods & Retail,Consumer - Apparel & E-Commerce Retail,Primary,,-0.0481,0.009,-0.0943,
PWR,"Quanta Services, Inc.",Energy - Renewable,Energy Clean - Smart Grid & Electrification,Primary,,-0.0677,-0.0221,-0.1081,
PWR,"Quanta Services, Inc.",Artificial Intelligence,"AI - Compute, Edge & Acceleration",Secondary,,-0.0677,-0.0221,-0.1081,
PYPL,"Paypal Holdings, Inc.",FinTech & Digital Finance,FinTech - Digital Payments & Merchant Infrastructure,Primary,,-0.0018,0.0991,0.394,
Q,"Qnity Electronics, Inc.",Semiconductors,"Semis - Equipment, Lithography & Deposition",Primary,,-0.0943,-0.0705,-0.1559,
Q,"Qnity Electronics, Inc.",Nanotechnology,NanoTech - Consumer & Industrial Products,Secondary,,-0.0943,-0.0705,-0.1559,
QBTS,D-Wave Quantum Inc.,Hardware,Hardware - Next-Gen & Specialty,Primary,,-0.0368,0.1924,-0.2078,
QBTS,D-Wave Quantum Inc.,Semiconductors,Semis - Emerging Technologies,Secondary,,-0.0368,0.1924,-0.2078,
QCOM,Qualcomm Inc/De,Semiconductors,"Semis - Logic & CPUs, GPUs, Accelerators",Primary,,-0.0304,-0.0605,-0.244,
QCOM,Qualcomm Inc/De,Semiconductors,Semis - Wireless & Connectivity,Secondary,,-0.0304,-0.0605,-0.244,
QDEL,Quidelortho Corp,Healthcare & Biotech,"Healthcare - Diagnostics, Biomarkers & Liquid Biopsy",Primary,,0.0308,-0.111,0.1897,
QLYS,"Qualys, Inc.",Cybersecurity,Cybersecurity - Application Security,Primary,,-0.0219,0.3607,0.8045,
QLYS,"Qualys, Inc.",Cybersecurity,Cybersecurity - Cloud Security,Secondary,,-0.0219,0.3607,0.8045,
QRVO,"Qorvo, Inc.",Semiconductors,Semis - Wireless & Connectivity,Primary,,-0.026,0.1018,-0.0223,
QRVO,"Qorvo, Inc.",Telecommunications,"Telecom - 5G, Wireless & Carriers",Secondary,,-0.026,0.1018,-0.0223,
QS,Quantumscape Corp,Electric Vehicles & Mobility,EVs - Batteries & Materials,Primary,,-0.0339,0.1691,-0.2864,
QS,Quantumscape Corp,Nanotechnology,NanoTech - Energy & Environment,Secondary,,-0.0339,0.1691,-0.2864,
QUBT,Quantum Computing Inc.,Semiconductors,Semis - Emerging Technologies,Primary,,-0.01,0.1349,-0.2182,
R,Ryder System Inc,Transportation & Logistics,"Transportation - Logistics, Warehousing & Supply Chain Solutions",Primary,,-0.0539,-0.0679,0.0473,
RACE,Ferrari N.V.,Consumer Goods & Retail,Consumer - Modern Luxury & Lifestyle,Primary,,0.0523,0.2145,0.2494,
RBA,"RB Global, Inc.",Industrials & Construction,Industrials - Distribution & Rental Services,Primary,,0.0328,-0.2028,-0.1502,
RBA,"RB Global, Inc.",E-commerce,E-commerce - Online Marketplaces & Recommerce,Secondary,,0.0328,-0.2028,-0.1502,
RBC,RBC Bearings Inc,Industrials & Construction,"Industrials - Machinery, Flow Control & Components",Primary,,-0.0979,-0.1506,-0.1082,
RBC,RBC Bearings Inc,Defense & Aerospace,Defense - Secure Defense Supply Chains,Secondary,,-0.0979,-0.1506,-0.1082,
RBLX,Roblox Corp,Software,Software - Gaming & Platforms,Primary,,0.0037,-0.1931,-0.1684,
RBLX,Roblox Corp,Digital Entertainment & Media,Entertainment - Game Publishers & Developers,Secondary,,0.0037,-0.1931,-0.1684,
RCAT,"Red Cat Holdings, Inc.",Defense & Aerospace,Defense - Drones & Anti-Drone Systems,Primary,,-0.1357,0.198,0.0653,
RCAT,"Red Cat Holdings, Inc.",Industrial Automation & Robotics,"Robotics - Autonomous Vehicles, Service & Mobility",Secondary,,-0.1357,0.198,0.0653,
RCL,Royal Caribbean Group,Real Estate & REITs,"Real Estate - Travel, Leisure & Entertainment Properties",Primary,,-0.0426,0.0303,0.1275,
RDDT,"Reddit, Inc.",Digital Entertainment & Media,Entertainment - Advertising & Social Platforms,Primary,,-0.1393,-0.0918,0.0217,
RDW,Redwire Corp,Space Tech,Space - Data Analytics & Earth Observation,Primary,,-0.1149,0.2953,-0.2169,
RDW,Redwire Corp,Space Tech,"Space - Infrastructure, Exploration & Launch",Secondary,,-0.1149,0.2953,-0.2169,
REAL,"Therealreal, Inc.",E-commerce,E-commerce - Online Marketplaces & Recommerce,Primary,,-0.0246,-0.022,0.1996,
REAL,"Therealreal, Inc.",Consumer Goods & Retail,Consumer - Modern Luxury & Lifestyle,Secondary,,-0.0246,-0.022,0.1996,
REG,Regency Centers Corp,Real Estate & REITs,Real Estate - Retail & Consumer Real Estate,Primary,,-0.0085,-0.0631,-0.0199,
REGN,"Regeneron Pharmaceuticals, Inc.",Healthcare & Biotech,Healthcare - Next-Gen Biotech Platforms,Primary,,0.0392,0.2809,0.2995,
REGN,"Regeneron Pharmaceuticals, Inc.",Nanotechnology,NanoTech - Nanomedicine & Drug Delivery,Secondary,,0.0392,0.2809,0.2995,
RELX,Relx Plc,Big Data & Analytics,"Big Data - Data Generation, Sourcing & Providers",Primary,,0.043,0.1014,0.0856,
RENT,"Rent The Runway, Inc.",Consumer Goods & Retail,Consumer - Resale & Sharing Platforms,Primary,,0.0765,0.25,0.0383,
REX,Rex American Resources Corp,Commodities - Agriculture,"Comm Agri - Grains, Oilseeds & Softs",Primary,,0.0018,-0.0146,-0.0795,
REXR,"Rexford Industrial Realty, Inc.",Real Estate & REITs,"Real Estate - E-Commerce, Warehousing & Logistics",Primary,,0.0276,0.0347,0.0457,
REZI,"Resideo Technologies, Inc.",Smart Home & IoT,Smart Home - Automation & Control Systems,Primary,,-0.0112,-0.1446,0.0041,
REZI,"Resideo Technologies, Inc.",Smart Home & IoT,Smart Home - Connected Devices & Appliances,Secondary,,-0.0112,-0.1446,0.0041,
RF,Regions Financial Corp,Financials - Traditional,"Fin Trad - Banks, Lending & Mortgage Finance",Primary,,-0.0467,-0.0082,0.1079,
RGA,"Reinsurance Group Of America, Inc.",Financials - Traditional,Fin Trad - Insurance & Reinsurance,Primary,,-0.0215,0.0419,0.1344,
RGEN,Repligen Corp,Healthcare & Biotech,Healthcare - Next-Gen Biotech Platforms,Primary,,0.0857,0.3164,0.5977,
RGEN,Repligen Corp,Nanotechnology,NanoTech - Research Tools & Advanced Instruments,Secondary,,0.0857,0.3164,0.5977,
RGLD,Royal Gold Inc,Commodities - Metals,Comm Metals - Gold,Primary,,0.1228,0.2974,0.1678,
RGLD,Royal Gold Inc,Commodities - Metals,Comm Metals - Precious Metals,Secondary,,0.1228,0.2974,0.1678,
RGTI,"Rigetti Computing, Inc.",Hardware,Hardware - Next-Gen & Specialty,Primary,,-0.0484,0.2061,-0.1874,
RGTI,"Rigetti Computing, Inc.",Semiconductors,Semis - Emerging Technologies,Secondary,,-0.0484,0.2061,-0.1874,
RH,RH,Consumer Goods & Retail,Consumer - Modern Luxury & Lifestyle,Primary,,-0.1571,-0.0775,0.1016,
RHP,"Ryman Hospitality Properties, Inc.",Real Estate & REITs,"Real Estate - Travel, Leisure & Entertainment Properties",Primary,,0.0237,-0.003,0.1536,
RIO,Rio Tinto Plc,Energy - Renewable,Energy Clean - Materials & Critical Metals,Primary,,0.1005,0.176,0.0272,
RIO,Rio Tinto Plc,Commodities - Metals,Comm Metals - Industrial & Base Metals,Secondary,,0.1005,0.176,0.0272,
RIOT,"Riot Platforms, Inc.",FinTech & Digital Finance,"FinTech - Crypto, Blockchain & Tokenization",Primary,,0.0429,-0.1689,-0.1896,
RIOT,"Riot Platforms, Inc.",Crypto & Blockchain,Blockchain - Cryptocurrency Mining & Staking,Secondary,,0.0429,-0.1689,-0.1896,
RIVN,"Rivian Automotive, Inc. / De",Transportation & Logistics,Transportation - Urban Mobility & Emerging Transport Tech,Primary,,0.1048,0.031,0.1993,
RIVN,"Rivian Automotive, Inc. / De",Electric Vehicles & Mobility,EVs - Manufacturers,Secondary,,0.1048,0.031,0.1993,
RJF,"Raymond James Financial, Inc.",Financials - Traditional,Fin Trad - Capital Markets & Investment Banking,Primary,,-0.031,0.0545,0.1689,
RKLB,"Rocket Lab Usa, Inc.",Defense & Aerospace,Defense - Space Technology & Satellite Services,Primary,,-0.0957,0.0369,-0.4215,
RKLB,"Rocket Lab Usa, Inc.",Space Tech,Space - Data Analytics & Earth Observation,Secondary,,-0.0957,0.0369,-0.4215,
RL,Ralph Lauren Corp,Consumer Goods & Retail,Consumer - Modern Luxury & Lifestyle,Primary,,-0.042,0.0024,-0.0037,
RLI,RLI Corp,Financials - Traditional,Fin Trad - Insurance & Reinsurance,Primary,,0.0252,0.069,0.2879,
RMBS,Rambus Inc,Semiconductors,Semis - EDA Tools & Design Software,Primary,,-0.0953,-0.1158,-0.3566,
RMBS,Rambus Inc,Semiconductors,Semis - Memory & Storage,Secondary,,-0.0953,-0.1158,-0.3566,
RMD,Resmed Inc,Healthcare & Biotech,Healthcare - Medical Devices & HealthTech Hardware,Primary,,0.0344,0.21,0.111,
RNG,"Ringcentral, Inc.",Telecommunications,Telecom - Enterprise & Unified Communications,Primary,,0.0391,0.7386,0.5928,
RNG,"Ringcentral, Inc.",Software,"Software - Collaboration, CRM & Communications",Secondary,,0.0391,0.7386,0.5928,
RNR,Renaissancere Holdings Ltd.,Financials - Traditional,Fin Trad - Insurance & Reinsurance,Primary,,0.0003,0.019,0.0776,
RNW,Renew Energy Global Plc,Environmental Sustainability,Environmental - Climate Technologies & Carbon Solutions,Primary,,0.0,0.0896,0.1641,
RNW,Renew Energy Global Plc,Environmental Sustainability,Environmental - Sustainable Agriculture & Resource Management,Secondary,,0.0,0.0896,0.1641,
ROIV,Roivant Sciences Ltd.,Healthcare & Biotech,Healthcare - Next-Gen Biotech Platforms,Primary,,0.0028,0.0342,0.1755,
ROK,"Rockwell Automation, Inc",Hardware,Hardware - Industrial & IoT,Primary,,-0.0244,-0.0482,-0.0041,
ROK,"Rockwell Automation, Inc",Industrial Automation & Robotics,Automation - Factory & Process Automation Systems,Secondary,,-0.0244,-0.0482,-0.0041,
ROKU,"Roku, Inc",E-commerce,E-commerce - Retail Media & Advertising,Primary,,-0.0012,0.1117,0.2591,
ROKU,"Roku, Inc",Digital Entertainment & Media,Entertainment - Video Streaming,Secondary,,-0.0012,0.1117,0.2591,
ROL,"Rollins, Inc.",Environmental Sustainability,Environmental - Clean Technologies & Pollution Control,Primary,,0.0196,-0.0596,-0.3005,
ROOT,"Root, Inc.",FinTech & Digital Finance,FinTech - InsurTech & Embedded Insurance,Primary,,0.0844,-0.0304,-0.0356,
ROP,Roper Technologies Inc,Software,Software - Vertical SaaS Platforms,Primary,,0.0312,0.1596,0.2738,
ROST,"Ross Stores, Inc.",E-commerce,"E-commerce - Omnichannel Retailers, Online & Physical Stores",Primary,,-0.0258,0.0286,0.1028,
ROST,"Ross Stores, Inc.",Consumer Goods & Retail,Consumer - Apparel & E-Commerce Retail,Secondary,,-0.0258,0.0286,0.1028,
RPD,"Rapid7, Inc.",Cybersecurity,Cybersecurity - Application Security,Primary,,-0.0885,0.2395,0.6737,
RPD,"Rapid7, Inc.",Cybersecurity,Cybersecurity - Cloud Security,Secondary,,-0.0885,0.2395,0.6737,
RPM,RPM International Inc.,Industrials & Construction,Industrials - Chemicals & Advanced Materials,Primary,,-0.0456,0.0368,0.1007,
RPM,RPM International Inc.,Industrials & Construction,Industrials - Building Products & HVAC,Secondary,,-0.0456,0.0368,0.1007,
RRC,Range Resources Corp,Energy - Traditional,Energy Base - Oil & Gas Exploration & Production,Primary,,0.0184,0.0563,0.0007,
RRC,Range Resources Corp,Commodities - Energy,Comm Energy - Natural Gas & LNG,Secondary,,0.0184,0.0563,0.0007,
RRX,Regal Rexnord Corp,Industrial Automation & Robotics,Automation - Factory & Process Automation Systems,Primary,,-0.0532,-0.2237,-0.1526,
RS,"Reliance, Inc.",Commodities - Metals,Comm Metals - Industrial & Base Metals,Primary,,-0.0906,-0.016,0.071,
RS,"Reliance, Inc.",Industrials & Construction,Industrials - Distribution & Rental Services,Secondary,,-0.0906,-0.016,0.071,
RSG,"Republic Services, Inc.",Environmental Sustainability,Environmental - Waste Management & Recycling,Primary,,0.0278,0.0149,0.0636,
RSI,"Rush Street Interactive, Inc.",Digital Entertainment & Media,"Entertainment - Sports Betting, Wagering & Prediction Markets",Primary,,0.0086,-0.1762,-0.0584,
RSI,"Rush Street Interactive, Inc.",Digital Entertainment & Media,Entertainment - iGaming & Online Gambling,Secondary,,0.0086,-0.1762,-0.0584,
RTX,Rtx Corp,Defense & Aerospace,Defense - Cyber Defense & Electronic Warfare,Primary,,-0.0586,0.0069,0.2018,
RTX,Rtx Corp,Defense & Aerospace,Defense - Drones & Anti-Drone Systems,Secondary,,-0.0586,0.0069,0.2018,
RUN,Sunrun Inc.,Energy - Renewable,Energy Clean - Solar,Primary,,-0.1011,-0.1175,-0.3659,
RVTY,"Revvity, Inc.",Healthcare & Biotech,"Healthcare - Diagnostics, Biomarkers & Liquid Biopsy",Primary,,0.0677,0.1023,0.3087,
RVTY,"Revvity, Inc.",Nanotechnology,NanoTech - Research Tools & Advanced Instruments,Secondary,,0.0677,0.1023,0.3087,
RXRX,"Recursion Pharmaceuticals, Inc.",Artificial Intelligence,"AI - Apps, Domain-Specific AI",Primary,,0.1076,0.1628,0.1254,
RXT,"Rackspace Technology, Inc.",Cloud Computing,Cloud - Multi-Cloud Management,Primary,,-0.2114,-0.1741,-0.2333,
RYAN,"Ryan Specialty Holdings, Inc.",Financials - Traditional,Fin Trad - Insurance & Reinsurance,Primary,,0.0349,0.0859,0.3033,
RYN,Rayonier Inc.,Environmental Sustainability,Environmental - Sustainable Agriculture & Resource Management,Primary,,-0.0172,-0.0052,0.0524,
S,"Sentinelone, Inc.",Cybersecurity,Cybersecurity - Cloud Security,Primary,,-0.0831,0.2192,0.1701,
S,"Sentinelone, Inc.",Cybersecurity,"Cybersecurity - Endpoint, Identity & Zero Trust",Secondary,,-0.0831,0.2192,0.1701,
SAIA,Saia Inc,Transportation & Logistics,"Transportation - Trucking, LTL & Ground Freight",Primary,,-0.0577,-0.151,-0.2097,
SAIC,Science Applications International Corp,Defense & Aerospace,Defense - Cyber Defense & Electronic Warfare,Primary,,0.0107,0.0991,0.3357,
SAIC,Science Applications International Corp,Business Services & Consulting,Consulting,Secondary,,0.0107,0.0991,0.3357,
SAIL,"Sailpoint, Inc.",Cybersecurity,"Cybersecurity - Endpoint, Identity & Zero Trust",Primary,,-0.0456,0.3021,0.2418,
SAM,"Boston Beer Co, Inc.",Consumer Goods & Retail,"Consumer - Health, Food & Beverages",Primary,,0.001,0.0656,-0.0004,
SANA,"Sana Biotechnology, Inc.",Healthcare & Biotech,"Healthcare - Regenerative Medicine, Psychedelics, Cannabis",Primary,,0.1014,0.2181,0.2413,
SAP,Sap Se,Big Data & Analytics,"Big Data - Analytics, AI Platforms & BI",Primary,,0.0515,0.4939,0.2405,
SARO,"StandardAero, Inc.",Defense & Aerospace,Defense - Next-Generation Aircraft & Maintenance,Primary,,-0.1018,-0.1132,-0.0402,
SBAC,Sba Communications Corp,Telecommunications,Telecom - Infrastructure & Equipment,Primary,,-0.0073,0.0515,-0.1111,
SBAC,Sba Communications Corp,Real Estate & REITs,Real Estate - Digital Infrastructure,Secondary,,-0.0073,0.0515,-0.1111,
SBLK,Star Bulk Carriers Corp.,Transportation & Logistics,Transportation - Marine Shipping & Ports,Primary,,0.0823,0.1581,0.1899,
SBRA,"Sabra Health Care Reit, Inc.",Healthcare & Biotech,Healthcare - Senior Care & Longevity,Primary,,0.0034,-0.0605,-0.0006,
SBRA,"Sabra Health Care Reit, Inc.",Real Estate & REITs,Real Estate - Healthcare & Senior Living,Secondary,,0.0034,-0.0605,-0.0006,
SBSW,Sibanye Stillwater Ltd,Commodities - Metals,Comm Metals - Precious Metals,Primary,,0.1681,0.4923,0.0771,
SBUX,Starbucks Corp,Consumer Goods & Retail,Consumer - Restaurants & Dining,Primary,,-0.0057,0.0435,0.0342,
SCCO,Southern Copper Corp/,Energy - Renewable,Energy Clean - Materials & Critical Metals,Primary,,0.17,0.1182,0.2407,
SCCO,Southern Copper Corp/,Commodities - Metals,Comm Metals - Industrial & Base Metals,Secondary,,0.17,0.1182,0.2407,
SCHW,Schwab Charles Corp,FinTech & Digital Finance,FinTech - Trading Platforms & WealthTech,Primary,,0.0109,0.1084,0.2457,
SCI,Service Corp International,Healthcare & Biotech,Healthcare - Senior Care & Longevity,Primary,,-0.0112,0.0498,0.0906,
SEDG,"Solaredge Technologies, Inc.",Energy - Renewable,Energy Clean - Solar,Primary,,-0.049,-0.317,-0.5106,
SEDG,"Solaredge Technologies, Inc.",Smart Home & IoT,Smart Home - Energy & Utilities,Secondary,,-0.049,-0.317,-0.5106,
SEER,"Seer, Inc.",Healthcare & Biotech,Healthcare - Genomics & Personalized Medicine,Primary,,-0.024,-0.0098,0.1469,
SEIC,SEI Investments Co,Financials - Traditional,"Fin Trad - Asset Management, Custody & Alternatives",Primary,,0.0296,0.1323,0.2297,
SERV,Serve Robotics Inc. /De/,Industrial Automation & Robotics,"Robotics - Autonomous Vehicles, Service & Mobility",Primary,,-0.002,-0.0119,-0.4347,
SERV,Serve Robotics Inc. /De/,Transportation & Logistics,Transportation - Urban Mobility & Emerging Transport Tech,Secondary,,-0.002,-0.0119,-0.4347,
SES,Ses Ai Corp,Electric Vehicles & Mobility,EVs - Batteries & Materials,Primary,,-0.1015,0.0056,-0.5304,
SF,Stifel Financial Corp,Financials - Traditional,Fin Trad - Capital Markets & Investment Banking,Primary,,-0.0544,0.0176,0.1201,
SFIX,"Stitch Fix, Inc.",Consumer Goods & Retail,Consumer - Apparel & E-Commerce Retail,Primary,,-0.0696,-0.0538,-0.003,
SFM,"Sprouts Farmers Market, Inc.",Healthcare & Biotech,Healthcare - Healthy Aging & Nutrition,Primary,,-0.0172,0.1033,-0.0505,
SFM,"Sprouts Farmers Market, Inc.",E-commerce,E-commerce - Grocery & Local Commerce Platforms,Secondary,,-0.0172,0.1033,-0.0505,
SGHC,Super Group (Sghc) Ltd,Digital Entertainment & Media,Entertainment - iGaming & Online Gambling,Primary,,0.0008,-0.0814,-0.0105,
SGI,Somnigroup International Inc.,Consumer Goods & Retail,Consumer - Modern Luxury & Lifestyle,Primary,,-0.0179,-0.0577,-0.0354,
SGML,Sigma Lithium Corp,Commodities - Metals,Comm Metals - Battery & Energy Transition Metals,Primary,,-0.0017,0.1946,-0.2302,
SHC,Sotera Health Co,Healthcare & Biotech,"Healthcare - IT, Services & Data Infrastructure",Primary,,0.036,0.1189,0.2457,
SHEL,Shell Plc,Energy - Traditional,Energy Base - Integrated Energy Majors,Primary,,0.0316,0.0705,0.0929,
SHEL,Shell Plc,Energy - Traditional,Energy Base - Oil & Gas Exploration & Production,Secondary,,0.0316,0.0705,0.0929,
SHOP,Shopify Inc.,Cloud Computing,Cloud - Horizontal SaaS & Cloud Applications,Primary,,-0.0329,0.3326,0.4233,
SHOP,Shopify Inc.,E-commerce,"E-commerce - Omnichannel Retailers, Online & Physical Stores",Secondary,,-0.0329,0.3326,0.4233,
SHW,Sherwin-Williams Co,Industrials & Construction,Industrials - Chemicals & Advanced Materials,Primary,,-0.0326,0.1187,0.1259,
SHW,Sherwin-Williams Co,Industrials & Construction,Industrials - Building Products & HVAC,Secondary,,-0.0326,0.1187,0.1259,
SIG,Signet Jewelers Ltd,Consumer Goods & Retail,Consumer - Modern Luxury & Lifestyle,Primary,,-0.1016,-0.089,0.0035,
SIGI,"Selective Insurance Group, Inc.",Financials - Traditional,Fin Trad - Insurance & Reinsurance,Primary,,-0.0263,-0.0603,0.0132,
SIMO,Silicon Motion Technology Corp,Semiconductors,Semis - Emerging Technologies,Primary,,-0.0392,-0.1045,-0.0176,
SIRI,Sirius Xm Holdings Inc.,Digital Entertainment & Media,Entertainment - Video Streaming,Primary,,0.0081,-0.0308,-0.0013,
SITM,Sitime Corp,Semiconductors,"Semis - Analog, Mixed-Signal & Power Management",Primary,,-0.1364,0.0667,-0.1362,
SJM,J M Smucker Co,Commodities - Agriculture,Comm Agri - Softs & Plantation Crops,Primary,,0.0241,0.0845,0.2313,
SKIL,Skillsoft Corp.,Education Technology,"Education - Platforms, Infrastructure & Online Learning",Primary,,0.0012,0.3312,0.1728,
SKT,Tanger Inc.,Real Estate & REITs,Real Estate - Retail & Consumer Real Estate,Primary,,-0.006,-0.0631,0.0758,
SLAB,Silicon Laboratories Inc.,Semiconductors,Semis - Wireless & Connectivity,Primary,,-0.0019,0.0057,0.0032,
SLAB,Silicon Laboratories Inc.,Smart Home & IoT,"Smart Home & IoT - Devices, Sensors & Connectivity",Secondary,,-0.0019,0.0057,0.0032,
SLB,Schlumberger Limited/Nv,Energy - Traditional,Energy Base - Oilfield Services & Equipment,Primary,,0.0019,0.1408,-0.0541,
SLB,Schlumberger Limited/Nv,Energy - Renewable,Energy Clean - Utilities & Clean Power Operators,Secondary,,0.0019,0.1408,-0.0541,
SLDP,"Solid Power, Inc.",Electric Vehicles & Mobility,EVs - Batteries & Materials,Primary,,-0.0207,0.1023,-0.202,
SLDP,"Solid Power, Inc.",Nanotechnology,NanoTech - Energy & Environment,Secondary,,-0.0207,0.1023,-0.202,
SLG,Sl Green Realty Corp,Real Estate & REITs,Real Estate - Office & Commercial Workspaces,Primary,,0.0242,0.0716,0.3668,
SLGN,Silgan Holdings Inc.,Industrials & Construction,Industrials - Packaging & Containers,Primary,,-0.0021,-0.0675,0.1221,
SLM,SLM Corp,Financials - Traditional,"Fin Trad - Banks, Lending & Mortgage Finance",Primary,,-0.056,0.0943,0.2128,
SLQT,"Selectquote, Inc.",FinTech & Digital Finance,FinTech - InsurTech & Embedded Insurance,Primary,,0.1358,0.1965,-0.2189,
SMCI,"Super Micro Computer, Inc.",Hardware,Hardware - Data Center Infrastructure & Servers,Primary,,-0.0653,0.1936,0.113,
SMG,Scotts Miracle-Gro Co,Commodities - Agriculture,"Comm Agri - Fertilizers, Crop Inputs & Seeds",Primary,,0.0121,-0.0867,0.0512,
SMPL,Simply Good Foods Co,Consumer Goods & Retail,"Consumer - Health, Food & Beverages",Primary,,-0.038,0.0584,-0.0621,
SMR,Nuscale Power Corp,Energy - Traditional,Energy Base - Nuclear Power & Advanced Reactors,Primary,,0.0011,0.067,-0.1703,
SMR,Nuscale Power Corp,Commodities - Energy,Comm Energy - Uranium & Nuclear Fuels,Secondary,,0.0011,0.067,-0.1703,
SMTC,Semtech Corp,Smart Home & IoT,"Smart Home & IoT - Devices, Sensors & Connectivity",Primary,,-0.1159,-0.1052,-0.1531,
SN,"Sharkninja, Inc.",Consumer Goods & Retail,"Consumer - Health, Food & Beverages",Primary,,-0.0234,0.2395,0.6109,
SNA,Snap-On Inc,Industrials & Construction,"Industrials - Machinery, Flow Control & Components",Primary,,-0.0192,0.0011,0.0925,
SNAP,Snap Inc,E-commerce,E-commerce - Online Marketplaces & Recommerce,Primary,,-0.0314,0.1882,-0.0791,
SNAP,Snap Inc,Artificial Intelligence,"AI - Ads, Search & Recommendations",Secondary,,-0.0314,0.1882,-0.0791,
SNDK,Sandisk Corp,Semiconductors,Semis - Memory & Storage,Primary,,-0.0274,-0.0088,0.0349,
SNDK,Sandisk Corp,Hardware,"Hardware - Consumer Electronics, PCs & Peripherals",Secondary,,-0.0274,-0.0088,0.0349,
SNDR,"Schneider National, Inc.",Transportation & Logistics,"Transportation - Trucking, LTL & Ground Freight",Primary,,-0.0078,-0.0511,0.0772,
SNOW,Snowflake Inc.,Cloud Computing,Cloud - Hyperscalers & Platforms,Primary,,0.0117,0.2552,1.0103,
SNOW,Snowflake Inc.,Big Data & Analytics,"Big Data - Analytics, AI Platforms & BI",Secondary,,0.0117,0.2552,1.0103,
SNPS,Synopsys Inc,Semiconductors,Semis - EDA Tools & Design Software,Primary,,-0.0561,0.0652,-0.2105,
SNPS,Synopsys Inc,Industrial Automation & Robotics,Automation - Industrial Software & Digital Twin,Secondary,,-0.0561,0.0652,-0.2105,
SNX,TD Synnex Corp,Industrials & Construction,Industrials - Distribution & Rental Services,Primary,,-0.0332,0.0088,0.0861,
SNX,TD Synnex Corp,Hardware,Hardware - Data Center Infrastructure & Servers,Secondary,,-0.0332,0.0088,0.0861,
SO,Southern Co,Energy - Traditional,Energy Base - Utilities & Conventional Power Operators,Primary,,-0.0337,-0.0717,-0.0484,
SO,Southern Co,Energy - Renewable,Energy Clean - Utilities & Clean Power Operators,Secondary,,-0.0337,-0.0717,-0.0484,
SOFI,"Sofi Technologies, Inc.",FinTech & Digital Finance,FinTech - Digital Banking & Neobanks,Primary,,0.0339,0.1357,0.2083,
SOFI,"Sofi Technologies, Inc.",FinTech & Digital Finance,FinTech - Digital Payments & Merchant Infrastructure,Secondary,,0.0339,0.1357,0.2083,
SOLS,"Solstice Advanced Materials, Inc.",Industrials & Construction,Industrials - Chemicals & Advanced Materials,Primary,,-0.1036,-0.0775,-0.2919,
SOLS,"Solstice Advanced Materials, Inc.",Nanotechnology,NanoTech - Consumer & Industrial Products,Secondary,,-0.1036,-0.0775,-0.2919,
SOLV,Solventum Corp,Healthcare & Biotech,Healthcare - Medical Devices & HealthTech Hardware,Primary,,0.0111,0.1596,0.167,
SON,Sonoco Products Co,Environmental Sustainability,Environmental - Waste Management & Recycling,Primary,,0.0208,0.066,0.2336,
SONO,Sonos Inc,Smart Home & IoT,Smart Home - Connected Devices & Appliances,Primary,,-0.0294,0.0895,0.0754,
SONO,Sonos Inc,Consumer Goods & Retail,"Consumer - Health, Food & Beverages",Secondary,,-0.0294,0.0895,0.0754,
SONY,Sony Group Corp,Hardware,"Hardware - Consumer Electronics, PCs & Peripherals",Primary,,-0.0152,0.1561,0.0603,
SOUN,"Soundhound Ai, Inc.",Artificial Intelligence,"AI - Apps, Domain-Specific AI",Primary,,-0.0148,0.1768,-0.1202,
SOUN,"Soundhound Ai, Inc.",Smart Home & IoT,Smart Home - Automation & Control Systems,Secondary,,-0.0148,0.1768,-0.1202,
SPCB,Supercom Ltd,Cybersecurity,"Cybersecurity - Identity, Biometrics & Access Management",Primary,,0.0614,0.0565,0.0468,
SPCE,"Virgin Galactic Holdings, Inc",Space Tech,"Space - Infrastructure, Exploration & Launch",Primary,,-0.0723,0.1938,0.12,
SPG,Simon Property Group Inc /De/,Real Estate & REITs,Real Estate - Retail & Consumer Real Estate,Primary,,-0.0059,-0.0307,0.077,
SPGI,S&P Global Inc.,Big Data & Analytics,"Big Data - Data Generation, Sourcing & Providers",Primary,,0.0298,0.0269,0.0991,
SPIR,"Spire Global, Inc.",Defense & Aerospace,Defense - Space Technology & Satellite Services,Primary,,-0.0007,0.209,-0.2743,
SPIR,"Spire Global, Inc.",Space Tech,Space - Data Analytics & Earth Observation,Secondary,,-0.0007,0.209,-0.2743,
SPOT,Spotify Technology S.A.,Digital Entertainment & Media,Entertainment - Video Streaming,Primary,,0.0408,0.138,0.0894,
SPWR,SunPower Inc. -,Energy - Renewable,Energy Clean - Solar,Primary,,0.3575,-0.4,-0.7196,
SPXC,"SPX Technologies, Inc.",Industrials & Construction,"Industrials - Machinery, Flow Control & Components",Primary,,-0.0466,-0.0573,0.0088,
SPXC,"SPX Technologies, Inc.",Industrials & Construction,Industrials - Building Products & HVAC,Secondary,,-0.0466,-0.0573,0.0088,
SQM,Chemical & Mining Co Of Chile Inc,Energy - Renewable,Energy Clean - Materials & Critical Metals,Primary,,0.1028,0.1823,0.0337,
SQM,Chemical & Mining Co Of Chile Inc,Commodities - Metals,Comm Metals - Battery & Energy Transition Metals,Secondary,,0.1028,0.1823,0.0337,
SR,Spire Inc.,Energy - Traditional,Energy Base - Utilities & Conventional Power Operators,Primary,,-0.0232,-0.0192,-0.058,
SR,Spire Inc.,Commodities - Energy,Comm Energy - Natural Gas & LNG,Secondary,,-0.0232,-0.0192,-0.058,
SRAD,Sportradar Group Ag,Digital Entertainment & Media,"Entertainment - Sports Betting, Wagering & Prediction Markets",Primary,,-0.0593,-0.0896,0.0,
SRAD,Sportradar Group Ag,Digital Entertainment & Media,Entertainment - iGaming & Online Gambling,Secondary,,-0.0593,-0.0896,0.0,
SRE,Sempra,Energy - Traditional,Energy Base - Utilities & Conventional Power Operators,Primary,,-0.0407,-0.1129,-0.0881,
SRE,Sempra,Commodities - Energy,Comm Energy - Natural Gas & LNG,Secondary,,-0.0407,-0.1129,-0.0881,
SSB,Southstate Corp,Financials - Traditional,"Fin Trad - Banks, Lending & Mortgage Finance",Primary,,-0.0424,0.0619,0.1457,
SSD,"Simpson Manufacturing Co., Inc.",Industrials & Construction,Industrials - Building Products & HVAC,Primary,,-0.0259,-0.0026,0.0235,
SSYS,Stratasys Ltd.,Hardware,Hardware - Next-Gen & Specialty,Primary,,-0.1222,-0.0125,-0.0739,
SSYS,Stratasys Ltd.,Hardware,Hardware - Printing & Imaging,Secondary,,-0.1222,-0.0125,-0.0739,
ST,Sensata Technologies Holding Plc,Industrial Automation & Robotics,Automation - Industrial Sensors & Machine Vision,Primary,,-0.0735,-0.0587,-0.0952,
STAG,"Stag Industrial, Inc.",Real Estate & REITs,"Real Estate - E-Commerce, Warehousing & Logistics",Primary,,-0.0022,-0.0946,-0.0276,
STE,Steris Plc,Healthcare & Biotech,Healthcare - Medical Devices & HealthTech Hardware,Primary,,0.0199,0.1296,0.0863,
STEM,"Stem, Inc.",Energy - Renewable,Energy Clean - Batteries & Storage,Primary,,-0.1009,-0.0189,-0.377,
STEM,"Stem, Inc.",Smart Home & IoT,Smart Home - Energy & Utilities,Secondary,,-0.1009,-0.0189,-0.377,
STKH,Steakholder Foods Ltd.,Agriculture & FoodTech,Agriculture - Alternative Proteins,Primary,,0.0194,1.6537,-0.1678,
STLD,Steel Dynamics Inc,Commodities - Metals,Comm Metals - Industrial & Base Metals,Primary,,-0.1059,-0.0494,-0.0114,
STLD,Steel Dynamics Inc,Commodities - Metals,Comm Metals - Recycling & Circular Materials,Secondary,,-0.1059,-0.0494,-0.0114,
STM,Stmicroelectronics N.V.,Semiconductors,"Semis - Analog, Mixed-Signal & Power Management",Primary,,-0.0687,-0.0548,-0.2291,
STM,Stmicroelectronics N.V.,Semiconductors,Semis - Emerging Technologies,Secondary,,-0.0687,-0.0548,-0.2291,
STRL,"Sterling Infrastructure, Inc.",Industrials & Construction,Industrials - Engineering & Construction,Primary,,-0.1035,-0.2795,-0.2957,
STRL,"Sterling Infrastructure, Inc.",Cloud Computing,Cloud - Data Centers & Infrastructure,Secondary,,-0.1035,-0.2795,-0.2957,
STT,State Street Corp,Financials - Traditional,"Fin Trad - Asset Management, Custody & Alternatives",Primary,,-0.024,0.0159,0.2236,
STWD,"Starwood Property Trust, Inc.",Financials - Traditional,"Fin Trad - Banks, Lending & Mortgage Finance",Primary,,0.0049,0.0031,-0.0278,
STX,Seagate Technology Holdings Plc,Semiconductors,Semis - Memory & Storage,Primary,,-0.1268,-0.0694,0.0495,
STX,Seagate Technology Holdings Plc,Hardware,"Hardware - Consumer Electronics, PCs & Peripherals",Secondary,,-0.1268,-0.0694,0.0495,
STZ,"Constellation Brands, Inc.",Consumer Goods & Retail,"Consumer - Health, Food & Beverages",Primary,,-0.0253,0.0577,-0.0935,
SUI,Sun Communities Inc,Real Estate & REITs,"Real Estate - Housing, Urban Living & Demographics",Primary,,-0.0132,0.0138,-0.0277,
SVM,Silvercorp Metals Inc,Commodities - Metals,Comm Metals - Precious Metals,Primary,,0.0424,0.3025,0.0256,
SW,Smurfit Westrock Plc,Industrials & Construction,Industrials - Packaging & Containers,Primary,,0.0028,0.1403,0.3206,
SWK,"Stanley Black & Decker, Inc.",Industrials & Construction,"Industrials - Machinery, Flow Control & Components",Primary,,-0.0201,0.1443,0.3382,
SWK,"Stanley Black & Decker, Inc.",Industrials & Construction,Industrials - Building Products & HVAC,Secondary,,-0.0201,0.1443,0.3382,
SWKS,"Skyworks Solutions, Inc.",Semiconductors,Semis - Wireless & Connectivity,Primary,,-0.0356,0.1103,-0.0791,
SWKS,"Skyworks Solutions, Inc.",Telecommunications,"Telecom - 5G, Wireless & Carriers",Secondary,,-0.0356,0.1103,-0.0791,
SWX,"Southwest Gas Holdings, Inc.",Energy - Traditional,Energy Base - Utilities & Conventional Power Operators,Primary,,-0.0335,-0.0378,0.0068,
SWX,"Southwest Gas Holdings, Inc.",Commodities - Energy,Comm Energy - Natural Gas & LNG,Secondary,,-0.0335,-0.0378,0.0068,
SYF,Synchrony Financial,Financials - Traditional,"Fin Trad - Banks, Lending & Mortgage Finance",Primary,,-0.0189,0.1121,0.1085,
SYF,Synchrony Financial,FinTech & Digital Finance,FinTech - Digital Payments & Merchant Infrastructure,Secondary,,-0.0189,0.1121,0.1085,
SYK,Stryker Corp,Industrial Automation & Robotics,Robotics - Medical & Surgical Robotics,Primary,,-0.0288,0.0329,0.0537,
SYK,Stryker Corp,Healthcare & Biotech,Healthcare - Medical Devices & HealthTech Hardware,Secondary,,-0.0288,0.0329,0.0537,
SYM,Symbotic Inc.,Industrial Automation & Robotics,Automation - Factory & Process Automation Systems,Primary,,-0.0204,0.0311,-0.179,
SYM,Symbotic Inc.,Industrial Automation & Robotics,Automation - Smart Logistics & Warehouse Automation,Secondary,,-0.0204,0.0311,-0.179,
SYNA,Synaptics Inc,Artificial Intelligence,"AI - Compute, Edge & Acceleration",Primary,,-0.101,-0.1696,-0.262,
SYNA,Synaptics Inc,Healthcare & Biotech,Healthcare - Medical Devices & HealthTech Hardware,Secondary,,-0.101,-0.1696,-0.262,
SYY,Sysco Corp,Agriculture & FoodTech,Agriculture - Agri-Food Processing & Distribution,Primary,,0.0134,0.029,0.0994,
T,At&T Inc.,Telecommunications,Telecom - Cloud & Edge Connectivity,Primary,,0.0161,0.1015,0.0114,
T,At&T Inc.,Telecommunications,"Telecom - 5G, Wireless & Carriers",Secondary,,0.0161,0.1015,0.0114,
TAL,Tal Education Group,Education Technology,Education - Digital Curriculum,Primary,,-0.0283,0.0948,0.1241,
TAP,Molson Coors Beverage Co,Consumer Goods & Retail,"Consumer - Health, Food & Beverages",Primary,,0.004,0.0724,0.0217,
TBCH,Turtle Beach Corp,Hardware,"Hardware - Consumer Electronics, PCs & Peripherals",Primary,,-0.0071,0.0446,0.1385,
TCBI,"Texas Capital Bancshares, Inc.",Financials - Traditional,"Fin Trad - Banks, Lending & Mortgage Finance",Primary,,-0.0269,-0.0037,-0.0051,
TDC,Teradata Corp /De/,Big Data & Analytics,"Big Data - Analytics, AI Platforms & BI",Primary,,0.0004,0.0004,-0.155,
TDC,Teradata Corp /De/,Software,"Software - Data, Analytics & DevOps",Secondary,,0.0004,0.0004,-0.155,
TDG,Transdigm Group Inc,Defense & Aerospace,Defense - Next-Generation Aircraft & Maintenance,Primary,,-0.045,-0.0111,-0.0074,
TDG,Transdigm Group Inc,Defense & Aerospace,Defense - Secure Defense Supply Chains,Secondary,,-0.045,-0.0111,-0.0074,
TDOC,"Teladoc Health, Inc.",Healthcare & Biotech,"Healthcare - Digital Health, Telemedicine & Remote Care",Primary,,-0.0617,-0.2621,-0.0274,
TDUP,Thredup Inc.,E-commerce,E-commerce - Online Marketplaces & Recommerce,Primary,,-0.0912,-0.5139,-0.3716,
TDUP,Thredup Inc.,Consumer Goods & Retail,Consumer - Resale & Sharing Platforms,Secondary,,-0.0912,-0.5139,-0.3716,
TDY,Teledyne Technologies Inc,Industrial Automation & Robotics,Automation - Industrial Sensors & Machine Vision,Primary,,-0.064,-0.0231,0.0478,
TDY,Teledyne Technologies Inc,Industrial Automation & Robotics,Robotics - Sensors & Vision Systems,Secondary,,-0.064,-0.0231,0.0478,
TE,T1 Energy Inc.,Electric Vehicles & Mobility,EVs - Batteries & Materials,Primary,,-0.135,-0.2218,-0.4931,
TEAM,Atlassian Corp,Cloud Computing,Cloud - Horizontal SaaS & Cloud Applications,Primary,,0.0591,1.1436,1.0907,
TEAM,Atlassian Corp,Cloud Computing,Cloud - Hyperscalers & Platforms,Secondary,,0.0591,1.1436,1.0907,
TECH,Bio-Techne Corp,Nanotechnology,NanoTech - Research Tools & Advanced Instruments,Primary,,-0.0011,0.0077,0.5267,
TECH,Bio-Techne Corp,Healthcare & Biotech,Healthcare - Genomics & Personalized Medicine,Secondary,,-0.0011,0.0077,0.5267,
TECK,Teck Resources Ltd,Commodities - Metals,Comm Metals - Battery & Energy Transition Metals,Primary,,0.0892,0.1562,0.0999,
TEL,Te Connectivity Plc,Hardware,Hardware - Industrial & IoT,Primary,,-0.0551,0.0278,0.0125,
TEM,"Tempus Ai, Inc.",Healthcare & Biotech,Healthcare - Genomics & Personalized Medicine,Primary,,0.3952,0.5799,0.5636,
TENB,"Tenable Holdings, Inc.",Cybersecurity,Cybersecurity - Cloud Security,Primary,,-0.1031,0.0873,0.3659,
TENB,"Tenable Holdings, Inc.",Software,"Software - Data, Analytics & DevOps",Secondary,,-0.1031,0.0873,0.3659,
TER,"Teradyne, Inc",Semiconductors,"Semis - Testing, Packaging & Assembly",Primary,,-0.1028,0.0053,0.0631,
TER,"Teradyne, Inc",Industrial Automation & Robotics,Automation - Factory & Process Automation Systems,Secondary,,-0.1028,0.0053,0.0631,
TEX,Terex Corp,Industrials & Construction,"Industrials - Machinery, Flow Control & Components",Primary,,-0.0212,-0.0273,0.1665,
TFC,Truist Financial Corp,Financials - Traditional,"Fin Trad - Banks, Lending & Mortgage Finance",Primary,,-0.0505,-0.0055,0.0633,
TFII,Tfi International Inc.,Transportation & Logistics,"Transportation - Trucking, LTL & Ground Freight",Primary,,-0.0361,-0.0708,-0.0272,
TFPM,Triple Flag Precious Metals Corp.,Commodities - Metals,Comm Metals - Precious Metals,Primary,,0.0737,0.1765,0.0615,
TGT,Target Corp,E-commerce,E-commerce - Grocery & Local Commerce Platforms,Primary,,0.0709,0.2397,0.3215,
TGT,Target Corp,E-commerce,"E-commerce - Omnichannel Retailers, Online & Physical Stores",Secondary,,0.0709,0.2397,0.3215,
THC,Tenet Healthcare Corp,Healthcare & Biotech,"Healthcare - IT, Services & Data Infrastructure",Primary,,0.048,0.4108,0.5774,
THG,"Hanover Insurance Group, Inc.",Financials - Traditional,Fin Trad - Insurance & Reinsurance,Primary,,-0.0095,0.0422,0.1466,
THO,"Thor Industries, Inc.",Consumer Goods & Retail,Consumer - Modern Luxury & Lifestyle,Primary,,0.0062,0.06,0.0599,
THRM,Gentherm Inc,Electric Vehicles & Mobility,EVs - Key Suppliers & Autonomy Tech,Primary,,-0.0802,-0.1127,0.2714,
TJX,"TJX Companies, Inc.",E-commerce,"E-commerce - Omnichannel Retailers, Online & Physical Stores",Primary,,-0.0761,-0.0815,-0.1047,
TJX,"TJX Companies, Inc.",Consumer Goods & Retail,Consumer - Apparel & E-Commerce Retail,Secondary,,-0.0761,-0.0815,-0.1047,
TKO,"TKO Group Holdings, Inc.",Digital Entertainment & Media,Entertainment - Video Streaming,Primary,,-0.0404,0.0764,0.0118,
TKR,Timken Co,Industrials & Construction,"Industrials - Machinery, Flow Control & Components",Primary,,-0.0604,-0.1097,0.0547,
TLN,Talen Energy Corp,Artificial Intelligence,"AI - Compute, Edge & Acceleration",Primary,,-0.1331,-0.1709,-0.1277,
TLRY,"Tilray Brands, Inc.",Healthcare & Biotech,"Healthcare - Regenerative Medicine, Psychedelics, Cannabis",Primary,,0.0364,0.213,-0.1136,
TME,Tencent Music Entertainment Group,Digital Entertainment & Media,Entertainment - Video Streaming,Primary,,-0.0045,0.0046,-0.0383,
TMHC,Taylor Morrison Home Corp,Real Estate & REITs,"Real Estate - Housing, Urban Living & Demographics",Primary,,,,,
TMO,Thermo Fisher Scientific Inc.,Healthcare & Biotech,"Healthcare - Diagnostics, Biomarkers & Liquid Biopsy",Primary,,0.0697,0.0995,0.4017,
TMO,Thermo Fisher Scientific Inc.,Healthcare & Biotech,Healthcare - Genomics & Personalized Medicine,Secondary,,0.0697,0.0995,0.4017,
TMUS,"T-Mobile Us, Inc.",Telecommunications,"Telecom - 5G, Wireless & Carriers",Primary,,0.0024,0.0741,-0.036,
TMUS,"T-Mobile Us, Inc.",Smart Home & IoT,"Smart Home & IoT - Devices, Sensors & Connectivity",Secondary,,0.0024,0.0741,-0.036,
TNDM,Tandem Diabetes Care Inc,Healthcare & Biotech,Healthcare - Medical Devices & HealthTech Hardware,Primary,,-0.0176,0.3207,0.4162,
TNGX,"Tango Therapeutics, Inc.",Healthcare & Biotech,Healthcare - Oncology & Precision Cancer Therapeutics,Primary,,-0.0672,-0.1301,0.1045,
TNL,Travel + Leisure Co.,Real Estate & REITs,"Real Estate - Travel, Leisure & Entertainment Properties",Primary,,-0.0503,-0.024,0.1074,
TOL,"Toll Brothers, Inc.",Real Estate & REITs,"Real Estate - Housing, Urban Living & Demographics",Primary,,-0.008,0.0037,0.0954,
TOST,"Toast, Inc.",FinTech & Digital Finance,FinTech - Digital Payments & Merchant Infrastructure,Primary,,0.0544,0.2901,0.5903,
TOST,"Toast, Inc.",Software,Software - Vertical SaaS Platforms,Secondary,,0.0544,0.2901,0.5903,
TPL,Texas Pacific Land Corp,Energy - Traditional,Energy Base - Oil & Gas Exploration & Production,Primary,,0.0701,-0.0985,-0.0321,
TPL,Texas Pacific Land Corp,Commodities - Energy,Comm Energy - Crude Oil,Secondary,,0.0701,-0.0985,-0.0321,
TPR,"Tapestry, Inc.",Consumer Goods & Retail,Consumer - Modern Luxury & Lifestyle,Primary,,0.0092,-0.0644,-0.0616,
TREX,"Trex Co, Inc.",Industrials & Construction,Industrials - Building Products & HVAC,Primary,,-0.0564,0.105,0.2048,
TRGP,Targa Resources Corp,Energy - Traditional,Energy Base - Refining & Midstream Infrastructure,Primary,,0.0845,0.0522,0.112,
TRGP,Targa Resources Corp,Commodities - Energy,Comm Energy - Natural Gas & LNG,Secondary,,0.0845,0.0522,0.112,
TRI,Thomson Reuters Corp /Can/,Big Data & Analytics,"Big Data - Data Generation, Sourcing & Providers",Primary,,0.0252,0.2396,0.2415,
TRMB,Trimble Inc.,Hardware,Hardware - Industrial & IoT,Primary,,0.046,0.1966,0.0765,
TRMB,Trimble Inc.,Agriculture & FoodTech,Agriculture - Precision Agriculture & Farm Automation,Secondary,,0.046,0.1966,0.0765,
TRNO,Terreno Realty Corp,Real Estate & REITs,"Real Estate - E-Commerce, Warehousing & Logistics",Primary,,-0.0007,-0.054,0.0355,
TROW,Price T Rowe Group Inc,Crypto & Blockchain,"Blockchain - Platforms, Tokenization & Financial Services",Primary,,0.0086,-0.0299,0.1069,
TRU,Transunion,Big Data & Analytics,"Big Data - Data Generation, Sourcing & Providers",Primary,,0.0529,0.1477,0.2219,
TRUP,"Trupanion, Inc.",FinTech & Digital Finance,FinTech - InsurTech & Embedded Insurance,Primary,,0.0163,0.3234,0.4233,
TRV,"Travelers Companies, Inc.",Financials - Traditional,Fin Trad - Insurance & Reinsurance,Primary,,-0.0183,-0.034,0.1884,
TSAT,Telesat Corp,Telecommunications,Telecom - Satellite & Space Communication,Primary,,-0.1254,0.1247,-0.1509,
TSAT,Telesat Corp,Space Tech,"Space - Infrastructure, Exploration & Launch",Secondary,,-0.1254,0.1247,-0.1509,
TSCO,Tractor Supply Co,E-commerce,"E-commerce - Omnichannel Retailers, Online & Physical Stores",Primary,,-0.0237,0.1537,0.1135,
TSCO,Tractor Supply Co,Agriculture & FoodTech,Agriculture - Precision Agriculture & Farm Automation,Secondary,,-0.0237,0.1537,0.1135,
TSLA,"Tesla, Inc.",Electric Vehicles & Mobility,EVs - Autonomous Driving & Fleet,Primary,,0.0602,0.135,-0.1316,
TSLA,"Tesla, Inc.",Energy - Renewable,Energy Clean - Batteries & Storage,Secondary,,0.0602,0.135,-0.1316,
TSM,Taiwan Semiconductor Manufacturing Co Ltd,Semiconductors,"Semis - Logic & CPUs, GPUs, Accelerators",Primary,,-0.0174,0.0081,0.0314,
TSN,"Tyson Foods, Inc.",Agriculture & FoodTech,Agriculture - Agri-Food Processing & Distribution,Primary,,0.0053,0.0305,-0.1128,
TSN,"Tyson Foods, Inc.",Commodities - Agriculture,Comm Agri - Livestock & Animal Protein,Secondary,,0.0053,0.0305,-0.1128,
TT,Trane Technologies Plc,Industrials & Construction,Industrials - Building Products & HVAC,Primary,,-0.0557,-0.0548,0.0152,
TT,Trane Technologies Plc,Cloud Computing,Cloud - Data Centers & Infrastructure,Secondary,,-0.0557,-0.0548,0.0152,
TTC,Toro Co,Agriculture & FoodTech,Agriculture - Precision Agriculture & Farm Automation,Primary,,0.0108,0.0858,0.1116,
TTD,"Trade Desk, Inc.",E-commerce,E-commerce - Retail Media & Advertising,Primary,,-0.0679,-0.215,-0.3806,
TTD,"Trade Desk, Inc.",Artificial Intelligence,"AI - Ads, Search & Recommendations",Secondary,,-0.0679,-0.215,-0.3806,
TTE,Totalenergies Se,Energy - Traditional,Energy Base - Integrated Energy Majors,Primary,,0.0177,0.0424,-0.0266,
TTE,Totalenergies Se,Energy - Traditional,Energy Base - Oil & Gas Exploration & Production,Secondary,,0.0177,0.0424,-0.0266,
TTEK,"Tetra Tech, Inc.",Industrials & Construction,Industrials - Engineering & Construction,Primary,,0.0134,0.2128,0.3606,
TTEK,"Tetra Tech, Inc.",Environmental Sustainability,Environmental - Water Infrastructure & Treatment,Secondary,,0.0134,0.2128,0.3606,
TTMI,"TTM Technologies, Inc.",Hardware,Hardware - Industrial & IoT,Primary,,-0.2104,-0.2369,-0.3667,
TTMI,"TTM Technologies, Inc.",Defense & Aerospace,Defense - Secure Defense Supply Chains,Secondary,,-0.2104,-0.2369,-0.3667,
TTWO,Take Two Interactive Software Inc,Software,Software - Gaming & Platforms,Primary,,-0.0297,0.0407,0.0065,
TTWO,Take Two Interactive Software Inc,Digital Entertainment & Media,Entertainment - Game Publishers & Developers,Secondary,,-0.0297,0.0407,0.0065,
TW,Tradeweb Markets Inc.,FinTech & Digital Finance,FinTech - Exchanges & Market Infrastructure,Primary,,0.0071,0.0721,0.0142,
TWLO,Twilio Inc,Telecommunications,Telecom - Enterprise & Unified Communications,Primary,,-0.0542,0.2174,0.2291,
TWLO,Twilio Inc,Cloud Computing,Cloud - Hyperscalers & Platforms,Secondary,,-0.0542,0.2174,0.2291,
TWST,Twist Bioscience Corp,Healthcare & Biotech,Healthcare - Genomics & Personalized Medicine,Primary,,0.2279,0.575,1.4743,
TXG,"10X Genomics, Inc.",Healthcare & Biotech,"Healthcare - Diagnostics, Biomarkers & Liquid Biopsy",Primary,,0.161,0.355,1.6386,
TXG,"10X Genomics, Inc.",Healthcare & Biotech,Healthcare - Genomics & Personalized Medicine,Secondary,,0.161,0.355,1.6386,
TXN,Texas Instruments Inc,Semiconductors,"Semis - Analog, Mixed-Signal & Power Management",Primary,,-0.0544,-0.0676,-0.1095,
TXN,Texas Instruments Inc,Hardware,Hardware - Industrial & IoT,Secondary,,-0.0544,-0.0676,-0.1095,
TXNM,"TXNM Energy, Inc.",Energy - Traditional,Energy Base - Utilities & Conventional Power Operators,Primary,,-0.0031,-0.0113,-0.0308,
TXRH,"Texas Roadhouse, Inc.",Consumer Goods & Retail,Consumer - Restaurants & Dining,Primary,,-0.0127,0.0714,0.1534,
TXT,Textron Inc,Defense & Aerospace,Defense - Drones & Anti-Drone Systems,Primary,,-0.068,-0.1099,-0.0806,
TXT,Textron Inc,Defense & Aerospace,Defense - Next-Generation Aircraft & Maintenance,Secondary,,-0.068,-0.1099,-0.0806,
TYL,Tyler Technologies Inc,Software,Software - Vertical SaaS Platforms,Primary,,0.0672,0.2171,0.136,
U,Unity Software Inc.,Software,Software - Vertical SaaS Platforms,Primary,,0.0147,0.6216,0.8375,
U,Unity Software Inc.,Software,Software - Gaming & Platforms,Secondary,,0.0147,0.6216,0.8375,
UAA,"Under Armour, Inc.",Healthcare & Biotech,Healthcare - Medical Devices & HealthTech Hardware,Primary,,0.0056,-0.2003,0.0132,
UAA,"Under Armour, Inc.",Consumer Goods & Retail,Consumer - Apparel & E-Commerce Retail,Secondary,,0.0056,-0.2003,0.0132,
UAL,"United Airlines Holdings, Inc.",Transportation & Logistics,Transportation - Air Travel & Passenger Transportation,Primary,,-0.0971,-0.0189,0.1358,
UAL,"United Airlines Holdings, Inc.",Transportation & Logistics,"Transportation - Logistics, Warehousing & Supply Chain Solutions",Secondary,,-0.0971,-0.0189,0.1358,
UAN,"Cvr Partners, Lp",Agriculture & FoodTech,Agriculture - Agricultural Inputs & Crop Science,Primary,,0.0194,0.0674,0.0774,
UAVS,Ageagle Aerial Systems Inc.,Agriculture & FoodTech,Agriculture - Precision Agriculture & Farm Automation,Primary,,-0.0734,0.4429,0.0412,
UBER,"Uber Technologies, Inc",Transportation & Logistics,Transportation - Urban Mobility & Emerging Transport Tech,Primary,,0.0375,0.1435,0.0705,
UBER,"Uber Technologies, Inc",Electric Vehicles & Mobility,EVs - Autonomous Driving & Fleet,Secondary,,0.0375,0.1435,0.0705,
UBSI,"United Bankshares, Inc.",Financials - Traditional,"Fin Trad - Banks, Lending & Mortgage Finance",Primary,,-0.0296,0.0095,0.119,
UDR,"UDR, Inc.",Real Estate & REITs,"Real Estate - Housing, Urban Living & Demographics",Primary,,-0.0007,-0.0396,0.0144,
UE,Urban Edge Properties,Real Estate & REITs,Real Estate - Retail & Consumer Real Estate,Primary,,-0.0201,-0.0642,-0.034,
UEC,Uranium Energy Corp,Energy - Traditional,Energy Base - Nuclear Power & Advanced Reactors,Primary,,0.1383,0.2981,-0.026,
UEC,Uranium Energy Corp,Commodities - Energy,Comm Energy - Uranium & Nuclear Fuels,Secondary,,0.1383,0.2981,-0.026,
UFPI,"UFP Industries, Inc.",Industrials & Construction,Industrials - Building Products & HVAC,Primary,,-0.0119,0.0304,0.1069,
UGI,UGI Corp,Energy - Traditional,Energy Base - Utilities & Conventional Power Operators,Primary,,0.0628,0.0173,0.0602,
UGI,UGI Corp,Commodities - Energy,Comm Energy - Natural Gas & LNG,Secondary,,0.0628,0.0173,0.0602,
UHS,"Universal Health Services, Inc.",Healthcare & Biotech,"Healthcare - IT, Services & Data Infrastructure",Primary,,0.0426,0.1718,0.0927,
UI,Ubiquiti Inc.,Hardware,Hardware - Networking Equipment,Primary,,-0.0241,0.056,-0.0466,
UI,Ubiquiti Inc.,Smart Home & IoT,"Smart Home - Connectivity, Security & Networking",Secondary,,-0.0241,0.056,-0.0466,
ULS,UL Solutions Inc.,Business Services & Consulting,"Business Services - Outsourcing, Facilities & Testing",Primary,,-0.031,-0.1333,-0.2655,
ULTA,"Ulta Beauty, Inc.",E-commerce,"E-commerce - Omnichannel Retailers, Online & Physical Stores",Primary,,0.021,0.091,0.0345,
ULTA,"Ulta Beauty, Inc.",Consumer Goods & Retail,Consumer - Household & Personal Care,Secondary,,0.021,0.091,0.0345,
UMBF,UMB Financial Corp,Financials - Traditional,"Fin Trad - Banks, Lending & Mortgage Finance",Primary,,-0.0454,0.0433,0.112,
UMC,United Microelectronics Corp,Semiconductors,"Semis - Logic & CPUs, GPUs, Accelerators",Primary,,-0.0423,-0.1212,0.017,
UMH,"Umh Properties, Inc.",Real Estate & REITs,"Real Estate - Housing, Urban Living & Demographics",Primary,,0.0176,0.0869,0.0834,
UNFI,United Natural Foods Inc,Agriculture & FoodTech,Agriculture - Agri-Food Processing & Distribution,Primary,,-0.0078,-0.0113,-0.0373,
UNFI,United Natural Foods Inc,Consumer Goods & Retail,"Consumer - Health, Food & Beverages",Secondary,,-0.0078,-0.0113,-0.0373,
UNH,Unitedhealth Group Inc,Healthcare & Biotech,"Healthcare - IT, Services & Data Infrastructure",Primary,,-0.0289,-0.079,0.0258,
UNIT,Uniti Group Inc.,Real Estate & REITs,Real Estate - Digital Infrastructure,Primary,,-0.004,-0.0953,-0.1034,
UNM,Unum Group,Financials - Traditional,Fin Trad - Insurance & Reinsurance,Primary,,-0.0596,0.0212,0.0449,
UNP,Union Pacific Corp,Transportation & Logistics,Transportation - Freight Rail & Infrastructure,Primary,,0.0489,0.0122,0.1666,
UNP,Union Pacific Corp,Transportation & Logistics,Transportation - Infrastructure & Equipment,Secondary,,0.0489,0.0122,0.1666,
UPS,United Parcel Service Inc,Industrial Automation & Robotics,Automation - Smart Logistics & Warehouse Automation,Primary,,-0.0083,-0.0917,0.0548,
UPS,United Parcel Service Inc,Transportation & Logistics,"Transportation - Logistics, Warehousing & Supply Chain Solutions",Secondary,,-0.0083,-0.0917,0.0548,
UPST,"Upstart Holdings, Inc.",FinTech & Digital Finance,FinTech - Digital Payments & Merchant Infrastructure,Primary,,-0.0043,0.0982,0.0503,
UPST,"Upstart Holdings, Inc.",Artificial Intelligence,"AI - Apps, Domain-Specific AI",Secondary,,-0.0043,0.0982,0.0503,
URG,Ur-Energy Inc,Commodities - Energy,Comm Energy - Uranium & Nuclear Fuels,Primary,,0.0519,0.1008,-0.0719,
URI,"United Rentals, Inc.",Industrials & Construction,Industrials - Distribution & Rental Services,Primary,,-0.0479,-0.0345,0.1805,
URI,"United Rentals, Inc.",Industrials & Construction,Industrials - Engineering & Construction,Secondary,,-0.0479,-0.0345,0.1805,
USAR,"USA Rare Earth, Inc. -",Commodities - Metals,Comm Metals - Rare Earth & Strategic Materials,Primary,,-0.037,0.2721,-0.2071,
USB,U.S. Bancorp,Financials - Traditional,"Fin Trad - Banks, Lending & Mortgage Finance",Primary,,-0.0515,-0.0202,0.147,
USFD,Us Foods Holding Corp.,Agriculture & FoodTech,Agriculture - Agri-Food Processing & Distribution,Primary,,0.0064,0.1469,0.3493,
UTHR,United Therapeutics Corp,Healthcare & Biotech,Healthcare - Metabolic & Cardiometabolic,Primary,,0.0268,-0.031,-0.0932,
UTHR,United Therapeutics Corp,Healthcare & Biotech,Healthcare - Next-Gen Biotech Platforms,Secondary,,0.0268,-0.031,-0.0932,
UTI,Universal Technical Institute Inc,Education Technology,Education - Workforce Training,Primary,,-0.1113,-0.422,-0.3893,
UUUU,Energy Fuels Inc,Commodities - Energy,Comm Energy - Uranium & Nuclear Fuels,Primary,,0.0026,0.2606,-0.1523,
UUUU,Energy Fuels Inc,Commodities - Metals,Comm Metals - Rare Earth & Strategic Materials,Secondary,,0.0026,0.2606,-0.1523,
V,Visa Inc.,FinTech & Digital Finance,FinTech - Digital Payments & Merchant Infrastructure,Primary,,0.0189,0.0573,0.1226,
V,Visa Inc.,Crypto & Blockchain,"Blockchain - Platforms, Tokenization & Financial Services",Secondary,,0.0189,0.0573,0.1226,
VAL,Valaris Limited,Energy - Traditional,Energy Base - Oilfield Services & Equipment,Primary,,0.025,0.1088,-0.1352,
VALE,Vale S.A.,Commodities - Metals,Comm Metals - Battery & Energy Transition Metals,Primary,,0.0704,0.0119,-0.0889,
VALE,Vale S.A.,Commodities - Metals,Comm Metals - Industrial & Base Metals,Secondary,,0.0704,0.0119,-0.0889,
VC,Visteon Corp,Electric Vehicles & Mobility,EVs - Key Suppliers & Autonomy Tech,Primary,,-0.0211,0.0582,-0.0404,
VECO,Veeco Instruments Inc,Nanotechnology,NanoTech - Research Tools & Advanced Instruments,Primary,,-0.0866,-0.1231,-0.1711,
VEEV,Veeva Systems Inc,Healthcare & Biotech,"Healthcare - IT, Services & Data Infrastructure",Primary,,0.017,0.3804,0.5663,
VEEV,Veeva Systems Inc,Software,Software - Vertical SaaS Platforms,Secondary,,0.017,0.3804,0.5663,
VFC,V F Corp,Consumer Goods & Retail,Consumer - Apparel & E-Commerce Retail,Primary,,-0.0336,-0.1307,-0.1071,
VFC,V F Corp,Consumer Goods & Retail,Consumer - Modern Luxury & Lifestyle,Secondary,,-0.0336,-0.1307,-0.1071,
VFF,"Village Farms International, Inc.",Agriculture & FoodTech,Agriculture - Precision Agriculture & Farm Automation,Primary,,0.0751,0.3949,0.0382,
VIAV,Viavi Solutions Inc.,Hardware,Hardware - Communications & Telecom,Primary,,-0.1066,-0.0694,-0.2058,
VICI,Vici Properties Inc.,Real Estate & REITs,"Real Estate - Travel, Leisure & Entertainment Properties",Primary,,0.0057,0.0072,-0.0549,
VICR,Vicor Corp,Semiconductors,"Semis - Analog, Mixed-Signal & Power Management",Primary,,-0.1457,-0.1333,-0.2525,
VICR,Vicor Corp,Hardware,Hardware - Data Center Infrastructure & Servers,Secondary,,-0.1457,-0.1333,-0.2525,
VIRT,"Virtu Financial, Inc.",FinTech & Digital Finance,FinTech - Trading Platforms & WealthTech,Primary,,0.1318,0.1384,0.294,
VISN,"Vistance Networks, Inc.  -",Telecommunications,Telecom - Infrastructure & Equipment,Primary,,-0.0278,-0.0611,-0.058,
VITL,"Vital Farms, Inc.",Consumer Goods & Retail,"Consumer - Health, Food & Beverages",Primary,,-0.0303,-0.171,0.1439,
VKTX,"Viking Therapeutics, Inc.",Healthcare & Biotech,Healthcare - Metabolic & Cardiometabolic,Primary,,0.0211,-0.0424,0.1046,
VLO,Valero Energy Corp/Tx,Energy - Traditional,Energy Base - Refining & Midstream Infrastructure,Primary,,0.021,0.1472,0.4526,
VLO,Valero Energy Corp/Tx,Commodities - Energy,Comm Energy - Biofuels & Renewable Fuels,Secondary,,0.021,0.1472,0.4526,
VLTO,Veralto Corp,Environmental Sustainability,Environmental - Clean Technologies & Pollution Control,Primary,,0.0112,0.0795,0.1507,
VLY,Valley National Bancorp,Financials - Traditional,"Fin Trad - Banks, Lending & Mortgage Finance",Primary,,-0.0566,-0.0201,0.0639,
VMC,Vulcan Materials Co,Industrials & Construction,Industrials - Construction Materials & Aggregates,Primary,,-0.0211,0.0059,0.0573,
VMI,"Valmont Industries, Inc.",Industrials & Construction,"Industrials - Machinery, Flow Control & Components",Primary,,-0.019,-0.0057,-0.0388,
VMI,"Valmont Industries, Inc.",Agriculture & FoodTech,Agriculture - Precision Agriculture & Farm Automation,Secondary,,-0.019,-0.0057,-0.0388,
VMRK,Vivmark Residential,Real Estate & REITs,"Real Estate - Housing, Urban Living & Demographics",Primary,,0.0124,-0.0218,0.0262,
VNO,Vornado Realty Trust,Real Estate & REITs,Real Estate - Office & Commercial Workspaces,Primary,,-0.0287,-0.0287,0.1976,
VNOM,"Viper Energy, Inc.",Energy - Traditional,Energy Base - Oil & Gas Exploration & Production,Primary,,0.0705,0.019,-0.0202,
VNT,Vontier Corp,Transportation & Logistics,Transportation - Urban Mobility & Emerging Transport Tech,Primary,,0.0043,0.0895,0.1414,
VNT,Vontier Corp,Electric Vehicles & Mobility,EVs - Charging & Infrastructure,Secondary,,0.0043,0.0895,0.1414,
VOYA,"Voya Financial, Inc.",Financials - Traditional,"Fin Trad - Asset Management, Custody & Alternatives",Primary,,-0.037,0.01,0.1929,
VOYA,"Voya Financial, Inc.",Financials - Traditional,Fin Trad - Insurance & Reinsurance,Secondary,,-0.037,0.01,0.1929,
VRSK,"Verisk Analytics, Inc.",Big Data & Analytics,"Big Data - Data Generation, Sourcing & Providers",Primary,,0.0321,-0.0294,0.0956,
VRSN,"Verisign, Inc.",Telecommunications,Telecom - Cloud & Edge Connectivity,Primary,,-0.0057,0.0805,-0.0762,
VRSN,"Verisign, Inc.",Cybersecurity,Cybersecurity - Cloud Security,Secondary,,-0.0057,0.0805,-0.0762,
VRT,Vertiv Holdings Co,Hardware,Hardware - Data Center Infrastructure & Servers,Primary,,-0.1085,-0.1384,-0.1898,
VRT,Vertiv Holdings Co,Cloud Computing,Cloud - Data Centers & Infrastructure,Secondary,,-0.1085,-0.1384,-0.1898,
VRTX,Vertex Pharmaceuticals Inc / Ma,Healthcare & Biotech,Healthcare - Genomics & Personalized Medicine,Primary,,0.0836,0.1584,0.2641,
VRTX,Vertex Pharmaceuticals Inc / Ma,Healthcare & Biotech,Healthcare - Next-Gen Biotech Platforms,Secondary,,0.0836,0.1584,0.2641,
VSAT,Viasat Inc,Defense & Aerospace,Defense - Space Technology & Satellite Services,Primary,,-0.0983,0.0061,0.056,
VSAT,Viasat Inc,Telecommunications,Telecom - Satellite & Space Communication,Secondary,,-0.0983,0.0061,0.056,
VST,Vistra Corp.,Energy - Traditional,Energy Base - Nuclear Power & Advanced Reactors,Primary,,-0.0805,-0.1939,-0.085,
VST,Vistra Corp.,Energy - Traditional,Energy Base - Utilities & Conventional Power Operators,Secondary,,-0.0805,-0.1939,-0.085,
VTEX,Vtex,E-commerce,E-commerce - Platforms,Primary,,-0.0241,-0.0593,-0.0214,
VTR,"Ventas, Inc.",Healthcare & Biotech,Healthcare - Senior Care & Longevity,Primary,,0.0168,-0.0496,0.0637,
VTR,"Ventas, Inc.",Real Estate & REITs,Real Estate - Healthcare & Senior Living,Secondary,,0.0168,-0.0496,0.0637,
VTRS,Viatris Inc.,Healthcare & Biotech,Healthcare - Metabolic & Cardiometabolic,Primary,,0.0131,-0.0485,0.0063,
VUZI,Vuzix Corp,Hardware,Hardware - Next-Gen & Specialty,Primary,,-0.0516,0.2783,-0.3745,
VVV,Valvoline Inc.,E-commerce,"E-commerce - Omnichannel Retailers, Online & Physical Stores",Primary,,-0.0067,-0.1135,0.0223,
VZ,Verizon Communications Inc,Telecommunications,Telecom - Cloud & Edge Connectivity,Primary,,0.02,0.1285,0.0419,
VZ,Verizon Communications Inc,Telecommunications,Telecom - Enterprise & Unified Communications,Secondary,,0.02,0.1285,0.0419,
W,Wayfair Inc.,Consumer Goods & Retail,"Consumer - Health, Food & Beverages",Primary,,-0.0011,0.2279,0.5303,
WAB,Westinghouse Air Brake Technologies Corp,Transportation & Logistics,Transportation - Freight Rail & Infrastructure,Primary,,-0.0038,-0.0004,0.1688,
WAL,Western Alliance Bancorporation,Financials - Traditional,"Fin Trad - Banks, Lending & Mortgage Finance",Primary,,-0.0322,-0.0349,0.0197,
WAT,Waters Corp,Nanotechnology,NanoTech - Research Tools & Advanced Instruments,Primary,,-0.0036,0.074,0.2044,
WAT,Waters Corp,Healthcare & Biotech,"Healthcare - Diagnostics, Biomarkers & Liquid Biopsy",Secondary,,-0.0036,0.074,0.2044,
WAY,Waystar Holding Corp.,Healthcare & Biotech,"Healthcare - IT, Services & Data Infrastructure",Primary,,0.0093,0.1589,0.3278,
WBD,"Warner Bros. Discovery, Inc.",Digital Entertainment & Media,Entertainment - Video Streaming,Primary,,0.02,0.1002,0.0535,
WBS,Webster Financial Corp,Financials - Traditional,"Fin Trad - Banks, Lending & Mortgage Finance",Primary,,-0.0183,0.0062,0.0809,
WBX,Wallbox N.V.,Electric Vehicles & Mobility,EVs - Charging & Infrastructure,Primary,,-0.0548,-0.1995,0.0674,
WCC,"Wesco International, Inc.",Industrials & Construction,Industrials - Distribution & Rental Services,Primary,,-0.0343,0.0559,-0.013,
WCC,"Wesco International, Inc.",Energy - Renewable,Energy Clean - Smart Grid & Electrification,Secondary,,-0.0343,0.0559,-0.013,
WCN,"Waste Connections, Inc.",Environmental Sustainability,Environmental - Waste Management & Recycling,Primary,,0.0187,0.0105,0.0898,
WDAY,"Workday, Inc.",Cloud Computing,Cloud - Horizontal SaaS & Cloud Applications,Primary,,0.0067,0.5642,0.6414,
WDAY,"Workday, Inc.",Software,Software - Vertical SaaS Platforms,Secondary,,0.0067,0.5642,0.6414,
WDC,Western Digital Corp,Semiconductors,Semis - Memory & Storage,Primary,,-0.097,-0.1771,-0.0553,
WDC,Western Digital Corp,Hardware,Hardware - Data Center Infrastructure & Servers,Secondary,,-0.097,-0.1771,-0.0553,
WEC,"WEC Energy Group, Inc.",Energy - Traditional,Energy Base - Utilities & Conventional Power Operators,Primary,,-0.0408,-0.0679,-0.0462,
WELL,Welltower Inc.,Healthcare & Biotech,Healthcare - Senior Care & Longevity,Primary,,0.0157,-0.028,0.1116,
WELL,Welltower Inc.,Real Estate & REITs,Real Estate - Healthcare & Senior Living,Secondary,,0.0157,-0.028,0.1116,
WERN,Werner Enterprises Inc,Transportation & Logistics,"Transportation - Trucking, LTL & Ground Freight",Primary,,0.0,-0.1146,-0.0204,
WEX,WEX Inc.,FinTech & Digital Finance,FinTech - Digital Payments & Merchant Infrastructure,Primary,,0.0425,0.166,0.3399,
WFC,Wells Fargo & Co,Financials - Traditional,"Fin Trad - Banks, Lending & Mortgage Finance",Primary,,-0.0561,-0.0217,0.1107,
WFRD,Weatherford International Plc,Energy - Traditional,Energy Base - Oilfield Services & Equipment,Primary,,-0.0451,0.0607,-0.1747,
WH,"Wyndham Hotels & Resorts, Inc.",Real Estate & REITs,"Real Estate - Travel, Leisure & Entertainment Properties",Primary,,0.0134,0.0155,-0.0708,
WHR,Whirlpool Corp /De/,Smart Home & IoT,Smart Home - Connected Devices & Appliances,Primary,,-0.0247,0.1306,-0.0662,
WHR,Whirlpool Corp /De/,Consumer Goods & Retail,"Consumer - Health, Food & Beverages",Secondary,,-0.0247,0.1306,-0.0662,
WING,Wingstop Inc.,Consumer Goods & Retail,Consumer - Restaurants & Dining,Primary,,-0.0848,-0.1416,-0.1273,
WIT,Wipro Ltd,Business Services & Consulting,Consulting,Primary,,-0.0258,0.0739,-0.0346,
WIX,Wix.Com Ltd.,E-commerce,E-commerce - Platforms,Primary,,0.1071,0.6807,0.4857,
WLK,Westlake Corp,Industrials & Construction,Industrials - Chemicals & Advanced Materials,Primary,,-0.0078,0.0492,-0.0987,
WLY,"John Wiley & Sons, Inc.",Education Technology,Education - Digital Curriculum,Primary,,0.0037,0.0587,0.2403,
WM,Waste Management Inc,Environmental Sustainability,Environmental - Waste Management & Recycling,Primary,,-0.0022,-0.0557,0.0334,
WMB,"Williams Companies, Inc.",Energy - Traditional,Energy Base - Refining & Midstream Infrastructure,Primary,,-0.0626,-0.0633,-0.084,
WMB,"Williams Companies, Inc.",Commodities - Energy,Comm Energy - Natural Gas & LNG,Secondary,,-0.0626,-0.0633,-0.084,
WMG,Warner Music Group Corp.,Digital Entertainment & Media,Entertainment - Video Streaming,Primary,,0.0655,0.0275,-0.2053,
WMS,"Advanced Drainage Systems, Inc.",Industrials & Construction,Industrials - Building Products & HVAC,Primary,,-0.0476,0.0233,0.065,
WMS,"Advanced Drainage Systems, Inc.",Environmental Sustainability,Environmental - Water Infrastructure & Treatment,Secondary,,-0.0476,0.0233,0.065,
WMT,Walmart Inc.,E-commerce,E-commerce - Grocery & Local Commerce Platforms,Primary,,-0.0982,-0.0411,-0.1433,
WMT,Walmart Inc.,E-commerce,"E-commerce - Omnichannel Retailers, Online & Physical Stores",Secondary,,-0.0982,-0.0411,-0.1433,
WNC,Wabash National Corp,Transportation & Logistics,Transportation - Infrastructure & Equipment,Primary,,-0.043,-0.0962,0.6276,
WOLF,"Wolfspeed, Inc.",Semiconductors,Semis - Emerging Technologies,Primary,,-0.1897,-0.0077,-0.6294,
WOLF,"Wolfspeed, Inc.",Electric Vehicles & Mobility,EVs - Key Suppliers & Autonomy Tech,Secondary,,-0.1897,-0.0077,-0.6294,
WPC,W.P. Carey Inc.,Real Estate & REITs,Real Estate - Retail & Consumer Real Estate,Primary,,-0.0059,-0.0532,-0.0371,
WPM,Wheaton Precious Metals Corp.,Commodities - Metals,Comm Metals - Gold,Primary,,0.1772,0.4359,0.2435,
WPM,Wheaton Precious Metals Corp.,Commodities - Metals,Comm Metals - Precious Metals,Secondary,,0.1772,0.4359,0.2435,
WRB,W.R. Berkley Corp,Financials - Traditional,Fin Trad - Insurance & Reinsurance,Primary,,-0.0271,-0.0658,0.0259,
WRBY,Warby Parker Inc.,E-commerce,E-commerce - Direct-to-Consumer,Primary,,0.0591,0.1288,0.12,
WSM,"Williams-Sonoma, Inc.",E-commerce,"E-commerce - Omnichannel Retailers, Online & Physical Stores",Primary,,-0.0166,0.0868,0.2419,
WSM,"Williams-Sonoma, Inc.",Consumer Goods & Retail,Consumer - Modern Luxury & Lifestyle,Secondary,,-0.0166,0.0868,0.2419,
WSO,"Watsco, Inc.",Industrials & Construction,Industrials - Distribution & Rental Services,Primary,,-0.0036,-0.1331,-0.1685,
WSO,"Watsco, Inc.",Industrials & Construction,Industrials - Building Products & HVAC,Secondary,,-0.0036,-0.1331,-0.1685,
WST,"West Pharmaceutical Services, Inc.",Healthcare & Biotech,Healthcare - Medical Devices & HealthTech Hardware,Primary,,0.0105,-0.0061,0.1176,
WST,"West Pharmaceutical Services, Inc.",Nanotechnology,NanoTech - Nanomedicine & Drug Delivery,Secondary,,0.0105,-0.0061,0.1176,
WT,"Wisdomtree, Inc.",Crypto & Blockchain,"Blockchain - Platforms, Tokenization & Financial Services",Primary,,0.0307,0.195,0.2274,
WTFC,Wintrust Financial Corp,Financials - Traditional,"Fin Trad - Banks, Lending & Mortgage Finance",Primary,,-0.0603,-0.029,0.0242,
WTRG,"Essential Utilities, Inc.",Environmental Sustainability,Environmental - Water Infrastructure & Treatment,Primary,,-0.005,0.0242,0.0962,
WTS,Watts Water Technologies Inc,Environmental Sustainability,Environmental - Water Infrastructure & Treatment,Primary,,-0.023,0.0928,0.2523,
WTW,Willis Towers Watson Plc,Financials - Traditional,Fin Trad - Insurance & Reinsurance,Primary,,0.0314,0.1859,0.3292,
WWD,"Woodward, Inc.",Defense & Aerospace,Defense - Next-Generation Aircraft & Maintenance,Primary,,-0.0728,-0.166,-0.0343,
WWD,"Woodward, Inc.",Industrials & Construction,"Industrials - Machinery, Flow Control & Components",Secondary,,-0.0728,-0.166,-0.0343,
WWR,"Westwater Resources, Inc.",Commodities - Metals,Comm Metals - Battery & Energy Transition Metals,Primary,,0.0526,0.4286,0.0526,
WY,Weyerhaeuser Co,Environmental Sustainability,Environmental - Sustainable Agriculture & Resource Management,Primary,,-0.0053,0.0334,0.0476,
WYNN,"Wynn Resorts, Limited",Real Estate & REITs,"Real Estate - Travel, Leisure & Entertainment Properties",Primary,,-0.0219,0.0388,0.0201,
WYNN,"Wynn Resorts, Limited",Digital Entertainment & Media,Entertainment - iGaming & Online Gambling,Secondary,,-0.0219,0.0388,0.0201,
XEL,Xcel Energy Inc,Energy - Traditional,Energy Base - Utilities & Conventional Power Operators,Primary,,-0.0363,-0.0553,-0.0415,
XEL,Xcel Energy Inc,Energy - Renewable,Energy Clean - Utilities & Clean Power Operators,Secondary,,-0.0363,-0.0553,-0.0415,
XIFR,"Xplr Infrastructure, Lp",Energy - Renewable,Energy Clean - Wind,Primary,,-0.0511,-0.1087,-0.0478,
XMTR,"Xometry, Inc.",Industrial Automation & Robotics,"Automation - Additive Manufacturing, 3D Printing",Primary,,-0.1316,-0.0338,-0.038,
XOM,Exxon Mobil Corp,Energy - Traditional,Energy Base - Integrated Energy Majors,Primary,,0.038,0.0592,0.0701,
XOM,Exxon Mobil Corp,Energy - Traditional,Energy Base - Oil & Gas Exploration & Production,Secondary,,0.038,0.0592,0.0701,
XPEV,Xpeng Inc.,Electric Vehicles & Mobility,EVs - Manufacturers,Primary,,0.0419,-0.0447,-0.2201,
XPO,"Xpo, Inc.",Transportation & Logistics,"Transportation - Trucking, LTL & Ground Freight",Primary,,-0.0631,-0.0767,-0.0286,
XRAY,Dentsply Sirona Inc.,Healthcare & Biotech,Healthcare - Medical Devices & HealthTech Hardware,Primary,,-0.0578,-0.1415,0.0997,
XRX,Xerox Holdings Corp,Hardware,Hardware - Printing & Imaging,Primary,,-0.0645,0.1111,0.1692,
XYL,Xylem Inc.,Nanotechnology,NanoTech - Energy & Environment,Primary,,-0.0523,-0.0295,0.0475,
XYL,Xylem Inc.,Environmental Sustainability,Environmental - Water Infrastructure & Treatment,Secondary,,-0.0523,-0.0295,0.0475,
XYZ,"Block, Inc.",FinTech & Digital Finance,"FinTech - Crypto, Blockchain & Tokenization",Primary,,-0.0087,0.0741,0.1968,
XYZ,"Block, Inc.",FinTech & Digital Finance,FinTech - Digital Banking & Neobanks,Secondary,,-0.0087,0.0741,0.1968,
YETI,"Yeti Holdings, Inc.",Consumer Goods & Retail,Consumer - Modern Luxury & Lifestyle,Primary,,-0.018,-0.1267,-0.0052,
YOU,"Clear Secure, Inc.",Cybersecurity,"Cybersecurity - Identity, Biometrics & Access Management",Primary,,-0.0475,-0.1651,-0.2895,
YUM,"Yum! Brands, Inc.",Consumer Goods & Retail,Consumer - Restaurants & Dining,Primary,,0.0329,0.0381,-0.0038,
YYGH,Yy Group Holding Ltd.,Industrial Automation & Robotics,"Robotics - Autonomous Vehicles, Service & Mobility",Primary,,-0.1316,-0.0977,-0.9222,
ZBH,"Zimmer Biomet Holdings, Inc.",Industrial Automation & Robotics,Robotics - Medical & Surgical Robotics,Primary,,0.0033,0.1264,0.1868,
ZBH,"Zimmer Biomet Holdings, Inc.",Healthcare & Biotech,Healthcare - Senior Care & Longevity,Secondary,,0.0033,0.1264,0.1868,
ZBRA,Zebra Technologies Corp,Hardware,Hardware - Industrial & IoT,Primary,,-0.02,0.4342,0.5211,
ZBRA,Zebra Technologies Corp,Industrial Automation & Robotics,"Automation - Industrial IoT, Connectivity",Secondary,,-0.02,0.4342,0.5211,
ZIM,Zim Integrated Shipping Services Ltd.,Transportation & Logistics,Transportation - Marine Shipping & Ports,Primary,,0.0039,0.1039,0.1237,
ZION,"Zions Bancorporation, N.A.",Financials - Traditional,"Fin Trad - Banks, Lending & Mortgage Finance",Primary,,-0.0562,-0.0081,0.1102,
ZM,"Zoom Communications, Inc.",Telecommunications,Telecom - Enterprise & Unified Communications,Primary,,0.0139,0.2773,0.1104,
ZM,"Zoom Communications, Inc.",Cloud Computing,Cloud - Horizontal SaaS & Cloud Applications,Secondary,,0.0139,0.2773,0.1104,
ZS,"Zscaler, Inc.",Cybersecurity,Cybersecurity - Application Security,Primary,,-0.0101,0.301,0.0628,
ZS,"Zscaler, Inc.",Cybersecurity,Cybersecurity - Cloud Security,Secondary,,-0.0101,0.301,0.0628,
ZTS,Zoetis Inc.,Healthcare & Biotech,Healthcare - Animal Health & Veterinary,Primary,,0.0534,0.0424,-0.0225,
ZTS,Zoetis Inc.,Commodities - Agriculture,Comm Agri - Livestock & Animal Protein,Secondary,,0.0534,0.0424,-0.0225,
