Ticker,Company Name,Theme,Sub Theme,Assignment,Market Cap,1W Price Change %,1M Price Change %,3M Price Change %,Sub Market Cap
A,"Agilent Technologies, Inc.",Nanotechnology,NanoTech - Research Tools & Advanced Instruments,Primary,43333.5311,0.0335,0.1072,0.3372,43333.5311
AA,Alcoa Corp,Commodities - Metals,Comm Metals - Industrial & Base Metals,Primary,13034.4873,-0.0449,0.1186,-0.3067,13034.4873
AAL,American Airlines Group Inc.,Transportation & Logistics,Transportation - Air Travel & Passenger Transportation,Primary,9022.6505,-0.0554,-0.0587,-0.0159,9022.6505
AAON,"AAON, Inc.",Industrials & Construction,Industrials - Building Products & HVAC,Primary,6274.7218,-0.1361,-0.2588,-0.4342,3764.8331
AAON,"AAON, Inc.",Cloud Computing,Cloud - Data Centers & Infrastructure,Secondary,6274.7218,-0.1361,-0.2588,-0.4342,2509.8887
AAPL,Apple Inc.,Hardware,"Hardware - Consumer Electronics, PCs & Peripherals",Primary,4529157.7678,0.0155,-0.0673,0.0058,2717494.6607
AAPL,Apple Inc.,Hardware,Hardware - Next-Gen & Specialty,Secondary,4529157.7678,0.0155,-0.0673,0.0058,1811663.1071
ABAT,American Battery Technology Co,Commodities - Metals,Comm Metals - Recycling & Circular Materials,Primary,327.3946,-0.0123,0.086,-0.257,196.4368
ABAT,American Battery Technology Co,Electric Vehicles & Mobility,EVs - Batteries & Materials,Secondary,327.3946,-0.0123,0.086,-0.257,130.9578
ABBV,Abbvie Inc.,Healthcare & Biotech,Healthcare - Oncology & Precision Cancer Therapeutics,Primary,467437.8448,0.0567,0.0199,0.2351,467437.8448
ABNB,"Airbnb, Inc.",Consumer Goods & Retail,Consumer - Resale & Sharing Platforms,Primary,112145.0965,0.0609,0.3481,0.4372,112145.0965
ABT,Abbott Laboratories,Healthcare & Biotech,"Healthcare - Digital Health, Telemedicine & Remote Care",Primary,201883.816,0.0571,0.1321,0.3443,121130.2896
ABT,Abbott Laboratories,Healthcare & Biotech,Healthcare - Medical Devices & HealthTech Hardware,Secondary,201883.816,0.0571,0.1321,0.3443,80753.5264
ACA,"Arcosa, Inc.",Industrials & Construction,Industrials - Construction Materials & Aggregates,Primary,7133.7464,0.0018,0.0019,0.2035,4280.2478
ACA,"Arcosa, Inc.",Energy - Renewable,Energy Clean - Wind,Secondary,7133.7464,0.0018,0.0019,0.2035,2853.4986
ACGL,Arch Capital Group Ltd.,Financials - Traditional,Fin Trad - Insurance & Reinsurance,Primary,34511.9136,0.034,-0.0215,0.0503,34511.9136
ACHR,Archer Aviation Inc.,Transportation & Logistics,Transportation - Air Travel & Passenger Transportation,Primary,4674.0628,-0.0501,0.2725,-0.0456,4674.0628
ACI,"Albertsons Companies, Inc.",E-commerce,E-commerce - Grocery & Local Commerce Platforms,Primary,6119.9567,0.0336,0.1432,-0.2104,3671.974
ACI,"Albertsons Companies, Inc.",Consumer Goods & Retail,"Consumer - Health, Food & Beverages",Secondary,6119.9567,0.0336,0.1432,-0.2104,2447.9827
ACIW,"Aci Worldwide, Inc.",FinTech & Digital Finance,FinTech - Digital Payments & Merchant Infrastructure,Primary,5291.0642,0.0054,-0.0693,0.2268,5291.0642
ACLS,Axcelis Technologies Inc,Semiconductors,"Semis - Equipment, Lithography & Deposition",Primary,3813.555,-0.1431,-0.0791,-0.2131,3813.555
ACM,Aecom,Business Services & Consulting,Consulting,Primary,8363.9804,0.0445,-0.0789,-0.0938,8363.9804
ACN,Accenture Plc,Business Services & Consulting,Consulting,Primary,114145.5608,0.0974,0.269,0.0532,114145.5608
ADBE,Adobe Inc.,Cloud Computing,Cloud - Horizontal SaaS & Cloud Applications,Primary,109817.3206,0.0875,0.2273,0.1287,65890.3924
ADBE,Adobe Inc.,E-commerce,E-commerce - Platforms,Secondary,109817.3206,0.0875,0.2273,0.1287,43926.9282
ADC,Agree Realty Corp,Real Estate & REITs,Real Estate - Retail & Consumer Real Estate,Primary,9276.2092,0.0005,-0.0719,-0.0013,9276.2092
ADI,Analog Devices Inc,Semiconductors,"Semis - Analog, Mixed-Signal & Power Management",Primary,180792.1032,-0.049,-0.0019,-0.0627,108475.2619
ADI,Analog Devices Inc,Hardware,Hardware - Industrial & IoT,Secondary,180792.1032,-0.049,-0.0019,-0.0627,72316.8413
ADM,Archer-Daniels-Midland Co,Agriculture & FoodTech,Agriculture - Agri-Food Processing & Distribution,Primary,37669.9628,-0.0324,-0.0845,0.0147,22601.9777
ADM,Archer-Daniels-Midland Co,Agriculture & FoodTech,Agriculture - Alternative Proteins,Secondary,37669.9628,-0.0324,-0.0845,0.0147,15067.9851
ADP,"Automatic Data Processing, Inc.",Cloud Computing,Cloud - Horizontal SaaS & Cloud Applications,Primary,112429.3311,0.0637,0.1316,0.2656,67457.5987
ADP,"Automatic Data Processing, Inc.",Business Services & Consulting,"Business Services - Outsourcing, Facilities & Testing",Secondary,112429.3311,0.0637,0.1316,0.2656,44971.7324
ADSK,"Autodesk, Inc.",Industrial Automation & Robotics,Automation - Industrial Software & Digital Twin,Primary,53719.5744,0.0529,0.213,0.0557,32231.7446
ADSK,"Autodesk, Inc.",Software,Software - Vertical SaaS Platforms,Secondary,53719.5744,0.0529,0.213,0.0557,21487.8298
ADT,Adt Inc.,Smart Home & IoT,Smart Home - Automation & Control Systems,Primary,5420.7497,0.0334,0.054,0.0734,3252.4498
ADT,Adt Inc.,Smart Home & IoT,Smart Home - Connected Devices & Appliances,Secondary,5420.7497,0.0334,0.054,0.0734,2168.2999
ADTN,"Adtran Holdings, Inc.",Hardware,Hardware - Communications & Telecom,Primary,628.2217,-0.1097,-0.2173,-0.508,628.2217
AEE,Ameren Corp,Energy - Traditional,Energy Base - Utilities & Conventional Power Operators,Primary,29666.5238,-0.0211,-0.0582,-0.0303,29666.5238
AEIS,Advanced Energy Industries Inc,Semiconductors,"Semis - Equipment, Lithography & Deposition",Primary,11000.6554,-0.2121,-0.0965,-0.1545,6600.3932
AEIS,Advanced Energy Industries Inc,Hardware,Hardware - Industrial & IoT,Secondary,11000.6554,-0.2121,-0.0965,-0.1545,4400.2622
AEM,Agnico Eagle Mines Ltd,Commodities - Metals,Comm Metals - Gold,Primary,110331.8399,0.1542,0.5013,0.2417,66199.1039
AEM,Agnico Eagle Mines Ltd,Commodities - Metals,Comm Metals - Precious Metals,Secondary,110331.8399,0.1542,0.5013,0.2417,44132.736
AEP,American Electric Power Co Inc,Energy - Traditional,Energy Base - Utilities & Conventional Power Operators,Primary,66405.5908,-0.036,-0.0932,-0.066,39843.3545
AEP,American Electric Power Co Inc,Energy - Traditional,Energy Base - Coal & Thermal Power Generation,Secondary,66405.5908,-0.036,-0.0932,-0.066,26562.2363
AES,Aes Corp,Energy - Renewable,Energy Clean - Wind,Primary,10523.2198,-0.0007,0.0059,0.0168,6313.9319
AES,Aes Corp,Artificial Intelligence,"AI - Compute, Edge & Acceleration",Secondary,10523.2198,-0.0007,0.0059,0.0168,4209.2879
AEVA,"Aeva Technologies, Inc.",Industrial Automation & Robotics,"Robotics - Autonomous Vehicles, Service & Mobility",Primary,1147.3567,-0.3069,0.1084,-0.3499,1147.3567
AFG,"American Financial Group, Inc.",Financials - Traditional,Fin Trad - Insurance & Reinsurance,Primary,11977.1768,-0.0147,0.0047,0.0633,11977.1768
AFL,Aflac Inc,Financials - Traditional,Fin Trad - Insurance & Reinsurance,Primary,59258.7763,-0.0181,-0.0542,0.0079,59258.7763
AFRM,"Affirm Holdings, Inc.",FinTech & Digital Finance,FinTech - Digital Payments & Merchant Infrastructure,Primary,25747.0008,0.0317,0.0947,0.1788,25747.0008
AG,First Majestic Silver Corp,Commodities - Metals,Comm Metals - Precious Metals,Primary,10267.2399,0.0644,0.2782,0.0718,10267.2399
AGCO,Agco Corp /De,Agriculture & FoodTech,Agriculture - Precision Agriculture & Farm Automation,Primary,7712.5941,0.1041,-0.0887,-0.0211,4627.5565
AGCO,Agco Corp /De,Industrial Automation & Robotics,"Robotics - Autonomous Vehicles, Service & Mobility",Secondary,7712.5941,0.1041,-0.0887,-0.0211,3085.0376
AGRO,Adecoagro S.A.,Commodities - Agriculture,"Comm Agri - Grains, Oilseeds & Softs",Primary,1624.9077,0.216,0.0643,-0.121,974.9446
AGRO,Adecoagro S.A.,Commodities - Agriculture,Comm Agri - Softs & Plantation Crops,Secondary,1624.9077,0.216,0.0643,-0.121,649.9631
AHR,"American Healthcare REIT, Inc.",Real Estate & REITs,Real Estate - Healthcare & Senior Living,Primary,12249.3509,0.0276,-0.0218,0.125,12249.3509
AI,"C3.Ai, Inc.",Big Data & Analytics,"Big Data - Analytics, AI Platforms & BI",Primary,1571.5921,0.0423,0.2405,0.0883,942.9553
AI,"C3.Ai, Inc.",Artificial Intelligence,"AI - Apps, Domain-Specific AI",Secondary,1571.5921,0.0423,0.2405,0.0883,628.6368
AIG,"American International Group, Inc.",Financials - Traditional,Fin Trad - Insurance & Reinsurance,Primary,40461.472,0.0207,-0.0212,0.011,40461.472
AIOT,"Powerfleet, Inc.",Electric Vehicles & Mobility,EVs - Autonomous Driving & Fleet,Primary,404.02,0.0451,-0.193,-0.1173,404.02
AIT,"Applied Industrial Technologies, Inc.",Industrials & Construction,Industrials - Distribution & Rental Services,Primary,12431.7375,-0.0558,-0.0226,0.1046,12431.7375
AIZ,"Assurant, Inc.",Financials - Traditional,Fin Trad - Insurance & Reinsurance,Primary,14195.8733,0.0238,0.0393,0.1333,14195.8733
AJG,Arthur J. Gallagher & Co.,Financials - Traditional,Fin Trad - Insurance & Reinsurance,Primary,69722.1861,0.0969,0.0978,0.3328,69722.1861
AKAM,Akamai Technologies Inc,Telecommunications,Telecom - Cloud & Edge Connectivity,Primary,15185.0974,-0.1408,-0.0842,-0.2823,9111.0584
AKAM,Akamai Technologies Inc,Cloud Computing,Cloud - Data Centers & Infrastructure,Secondary,15185.0974,-0.1408,-0.0842,-0.2823,6074.039
ALB,Albemarle Corp,Energy - Renewable,Energy Clean - Materials & Critical Metals,Primary,16698.895,0.0561,0.2321,-0.1731,10019.337
ALB,Albemarle Corp,Commodities - Metals,Comm Metals - Battery & Energy Transition Metals,Secondary,16698.895,0.0561,0.2321,-0.1731,6679.558
ALGM,"Allegro Microsystems, Inc.",Semiconductors,"Semis - Analog, Mixed-Signal & Power Management",Primary,6641.5051,-0.1948,-0.2259,-0.2246,3984.9031
ALGM,"Allegro Microsystems, Inc.",Electric Vehicles & Mobility,EVs - Key Suppliers & Autonomy Tech,Secondary,6641.5051,-0.1948,-0.2259,-0.2246,2656.602
ALGN,"Align Technology, Inc.",Healthcare & Biotech,Healthcare - Medical Devices & HealthTech Hardware,Primary,11340.8019,-0.0673,-0.0442,-0.0243,11340.8019
ALGT,Allegiant Travel Co,Transportation & Logistics,Transportation - Air Travel & Passenger Transportation,Primary,2231.5809,-0.0317,-0.1677,0.0164,2231.5809
ALK,"Alaska Air Group, Inc.",Transportation & Logistics,Transportation - Air Travel & Passenger Transportation,Primary,4638.2258,-0.0563,-0.0991,0.0053,4638.2258
ALL,Allstate Corp,Financials - Traditional,Fin Trad - Insurance & Reinsurance,Primary,65791.1106,0.0081,0.0008,0.2076,65791.1106
ALLE,Allegion Plc,Smart Home & IoT,Smart Home - Automation & Control Systems,Primary,13829.5329,0.0033,0.0604,0.252,8297.7197
ALLE,Allegion Plc,Smart Home & IoT,"Smart Home - Connectivity, Security & Networking",Secondary,13829.5329,0.0033,0.0604,0.252,5531.8132
ALLY,Ally Financial Inc.,FinTech & Digital Finance,FinTech - Digital Banking & Neobanks,Primary,12913.2772,-0.0266,-0.0041,0.0093,12913.2772
ALNY,"Alnylam Pharmaceuticals, Inc.",Healthcare & Biotech,Healthcare - Next-Gen Biotech Platforms,Primary,31580.2892,0.0508,-0.1316,-0.2066,31580.2892
ALRM,"Alarm.Com Holdings, Inc.",Smart Home & IoT,Smart Home - Automation & Control Systems,Primary,2826.6154,0.0469,0.112,0.3146,1695.9692
ALRM,"Alarm.Com Holdings, Inc.",Smart Home & IoT,"Smart Home - Connectivity, Security & Networking",Secondary,2826.6154,0.0469,0.112,0.3146,1130.6462
ALT,"Altimmune, Inc.",Healthcare & Biotech,Healthcare - Metabolic & Cardiometabolic,Primary,604.95,0.0367,0.1227,0.0724,604.95
ALV,"Autoliv, Inc.",Electric Vehicles & Mobility,EVs - Key Suppliers & Autonomy Tech,Primary,9021.3604,0.02,0.0484,0.0037,9021.3604
AM,Antero Midstream Corp,Energy - Traditional,Energy Base - Refining & Midstream Infrastructure,Primary,10509.2821,-0.0005,-0.0166,0.0091,6305.5693
AM,Antero Midstream Corp,Commodities - Energy,Comm Energy - Natural Gas & LNG,Secondary,10509.2821,-0.0005,-0.0166,0.0091,4203.7128
AMAT,Applied Materials Inc /De,Semiconductors,"Semis - Equipment, Lithography & Deposition",Primary,384427.2184,-0.0945,-0.0961,0.1216,230656.331
AMAT,Applied Materials Inc /De,Artificial Intelligence,"AI - Compute, Edge & Acceleration",Secondary,384427.2184,-0.0945,-0.0961,0.1216,153770.8874
AMBA,Ambarella Inc,Industrial Automation & Robotics,Automation - Industrial Sensors & Machine Vision,Primary,3070.773,-0.1087,0.0285,-0.2005,1842.4638
AMBA,Ambarella Inc,Industrial Automation & Robotics,Robotics - Sensors & Vision Systems,Secondary,3070.773,-0.1087,0.0285,-0.2005,1228.3092
AMCR,Amcor Plc,Industrials & Construction,Industrials - Packaging & Containers,Primary,22150.9819,0.0523,0.0757,0.2691,22150.9819
AMD,Advanced Micro Devices Inc,Semiconductors,Semis - Emerging Technologies,Primary,745624.8051,-0.0973,-0.1249,-0.023,447374.8831
AMD,Advanced Micro Devices Inc,Semiconductors,"Semis - Logic & CPUs, GPUs, Accelerators",Secondary,745624.8051,-0.0973,-0.1249,-0.023,298249.922
AME,Ametek Inc/,Hardware,Hardware - Industrial & IoT,Primary,55556.8777,-0.0466,0.0015,0.0809,33334.1266
AME,Ametek Inc/,Industrial Automation & Robotics,Automation - Industrial Sensors & Machine Vision,Secondary,55556.8777,-0.0466,0.0015,0.0809,22222.7511
AMG,"Affiliated Managers Group, Inc.",Financials - Traditional,"Fin Trad - Asset Management, Custody & Alternatives",Primary,9282.1644,-0.0335,0.0018,0.1887,9282.1644
AMGN,Amgen Inc,Healthcare & Biotech,Healthcare - Metabolic & Cardiometabolic,Primary,239954.1071,0.0645,0.1872,0.3157,143972.4643
AMGN,Amgen Inc,Healthcare & Biotech,Healthcare - Oncology & Precision Cancer Therapeutics,Secondary,239954.1071,0.0645,0.1872,0.3157,95981.6428
AMH,American Homes 4 Rent,Real Estate & REITs,"Real Estate - Housing, Urban Living & Demographics",Primary,12525.1613,0.0351,0.0432,0.0895,12525.1613
AMKR,"Amkor Technology, Inc.",Semiconductors,"Semis - Testing, Packaging & Assembly",Primary,11900.8738,-0.2186,-0.2626,-0.2707,11900.8738
AMP,"Ameriprise Financial, Inc.",Financials - Traditional,"Fin Trad - Asset Management, Custody & Alternatives",Primary,49566.4196,-0.0009,0.0643,0.2445,49566.4196
AMR,"Alpha Metallurgical Resources, Inc.",Energy - Traditional,Energy Base - Coal & Thermal Power Generation,Primary,2661.7118,0.2421,0.4687,0.1975,2661.7118
AMSC,American Superconductor Corp /De/,Energy - Renewable,Energy Clean - Wind,Primary,1400.9468,-0.0999,-0.0524,-0.4421,1400.9468
AMT,American Tower Corp /Ma/,Telecommunications,Telecom - Infrastructure & Equipment,Primary,83122.6127,0.0358,0.0703,-0.0204,49873.5676
AMT,American Tower Corp /Ma/,Real Estate & REITs,Real Estate - Digital Infrastructure,Secondary,83122.6127,0.0358,0.0703,-0.0204,33249.0451
AMTX,"Aemetis, Inc",Commodities - Energy,Comm Energy - Biofuels & Renewable Fuels,Primary,136.4005,0.05,0.1217,-0.2948,81.8403
AMTX,"Aemetis, Inc",Energy - Renewable,Energy Clean - Fuels & Bioenergy,Secondary,136.4005,0.05,0.1217,-0.2948,54.5602
AMWL,American Well Corp,Healthcare & Biotech,"Healthcare - Digital Health, Telemedicine & Remote Care",Primary,202.7444,-0.034,0.1027,0.4975,202.7444
AMZN,Amazon Com Inc,Cloud Computing,Cloud - Hyperscalers & Platforms,Primary,2826769.2768,0.0029,0.1291,-0.016,1696061.5661
AMZN,Amazon Com Inc,E-commerce,"E-commerce - Omnichannel Retailers, Online & Physical Stores",Secondary,2826769.2768,0.0029,0.1291,-0.016,1130707.7107
AN,"Autonation, Inc.",E-commerce,"E-commerce - Omnichannel Retailers, Online & Physical Stores",Primary,6451.1552,-0.048,-0.0627,0.0271,6451.1552
ANDE,"Andersons, Inc.",Agriculture & FoodTech,Agriculture - Agri-Food Processing & Distribution,Primary,2234.2336,-0.0453,-0.1538,-0.0691,1340.5402
ANDE,"Andersons, Inc.",Commodities - Agriculture,"Comm Agri - Grains, Oilseeds & Softs",Secondary,2234.2336,-0.0453,-0.1538,-0.0691,893.6934
ANET,"Arista Networks, Inc.",Hardware,Hardware - Communications & Telecom,Primary,237299.4098,-0.0676,0.0814,0.2215,142379.6459
ANET,"Arista Networks, Inc.",Hardware,Hardware - Networking Equipment,Secondary,237299.4098,-0.0676,0.0814,0.2215,94919.7639
ANF,Abercrombie & Fitch Co /De/,Consumer Goods & Retail,Consumer - Apparel & E-Commerce Retail,Primary,4992.347,0.0685,0.1977,0.4543,4992.347
AON,Aon Plc,Financials - Traditional,Fin Trad - Insurance & Reinsurance,Primary,76174.2446,0.0342,-0.0049,0.1082,76174.2446
AOS,Smith A O Corp,Environmental Sustainability,Environmental - Water Infrastructure & Treatment,Primary,8524.1859,0.0215,0.0382,0.1016,8524.1859
APA,Apa Corp,Energy - Traditional,Energy Base - Oil & Gas Exploration & Production,Primary,15051.1005,0.0332,0.1884,0.115,15051.1005
APD,"Air Products & Chemicals, Inc.",Energy - Renewable,Energy Clean - Hydrogen & Fuel Cells,Primary,68195.2145,0.0179,0.0281,0.0645,68195.2145
APG,APi Group Corp,Industrials & Construction,Industrials - Engineering & Construction,Primary,17597.5678,-0.0894,0.0291,-0.0219,10558.5407
APG,APi Group Corp,Industrials & Construction,Industrials - Building Products & HVAC,Secondary,17597.5678,-0.0894,0.0291,-0.0219,7039.0271
APH,Amphenol Corp /De/,Hardware,Hardware - Communications & Telecom,Primary,191790.5805,-0.0897,0.0189,0.1797,191790.5805
APO,"Apollo Global Management, Inc.",Financials - Traditional,"Fin Trad - Asset Management, Custody & Alternatives",Primary,78418.2221,-0.0088,0.0876,0.0377,78418.2221
APP,Applovin Corp,Artificial Intelligence,"AI - Ads, Search & Recommendations",Primary,100308.1803,-0.0429,-0.2383,-0.3801,60184.9082
APP,Applovin Corp,Digital Entertainment & Media,Entertainment - Advertising & Social Platforms,Secondary,100308.1803,-0.0429,-0.2383,-0.3801,40123.2721
APPF,Appfolio Inc,Software,Software - Vertical SaaS Platforms,Primary,7972.3651,0.1487,0.3638,0.3649,7972.3651
APTV,Aptiv Plc,Industrial Automation & Robotics,"Robotics - Autonomous Vehicles, Service & Mobility",Primary,9829.3619,-0.054,-0.1629,-0.1747,5897.6171
APTV,Aptiv Plc,Transportation & Logistics,Transportation - Infrastructure & Equipment,Secondary,9829.3619,-0.054,-0.1629,-0.1747,3931.7448
AR,Antero Resources Corp,Commodities - Energy,Comm Energy - Natural Gas & LNG,Primary,11651.9386,0.0412,0.0743,0.0313,11651.9386
ARAY,Accuray Inc,Industrial Automation & Robotics,Robotics - Medical & Surgical Robotics,Primary,32.4381,-0.177,0.1317,-0.1239,32.4381
ARCB,Arcbest Corp /De/,Transportation & Logistics,"Transportation - Trucking, LTL & Ground Freight",Primary,3005.1395,-0.0783,-0.1279,0.0803,3005.1395
ARCT,Arcturus Therapeutics Holdings Inc.,Nanotechnology,NanoTech - Nanomedicine & Drug Delivery,Primary,407.5868,0.7617,1.5931,1.0398,407.5868
ARE,"Alexandria Real Estate Equities, Inc.",Real Estate & REITs,Real Estate - Office & Commercial Workspaces,Primary,9300.0289,0.1513,0.0609,0.1319,9300.0289
AREC,American Resources Corp,Commodities - Metals,Comm Metals - Rare Earth & Strategic Materials,Primary,268.4979,-0.1492,0.4649,0.18,268.4979
ARES,Ares Management Corp,Financials - Traditional,"Fin Trad - Asset Management, Custody & Alternatives",Primary,31574.8204,-0.0094,0.1067,0.1367,31574.8204
ARLO,"Arlo Technologies, Inc.",Smart Home & IoT,Smart Home - Connected Devices & Appliances,Primary,1408.6582,-0.0452,0.0171,-0.0053,845.1949
ARLO,"Arlo Technologies, Inc.",Smart Home & IoT,"Smart Home - Connectivity, Security & Networking",Secondary,1408.6582,-0.0452,0.0171,-0.0053,563.4633
ARLP,Alliance Resource Partners Lp,Energy - Traditional,Energy Base - Coal & Thermal Power Generation,Primary,3394.0191,0.0174,0.0935,0.086,3394.0191
ARM,Arm Holdings Plc /Uk,Semiconductors,Semis - EDA Tools & Design Software,Primary,255016.697,-0.1203,-0.0817,-0.221,153010.0182
ARM,Arm Holdings Plc /Uk,Semiconductors,"Semis - Logic & CPUs, GPUs, Accelerators",Secondary,255016.697,-0.1203,-0.0817,-0.221,102006.6788
ARMK,Aramark,Business Services & Consulting,"Business Services - Outsourcing, Facilities & Testing",Primary,15587.887,-0.0389,0.0388,0.1588,15587.887
ARQQ,Arqit Quantum Inc.,Semiconductors,Semis - Emerging Technologies,Primary,350.3105,-0.1733,0.209,0.1509,350.3105
ARW,"Arrow Electronics, Inc.",Industrials & Construction,Industrials - Distribution & Rental Services,Primary,10274.7504,-0.084,-0.0491,-0.0713,6164.8502
ARW,"Arrow Electronics, Inc.",Hardware,Hardware - Data Center Infrastructure & Servers,Secondary,10274.7504,-0.084,-0.0491,-0.0713,4109.9002
ARWR,"Arrowhead Pharmaceuticals, Inc.",Healthcare & Biotech,Healthcare - Genomics & Personalized Medicine,Primary,12251.0004,-0.0222,0.0132,0.1572,12251.0004
ASAN,"Asana, Inc.",Cloud Computing,Cloud - Horizontal SaaS & Cloud Applications,Primary,2249.776,0.1053,0.4227,0.4743,2249.776
ASB,Associated Banc-Corp,Financials - Traditional,"Fin Trad - Banks, Lending & Mortgage Finance",Primary,5835.4544,-0.0362,0.0029,0.1128,5835.4544
ASH,Ashland Inc.,Industrials & Construction,Industrials - Chemicals & Advanced Materials,Primary,3375.4293,-0.0062,0.1101,0.2978,3375.4293
ASML,Asml Holding Nv,Semiconductors,"Semis - Equipment, Lithography & Deposition",Primary,668383.9349,-0.0759,-0.0084,0.067,401030.3609
ASML,Asml Holding Nv,Hardware,Hardware - Next-Gen & Specialty,Secondary,668383.9349,-0.0759,-0.0084,0.067,267353.574
ASPN,Aspen Aerogels Inc,Nanotechnology,NanoTech - Energy & Environment,Primary,415.7738,-0.1392,0.0728,-0.1347,415.7738
ASTS,"Ast Spacemobile, Inc.",Telecommunications,Telecom - Satellite & Space Communication,Primary,18691.8627,-0.1236,0.1094,-0.411,11215.1176
ASTS,"Ast Spacemobile, Inc.",Space Tech,"Space - Infrastructure, Exploration & Launch",Secondary,18691.8627,-0.1236,0.1094,-0.411,7476.7451
ASX,"Ase Technology Holding Co., Ltd.",Semiconductors,"Semis - Testing, Packaging & Assembly",Primary,94356.8381,-0.092,-0.0163,0.0516,94356.8381
ATAI,Atai Life Sciences N.V.,Healthcare & Biotech,"Healthcare - Regenerative Medicine, Psychedelics, Cannabis",Primary,2736.9813,0.0193,0.0279,0.7083,2736.9813
ATI,Ati Inc,Defense & Aerospace,Defense - Secure Defense Supply Chains,Primary,28569.9077,-0.0948,0.0607,0.2928,28569.9077
ATLX,Atlas Lithium Corp,Commodities - Metals,Comm Metals - Battery & Energy Transition Metals,Primary,100.8343,0.0772,0.2007,-0.2005,100.8343
ATO,Atmos Energy Corp,Energy - Traditional,Energy Base - Utilities & Conventional Power Operators,Primary,28359.6602,-0.0122,-0.0636,-0.0508,17015.7961
ATO,Atmos Energy Corp,Commodities - Energy,Comm Energy - Natural Gas & LNG,Secondary,28359.6602,-0.0122,-0.0636,-0.0508,11343.8641
ATOM,Atomera Inc,Nanotechnology,NanoTech - Research Tools & Advanced Instruments,Primary,176.3887,-0.1661,-0.1274,-0.5108,176.3887
ATR,"Aptargroup, Inc.",Industrials & Construction,Industrials - Packaging & Containers,Primary,8567.5571,0.0228,0.0217,0.1634,5140.5343
ATR,"Aptargroup, Inc.",Nanotechnology,NanoTech - Nanomedicine & Drug Delivery,Secondary,8567.5571,0.0228,0.0217,0.1634,3427.0228
AU,Anglogold Ashanti Plc,Commodities - Metals,Comm Metals - Gold,Primary,60930.0229,0.2171,0.5216,0.3538,60930.0229
AUID,Authid Inc.,Cybersecurity,"Cybersecurity - Identity, Biometrics & Access Management",Primary,7.6562,0.1447,-0.3878,-0.6086,7.6562
AUR,"Aurora Innovation, Inc.",Industrial Automation & Robotics,"Robotics - Autonomous Vehicles, Service & Mobility",Primary,11403.6436,-0.1836,-0.0437,-0.1952,6842.1862
AUR,"Aurora Innovation, Inc.",Transportation & Logistics,Transportation - Urban Mobility & Emerging Transport Tech,Secondary,11403.6436,-0.1836,-0.0437,-0.1952,4561.4574
AVAV,Aerovironment Inc,Defense & Aerospace,Defense - Drones & Anti-Drone Systems,Primary,7531.9114,-0.1818,-0.0088,-0.1494,7531.9114
AVGO,Broadcom Inc.,Semiconductors,"Semis - Logic & CPUs, GPUs, Accelerators",Primary,1706829.5183,-0.0858,-0.0606,-0.1324,1024097.711
AVGO,Broadcom Inc.,Semiconductors,Semis - Wireless & Connectivity,Secondary,1706829.5183,-0.0858,-0.0606,-0.1324,682731.8073
AVNT,Avient Corp,Industrials & Construction,Industrials - Chemicals & Advanced Materials,Primary,4074.1822,-0.0214,0.1814,0.3044,4074.1822
AVT,"Avnet, Inc.",Industrials & Construction,Industrials - Distribution & Rental Services,Primary,7079.6153,-0.1254,-0.0353,0.0079,4247.7692
AVT,"Avnet, Inc.",Hardware,Hardware - Data Center Infrastructure & Servers,Secondary,7079.6153,-0.1254,-0.0353,0.0079,2831.8461
AVTR,"Avantor, Inc.",Nanotechnology,NanoTech - Research Tools & Advanced Instruments,Primary,9644.8772,0.0563,0.2465,0.7562,5786.9263
AVTR,"Avantor, Inc.",Healthcare & Biotech,Healthcare - Next-Gen Biotech Platforms,Secondary,9644.8772,0.0563,0.2465,0.7562,3857.9509
AVY,Avery Dennison Corp,Industrials & Construction,Industrials - Packaging & Containers,Primary,13921.524,0.04,0.1416,0.1579,8352.9144
AVY,Avery Dennison Corp,Industrial Automation & Robotics,"Automation - Industrial IoT, Connectivity",Secondary,13921.524,0.04,0.1416,0.1579,5568.6096
AWK,"American Water Works Company, Inc.",Environmental Sustainability,Environmental - Water Infrastructure & Treatment,Primary,27804.1736,0.0414,0.0459,0.1249,27804.1736
AWR,American States Water Co,Environmental Sustainability,Environmental - Water Infrastructure & Treatment,Primary,3610.8055,0.0368,0.0608,0.196,3610.8055
AWRE,Aware Inc /Ma/,Cybersecurity,"Cybersecurity - Identity, Biometrics & Access Management",Primary,27.2658,0.0684,0.1468,0.0,27.2658
AXON,"Axon Enterprise, Inc.",Defense & Aerospace,Defense - Cyber Defense & Electronic Warfare,Primary,48546.669,-0.0111,0.1896,0.5482,29128.0014
AXON,"Axon Enterprise, Inc.",Defense & Aerospace,Defense - Secure Defense Supply Chains,Secondary,48546.669,-0.0111,0.1896,0.5482,19418.6676
AXP,American Express Co,FinTech & Digital Finance,FinTech - Digital Payments & Merchant Infrastructure,Primary,227802.2569,0.0033,0.0342,0.0849,227802.2569
AXTA,Axalta Coating Systems Ltd.,Industrials & Construction,Industrials - Chemicals & Advanced Materials,Primary,7717.5614,-0.0014,0.1007,0.2341,7717.5614
AYI,Acuity Inc.,Industrials & Construction,Industrials - Building Products & HVAC,Primary,10076.0057,-0.0661,0.0195,0.1711,6045.6034
AYI,Acuity Inc.,Smart Home & IoT,Smart Home - Automation & Control Systems,Secondary,10076.0057,-0.0661,0.0195,0.1711,4030.4023
AZN,Astrazeneca Plc,Healthcare & Biotech,Healthcare - Oncology & Precision Cancer Therapeutics,Primary,258548.1891,0.0626,-0.0151,-0.1086,258548.1891
AZO,Autozone Inc,E-commerce,"E-commerce - Omnichannel Retailers, Online & Physical Stores",Primary,49130.1754,-0.0033,0.0176,-0.1166,49130.1754
B,Barrick Mining Corporation,Commodities - Metals,Comm Metals - Gold,Primary,79265.7934,0.1326,0.2978,0.1889,47559.476
B,Barrick Mining Corporation,Commodities - Metals,Comm Metals - Precious Metals,Secondary,79265.7934,0.1326,0.2978,0.1889,31706.3174
BA,Boeing Co,Defense & Aerospace,Defense - Next-Generation Aircraft & Maintenance,Primary,166341.2797,-0.0686,0.0045,-0.0391,99804.7678
BA,Boeing Co,Defense & Aerospace,Defense - Secure Defense Supply Chains,Secondary,166341.2797,-0.0686,0.0045,-0.0391,66536.5119
BABA,Alibaba Group Holding Ltd,Cloud Computing,Cloud - Hyperscalers & Platforms,Primary,283957.6201,-0.05,0.0564,-0.0803,283957.6201
BAC,Bank Of America Corp,Financials - Traditional,"Fin Trad - Banks, Lending & Mortgage Finance",Primary,435858.0184,-0.0244,0.0045,0.2095,435858.0184
BAH,Booz Allen Hamilton Holding Corp,Defense & Aerospace,Defense - Cyber Defense & Electronic Warfare,Primary,9047.8358,0.0033,0.045,-0.0295,9047.8358
BALL,Ball Corp,Environmental Sustainability,Environmental - Waste Management & Recycling,Primary,17052.1898,0.053,0.0091,0.1442,17052.1898
BALY,Bally'S Corp,Digital Entertainment & Media,Entertainment - iGaming & Online Gambling,Primary,467.3478,-0.1018,-0.3251,-0.2985,467.3478
BAX,Baxter International Inc,Healthcare & Biotech,Healthcare - Senior Care & Longevity,Primary,13695.2239,0.0224,0.1826,0.3818,13695.2239
BB,Blackberry Ltd,Smart Home & IoT,"Smart Home & IoT - Devices, Sensors & Connectivity",Primary,4483.6684,-0.1237,-0.1042,-0.0329,4483.6684
BBAI,"Bigbear.Ai Holdings, Inc.",Industrial Automation & Robotics,"Robotics - Autonomous Vehicles, Service & Mobility",Primary,1472.0481,-0.0436,0.1123,-0.2656,883.2289
BBAI,"Bigbear.Ai Holdings, Inc.",Artificial Intelligence,"AI - Apps, Domain-Specific AI",Secondary,1472.0481,-0.0436,0.1123,-0.2656,588.8192
BBWI,"Bath & Body Works, Inc.",Consumer Goods & Retail,Consumer - Household & Personal Care,Primary,3863.94,0.0296,-0.0268,0.1028,3863.94
BBY,Best Buy Co Inc,E-commerce,"E-commerce - Omnichannel Retailers, Online & Physical Stores",Primary,18437.9089,0.0239,0.024,0.4383,11062.7453
BBY,Best Buy Co Inc,E-commerce,E-commerce - Retail Media & Advertising,Secondary,18437.9089,0.0239,0.024,0.4383,7375.1636
BC,Brunswick Corp,Consumer Goods & Retail,Consumer - Modern Luxury & Lifestyle,Primary,5264.791,-0.0074,0.0222,0.009,5264.791
BCO,Brink's Co,Business Services & Consulting,"Business Services - Outsourcing, Facilities & Testing",Primary,4644.3963,0.0135,-0.0736,0.0789,4644.3963
BDC,Belden Inc.,Hardware,Hardware - Networking Equipment,Primary,4562.7697,-0.1514,0.1362,0.1017,2737.6618
BDC,Belden Inc.,Industrial Automation & Robotics,Automation - Industrial Software & Digital Twin,Secondary,4562.7697,-0.1514,0.1362,0.1017,1825.1079
BDX,Becton Dickinson & Co,Healthcare & Biotech,Healthcare - Medical Devices & HealthTech Hardware,Primary,51955.0597,0.0475,0.2199,0.3011,51955.0597
BE,Bloom Energy Corp,Energy - Renewable,Energy Clean - Hydrogen & Fuel Cells,Primary,60089.4704,-0.1212,0.1035,-0.3255,60089.4704
BEAM,Beam Therapeutics Inc.,Healthcare & Biotech,Healthcare - Next-Gen Biotech Platforms,Primary,2926.1395,0.0454,0.1287,-0.0108,2926.1395
BEEM,Beam Global,Electric Vehicles & Mobility,EVs - Charging & Infrastructure,Primary,31.7483,0.2544,0.4158,0.0,19.049
BEEM,Beam Global,Electric Vehicles & Mobility,EVs - Autonomous Driving & Fleet,Secondary,31.7483,0.2544,0.4158,0.0,12.6993
BEN,"Franklin Resources, Inc.",Financials - Traditional,"Fin Trad - Asset Management, Custody & Alternatives",Primary,17589.6221,0.0126,0.0656,0.1273,17589.6221
BEP,Brookfield Renewable Partners L.P.,Energy - Renewable,Energy Clean - Solar,Primary,9708.6106,-0.0607,-0.0232,-0.0796,5825.1664
BEP,Brookfield Renewable Partners L.P.,Energy - Renewable,Energy Clean - Wind,Secondary,9708.6106,-0.0607,-0.0232,-0.0796,3883.4442
BEPC,Brookfield Renewable Corp,Environmental Sustainability,Environmental - Climate Technologies & Carbon Solutions,Primary,6102.5039,-0.0632,-0.0194,-0.1145,3661.5023
BEPC,Brookfield Renewable Corp,Environmental Sustainability,Environmental - Sustainable Agriculture & Resource Management,Secondary,6102.5039,-0.0632,-0.0194,-0.1145,2441.0016
BF.B,Brown-Forman Corp,Consumer Goods & Retail,"Consumer - Health, Food & Beverages",Primary,,,,,
BG,Bunge Global Sa,Agriculture & FoodTech,Agriculture - Agri-Food Processing & Distribution,Primary,21163.8433,-0.0353,-0.0878,-0.0816,12698.306
BG,Bunge Global Sa,Commodities - Agriculture,"Comm Agri - Grains, Oilseeds & Softs",Secondary,21163.8433,-0.0353,-0.0878,-0.0816,8465.5373
BHF,"Brighthouse Financial, Inc.",Financials - Traditional,Fin Trad - Insurance & Reinsurance,Primary,2984.8502,-0.0689,-0.1791,-0.1692,2984.8502
BHP,Bhp Group Ltd,Energy - Renewable,Energy Clean - Materials & Critical Metals,Primary,246718.1139,0.0991,0.1602,0.1481,148030.8683
BHP,Bhp Group Ltd,Commodities - Metals,Comm Metals - Industrial & Base Metals,Secondary,246718.1139,0.0991,0.1602,0.1481,98687.2456
BIDU,"Baidu, Inc.",Artificial Intelligence,"AI - Ads, Search & Recommendations",Primary,31266.2145,-0.1147,-0.1249,-0.2787,18759.7287
BIDU,"Baidu, Inc.",Artificial Intelligence,"AI - Apps, Domain-Specific AI",Secondary,31266.2145,-0.1147,-0.1249,-0.2787,12506.4858
BIIB,Biogen Inc.,Healthcare & Biotech,Healthcare - Age-Related & Longevity Therapeutics,Primary,32228.1013,0.0429,0.0788,0.1257,32228.1013
BILL,"Bill Holdings, Inc.",FinTech & Digital Finance,FinTech - Digital Payments & Merchant Infrastructure,Primary,4796.5784,-0.007,0.1069,0.3326,4796.5784
BIO,"Bio-Rad Laboratories, Inc.",Healthcare & Biotech,"Healthcare - Diagnostics, Biomarkers & Liquid Biopsy",Primary,10207.5659,0.0747,0.214,0.3268,10207.5659
BIOX,Bioceres Crop Solutions Corp.,Agriculture & FoodTech,Agriculture - Agricultural Inputs & Crop Science,Primary,26.2921,-0.0572,0.2012,-0.0048,26.2921
BIRD,"Allbirds, Inc.",E-commerce,E-commerce - Direct-to-Consumer,Primary,21.2226,0.1112,0.1203,-0.2823,21.2226
BJ,"BJ's Wholesale Club Holdings, Inc.",E-commerce,"E-commerce - Omnichannel Retailers, Online & Physical Stores",Primary,12576.5805,0.043,0.0597,0.1368,7545.9483
BJ,"BJ's Wholesale Club Holdings, Inc.",E-commerce,E-commerce - Grocery & Local Commerce Platforms,Secondary,12576.5805,0.043,0.0597,0.1368,5030.6322
BKD,Brookdale Senior Living Inc.,Healthcare & Biotech,Healthcare - Senior Care & Longevity,Primary,2894.4651,-0.009,-0.2,-0.0887,2894.4651
BKH,Black Hills Corp,Energy - Traditional,Energy Base - Utilities & Conventional Power Operators,Primary,5492.5137,-0.0185,-0.0342,-0.0212,3295.5082
BKH,Black Hills Corp,Commodities - Energy,Comm Energy - Natural Gas & LNG,Secondary,5492.5137,-0.0185,-0.0342,-0.0212,2197.0055
BKKT,"Bakkt Holdings, Inc.",Crypto & Blockchain,"Blockchain - Platforms, Tokenization & Financial Services",Primary,368.6682,0.1489,0.0995,-0.3114,368.6682
BKNG,Booking Holdings Inc.,Consumer Goods & Retail,Consumer - Resale & Sharing Platforms,Primary,160314.5439,0.042,0.2023,0.3281,96188.7263
BKNG,Booking Holdings Inc.,Real Estate & REITs,"Real Estate - Travel, Leisure & Entertainment Properties",Secondary,160314.5439,0.042,0.2023,0.3281,64125.8176
BKR,Baker Hughes Co,Energy - Traditional,Energy Base - Oilfield Services & Equipment,Primary,61530.9029,-0.0449,0.0867,-0.0582,61530.9029
BKSY,Blacksky Technology Inc.,Defense & Aerospace,Defense - Space Technology & Satellite Services,Primary,1047.2668,-0.1683,0.1864,-0.4654,628.3601
BKSY,Blacksky Technology Inc.,Space Tech,Space - Data Analytics & Earth Observation,Secondary,1047.2668,-0.1683,0.1864,-0.4654,418.9067
BKYI,Bio Key International Inc,Cybersecurity,"Cybersecurity - Identity, Biometrics & Access Management",Primary,4.2659,-0.0541,-0.3473,-0.3747,4.2659
BLD,Topbuild Corp,Industrials & Construction,Industrials - Building Products & HVAC,Primary,9935.5501,,,,9935.5501
BLDP,Ballard Power Systems Inc.,Energy - Renewable,Energy Clean - Hydrogen & Fuel Cells,Primary,690.4499,-0.1192,-0.2103,-0.5866,690.4499
BLDR,"Builders Firstsource, Inc.",Industrials & Construction,Industrials - Building Products & HVAC,Primary,7555.4233,0.0001,-0.0362,-0.053,4533.254
BLDR,"Builders Firstsource, Inc.",Industrials & Construction,Industrials - Distribution & Rental Services,Secondary,7555.4233,0.0001,-0.0362,-0.053,3022.1693
BLK,"Blackrock, Inc.",Financials - Traditional,"Fin Trad - Asset Management, Custody & Alternatives",Primary,181601.2395,0.0222,0.1108,0.099,108960.7437
BLK,"Blackrock, Inc.",Crypto & Blockchain,"Blockchain - Platforms, Tokenization & Financial Services",Secondary,181601.2395,0.0222,0.1108,0.099,72640.4958
BLKB,Blackbaud Inc,Software,Software - Vertical SaaS Platforms,Primary,2181.9019,0.1079,0.4696,0.6256,2181.9019
BLNK,Blink Charging Co.,Electric Vehicles & Mobility,EVs - Charging & Infrastructure,Primary,84.7457,0.0046,0.118,-0.287,84.7457
BMBL,Bumble Inc.,Digital Entertainment & Media,Entertainment - Advertising & Social Platforms,Primary,376.1097,0.0962,0.0142,-0.0836,376.1097
BMRN,Biomarin Pharmaceutical Inc.,Healthcare & Biotech,Healthcare - Genomics & Personalized Medicine,Primary,12595.8444,-0.0236,0.0967,0.203,12595.8444
BMY,Bristol Myers Squibb Co,Healthcare & Biotech,Healthcare - Oncology & Precision Cancer Therapeutics,Primary,137433.8396,0.041,0.0836,0.1443,82460.3038
BMY,Bristol Myers Squibb Co,Healthcare & Biotech,Healthcare - Age-Related & Longevity Therapeutics,Secondary,137433.8396,0.041,0.0836,0.1443,54973.5358
BNED,"Barnes & Noble Education, Inc.",Education Technology,Education - Digital Curriculum,Primary,430.1924,0.0455,0.0446,0.3105,430.1924
BNTX,Biontech Se,Healthcare & Biotech,Healthcare - Next-Gen Biotech Platforms,Primary,28340.8765,0.2317,0.263,0.2244,17004.5259
BNTX,Biontech Se,Healthcare & Biotech,Healthcare - Oncology & Precision Cancer Therapeutics,Secondary,28340.8765,0.2317,0.263,0.2244,11336.3506
BNY,BNY Mellon Corp,Financials - Traditional,"Fin Trad - Asset Management, Custody & Alternatives",Primary,110012.6612,-0.013,0.0244,0.1699,110012.6612
BODI,"Beachbody Company, Inc.",Healthcare & Biotech,Healthcare - Healthy Aging & Nutrition,Primary,44.364,-0.0484,-0.4413,-0.4303,44.364
BP,Bp Plc,Energy - Traditional,Energy Base - Integrated Energy Majors,Primary,112645.476,0.0208,0.0104,-0.0019,67587.2856
BP,Bp Plc,Commodities - Energy,Comm Energy - Crude Oil,Secondary,112645.476,0.0208,0.0104,-0.0019,45058.1904
BR,"Broadridge Financial Solutions, Inc.",FinTech & Digital Finance,FinTech - Exchanges & Market Infrastructure,Primary,21145.3421,0.1049,0.2453,0.2407,12687.2053
BR,"Broadridge Financial Solutions, Inc.",Big Data & Analytics,"Big Data - Data Generation, Sourcing & Providers",Secondary,21145.3421,0.1049,0.2453,0.2407,8458.1368
BRBR,"Bellring Brands, Inc.",Consumer Goods & Retail,"Consumer - Health, Food & Beverages",Primary,1261.6184,0.0658,-0.1622,0.2177,1261.6184
BRK-B,Berkshire Hathaway Inc.,Conglomerates & Diversified Holdings,Diversified Holdings & Multi-Industry Conglomerates,Primary,1079602.779,0.0122,0.019,0.0369,1079602.779
BRKR,Bruker Corp,Nanotechnology,NanoTech - Research Tools & Advanced Instruments,Primary,8681.4338,-0.012,-0.0574,0.2482,8681.4338
BRO,"Brown & Brown, Inc.",Financials - Traditional,Fin Trad - Insurance & Reinsurance,Primary,24968.6258,0.0836,0.1054,0.2935,24968.6258
BROS,Dutch Bros Inc.,Consumer Goods & Retail,Consumer - Restaurants & Dining,Primary,7166.0246,0.0303,-0.1883,-0.0033,7166.0246
BRX,Brixmor Property Group Inc.,Real Estate & REITs,Real Estate - Retail & Consumer Real Estate,Primary,9077.2831,-0.006,-0.0882,-0.0313,9077.2831
BRZE,"Braze, Inc.",Software,"Software - Collaboration, CRM & Communications",Primary,3541.1397,0.1249,0.4449,0.2912,3541.1397
BSX,Boston Scientific Corp,Healthcare & Biotech,Healthcare - Medical Devices & HealthTech Hardware,Primary,71026.7366,-0.0471,0.1076,-0.1518,42616.042
BSX,Boston Scientific Corp,Healthcare & Biotech,Healthcare - Senior Care & Longevity,Secondary,71026.7366,-0.0471,0.1076,-0.1518,28410.6946
BSY,Bentley Systems Inc,Industrial Automation & Robotics,Automation - Industrial Software & Digital Twin,Primary,11382.8601,0.0846,0.2,0.1386,6829.7161
BSY,Bentley Systems Inc,Software,Software - Vertical SaaS Platforms,Secondary,11382.8601,0.0846,0.2,0.1386,4553.144
BTDR,Bitdeer Technologies Group,Crypto & Blockchain,Blockchain - Cryptocurrency Mining & Staking,Primary,2965.1443,0.1619,-0.0562,-0.2553,2965.1443
BTU,Peabody Energy Corp,Energy - Traditional,Energy Base - Coal & Thermal Power Generation,Primary,3401.01,0.0768,0.2275,0.14,3401.01
BURL,"Burlington Stores, Inc.",E-commerce,"E-commerce - Omnichannel Retailers, Online & Physical Stores",Primary,20811.2119,-0.0184,-0.0552,0.0189,12486.7271
BURL,"Burlington Stores, Inc.",Consumer Goods & Retail,Consumer - Apparel & E-Commerce Retail,Secondary,20811.2119,-0.0184,-0.0552,0.0189,8324.4848
BVN,Buenaventura Mining Co Inc,Commodities - Metals,Comm Metals - Precious Metals,Primary,8940.3379,0.0365,0.1388,0.052,8940.3379
BWA,Borgwarner Inc,Electric Vehicles & Mobility,EVs - Key Suppliers & Autonomy Tech,Primary,13107.9667,-0.0793,-0.0005,-0.0199,13107.9667
BWXT,"Bwx Technologies, Inc.",Energy - Traditional,Energy Base - Nuclear Power & Advanced Reactors,Primary,13699.3188,-0.127,-0.1419,-0.262,8219.5913
BWXT,"Bwx Technologies, Inc.",Commodities - Energy,Comm Energy - Uranium & Nuclear Fuels,Secondary,13699.3188,-0.127,-0.1419,-0.262,5479.7275
BX,Blackstone Inc.,Financials - Traditional,"Fin Trad - Asset Management, Custody & Alternatives",Primary,107819.7909,0.0218,0.1162,0.2244,107819.7909
BXP,"Bxp, Inc.",Real Estate & REITs,Real Estate - Office & Commercial Workspaces,Primary,11174.712,0.0495,0.0127,0.1731,11174.712
BYD,Boyd Gaming Corp,Digital Entertainment & Media,Entertainment - iGaming & Online Gambling,Primary,5885.0885,-0.0214,-0.0694,0.0236,5885.0885
BYND,"Beyond Meat, Inc.",Agriculture & FoodTech,Agriculture - Alternative Proteins,Primary,243.2946,0.2167,24.3131,17.4726,145.9768
BYND,"Beyond Meat, Inc.",Consumer Goods & Retail,"Consumer - Health, Food & Beverages",Secondary,243.2946,0.2167,24.3131,17.4726,97.3178
C,Citigroup Inc,Financials - Traditional,"Fin Trad - Banks, Lending & Mortgage Finance",Primary,220951.9751,-0.049,0.0015,0.0584,220951.9751
CACI,Caci International Inc /De/,Defense & Aerospace,Defense - Cyber Defense & Electronic Warfare,Primary,14066.3566,-0.0198,0.3076,0.2696,14066.3566
CAH,"Cardinal Health, Inc.",Healthcare & Biotech,"Healthcare - IT, Services & Data Infrastructure",Primary,54043.6208,-0.014,0.019,0.1604,54043.6208
CALM,Cal-Maine Foods Inc,Commodities - Agriculture,Comm Agri - Livestock & Animal Protein,Primary,3951.3269,0.0517,-0.0633,0.0986,3951.3269
CAMT,Camtek Ltd,Semiconductors,"Semis - Testing, Packaging & Assembly",Primary,6642.2817,-0.1715,-0.0369,-0.1496,6642.2817
CAR,"Avis Budget Group, Inc.",Transportation & Logistics,Transportation - Urban Mobility & Emerging Transport Tech,Primary,5188.6469,0.0395,-0.079,-0.1207,5188.6469
CARR,Carrier Global Corp,Smart Home & IoT,Smart Home - Automation & Control Systems,Primary,49434.7747,-0.0414,-0.1294,-0.0468,49434.7747
CART,Maplebear Inc.,E-commerce,E-commerce - Grocery & Local Commerce Platforms,Primary,11987.0732,0.0598,0.2267,0.2562,7192.2439
CART,Maplebear Inc.,E-commerce,E-commerce - Retail Media & Advertising,Secondary,11987.0732,0.0598,0.2267,0.2562,4794.8293
CASY,"Casey's General Stores, Inc.",E-commerce,E-commerce - Grocery & Local Commerce Platforms,Primary,31609.9684,-0.0182,-0.0079,0.0362,31609.9684
CAT,Caterpillar Inc,Transportation & Logistics,Transportation - Infrastructure & Equipment,Primary,372805.5375,-0.0801,-0.0874,-0.0766,223683.3225
CAT,Caterpillar Inc,Industrial Automation & Robotics,"Robotics - Autonomous Vehicles, Service & Mobility",Secondary,372805.5375,-0.0801,-0.0874,-0.0766,149122.215
CAVA,"Cava Group, Inc.",Consumer Goods & Retail,Consumer - Restaurants & Dining,Primary,8401.8699,0.0128,0.16,-0.1056,8401.8699
CB,Chubb Limited,Financials - Traditional,Fin Trad - Insurance & Reinsurance,Primary,133421.1601,0.0146,-0.0387,0.058,133421.1601
CBOE,"Cboe Global Markets, Inc.",FinTech & Digital Finance,FinTech - Exchanges & Market Infrastructure,Primary,32174.1523,0.0444,0.0808,-0.136,32174.1523
CBRE,"CBRE Group, Inc.",Real Estate & REITs,Real Estate - Office & Commercial Workspaces,Primary,43995.1729,0.0268,0.0894,0.1592,43995.1729
CBSH,"Commerce Bancshares, Inc.",Financials - Traditional,"Fin Trad - Banks, Lending & Mortgage Finance",Primary,8409.4287,-0.0181,-0.0078,0.1254,8409.4287
CBT,Cabot Corp,Industrials & Construction,Industrials - Chemicals & Advanced Materials,Primary,4330.8087,-0.0292,-0.0696,0.0111,2598.4852
CBT,Cabot Corp,Electric Vehicles & Mobility,EVs - Batteries & Materials,Secondary,4330.8087,-0.0292,-0.0696,0.0111,1732.3235
CBUS,"Cibus, Inc.",Agriculture & FoodTech,Agriculture - Agricultural Inputs & Crop Science,Primary,132.2221,0.0359,0.0176,0.2536,132.2221
CCI,Crown Castle Inc.,Telecommunications,Telecom - Infrastructure & Equipment,Primary,32504.7962,0.0263,0.02,-0.1549,19502.8777
CCI,Crown Castle Inc.,Real Estate & REITs,Real Estate - Digital Infrastructure,Secondary,32504.7962,0.0263,0.02,-0.1549,13001.9185
CCJ,Cameco Corp,Energy - Traditional,Energy Base - Nuclear Power & Advanced Reactors,Primary,44541.9563,0.0374,0.164,-0.0237,26725.1738
CCJ,Cameco Corp,Commodities - Energy,Comm Energy - Uranium & Nuclear Fuels,Secondary,44541.9563,0.0374,0.164,-0.0237,17816.7825
CCK,"Crown Holdings, Inc.",Industrials & Construction,Industrials - Packaging & Containers,Primary,13025.159,0.0303,0.0189,0.2419,13025.159
CCL,Carnival Corp,Real Estate & REITs,"Real Estate - Travel, Leisure & Entertainment Properties",Primary,35213.6776,-0.0728,-0.0184,-0.0052,35213.6776
CDE,"Coeur Mining, Inc.",Commodities - Metals,Comm Metals - Gold,Primary,21463.2819,0.0813,0.38,0.1843,21463.2819
CDLR,Cadeler A/S,Energy - Renewable,Energy Clean - Wind,Primary,2312.4103,0.0252,0.0592,-0.1026,2312.4103
CDNA,"Caredx, Inc.",Healthcare & Biotech,Healthcare - Genomics & Personalized Medicine,Primary,2457.3756,0.0241,0.2789,1.196,2457.3756
CDNS,Cadence Design Systems Inc,Semiconductors,Semis - EDA Tools & Design Software,Primary,87002.1603,-0.0233,-0.0316,-0.1544,52201.2962
CDNS,Cadence Design Systems Inc,Industrial Automation & Robotics,Automation - Industrial Software & Digital Twin,Secondary,87002.1603,-0.0233,-0.0316,-0.1544,34800.8641
CDP,COPT Defense Properties,Real Estate & REITs,Real Estate - Office & Commercial Workspaces,Primary,4248.3557,0.0177,-0.015,0.1762,2549.0134
CDP,COPT Defense Properties,Defense & Aerospace,Defense - Secure Defense Supply Chains,Secondary,4248.3557,0.0177,-0.015,0.1762,1699.3423
CDW,CDW Corp,Industrials & Construction,Industrials - Distribution & Rental Services,Primary,16566.0584,-0.0206,-0.0098,0.1957,9939.635
CDW,CDW Corp,Hardware,Hardware - Data Center Infrastructure & Servers,Secondary,16566.0584,-0.0206,-0.0098,0.1957,6626.4234
CECO,Ceco Environmental Corp,Environmental Sustainability,Environmental - Clean Technologies & Pollution Control,Primary,4176.0291,-0.1527,-0.0573,-0.1274,4176.0291
CEG,Constellation Energy Corp,Energy - Traditional,Energy Base - Nuclear Power & Advanced Reactors,Primary,96878.264,-0.0156,-0.0018,-0.0688,58126.9584
CEG,Constellation Energy Corp,Energy - Traditional,Energy Base - Utilities & Conventional Power Operators,Secondary,96878.264,-0.0156,-0.0018,-0.0688,38751.3056
CELH,"Celsius Holdings, Inc.",Healthcare & Biotech,Healthcare - Healthy Aging & Nutrition,Primary,8863.8174,0.1696,0.2917,0.163,5318.2904
CELH,"Celsius Holdings, Inc.",Consumer Goods & Retail,"Consumer - Health, Food & Beverages",Secondary,8863.8174,0.1696,0.2917,0.163,3545.527
CENX,Century Aluminum Co,Commodities - Metals,Comm Metals - Industrial & Base Metals,Primary,4322.0472,-0.0734,-0.0552,-0.3288,4322.0472
CEVA,Ceva Inc,Artificial Intelligence,"AI - Compute, Edge & Acceleration",Primary,751.1506,-0.1843,-0.266,-0.3234,751.1506
CF,"Cf Industries Holdings, Inc.",Agriculture & FoodTech,Agriculture - Agricultural Inputs & Crop Science,Primary,19558.9408,0.0973,0.0387,0.0674,11735.3645
CF,"Cf Industries Holdings, Inc.",Commodities - Agriculture,"Comm Agri - Fertilizers, Crop Inputs & Seeds",Secondary,19558.9408,0.0973,0.0387,0.0674,7823.5763
CFG,"Citizens Financial Group, Inc.",Financials - Traditional,"Fin Trad - Banks, Lending & Mortgage Finance",Primary,29579.2472,-0.0549,-0.0166,0.124,29579.2472
CFR,"Cullen/Frost Bankers, Inc.",Financials - Traditional,"Fin Trad - Banks, Lending & Mortgage Finance",Primary,10216.6387,-0.0219,0.001,0.1884,10216.6387
CG,Carlyle Group Inc.,Financials - Traditional,"Fin Trad - Asset Management, Custody & Alternatives",Primary,17510.1935,0.0124,0.0901,0.0894,17510.1935
CGC,Canopy Growth Corp,Healthcare & Biotech,"Healthcare - Regenerative Medicine, Psychedelics, Cannabis",Primary,471.7641,0.05,0.1811,0.0096,471.7641
CGNX,Cognex Corp,Industrial Automation & Robotics,Automation - Industrial Sensors & Machine Vision,Primary,9847.8239,-0.1198,-0.0552,-0.113,5908.6943
CGNX,Cognex Corp,Industrial Automation & Robotics,Automation - Smart Logistics & Warehouse Automation,Secondary,9847.8239,-0.1198,-0.0552,-0.113,3939.1296
CHD,Church & Dwight Co Inc /De/,Healthcare & Biotech,Healthcare - Healthy Aging & Nutrition,Primary,24320.5163,0.0464,0.0533,0.0685,14592.3098
CHD,Church & Dwight Co Inc /De/,Consumer Goods & Retail,"Consumer - Health, Food & Beverages",Secondary,24320.5163,0.0464,0.0533,0.0685,9728.2065
CHDN,Churchill Downs Inc,Digital Entertainment & Media,Entertainment - iGaming & Online Gambling,Primary,6322.509,0.0113,0.0487,0.0657,6322.509
CHE,Chemed Corp,Healthcare & Biotech,Healthcare - Senior Care & Longevity,Primary,7075.293,0.0312,0.0605,0.2354,7075.293
CHGG,"Chegg, Inc",Education Technology,"Education - Platforms, Infrastructure & Online Learning",Primary,88.8553,0.0394,-0.1664,-0.4837,88.8553
CHH,"Choice Hotels International, Inc.",Real Estate & REITs,"Real Estate - Travel, Leisure & Entertainment Properties",Primary,5001.3582,0.059,0.0054,-0.0151,5001.3582
CHKP,Check Point Software Technologies Ltd,Cybersecurity,Cybersecurity - Cloud Security,Primary,13324.1327,0.0275,-0.0005,-0.0234,7994.4796
CHKP,Check Point Software Technologies Ltd,Cybersecurity,"Cybersecurity - Endpoint, Identity & Zero Trust",Secondary,13324.1327,0.0275,-0.0005,-0.0234,5329.6531
CHPT,"Chargepoint Holdings, Inc.",Electric Vehicles & Mobility,EVs - Charging & Infrastructure,Primary,153.314,0.0068,0.1563,-0.1567,153.314
CHRD,Chord Energy Corp,Energy - Traditional,Energy Base - Oil & Gas Exploration & Production,Primary,7913.141,0.0215,0.0549,0.0137,7913.141
CHRW,"C. H. Robinson Worldwide, Inc.",Transportation & Logistics,"Transportation - Logistics, Warehousing & Supply Chain Solutions",Primary,16693.3708,-0.0133,-0.234,-0.1772,16693.3708
CHTR,"Charter Communications, Inc. /Mo/",Telecommunications,"Telecom - 5G, Wireless & Carriers",Primary,17927.4076,0.043,0.2189,0.0355,10756.4446
CHTR,"Charter Communications, Inc. /Mo/",Smart Home & IoT,"Smart Home - Connectivity, Security & Networking",Secondary,17927.4076,0.043,0.2189,0.0355,7170.963
CHWY,"Chewy, Inc.",E-commerce,E-commerce - Direct-to-Consumer,Primary,10030.8931,0.1071,0.1745,0.1819,10030.8931
CI,The Cigna Group,Healthcare & Biotech,"Healthcare - IT, Services & Data Infrastructure",Primary,74106.2475,0.0186,-0.0315,-0.0145,74106.2475
CIEN,Ciena Corp,Hardware,Hardware - Communications & Telecom,Primary,52650.6111,-0.1645,-0.0486,-0.3628,31590.3667
CIEN,Ciena Corp,Telecommunications,Telecom - Infrastructure & Equipment,Secondary,52650.6111,-0.1645,-0.0486,-0.3628,21060.2444
CIFR,Cipher Mining Inc.,Crypto & Blockchain,Blockchain - Cryptocurrency Mining & Staking,Primary,6374.8717,-0.1697,-0.3365,-0.3009,6374.8717
CINF,Cincinnati Financial Corp,Financials - Traditional,Fin Trad - Insurance & Reinsurance,Primary,26276.9771,0.0009,-0.0635,0.0241,26276.9771
CL,Colgate Palmolive Co,Consumer Goods & Retail,Consumer - Household & Personal Care,Primary,73778.3478,0.0259,0.0198,0.0273,44267.0087
CL,Colgate Palmolive Co,Nanotechnology,NanoTech - Consumer & Industrial Products,Secondary,73778.3478,0.0259,0.0198,0.0273,29511.3391
CLF,Cleveland-Cliffs Inc.,Commodities - Metals,Comm Metals - Industrial & Base Metals,Primary,6447.1026,-0.082,-0.0528,0.0062,6447.1026
CLH,Clean Harbors Inc,Environmental Sustainability,Environmental - Waste Management & Recycling,Primary,16561.4707,-0.0378,0.0329,0.0935,16561.4707
CLMT,"Calumet, Inc. /De",Commodities - Energy,Comm Energy - Biofuels & Renewable Fuels,Primary,4159.3444,-0.0213,0.135,0.3828,2495.6066
CLMT,"Calumet, Inc. /De",Energy - Renewable,Energy Clean - Fuels & Bioenergy,Secondary,4159.3444,-0.0213,0.135,0.3828,1663.7378
CLNE,Clean Energy Fuels Corp.,Commodities - Energy,Comm Energy - Biofuels & Renewable Fuels,Primary,350.5076,-0.0422,-0.2167,-0.2244,210.3046
CLNE,Clean Energy Fuels Corp.,Energy - Renewable,Energy Clean - Fuels & Bioenergy,Secondary,350.5076,-0.0422,-0.2167,-0.2244,140.203
CLNN,Clene Inc.,Nanotechnology,NanoTech - Nanomedicine & Drug Delivery,Primary,56.9832,0.056,-0.1772,-0.3381,56.9832
CLSK,"Cleanspark, Inc.",FinTech & Digital Finance,"FinTech - Crypto, Blockchain & Tokenization",Primary,3063.8278,-0.0379,-0.1784,-0.253,1838.2967
CLSK,"Cleanspark, Inc.",Crypto & Blockchain,Blockchain - Cryptocurrency Mining & Staking,Secondary,3063.8278,-0.0379,-0.1784,-0.253,1225.5311
CLX,Clorox Co,Consumer Goods & Retail,Consumer - Household & Personal Care,Primary,12960.1756,0.0116,0.1347,0.14,12960.1756
CMC,Commercial Metals Co,Commodities - Metals,Comm Metals - Industrial & Base Metals,Primary,7176.2009,-0.1081,-0.0592,-0.0948,4305.7205
CMC,Commercial Metals Co,Commodities - Metals,Comm Metals - Recycling & Circular Materials,Secondary,7176.2009,-0.1081,-0.0592,-0.0948,2870.4804
CMCSA,Comcast Corp,Telecommunications,"Telecom - 5G, Wireless & Carriers",Primary,95884.1618,0.0567,0.2117,0.0864,57530.4971
CMCSA,Comcast Corp,Smart Home & IoT,"Smart Home - Connectivity, Security & Networking",Secondary,95884.1618,0.0567,0.2117,0.0864,38353.6647
CME,Cme Group Inc.,FinTech & Digital Finance,FinTech - Exchanges & Market Infrastructure,Primary,100381.948,0.0421,0.0934,-0.0365,100381.948
CMG,"Chipotle Mexican Grill, Inc.",Consumer Goods & Retail,Consumer - Restaurants & Dining,Primary,48203.2013,0.1262,0.196,0.156,48203.2013
CMI,Cummins Inc,Energy - Renewable,Energy Clean - Hydrogen & Fuel Cells,Primary,78691.7734,-0.1051,-0.1368,-0.1029,47215.064
CMI,Cummins Inc,Transportation & Logistics,Transportation - Infrastructure & Equipment,Secondary,78691.7734,-0.1051,-0.1368,-0.1029,31476.7094
CMPS,Compass Pathways Plc,Healthcare & Biotech,"Healthcare - Regenerative Medicine, Psychedelics, Cannabis",Primary,1966.3708,0.035,0.2611,0.2024,1966.3708
CMS,CMS Energy Corp,Energy - Traditional,Energy Base - Utilities & Conventional Power Operators,Primary,21454.9471,-0.0417,-0.0767,-0.0746,21454.9471
CNC,Centene Corp,Healthcare & Biotech,"Healthcare - IT, Services & Data Infrastructure",Primary,32430.7725,0.0193,0.0353,0.1101,32430.7725
CNH,Cnh Industrial N.V.,Agriculture & FoodTech,Agriculture - Precision Agriculture & Farm Automation,Primary,18911.9472,0.1429,0.0547,0.1632,18911.9472
CNI,Canadian National Railway Co,Transportation & Logistics,Transportation - Freight Rail & Infrastructure,Primary,77064.2609,0.0064,-0.0161,0.1213,77064.2609
CNM,"Core & Main, Inc.",Industrials & Construction,Industrials - Distribution & Rental Services,Primary,8309.4897,-0.021,0.0177,-0.0609,4985.6938
CNM,"Core & Main, Inc.",Environmental Sustainability,Environmental - Water Infrastructure & Treatment,Secondary,8309.4897,-0.021,0.0177,-0.0609,3323.7959
CNO,"CNO Financial Group, Inc.",Financials - Traditional,Fin Trad - Insurance & Reinsurance,Primary,5018.3593,-0.0104,0.019,0.1512,5018.3593
CNP,Centerpoint Energy Inc,Energy - Traditional,Energy Base - Utilities & Conventional Power Operators,Primary,25755.9623,-0.0319,-0.1173,-0.0816,15453.5774
CNP,Centerpoint Energy Inc,Commodities - Energy,Comm Energy - Natural Gas & LNG,Secondary,25755.9623,-0.0319,-0.1173,-0.0816,10302.3849
CNR,"Core Natural Resources, Inc.",Energy - Traditional,Energy Base - Coal & Thermal Power Generation,Primary,4775.5042,0.0035,0.1564,0.1456,4775.5042
CNX,CNX Resources Corp,Energy - Traditional,Energy Base - Oil & Gas Exploration & Production,Primary,5396.9838,0.0323,0.0639,0.0331,3238.1903
CNX,CNX Resources Corp,Commodities - Energy,Comm Energy - Natural Gas & LNG,Secondary,5396.9838,0.0323,0.0639,0.0331,2158.7935
CNXC,Concentrix Corp,Business Services & Consulting,"Business Services - Outsourcing, Facilities & Testing",Primary,1588.3077,0.1157,0.1699,0.0047,1588.3077
COF,Capital One Financial Corp,Financials - Traditional,"Fin Trad - Banks, Lending & Mortgage Finance",Primary,132678.3681,-0.0234,0.07,0.1557,79607.0209
COF,Capital One Financial Corp,FinTech & Digital Finance,FinTech - Digital Payments & Merchant Infrastructure,Secondary,132678.3681,-0.0234,0.07,0.1557,53071.3472
COHR,Coherent Corp.,Hardware,Hardware - Next-Gen & Specialty,Primary,53949.8235,-0.2156,-0.0244,-0.2704,53949.8235
COHU,Cohu Inc,Semiconductors,"Semis - Testing, Packaging & Assembly",Primary,2428.4616,-0.1808,0.0118,0.1025,2428.4616
COIN,"Coinbase Global, Inc.",FinTech & Digital Finance,"FinTech - Crypto, Blockchain & Tokenization",Primary,47353.4498,0.1922,0.1339,-0.0298,28412.0699
COIN,"Coinbase Global, Inc.",FinTech & Digital Finance,FinTech - Exchanges & Market Infrastructure,Secondary,47353.4498,0.1922,0.1339,-0.0298,18941.3799
COKE,"Coca-Cola Consolidated, Inc.",Consumer Goods & Retail,"Consumer - Health, Food & Beverages",Primary,12820.2834,0.0343,0.0428,0.0988,12820.2834
COLB,"Columbia Banking System, Inc.",Financials - Traditional,"Fin Trad - Banks, Lending & Mortgage Finance",Primary,8668.1253,-0.0526,-0.0164,0.0436,8668.1253
COLD,Americold Realty Trust,Transportation & Logistics,"Transportation - Logistics, Warehousing & Supply Chain Solutions",Primary,4313.611,0.0421,0.0552,0.035,2588.1666
COLD,Americold Realty Trust,Real Estate & REITs,"Real Estate - E-Commerce, Warehousing & Logistics",Secondary,4313.611,0.0421,0.0552,0.035,1725.4444
COLM,Columbia Sportswear Co,Consumer Goods & Retail,Consumer - Apparel & E-Commerce Retail,Primary,3075.6872,0.0576,-0.0311,-0.0475,3075.6872
COO,"The Cooper Companies, Inc.",Healthcare & Biotech,Healthcare - Medical Devices & HealthTech Hardware,Primary,14783.3223,0.0093,0.0781,0.2118,14783.3223
COP,Conocophillips,Energy - Traditional,Energy Base - Oil & Gas Exploration & Production,Primary,162459.5133,0.0454,0.1162,0.1144,97475.708
COP,Conocophillips,Commodities - Energy,Comm Energy - Crude Oil,Secondary,162459.5133,0.0454,0.1162,0.1144,64983.8053
COR,"Cencora, Inc.",Healthcare & Biotech,"Healthcare - IT, Services & Data Infrastructure",Primary,61784.1091,0.036,0.0468,0.18,61784.1091
CORZ,"Core Scientific, Inc./Tx",Crypto & Blockchain,Blockchain - Cryptocurrency Mining & Staking,Primary,5549.5496,-0.1421,-0.2409,-0.3163,5549.5496
COST,Costco Wholesale Corp /New,E-commerce,"E-commerce - Omnichannel Retailers, Online & Physical Stores",Primary,430795.321,0.0188,0.0389,-0.0538,258477.1926
COST,Costco Wholesale Corp /New,Consumer Goods & Retail,"Consumer - Health, Food & Beverages",Secondary,430795.321,0.0188,0.0389,-0.0538,172318.1284
COTY,Coty Inc.,Consumer Goods & Retail,Consumer - Household & Personal Care,Primary,2456.5013,0.0449,0.0528,0.3744,2456.5013
COUR,"Coursera, Inc.",Software,Software - Vertical SaaS Platforms,Primary,1723.879,0.0866,0.121,0.1316,1034.3274
COUR,"Coursera, Inc.",Education Technology,Education - Digital Curriculum,Secondary,1723.879,0.0866,0.121,0.1316,689.5516
CP,Canadian Pacific Kansas City Ltd/Cn,Transportation & Logistics,Transportation - Freight Rail & Infrastructure,Primary,83231.2212,0.0081,0.0251,0.1,83231.2212
CPAY,"Corpay, Inc.",FinTech & Digital Finance,FinTech - Digital Payments & Merchant Infrastructure,Primary,27177.8221,0.0155,0.117,0.1898,27177.8221
CPNG,"Coupang, Inc.",E-commerce,E-commerce - Grocery & Local Commerce Platforms,Primary,29551.0933,0.0458,0.0606,0.0199,17730.656
CPNG,"Coupang, Inc.",Software,Software - Vertical SaaS Platforms,Secondary,29551.0933,0.0458,0.0606,0.0199,11820.4373
CPRI,Capri Holdings Ltd,Consumer Goods & Retail,Consumer - Modern Luxury & Lifestyle,Primary,1570.4108,-0.0675,-0.114,-0.2597,1570.4108
CPRT,Copart Inc,Consumer Goods & Retail,Consumer - Resale & Sharing Platforms,Primary,30792.4883,0.0492,0.1904,-0.0157,30792.4883
CPT,Camden Property Trust,Real Estate & REITs,"Real Estate - Housing, Urban Living & Demographics",Primary,10973.8702,0.0082,-0.0403,0.0249,10973.8702
CQP,"Cheniere Energy Partners, L.P.",Commodities - Energy,Comm Energy - Natural Gas & LNG,Primary,32940.1282,0.0062,0.0497,0.087,32940.1282
CR,Crane Co,Industrials & Construction,"Industrials - Machinery, Flow Control & Components",Primary,11925.9476,-0.0561,-0.0876,0.1495,7155.5686
CR,Crane Co,Defense & Aerospace,Defense - Next-Generation Aircraft & Maintenance,Secondary,11925.9476,-0.0561,-0.0876,0.1495,4770.379
CRBG,"Corebridge Financial, Inc.",Financials - Traditional,Fin Trad - Insurance & Reinsurance,Primary,14246.8894,-0.0368,0.0214,0.162,14246.8894
CRH,CRH Plc,Industrials & Construction,Industrials - Construction Materials & Aggregates,Primary,63727.6039,-0.0027,-0.037,-0.0418,63727.6039
CRL,"Charles River Laboratories International, Inc.",Healthcare & Biotech,"Healthcare - IT, Services & Data Infrastructure",Primary,14253.8718,0.0417,0.3178,0.8626,8552.3231
CRL,"Charles River Laboratories International, Inc.",Healthcare & Biotech,Healthcare - Next-Gen Biotech Platforms,Secondary,14253.8718,0.0417,0.3178,0.8626,5701.5487
CRM,"Salesforce, Inc.",Cloud Computing,Cloud - Horizontal SaaS & Cloud Applications,Primary,171220.138,0.0947,0.2774,0.164,102732.0828
CRM,"Salesforce, Inc.",Cloud Computing,Cloud - Hyperscalers & Platforms,Secondary,171220.138,0.0947,0.2774,0.164,68488.0552
CRNC,Cerence Inc.,Artificial Intelligence,"AI - Apps, Domain-Specific AI",Primary,342.3931,-0.1115,-0.1036,-0.3106,342.3931
CRON,Cronos Group Inc.,Healthcare & Biotech,"Healthcare - Regenerative Medicine, Psychedelics, Cannabis",Primary,1256.2879,0.0825,0.2135,0.2445,1256.2879
CROX,"Crocs, Inc.",Consumer Goods & Retail,Consumer - Apparel & E-Commerce Retail,Primary,6033.4081,-0.0318,-0.0659,0.1394,6033.4081
CRS,Carpenter Technology Corp,Defense & Aerospace,Defense - Secure Defense Supply Chains,Primary,23644.3921,-0.1204,-0.2097,0.099,14186.6353
CRS,Carpenter Technology Corp,Industrial Automation & Robotics,"Automation - Additive Manufacturing, 3D Printing",Secondary,23644.3921,-0.1204,-0.2097,0.099,9457.7568
CRSP,Crispr Therapeutics Ag,Healthcare & Biotech,Healthcare - Genomics & Personalized Medicine,Primary,5518.7332,0.0515,0.2264,0.1333,3311.2399
CRSP,Crispr Therapeutics Ag,Healthcare & Biotech,Healthcare - Next-Gen Biotech Platforms,Secondary,5518.7332,0.0515,0.2264,0.1333,2207.4933
CRSR,"Corsair Gaming, Inc.",Hardware,"Hardware - Consumer Electronics, PCs & Peripherals",Primary,1180.2106,-0.1087,0.1076,0.4169,1180.2106
CRTO,Criteo S.A.,E-commerce,E-commerce - Retail Media & Advertising,Primary,837.3683,-0.041,-0.1639,-0.0116,502.421
CRTO,Criteo S.A.,Digital Entertainment & Media,Entertainment - Advertising & Social Platforms,Secondary,837.3683,-0.041,-0.1639,-0.0116,334.9473
CRUS,"Cirrus Logic, Inc.",Semiconductors,"Semis - Analog, Mixed-Signal & Power Management",Primary,5595.1245,-0.0687,-0.1644,-0.3478,5595.1245
CRWD,"Crowdstrike Holdings, Inc.",Cybersecurity,Cybersecurity - Application Security,Primary,194161.6721,-0.1086,0.0404,0.1496,116497.0033
CRWD,"Crowdstrike Holdings, Inc.",Cybersecurity,Cybersecurity - Cloud Security,Secondary,194161.6721,-0.1086,0.0404,0.1496,77664.6688
CSAN,Cosan S.A.,Commodities - Agriculture,Comm Agri - Softs & Plantation Crops,Primary,2642.7256,0.0635,-0.1067,-0.2024,2642.7256
CSCO,"Cisco Systems, Inc.",Hardware,Hardware - Communications & Telecom,Primary,434464.3564,-0.0236,-0.0345,-0.0811,260678.6138
CSCO,"Cisco Systems, Inc.",Hardware,Hardware - Networking Equipment,Secondary,434464.3564,-0.0236,-0.0345,-0.0811,173785.7426
CSGP,"Costar Group, Inc.",Big Data & Analytics,"Big Data - Data Generation, Sourcing & Providers",Primary,13306.6889,0.0475,0.1873,-0.0327,13306.6889
CSIQ,Canadian Solar Inc.,Energy - Renewable,Energy Clean - Solar,Primary,972.2814,-0.0318,0.0727,-0.2415,972.2814
CSL,Carlisle Companies Inc,Industrials & Construction,Industrials - Building Products & HVAC,Primary,14397.1671,0.0086,0.0826,0.0899,14397.1671
CSX,Csx Corp,Transportation & Logistics,Transportation - Freight Rail & Infrastructure,Primary,95291.3072,0.017,-0.0336,0.1335,57174.7843
CSX,Csx Corp,Transportation & Logistics,Transportation - Infrastructure & Equipment,Secondary,95291.3072,0.017,-0.0336,0.1335,38116.5229
CTAS,Cintas Corp,Business Services & Consulting,"Business Services - Outsourcing, Facilities & Testing",Primary,82995.1645,0.0484,0.0099,0.2024,82995.1645
CTGO,"Contango Ore, Inc.",Commodities - Metals,Comm Metals - Rare Earth & Strategic Materials,Primary,674.8332,0.0202,0.2772,-0.0204,674.8332
CTRE,"Caretrust REIT, Inc.",Real Estate & REITs,Real Estate - Healthcare & Senior Living,Primary,9369.0257,0.0099,-0.0832,-0.0268,9369.0257
CTSH,Cognizant Technology Solutions Corp,Business Services & Consulting,Consulting,Primary,28017.6301,0.1052,0.3766,0.1861,28017.6301
CTVA,"Corteva, Inc.",Agriculture & FoodTech,Agriculture - Agricultural Inputs & Crop Science,Primary,55250.4991,0.0895,-0.0722,0.0432,33150.2995
CTVA,"Corteva, Inc.",Commodities - Agriculture,"Comm Agri - Fertilizers, Crop Inputs & Seeds",Secondary,55250.4991,0.0895,-0.0722,0.0432,22100.1996
CUBE,Cubesmart,Real Estate & REITs,Real Estate - Retail & Consumer Real Estate,Primary,9226.0925,-0.0056,-0.028,0.0348,9226.0925
CUZ,Cousins Properties Inc,Real Estate & REITs,Real Estate - Office & Commercial Workspaces,Primary,4939.7078,0.0284,-0.0666,0.1442,4939.7078
CVLT,"Commvault Systems, Inc.",Cybersecurity,Cybersecurity - Cloud Security,Primary,5434.6259,-0.0914,-0.0786,0.2227,3260.7755
CVLT,"Commvault Systems, Inc.",Cloud Computing,"Cloud - DevOps, Observability",Secondary,5434.6259,-0.0914,-0.0786,0.2227,2173.8504
CVNA,Carvana Co.,Consumer Goods & Retail,Consumer - Resale & Sharing Platforms,Primary,79528.6453,0.032,0.1963,0.0593,79528.6453
CVS,Cvs Health Corp,Healthcare & Biotech,"Healthcare - IT, Services & Data Infrastructure",Primary,120363.9022,0.0011,-0.1265,0.0154,72218.3413
CVS,Cvs Health Corp,E-commerce,"E-commerce - Omnichannel Retailers, Online & Physical Stores",Secondary,120363.9022,0.0011,-0.1265,0.0154,48145.5609
CVSA,Covista Inc.,Education Technology,Education - Digital Curriculum,Primary,4518.9936,0.0033,0.1461,0.0608,2711.3962
CVSA,Covista Inc.,Education Technology,Education - Workforce Training,Secondary,4518.9936,0.0033,0.1461,0.0608,1807.5974
CVX,Chevron Corp,Energy - Traditional,Energy Base - Integrated Energy Majors,Primary,398382.0017,0.0107,0.0517,0.0702,239029.201
CVX,Chevron Corp,Energy - Traditional,Energy Base - Oil & Gas Exploration & Production,Secondary,398382.0017,0.0107,0.0517,0.0702,159352.8007
CW,Curtiss Wright Corp,Defense & Aerospace,Defense - Secure Defense Supply Chains,Primary,22713.5739,-0.1165,-0.1802,-0.1587,22713.5739
CWCO,Consolidated Water Co. Ltd.,Environmental Sustainability,Environmental - Water Infrastructure & Treatment,Primary,479.2651,-0.004,0.0208,0.0225,479.2651
CWEN,"Clearway Energy, Inc.",Energy - Renewable,Energy Clean - Utilities & Clean Power Operators,Primary,6626.272,-0.0548,0.0059,-0.1621,3975.7632
CWEN,"Clearway Energy, Inc.",Energy - Renewable,Energy Clean - Wind,Secondary,6626.272,-0.0548,0.0059,-0.1621,2650.5088
CWST,Casella Waste Systems Inc,Environmental Sustainability,Environmental - Waste Management & Recycling,Primary,6031.8035,0.0612,0.0603,0.0843,6031.8035
CWT,California Water Service Group,Environmental Sustainability,Environmental - Water Infrastructure & Treatment,Primary,3144.5182,0.024,0.0093,0.1647,3144.5182
CXDO,"Crexendo, Inc.",Telecommunications,Telecom - Enterprise & Unified Communications,Primary,208.5013,-0.0427,-0.0529,-0.3476,208.5013
CXT,"Crane NXT, Co.",Hardware,Hardware - Industrial & IoT,Primary,2866.5529,-0.0105,-0.0579,0.2168,2866.5529
CYTK,"Cytokinetics, Inc.",Healthcare & Biotech,Healthcare - Metabolic & Cardiometabolic,Primary,10717.3148,0.0161,-0.0452,0.0019,10717.3148
CZR,"Caesars Entertainment, Inc.",Digital Entertainment & Media,"Entertainment - Sports Betting, Wagering & Prediction Markets",Primary,6042.3462,0.0,-0.0094,0.0418,3625.4077
CZR,"Caesars Entertainment, Inc.",Digital Entertainment & Media,Entertainment - iGaming & Online Gambling,Secondary,6042.3462,0.0,-0.0094,0.0418,2416.9385
D,"Dominion Energy, Inc",Energy - Traditional,Energy Base - Utilities & Conventional Power Operators,Primary,58585.224,-0.0314,-0.0632,-0.0058,35151.1344
D,"Dominion Energy, Inc",Energy - Renewable,Energy Clean - Wind,Secondary,58585.224,-0.0314,-0.0632,-0.0058,23434.0896
DAC,Danaos Corp,Transportation & Logistics,Transportation - Marine Shipping & Ports,Primary,2739.6368,0.0288,0.0733,0.1664,2739.6368
DAL,"Delta Air Lines, Inc.",Transportation & Logistics,Transportation - Air Travel & Passenger Transportation,Primary,54240.7497,-0.0583,-0.0303,0.0859,54240.7497
DAN,Dana Inc,Electric Vehicles & Mobility,EVs - Key Suppliers & Autonomy Tech,Primary,3243.4368,-0.0383,0.1187,-0.1135,3243.4368
DAR,Darling Ingredients Inc.,Commodities - Energy,Comm Energy - Biofuels & Renewable Fuels,Primary,9834.2777,-0.0791,-0.0029,0.0635,5900.5666
DAR,Darling Ingredients Inc.,Energy - Renewable,Energy Clean - Fuels & Bioenergy,Secondary,9834.2777,-0.0791,-0.0029,0.0635,3933.7111
DASH,"Doordash, Inc.",E-commerce,E-commerce - Grocery & Local Commerce Platforms,Primary,99805.7294,0.0768,0.3247,0.4294,59883.4376
DASH,"Doordash, Inc.",E-commerce,"E-commerce - Omnichannel Retailers, Online & Physical Stores",Secondary,99805.7294,0.0768,0.3247,0.4294,39922.2918
DAVE,Dave Inc./De,FinTech & Digital Finance,FinTech - Digital Banking & Neobanks,Primary,4525.5264,0.0391,-0.1192,0.553,4525.5264
DBRG,"Digitalbridge Group, Inc.",Cloud Computing,Cloud - Data Centers & Infrastructure,Primary,2954.3912,0.0044,0.005,0.0178,2954.3912
DBX,"Dropbox, Inc.",Cloud Computing,Cloud - Horizontal SaaS & Cloud Applications,Primary,7584.3988,0.0449,0.1949,0.2716,7584.3988
DCBO,Docebo Inc.,Education Technology,Education - Workforce Training,Primary,609.9592,0.0869,0.2654,0.4086,609.9592
DCI,Donaldson Co Inc,Environmental Sustainability,Environmental - Clean Technologies & Pollution Control,Primary,10713.6589,-0.0238,-0.0005,0.1126,10713.6589
DD,"Dupont De Nemours, Inc.",Nanotechnology,NanoTech - Consumer & Industrial Products,Primary,18456.3231,-0.0447,-0.0075,-0.0533,11073.7939
DD,"Dupont De Nemours, Inc.",Nanotechnology,NanoTech - Energy & Environment,Secondary,18456.3231,-0.0447,-0.0075,-0.0533,7382.5292
DDD,3D Systems Corp,Hardware,Hardware - Next-Gen & Specialty,Primary,518.3787,-0.1429,0.214,-0.0095,311.0272
DDD,3D Systems Corp,Hardware,Hardware - Printing & Imaging,Secondary,518.3787,-0.1429,0.214,-0.0095,207.3515
DDI,"Doubledown Interactive Co., Ltd.",Digital Entertainment & Media,Entertainment - Game Publishers & Developers,Primary,633.7885,0.0269,0.12,0.0685,633.7885
DDOG,"Datadog, Inc.",Cloud Computing,"Cloud - DevOps, Observability",Primary,81068.3697,-0.0871,-0.0854,0.0155,48641.0218
DDOG,"Datadog, Inc.",Cloud Computing,Cloud - Multi-Cloud Management,Secondary,81068.3697,-0.0871,-0.0854,0.0155,32427.3479
DE,Deere & Co,Agriculture & FoodTech,Agriculture - Precision Agriculture & Farm Automation,Primary,175092.2153,0.0812,0.0326,0.229,105055.3292
DE,Deere & Co,Transportation & Logistics,Transportation - Infrastructure & Equipment,Secondary,175092.2153,0.0812,0.0326,0.229,70036.8861
DECK,Deckers Outdoor Corp,Consumer Goods & Retail,Consumer - Apparel & E-Commerce Retail,Primary,12539.6256,0.0219,-0.0412,-0.1368,12539.6256
DELL,Dell Technologies Inc.,Hardware,"Hardware - Consumer Electronics, PCs & Peripherals",Primary,279902.44,-0.0972,-0.0099,0.4699,167941.464
DELL,Dell Technologies Inc.,Hardware,Hardware - Data Center Infrastructure & Servers,Secondary,279902.44,-0.0972,-0.0099,0.4699,111960.976
DFTX,"Definium Therapeutics, Inc.  -",Healthcare & Biotech,"Healthcare - Regenerative Medicine, Psychedelics, Cannabis",Primary,5814.058,-0.044,0.0023,0.9231,5814.058
DG,Dollar General Corp,E-commerce,"E-commerce - Omnichannel Retailers, Online & Physical Stores",Primary,27646.1249,0.0437,0.0691,0.1923,27646.1249
DGII,Digi International Inc,Industrial Automation & Robotics,"Automation - Industrial IoT, Connectivity",Primary,2805.1252,-0.113,0.1041,0.1173,1683.0751
DGII,Digi International Inc,Smart Home & IoT,"Smart Home & IoT - Devices, Sensors & Connectivity",Secondary,2805.1252,-0.113,0.1041,0.1173,1122.0501
DGX,Quest Diagnostics Inc,Healthcare & Biotech,"Healthcare - Diagnostics, Biomarkers & Liquid Biopsy",Primary,26916.7508,0.0355,0.0703,0.2543,26916.7508
DHI,"D.R. Horton, Inc.",Real Estate & REITs,"Real Estate - Housing, Urban Living & Demographics",Primary,41667.0981,0.0042,0.0181,0.0395,41667.0981
DHR,Danaher Corp /De/,Healthcare & Biotech,"Healthcare - Diagnostics, Biomarkers & Liquid Biopsy",Primary,151219.3305,0.0616,0.1233,0.2532,90731.5983
DHR,Danaher Corp /De/,Nanotechnology,NanoTech - Research Tools & Advanced Instruments,Secondary,151219.3305,0.0616,0.1233,0.2532,60487.7322
DINO,Hf Sinclair Corp,Energy - Traditional,Energy Base - Refining & Midstream Infrastructure,Primary,16921.4668,0.002,0.0846,0.3699,16921.4668
DIS,Walt Disney Co,Digital Entertainment & Media,Entertainment - Video Streaming,Primary,190988.8393,0.0687,0.1662,0.0821,190988.8393
DKNG,Draftkings Inc.,Digital Entertainment & Media,"Entertainment - Sports Betting, Wagering & Prediction Markets",Primary,12892.9113,0.0265,0.1286,0.0338,7735.7468
DKNG,Draftkings Inc.,Digital Entertainment & Media,Entertainment - iGaming & Online Gambling,Secondary,12892.9113,0.0265,0.1286,0.0338,5157.1645
DKS,"Dick's Sporting Goods, Inc.",E-commerce,"E-commerce - Omnichannel Retailers, Online & Physical Stores",Primary,16050.4901,-0.0862,-0.1296,-0.2201,16050.4901
DLB,"Dolby Laboratories, Inc.",Hardware,Hardware - Next-Gen & Specialty,Primary,6186.8242,0.0766,0.3324,0.2143,3712.0945
DLB,"Dolby Laboratories, Inc.",Digital Entertainment & Media,Entertainment - Video Streaming,Secondary,6186.8242,0.0766,0.3324,0.2143,2474.7297
DLO,Dlocal Ltd,FinTech & Digital Finance,FinTech - Digital Payments & Merchant Infrastructure,Primary,4449.3493,0.087,0.0435,0.2748,4449.3493
DLR,"Digital Realty Trust, Inc.",Cloud Computing,Cloud - Data Centers & Infrastructure,Primary,69770.3221,-0.0473,-0.0529,-0.0116,41862.1933
DLR,"Digital Realty Trust, Inc.",Big Data & Analytics,"Big Data - Analytics, AI Platforms & BI",Secondary,69770.3221,-0.0473,-0.0529,-0.0116,27908.1288
DLTR,"Dollar Tree, Inc.",E-commerce,"E-commerce - Omnichannel Retailers, Online & Physical Stores",Primary,26279.8749,0.0557,0.1353,0.4398,26279.8749
DNA,"Ginkgo Bioworks Holdings, Inc.",Agriculture & FoodTech,Agriculture - Alternative Proteins,Primary,456.5671,-0.0202,-0.0788,-0.1938,456.5671
DNN,Denison Mines Corp.,Commodities - Energy,Comm Energy - Uranium & Nuclear Fuels,Primary,3204.1954,0.1097,0.2165,0.096,3204.1954
DOC,"Healthpeak Properties, Inc.",Real Estate & REITs,Real Estate - Healthcare & Senior Living,Primary,14914.4741,0.051,-0.0239,0.1122,14914.4741
DOCN,"Digitalocean Holdings, Inc.",Cloud Computing,Cloud - Hyperscalers & Platforms,Primary,13114.8231,-0.1755,-0.0971,-0.2961,13114.8231
DOCS,"Doximity, Inc.",Healthcare & Biotech,"Healthcare - Digital Health, Telemedicine & Remote Care",Primary,4509.6232,0.0318,0.239,0.2688,2705.7739
DOCS,"Doximity, Inc.",Healthcare & Biotech,"Healthcare - IT, Services & Data Infrastructure",Secondary,4509.6232,0.0318,0.239,0.2688,1803.8493
DOCU,"Docusign, Inc.",Cloud Computing,Cloud - Horizontal SaaS & Cloud Applications,Primary,11945.4949,0.0458,0.2403,0.2631,7167.2969
DOCU,"Docusign, Inc.",Software,"Software - Collaboration, CRM & Communications",Secondary,11945.4949,0.0458,0.2403,0.2631,4778.198
DOLE,Dole Plc,Commodities - Agriculture,Comm Agri - Softs & Plantation Crops,Primary,1271.4155,0.041,-0.0481,-0.0617,1271.4155
DOMO,"Domo, Inc.",Big Data & Analytics,"Big Data - Analytics, AI Platforms & BI",Primary,176.856,-0.0131,0.0217,0.0358,106.1136
DOMO,"Domo, Inc.",Software,"Software - Data, Analytics & DevOps",Secondary,176.856,-0.0131,0.0217,0.0358,70.7424
DOV,Dover Corp,Industrials & Construction,"Industrials - Machinery, Flow Control & Components",Primary,27423.5868,-0.0138,0.007,-0.0275,27423.5868
DOW,Dow Inc.,Industrials & Construction,Industrials - Chemicals & Advanced Materials,Primary,22710.3923,0.0032,0.0536,-0.118,22710.3923
DPZ,"Domino's Pizza, Inc.",Consumer Goods & Retail,Consumer - Restaurants & Dining,Primary,11545.8567,0.0405,0.0482,0.1095,11545.8567
DQ,Daqo New Energy Corp.,Energy - Renewable,Energy Clean - Solar,Primary,976.4224,0.0133,0.2365,-0.1884,976.4224
DRI,"Darden Restaurants, Inc.",Consumer Goods & Retail,Consumer - Restaurants & Dining,Primary,25610.4782,0.0003,0.149,0.1173,25610.4782
DSP,Viant Technology Inc.,Digital Entertainment & Media,Entertainment - Advertising & Social Platforms,Primary,258.6939,-0.0293,0.1439,0.0938,258.6939
DT,"Dynatrace, Inc.",Cloud Computing,"Cloud - DevOps, Observability",Primary,14175.5542,0.0302,0.1785,0.1902,8505.3325
DT,"Dynatrace, Inc.",Software,"Software - Data, Analytics & DevOps",Secondary,14175.5542,0.0302,0.1785,0.1902,5670.2217
DTE,Dte Energy Co,Energy - Traditional,Energy Base - Coal & Thermal Power Generation,Primary,28229.2282,-0.0389,-0.0923,-0.0589,28229.2282
DTM,"DT Midstream, Inc.",Energy - Traditional,Energy Base - Refining & Midstream Infrastructure,Primary,12827.4031,-0.0686,-0.1369,-0.1628,7696.4419
DTM,"DT Midstream, Inc.",Commodities - Energy,Comm Energy - Natural Gas & LNG,Secondary,12827.4031,-0.0686,-0.1369,-0.1628,5130.9612
DUK,Duke Energy Corp,Energy - Traditional,Energy Base - Utilities & Conventional Power Operators,Primary,95100.2774,-0.013,-0.0573,-0.0209,57060.1664
DUK,Duke Energy Corp,Energy - Traditional,Energy Base - Coal & Thermal Power Generation,Secondary,95100.2774,-0.013,-0.0573,-0.0209,38040.111
DUOL,"Duolingo, Inc.",Education Technology,Education - Digital Curriculum,Primary,6841.7331,0.1281,0.2012,0.3774,4105.0399
DUOL,"Duolingo, Inc.",Education Technology,"Education - Platforms, Infrastructure & Online Learning",Secondary,6841.7331,0.1281,0.2012,0.3774,2736.6932
DV,"Doubleverify Holdings, Inc.",Artificial Intelligence,"AI - Ads, Search & Recommendations",Primary,2061.335,0.0,0.2595,0.353,1236.801
DV,"Doubleverify Holdings, Inc.",Digital Entertainment & Media,Entertainment - Advertising & Social Platforms,Secondary,2061.335,0.0,0.2595,0.353,824.534
DVA,Davita Inc.,Healthcare & Biotech,"Healthcare - IT, Services & Data Infrastructure",Primary,11260.7,-0.0011,-0.2503,-0.1109,11260.7
DVN,Devon Energy Corp/De,Energy - Traditional,Energy Base - Oil & Gas Exploration & Production,Primary,53052.9995,0.0139,0.0708,0.0287,31831.7997
DVN,Devon Energy Corp/De,Commodities - Energy,Comm Energy - Crude Oil,Secondary,53052.9995,0.0139,0.0708,0.0287,21221.1998
DXCM,Dexcom Inc,Healthcare & Biotech,"Healthcare - Digital Health, Telemedicine & Remote Care",Primary,34362.4703,0.0259,0.2729,0.263,20617.4822
DXCM,Dexcom Inc,Healthcare & Biotech,Healthcare - Medical Devices & HealthTech Hardware,Secondary,34362.4703,0.0259,0.2729,0.263,13744.9881
DY,"Dycom Industries, Inc.",Industrials & Construction,Industrials - Engineering & Construction,Primary,11440.4831,-0.12,-0.1137,-0.0736,6864.2899
DY,"Dycom Industries, Inc.",Telecommunications,Telecom - Infrastructure & Equipment,Secondary,11440.4831,-0.12,-0.1137,-0.0736,4576.1932
E,Eni Spa,Energy - Traditional,Energy Base - Integrated Energy Majors,Primary,79863.069,-0.0145,0.0538,0.0153,79863.069
EA,Electronic Arts Inc.,Software,Software - Gaming & Platforms,Primary,52925.6399,0.0038,,,31755.3839
EA,Electronic Arts Inc.,Digital Entertainment & Media,Entertainment - Game Publishers & Developers,Secondary,52925.6399,0.0038,,,21170.256
EBAY,Ebay Inc,E-commerce,E-commerce - Online Marketplaces & Recommerce,Primary,47650.6008,0.0608,-0.0211,-0.0723,47650.6008
ECHO,EchoStar Corp,Telecommunications,Telecom - Satellite & Space Communication,Primary,24784.6671,-0.0777,-0.0291,-0.313,24784.6671
ECL,Ecolab Inc.,Nanotechnology,NanoTech - Energy & Environment,Primary,80448.7056,0.0404,0.0678,0.136,48269.2234
ECL,Ecolab Inc.,Environmental Sustainability,Environmental - Clean Technologies & Pollution Control,Secondary,80448.7056,0.0404,0.0678,0.136,32179.4822
ED,"Consolidated Edison, Inc.",Energy - Traditional,Energy Base - Utilities & Conventional Power Operators,Primary,39834.2417,-0.0036,-0.0391,0.0005,39834.2417
EEFT,"Euronet Worldwide, Inc.",FinTech & Digital Finance,FinTech - Digital Payments & Merchant Infrastructure,Primary,2625.7323,-0.005,-0.1149,0.0604,2625.7323
EFX,Equifax Inc,Big Data & Analytics,"Big Data - Data Generation, Sourcing & Providers",Primary,22866.0859,0.1008,0.128,0.1865,22866.0859
EG,"Everest Group, Ltd.",Financials - Traditional,Fin Trad - Insurance & Reinsurance,Primary,14447.1591,0.0319,-0.0216,0.0747,14447.1591
EGHT,8X8 Inc /De/,Telecommunications,Telecom - Enterprise & Unified Communications,Primary,285.9823,-0.0294,0.1379,-0.1,285.9823
EGP,Eastgroup Properties Inc,Real Estate & REITs,"Real Estate - E-Commerce, Warehousing & Logistics",Primary,10881.5685,-0.0058,-0.0504,-0.0062,10881.5685
EHC,Encompass Health Corp,Healthcare & Biotech,Healthcare - Senior Care & Longevity,Primary,11929.167,-0.0088,0.0711,0.1542,11929.167
EIX,Edison International,Energy - Traditional,Energy Base - Utilities & Conventional Power Operators,Primary,28464.6905,0.0374,-0.0725,0.0515,28464.6905
EL,Estee Lauder Companies Inc,E-commerce,E-commerce - Direct-to-Consumer,Primary,37673.7035,0.2346,0.2969,0.1836,22604.2221
EL,Estee Lauder Companies Inc,Nanotechnology,NanoTech - Consumer & Industrial Products,Secondary,37673.7035,0.2346,0.2969,0.1836,15069.4814
ELAN,Elanco Animal Health Inc,Healthcare & Biotech,Healthcare - Animal Health & Veterinary,Primary,12196.5589,0.0343,-0.0197,0.1238,7317.9353
ELAN,Elanco Animal Health Inc,Commodities - Agriculture,Comm Agri - Livestock & Animal Protein,Secondary,12196.5589,0.0343,-0.0197,0.1238,4878.6236
ELF,"E.L.F. Beauty, Inc.",Consumer Goods & Retail,Consumer - Household & Personal Care,Primary,6251.897,0.1312,0.3696,1.0028,6251.897
ELS,Equity Lifestyle Properties Inc,Real Estate & REITs,"Real Estate - Housing, Urban Living & Demographics",Primary,12757.8076,0.0131,-0.0047,0.0435,12757.8076
ELV,"Elevance Health, Inc.",Healthcare & Biotech,"Healthcare - IT, Services & Data Infrastructure",Primary,87318.0833,0.0317,0.0661,0.0243,87318.0833
EME,"Emcor Group, Inc.",Industrials & Construction,Industrials - Engineering & Construction,Primary,33739.6644,-0.1132,0.0269,-0.0985,20243.7986
EME,"Emcor Group, Inc.",Cloud Computing,Cloud - Data Centers & Infrastructure,Secondary,33739.6644,-0.1132,0.0269,-0.0985,13495.8658
EMR,Emerson Electric Co,Hardware,Hardware - Industrial & IoT,Primary,87892.5501,-0.0276,0.0687,0.159,52735.5301
EMR,Emerson Electric Co,Industrial Automation & Robotics,Automation - Factory & Process Automation Systems,Secondary,87892.5501,-0.0276,0.0687,0.159,35157.02
ENB,Enbridge Inc,Energy - Traditional,Energy Base - Refining & Midstream Infrastructure,Primary,109379.0063,-0.0099,-0.1071,-0.1253,65627.4038
ENB,Enbridge Inc,Energy - Renewable,Energy Clean - Wind,Secondary,109379.0063,-0.0099,-0.1071,-0.1253,43751.6025
ENLT,Enlight Renewable Energy Ltd.,Energy - Renewable,Energy Clean - Wind,Primary,10853.9618,-0.0707,-0.1076,-0.1584,10853.9618
ENPH,"Enphase Energy, Inc.",Energy - Renewable,Energy Clean - Batteries & Storage,Primary,4913.1381,-0.038,0.0131,-0.4193,2947.8829
ENPH,"Enphase Energy, Inc.",Energy - Renewable,Energy Clean - Solar,Secondary,4913.1381,-0.038,0.0131,-0.4193,1965.2552
ENS,Enersys,Energy - Renewable,Energy Clean - Batteries & Storage,Primary,6761.869,-0.0734,-0.0171,-0.1918,6761.869
ENSG,"Ensign Group, Inc",Healthcare & Biotech,Healthcare - Senior Care & Longevity,Primary,10454.1199,-0.0119,0.0369,0.0436,10454.1199
ENTG,"Entegris, Inc.",Semiconductors,"Semis - Equipment, Lithography & Deposition",Primary,21124.6,-0.1523,0.0714,0.0228,21124.6
ENVX,Enovix Corp,Electric Vehicles & Mobility,EVs - Batteries & Materials,Primary,713.3617,-0.0904,-0.1722,-0.5105,713.3617
EOG,Eog Resources Inc,Energy - Traditional,Energy Base - Oil & Gas Exploration & Production,Primary,78789.531,0.0278,0.0261,0.0716,47273.7186
EOG,Eog Resources Inc,Commodities - Energy,Comm Energy - Crude Oil,Secondary,78789.531,0.0278,0.0261,0.0716,31515.8124
EOSE,"Eos Energy Enterprises, Inc.",Energy - Renewable,Energy Clean - Batteries & Storage,Primary,1260.0204,-0.1196,-0.0029,-0.5707,1260.0204
EPD,Enterprise Products Partners L.P.,Energy - Traditional,Energy Base - Refining & Midstream Infrastructure,Primary,82837.5455,-0.0065,0.0052,-0.0176,82837.5455
EPR,EPR Properties,Real Estate & REITs,"Real Estate - Travel, Leisure & Entertainment Properties",Primary,4639.4364,0.001,-0.0421,0.0492,4639.4364
EPRT,"Essential Properties Realty Trust, Inc.",Real Estate & REITs,Real Estate - Retail & Consumer Real Estate,Primary,6700.1376,-0.0051,-0.0421,-0.0007,6700.1376
EQH,"Equitable Holdings, Inc.",Financials - Traditional,Fin Trad - Insurance & Reinsurance,Primary,13373.7062,-0.0411,0.0279,0.1672,8024.2237
EQH,"Equitable Holdings, Inc.",Financials - Traditional,"Fin Trad - Asset Management, Custody & Alternatives",Secondary,13373.7062,-0.0411,0.0279,0.1672,5349.4825
EQIX,Equinix Inc,Telecommunications,Telecom - Cloud & Edge Connectivity,Primary,104118.3582,-0.034,-0.0221,-0.0181,62471.0149
EQIX,Equinix Inc,Cloud Computing,Cloud - Data Centers & Infrastructure,Secondary,104118.3582,-0.034,-0.0221,-0.0181,41647.3433
EQNR,Equinor Asa,Energy - Traditional,Energy Base - Integrated Energy Majors,Primary,100598.5063,0.0132,0.0603,0.1023,100598.5063
EQT,Eqt Corp,Commodities - Energy,Comm Energy - Natural Gas & LNG,Primary,33646.5062,0.0147,0.0175,-0.0684,33646.5062
ERIC,Ericsson Lm Telephone Co,Hardware,Hardware - Communications & Telecom,Primary,33260.6129,-0.001,0.0878,-0.2474,33260.6129
ERIE,Erie Indemnity Co,Financials - Traditional,Fin Trad - Insurance & Reinsurance,Primary,14047.1509,0.0843,0.2017,0.2049,14047.1509
ERII,"Energy Recovery, Inc.",Environmental Sustainability,Environmental - Clean Technologies & Pollution Control,Primary,398.15,-0.0418,-0.0736,-0.1186,398.15
ERO,Ero Copper Corp.,Commodities - Metals,Comm Metals - Industrial & Base Metals,Primary,4020.8664,0.1043,0.4838,0.4288,4020.8664
ES,Eversource Energy,Energy - Traditional,Energy Base - Utilities & Conventional Power Operators,Primary,26838.0762,-0.0092,-0.0489,0.0179,26838.0762
ESAB,ESAB Corp,Industrials & Construction,"Industrials - Machinery, Flow Control & Components",Primary,4924.2754,-0.0351,-0.0615,-0.1359,4924.2754
ESNT,Essent Group Ltd.,Financials - Traditional,Fin Trad - Insurance & Reinsurance,Primary,6153.8098,-0.0138,0.0414,0.1334,6153.8098
ESS,"Essex Property Trust, Inc.",Real Estate & REITs,"Real Estate - Housing, Urban Living & Demographics",Primary,18869.8554,0.0373,0.0005,0.0705,18869.8554
ESTC,Elastic N.V.,Cybersecurity,Cybersecurity - Cloud Security,Primary,8652.9337,-0.0024,0.4185,0.5187,5191.7602
ESTC,Elastic N.V.,Cloud Computing,Cloud - Hyperscalers & Platforms,Secondary,8652.9337,-0.0024,0.4185,0.5187,3461.1735
ET,Energy Transfer Lp,Energy - Traditional,Energy Base - Refining & Midstream Infrastructure,Primary,72584.7553,0.0067,0.0527,0.0679,43550.8532
ET,Energy Transfer Lp,Commodities - Energy,Comm Energy - Natural Gas & LNG,Secondary,72584.7553,0.0067,0.0527,0.0679,29033.9021
ETN,Eaton Corp Plc,Energy - Renewable,Energy Clean - Smart Grid & Electrification,Primary,158727.4332,-0.1026,0.0139,0.0468,95236.4599
ETN,Eaton Corp Plc,Hardware,Hardware - Data Center Infrastructure & Servers,Secondary,158727.4332,-0.1026,0.0139,0.0468,63490.9733
ETOR,eToro Group Ltd. - Class A,FinTech & Digital Finance,FinTech - Trading Platforms & WealthTech,Primary,2311.8525,0.0338,-0.2096,-0.2884,2311.8525
ETR,Entergy Corp /De/,Energy - Traditional,Energy Base - Utilities & Conventional Power Operators,Primary,49364.9466,-0.0252,-0.0822,-0.0532,49364.9466
ETSY,Etsy Inc,E-commerce,E-commerce - Online Marketplaces & Recommerce,Primary,7987.7654,0.1099,0.0795,0.3952,7987.7654
EVER,"Everquote, Inc.",FinTech & Digital Finance,FinTech - InsurTech & Embedded Insurance,Primary,938.0822,0.1256,0.0631,0.41,938.0822
EVGO,Evgo Inc.,Electric Vehicles & Mobility,EVs - Charging & Infrastructure,Primary,465.4833,-0.0452,0.0423,-0.2128,465.4833
EVH,"Evolent Health, Inc.",Healthcare & Biotech,"Healthcare - IT, Services & Data Infrastructure",Primary,533.64,0.0703,0.1185,0.1949,533.64
EVLV,"Evolv Technologies Holdings, Inc.",Cybersecurity,"Cybersecurity - Identity, Biometrics & Access Management",Primary,944.3249,-0.0402,0.0019,-0.1587,944.3249
EVR,Evercore Inc.,Financials - Traditional,Fin Trad - Capital Markets & Investment Banking,Primary,11156.9854,-0.0431,-0.1458,-0.1597,11156.9854
EVRG,"Evergy, Inc.",Energy - Traditional,Energy Base - Utilities & Conventional Power Operators,Primary,18765.862,-0.0222,-0.0586,-0.0223,18765.862
EW,Edwards Lifesciences Corp,Healthcare & Biotech,Healthcare - Medical Devices & HealthTech Hardware,Primary,52164.2,-0.0034,0.0952,0.055,52164.2
EWBC,"East West Bancorp, Inc.",Financials - Traditional,"Fin Trad - Banks, Lending & Mortgage Finance",Primary,17662.1989,-0.0488,-0.0099,0.0535,17662.1989
EXC,Exelon Corp,Energy - Renewable,Energy Clean - Smart Grid & Electrification,Primary,45681.4611,-0.027,-0.0671,-0.0319,27408.8767
EXC,Exelon Corp,Energy - Renewable,Energy Clean - Utilities & Clean Power Operators,Secondary,45681.4611,-0.027,-0.0671,-0.0319,18272.5844
EXE,Expand Energy Corp,Commodities - Energy,Comm Energy - Natural Gas & LNG,Primary,22300.7604,0.0229,0.0589,-0.0105,22300.7604
EXEL,"Exelixis, Inc.",Healthcare & Biotech,Healthcare - Oncology & Precision Cancer Therapeutics,Primary,13516.4911,0.0426,-0.0148,0.0877,13516.4911
EXK,Endeavour Silver Corp,Commodities - Metals,Comm Metals - Precious Metals,Primary,3186.5147,0.0611,0.376,0.1658,3186.5147
EXLS,"Exlservice Holdings, Inc.",Business Services & Consulting,"Business Services - Outsourcing, Facilities & Testing",Primary,5709.7267,0.0897,0.361,0.2762,3425.836
EXLS,"Exlservice Holdings, Inc.",Artificial Intelligence,"AI - Apps, Domain-Specific AI",Secondary,5709.7267,0.0897,0.361,0.2762,2283.8907
EXP,Eagle Materials Inc.,Industrials & Construction,Industrials - Construction Materials & Aggregates,Primary,6265.4351,-0.0061,-0.0435,0.0254,6265.4351
EXPD,Expeditors International Of Washington Inc,Transportation & Logistics,"Transportation - Logistics, Warehousing & Supply Chain Solutions",Primary,24416.1388,-0.0023,0.0715,0.1913,24416.1388
EXPE,"Expedia Group, Inc.",Consumer Goods & Retail,Consumer - Resale & Sharing Platforms,Primary,40702.4869,0.0648,0.3046,0.5833,24421.4921
EXPE,"Expedia Group, Inc.",Real Estate & REITs,"Real Estate - Travel, Leisure & Entertainment Properties",Secondary,40702.4869,0.0648,0.3046,0.5833,16280.9948
EXPO,"Exponent, Inc.",Business Services & Consulting,Consulting,Primary,3365.3118,0.0693,0.152,0.2316,3365.3118
EXR,Extra Space Storage Inc.,Real Estate & REITs,Real Estate - Retail & Consumer Real Estate,Primary,30898.1729,-0.0044,-0.0099,0.0317,30898.1729
EXTR,Extreme Networks Inc,Hardware,Hardware - Networking Equipment,Primary,2920.3807,-0.0783,-0.2411,-0.1258,2920.3807
F,Ford Motor Co,Electric Vehicles & Mobility,EVs - Manufacturers,Primary,55547.2089,-0.0085,-0.0201,-0.0569,55547.2089
FAF,First American Financial Corp,Financials - Traditional,Fin Trad - Insurance & Reinsurance,Primary,7377.7462,-0.0126,-0.0382,0.0683,7377.7462
FANG,"Diamondback Energy, Inc.",Energy - Traditional,Energy Base - Oil & Gas Exploration & Production,Primary,57572.0709,-0.0033,0.01,0.03,34543.2425
FANG,"Diamondback Energy, Inc.",Commodities - Energy,Comm Energy - Crude Oil,Secondary,57572.0709,-0.0033,0.01,0.03,23028.8284
FAST,Fastenal Co,Industrials & Construction,Industrials - Distribution & Rental Services,Primary,58843.6741,0.001,0.0966,0.1735,58843.6741
FATE,Fate Therapeutics Inc,Healthcare & Biotech,"Healthcare - Regenerative Medicine, Psychedelics, Cannabis",Primary,292.3621,-0.0687,0.0124,0.0844,292.3621
FBIN,"Fortune Brands Innovations, Inc.",Industrials & Construction,Industrials - Building Products & HVAC,Primary,5363.4319,-0.0285,-0.118,0.2011,5363.4319
FCEL,Fuelcell Energy Inc,Energy - Renewable,Energy Clean - Hydrogen & Fuel Cells,Primary,1499.1412,-0.1614,-0.1181,-0.2503,1499.1412
FCFS,"Firstcash Holdings, Inc.",Financials - Traditional,"Fin Trad - Banks, Lending & Mortgage Finance",Primary,10254.3944,0.0934,0.2145,0.0409,10254.3944
FCN,"FTI Consulting, Inc.",Business Services & Consulting,Consulting,Primary,4294.1523,0.038,-0.0267,0.0093,4294.1523
FCPT,"Four Corners Property Trust, Inc.",Real Estate & REITs,Real Estate - Retail & Consumer Real Estate,Primary,2798.7884,0.0172,-0.0172,0.0375,2798.7884
FCX,Freeport-Mcmoran Inc,Energy - Renewable,Energy Clean - Materials & Critical Metals,Primary,111722.1677,0.1378,0.2428,0.2581,67033.3006
FCX,Freeport-Mcmoran Inc,Commodities - Metals,Comm Metals - Industrial & Base Metals,Secondary,111722.1677,0.1378,0.2428,0.2581,44688.8671
FDS,Factset Research Systems Inc,Big Data & Analytics,"Big Data - Data Generation, Sourcing & Providers",Primary,10858.5158,0.1032,0.2003,0.3224,10858.5158
FDX,Fedex Corp,Industrial Automation & Robotics,Automation - Smart Logistics & Warehouse Automation,Primary,79059.7559,0.0077,0.0606,0.0556,47435.8535
FDX,Fedex Corp,Transportation & Logistics,"Transportation - Logistics, Warehousing & Supply Chain Solutions",Secondary,79059.7559,0.0077,0.0606,0.0556,31623.9024
FDXF,FedEx Freight Corp,Transportation & Logistics,"Transportation - Trucking, LTL & Ground Freight",Primary,19627.246,-0.0873,-0.1692,,19627.246
FE,Firstenergy Corp,Energy - Traditional,Energy Base - Utilities & Conventional Power Operators,Primary,26947.2615,-0.0179,-0.0579,0.0156,26947.2615
FERG,Ferguson Enterprises Inc.,Industrials & Construction,Industrials - Distribution & Rental Services,Primary,45741.8943,-0.0312,0.0289,0.0628,27445.1366
FERG,Ferguson Enterprises Inc.,Industrials & Construction,Industrials - Building Products & HVAC,Secondary,45741.8943,-0.0312,0.0289,0.0628,18296.7577
FF,Futurefuel Corp.,Commodities - Agriculture,"Comm Agri - Grains, Oilseeds & Softs",Primary,241.2482,-0.0418,0.1828,0.3381,241.2482
FFIN,"First Financial Bankshares, Inc.",Financials - Traditional,"Fin Trad - Banks, Lending & Mortgage Finance",Primary,4867.402,-0.0258,-0.0208,0.0604,4867.402
FFIV,"F5, Inc.",Cybersecurity,Cybersecurity - Application Security,Primary,21463.9675,-0.0417,-0.0336,-0.0371,12878.3805
FFIV,"F5, Inc.",Cloud Computing,Cloud - Multi-Cloud Management,Secondary,21463.9675,-0.0417,-0.0336,-0.0371,8585.587
FHI,"Federated Hermes, Inc.",Financials - Traditional,"Fin Trad - Asset Management, Custody & Alternatives",Primary,4832.0135,0.0089,0.1242,0.1879,4832.0135
FHN,First Horizon Corp,Financials - Traditional,"Fin Trad - Banks, Lending & Mortgage Finance",Primary,11621.754,-0.0573,-0.0392,0.0193,11621.754
FICO,Fair Isaac Corp,Big Data & Analytics,"Big Data - Analytics, AI Platforms & BI",Primary,25191.482,0.0958,-0.0574,-0.0593,25191.482
FIG,"Figma, Inc. Class A",Software,Software - Vertical SaaS Platforms,Primary,14625.791,0.098,0.2992,0.2083,14625.791
FIS,"Fidelity National Information Services, Inc.",FinTech & Digital Finance,FinTech - Digital Banking & Neobanks,Primary,21350.2258,0.0056,-0.0026,-0.0387,12810.1355
FIS,"Fidelity National Information Services, Inc.",FinTech & Digital Finance,FinTech - Digital Payments & Merchant Infrastructure,Secondary,21350.2258,0.0056,-0.0026,-0.0387,8540.0903
FISV,"Fiserv, Inc. -",FinTech & Digital Finance,FinTech - Digital Payments & Merchant Infrastructure,Primary,28162.3651,0.0144,0.038,-0.073,28162.3651
FITB,Fifth Third Bancorp,Financials - Traditional,"Fin Trad - Banks, Lending & Mortgage Finance",Primary,49788.4031,-0.0469,-0.0437,0.1174,49788.4031
FIVE,"Five Below, Inc.",E-commerce,"E-commerce - Omnichannel Retailers, Online & Physical Stores",Primary,14527.1947,0.1013,0.293,0.1969,14527.1947
FIX,"Comfort Systems USA, Inc.",Industrials & Construction,Industrials - Engineering & Construction,Primary,56651.9574,-0.1443,-0.071,-0.1191,33991.1744
FIX,"Comfort Systems USA, Inc.",Cloud Computing,Cloud - Data Centers & Infrastructure,Secondary,56651.9574,-0.1443,-0.071,-0.1191,22660.783
FLEX,Flex Ltd.,Hardware,Hardware - Data Center Infrastructure & Servers,Primary,39396.8282,-0.1796,-0.1001,-0.1949,23638.0969
FLEX,Flex Ltd.,Industrial Automation & Robotics,Automation - Factory & Process Automation Systems,Secondary,39396.8282,-0.1796,-0.1001,-0.1949,15758.7313
FLG,"Flagstar Financial, Inc.",Financials - Traditional,"Fin Trad - Banks, Lending & Mortgage Finance",Primary,5570.5459,-0.0414,-0.031,-0.0304,5570.5459
FLNC,"Fluence Energy, Inc.",Energy - Renewable,Energy Clean - Batteries & Storage,Primary,1554.7565,-0.1401,-0.192,-0.4946,1554.7565
FLO,"Flowers Foods, Inc.",Consumer Goods & Retail,"Consumer - Health, Food & Beverages",Primary,1543.3108,-0.0041,-0.0594,-0.0682,1543.3108
FLR,Fluor Corp,Industrials & Construction,Industrials - Engineering & Construction,Primary,6858.2418,-0.0632,-0.0174,0.1429,6858.2418
FLS,Flowserve Corp,Industrials & Construction,"Industrials - Machinery, Flow Control & Components",Primary,10227.4942,-0.0063,0.1113,0.1593,10227.4942
FLUT,Flutter Entertainment Plc,Digital Entertainment & Media,"Entertainment - Sports Betting, Wagering & Prediction Markets",Primary,17801.6414,0.0642,0.0131,0.0534,10680.9848
FLUT,Flutter Entertainment Plc,Digital Entertainment & Media,Entertainment - iGaming & Online Gambling,Secondary,17801.6414,0.0642,0.0131,0.0534,7120.6566
FLY,Firefly Aerospace Inc. -,Space Tech,"Space - Infrastructure, Exploration & Launch",Primary,3867.0474,-0.1501,0.1732,-0.5333,3867.0474
FMC,Fmc Corp,Agriculture & FoodTech,Agriculture - Agricultural Inputs & Crop Science,Primary,1412.5587,0.1081,-0.0018,-0.1336,847.5352
FMC,Fmc Corp,Commodities - Agriculture,"Comm Agri - Fertilizers, Crop Inputs & Seeds",Secondary,1412.5587,0.1081,-0.0018,-0.1336,565.0235
FN,Fabrinet,Hardware,Hardware - Communications & Telecom,Primary,15091.4951,-0.2964,-0.1153,-0.4017,9054.8971
FN,Fabrinet,Hardware,Hardware - Data Center Infrastructure & Servers,Secondary,15091.4951,-0.2964,-0.1153,-0.4017,6036.598
FNB,F.N.B. Corp,Financials - Traditional,"Fin Trad - Banks, Lending & Mortgage Finance",Primary,6578.2136,-0.0474,-0.0299,0.0621,6578.2136
FND,"Floor & Decor Holdings, Inc.",E-commerce,"E-commerce - Omnichannel Retailers, Online & Physical Stores",Primary,5843.1043,-0.0309,0.0208,0.1381,3505.8626
FND,"Floor & Decor Holdings, Inc.",Industrials & Construction,Industrials - Building Products & HVAC,Secondary,5843.1043,-0.0309,0.0208,0.1381,2337.2417
FNF,"Fidelity National Financial, Inc.",Financials - Traditional,Fin Trad - Insurance & Reinsurance,Primary,12720.3859,-0.0346,-0.0812,-0.0136,12720.3859
FNV,Franco Nevada Corp,Commodities - Metals,Comm Metals - Gold,Primary,52096.0653,0.1323,0.2583,0.1968,31257.6392
FNV,Franco Nevada Corp,Commodities - Metals,Comm Metals - Precious Metals,Secondary,52096.0653,0.1323,0.2583,0.1968,20838.4261
FORM,Formfactor Inc,Semiconductors,"Semis - Testing, Packaging & Assembly",Primary,8429.2263,-0.219,0.0371,-0.1635,8429.2263
FOUR,"Shift4 Payments, Inc.",FinTech & Digital Finance,FinTech - Digital Payments & Merchant Infrastructure,Primary,3790.0858,0.0823,-0.0072,0.1101,3790.0858
FOXA,Fox Corp,Digital Entertainment & Media,Entertainment - Video Streaming,Primary,29061.3237,0.0003,0.2513,0.0817,17436.7942
FOXA,Fox Corp,Digital Entertainment & Media,Entertainment - Advertising & Social Platforms,Secondary,29061.3237,0.0003,0.2513,0.0817,11624.5295
FR,"First Industrial Realty Trust, Inc.",Real Estate & REITs,"Real Estate - E-Commerce, Warehousing & Logistics",Primary,8409.102,0.0084,-0.0531,0.0103,8409.102
FROG,Jfrog Ltd,Cloud Computing,"Cloud - DevOps, Observability",Primary,11114.3801,-0.0475,0.1245,0.2183,6668.6281
FROG,Jfrog Ltd,Software,"Software - Data, Analytics & DevOps",Secondary,11114.3801,-0.0475,0.1245,0.2183,4445.752
FRSH,Freshworks Inc.,Software,"Software - Collaboration, CRM & Communications",Primary,3441.5449,0.0697,0.2843,0.4526,3441.5449
FRT,Federal Realty Investment Trust,Real Estate & REITs,Real Estate - Retail & Consumer Real Estate,Primary,10212.9488,-0.0041,-0.0677,-0.0094,10212.9488
FSLR,"First Solar, Inc.",Energy - Renewable,Energy Clean - Solar,Primary,22387.0313,-0.0438,0.0271,-0.1921,13432.2188
FSLR,"First Solar, Inc.",Nanotechnology,NanoTech - Energy & Environment,Secondary,22387.0313,-0.0438,0.0271,-0.1921,8954.8125
FSLY,"Fastly, Inc.",Telecommunications,Telecom - Cloud & Edge Connectivity,Primary,3654.3421,-0.2101,0.1334,0.4056,2192.6053
FSLY,"Fastly, Inc.",Cloud Computing,Cloud - Data Centers & Infrastructure,Secondary,3654.3421,-0.2101,0.1334,0.4056,1461.7368
FTEK,"Fuel Tech, Inc.",Environmental Sustainability,Environmental - Clean Technologies & Pollution Control,Primary,43.0792,-0.0417,-0.1097,-0.0676,43.0792
FTI,Technipfmc Plc,Energy - Traditional,Energy Base - Oilfield Services & Equipment,Primary,29745.6682,-0.049,-0.0111,0.0691,29745.6682
FTNT,"Fortinet, Inc.",Industrial Automation & Robotics,"Automation - Industrial IoT, Connectivity",Primary,111517.1421,-0.0248,-0.0025,0.1348,66910.2853
FTNT,"Fortinet, Inc.",Cybersecurity,Cybersecurity - Application Security,Secondary,111517.1421,-0.0248,-0.0025,0.1348,44606.8568
FTV,Fortive Corp,Industrial Automation & Robotics,Automation - Industrial Sensors & Machine Vision,Primary,18259.9507,-0.003,-0.0297,0.0235,10955.9704
FTV,Fortive Corp,Hardware,Hardware - Industrial & IoT,Secondary,18259.9507,-0.003,-0.0297,0.0235,7303.9803
FWRD,Forward Air Corp,Transportation & Logistics,"Transportation - Logistics, Warehousing & Supply Chain Solutions",Primary,593.5297,-0.0906,0.1521,0.9966,593.5297
G,Genpact Limited,Business Services & Consulting,"Business Services - Outsourcing, Facilities & Testing",Primary,6316.4134,0.1154,0.2025,0.1848,3789.848
G,Genpact Limited,Artificial Intelligence,"AI - Apps, Domain-Specific AI",Secondary,6316.4134,0.1154,0.2025,0.1848,2526.5654
GAP,"Gap, Inc.",Consumer Goods & Retail,Consumer - Apparel & E-Commerce Retail,Primary,7329.1713,0.0089,0.071,-0.1215,7329.1713
GATX,GATX Corp,Transportation & Logistics,Transportation - Freight Rail & Infrastructure,Primary,6302.3057,-0.0118,-0.0331,0.0561,6302.3057
GBCI,"Glacier Bancorp, Inc.",Financials - Traditional,"Fin Trad - Banks, Lending & Mortgage Finance",Primary,6090.0131,-0.0572,-0.0696,-0.0125,6090.0131
GD,General Dynamics Corp,Defense & Aerospace,Defense - Cyber Defense & Electronic Warfare,Primary,103831.7318,-0.0188,-0.0077,0.1241,62299.0391
GD,General Dynamics Corp,Defense & Aerospace,Defense - Secure Defense Supply Chains,Secondary,103831.7318,-0.0188,-0.0077,0.1241,41532.6927
GDDY,Godaddy Inc.,E-commerce,E-commerce - Platforms,Primary,12730.6268,0.0882,0.079,0.1112,12730.6268
GDRX,"Goodrx Holdings, Inc.",Healthcare & Biotech,"Healthcare - IT, Services & Data Infrastructure",Primary,1173.5402,-0.0753,0.1622,0.2981,1173.5402
GE,General Electric Co,Defense & Aerospace,Defense - Next-Generation Aircraft & Maintenance,Primary,354680.3656,-0.0747,-0.0336,0.1302,212808.2194
GE,General Electric Co,Defense & Aerospace,Defense - Secure Defense Supply Chains,Secondary,354680.3656,-0.0747,-0.0336,0.1302,141872.1462
GEF,"Greif, Inc.",Industrials & Construction,Industrials - Packaging & Containers,Primary,4888.3732,-0.0157,0.0937,0.3494,4888.3732
GEHC,Ge Healthcare Technologies Inc.,Healthcare & Biotech,Healthcare - Medical Devices & HealthTech Hardware,Primary,33510.6041,0.0251,0.2247,0.1557,20106.3625
GEHC,Ge Healthcare Technologies Inc.,Healthcare & Biotech,Healthcare - Senior Care & Longevity,Secondary,33510.6041,0.0251,0.2247,0.1557,13404.2416
GEN,Gen Digital Inc.,Cybersecurity,"Cybersecurity - Endpoint, Identity & Zero Trust",Primary,17424.8689,0.062,0.1315,0.178,17424.8689
GENI,Genius Sports Ltd,Digital Entertainment & Media,"Entertainment - Sports Betting, Wagering & Prediction Markets",Primary,2138.3393,0.0296,0.233,0.4935,2138.3393
GERN,Geron Corp,Healthcare & Biotech,Healthcare - Age-Related & Longevity Therapeutics,Primary,976.5596,-0.0065,0.0704,0.1875,976.5596
GEV,Ge Vernova Inc.,Energy - Traditional,Energy Base - Nuclear Power & Advanced Reactors,Primary,250912.8602,-0.1269,-0.0716,-0.0926,150547.7161
GEV,Ge Vernova Inc.,Energy - Renewable,Energy Clean - Smart Grid & Electrification,Secondary,250912.8602,-0.1269,-0.0716,-0.0926,100365.1441
GEVO,"Gevo, Inc.",Commodities - Energy,Comm Energy - Biofuels & Renewable Fuels,Primary,378.2728,-0.0438,-0.0613,-0.1356,226.9637
GEVO,"Gevo, Inc.",Energy - Renewable,Energy Clean - Fuels & Bioenergy,Secondary,378.2728,-0.0438,-0.0613,-0.1356,151.3091
GFI,Gold Fields Ltd,Commodities - Metals,Comm Metals - Gold,Primary,42332.8311,0.1405,0.4474,0.1973,42332.8311
GFL,Gfl Environmental Inc.,Environmental Sustainability,Environmental - Waste Management & Recycling,Primary,14976.9485,-0.001,0.0459,0.1623,14976.9485
GFS,Globalfoundries Inc.,Semiconductors,"Semis - Logic & CPUs, GPUs, Accelerators",Primary,25215.1126,-0.1402,-0.1416,-0.4627,25215.1126
GGG,Graco Inc.,Industrials & Construction,"Industrials - Machinery, Flow Control & Components",Primary,12982.2191,-0.017,0.0083,0.0641,12982.2191
GGRP,"The Glimpse Group, Inc.",Hardware,Hardware - Next-Gen & Specialty,Primary,20.2016,0.1835,0.395,1.123,20.2016
GH,"Guardant Health, Inc.",Healthcare & Biotech,"Healthcare - Diagnostics, Biomarkers & Liquid Biopsy",Primary,21898.13,0.0093,0.1076,0.3718,13138.878
GH,"Guardant Health, Inc.",Healthcare & Biotech,Healthcare - Genomics & Personalized Medicine,Secondary,21898.13,0.0093,0.1076,0.3718,8759.252
GHC,Graham Holdings Co,Education Technology,Education - Digital Curriculum,Primary,4977.2687,0.0086,0.0177,0.0656,4977.2687
GHRS,Gh Research Plc,Healthcare & Biotech,"Healthcare - Regenerative Medicine, Psychedelics, Cannabis",Primary,1928.8483,-0.0627,0.0301,0.2703,1928.8483
GILD,"Gilead Sciences, Inc.",Healthcare & Biotech,Healthcare - Oncology & Precision Cancer Therapeutics,Primary,181951.0263,0.0563,0.1348,0.0993,109170.6158
GILD,"Gilead Sciences, Inc.",Healthcare & Biotech,"Healthcare - Regenerative Medicine, Psychedelics, Cannabis",Secondary,181951.0263,0.0563,0.1348,0.0993,72780.4105
GIS,General Mills Inc,Consumer Goods & Retail,"Consumer - Health, Food & Beverages",Primary,21839.3466,0.0774,0.1357,0.2356,21839.3466
GL,Globe Life Inc.,Financials - Traditional,Fin Trad - Insurance & Reinsurance,Primary,13304.9451,-0.035,-0.002,0.1098,13304.9451
GLPI,"Gaming & Leisure Properties, Inc.",Real Estate & REITs,"Real Estate - Travel, Leisure & Entertainment Properties",Primary,12780.1176,0.0398,-0.0275,-0.0646,12780.1176
GLW,Corning Inc /Ny,Telecommunications,Telecom - Infrastructure & Equipment,Primary,125375.0742,-0.1597,-0.0075,-0.2488,125375.0742
GM,General Motors Co,Transportation & Logistics,Transportation - Urban Mobility & Emerging Transport Tech,Primary,78669.1981,0.0309,0.0525,0.1063,47201.5189
GM,General Motors Co,Electric Vehicles & Mobility,EVs - Manufacturers,Secondary,78669.1981,0.0309,0.0525,0.1063,31467.6792
GME,Gamestop Corp,E-commerce,"E-commerce - Omnichannel Retailers, Online & Physical Stores",Primary,8094.3907,-0.0196,-0.1479,-0.1785,8094.3907
GMED,Globus Medical Inc,Industrial Automation & Robotics,Robotics - Medical & Surgical Robotics,Primary,11288.742,-0.0122,0.0992,-0.0086,11288.742
GNK,Genco Shipping & Trading Ltd,Transportation & Logistics,Transportation - Marine Shipping & Ports,Primary,1174.2232,0.0275,0.0379,0.1879,1174.2232
GNRC,Generac Holdings Inc.,Energy - Renewable,Energy Clean - Batteries & Storage,Primary,12011.3347,-0.08,0.0077,-0.2465,7206.8008
GNRC,Generac Holdings Inc.,Smart Home & IoT,Smart Home - Energy & Utilities,Secondary,12011.3347,-0.08,0.0077,-0.2465,4804.5339
GNTX,Gentex Corp,Electric Vehicles & Mobility,EVs - Key Suppliers & Autonomy Tech,Primary,4970.0198,-0.0092,0.0301,-0.0059,4970.0198
GOOGL,Alphabet Inc.,Artificial Intelligence,"AI - Ads, Search & Recommendations",Primary,4256751.0874,0.0118,0.0886,-0.0906,2554050.6524
GOOGL,Alphabet Inc.,Cloud Computing,Cloud - Hyperscalers & Platforms,Secondary,4256751.0874,0.0118,0.0886,-0.0906,1702700.435
GPC,Genuine Parts Co,Industrials & Construction,Industrials - Distribution & Rental Services,Primary,18706.1909,0.0239,0.0924,0.4015,11223.7145
GPC,Genuine Parts Co,E-commerce,"E-commerce - Omnichannel Retailers, Online & Physical Stores",Secondary,18706.1909,0.0239,0.0924,0.4015,7482.4764
GPCR,Structure Therapeutics Inc.,Healthcare & Biotech,Healthcare - Metabolic & Cardiometabolic,Primary,3494.896,-0.0884,-0.0022,0.2506,3494.896
GPK,Graphic Packaging Holding Co,Industrials & Construction,Industrials - Packaging & Containers,Primary,3390.0195,0.0409,0.039,0.1376,3390.0195
GPN,Global Payments Inc,FinTech & Digital Finance,FinTech - Digital Payments & Merchant Infrastructure,Primary,24953.515,0.0434,0.1653,0.2921,24953.515
GPRE,Green Plains Inc.,Energy - Renewable,Energy Clean - Fuels & Bioenergy,Primary,1049.3271,-0.0725,-0.1168,-0.0323,629.5963
GPRE,Green Plains Inc.,Commodities - Agriculture,"Comm Agri - Grains, Oilseeds & Softs",Secondary,1049.3271,-0.0725,-0.1168,-0.0323,419.7308
GRMN,Garmin Ltd,Hardware,"Hardware - Consumer Electronics, PCs & Peripherals",Primary,56168.3011,-0.0528,0.1984,0.2153,33700.9807
GRMN,Garmin Ltd,Smart Home & IoT,"Smart Home & IoT - Devices, Sensors & Connectivity",Secondary,56168.3011,-0.0528,0.1984,0.2153,22467.3204
GS,"Goldman Sachs Group, Inc.",Financials - Traditional,Fin Trad - Capital Markets & Investment Banking,Primary,301735.1152,-0.0143,-0.0235,0.0443,301735.1152
GSAT,"Globalstar, Inc.",Telecommunications,Telecom - Satellite & Space Communication,Primary,10638.45,-0.0111,0.0403,-0.0107,6383.07
GSAT,"Globalstar, Inc.",Space Tech,"Space - Infrastructure, Exploration & Launch",Secondary,10638.45,-0.0111,0.0403,-0.0107,4255.38
GSL,"Global Ship Lease, Inc.",Transportation & Logistics,Transportation - Marine Shipping & Ports,Primary,1608.6218,0.0441,0.0386,0.1913,1608.6218
GT,Goodyear Tire & Rubber Co,Electric Vehicles & Mobility,EVs - Key Suppliers & Autonomy Tech,Primary,1727.3924,-0.0083,-0.1678,0.0187,1727.3924
GTLB,Gitlab Inc.,Cloud Computing,"Cloud - DevOps, Observability",Primary,7098.8668,0.0373,0.3437,0.5724,4259.3201
GTLB,Gitlab Inc.,Software,"Software - Data, Analytics & DevOps",Secondary,7098.8668,0.0373,0.3437,0.5724,2839.5467
GTLS,"Chart Industries, Inc.",Industrials & Construction,"Industrials - Machinery, Flow Control & Components",Primary,10047.7188,,,,6028.6313
GTLS,"Chart Industries, Inc.",Commodities - Energy,Comm Energy - Natural Gas & LNG,Secondary,10047.7188,,,,4019.0875
GWH,"Ess Tech, Inc.",Energy - Renewable,Energy Clean - Batteries & Storage,Primary,11.4353,-0.3611,-0.4819,-0.5938,11.4353
GWRE,"Guidewire Software, Inc.",FinTech & Digital Finance,FinTech - InsurTech & Embedded Insurance,Primary,15976.0636,0.1157,0.3882,0.3681,9585.6382
GWRE,"Guidewire Software, Inc.",Software,Software - Vertical SaaS Platforms,Secondary,15976.0636,0.1157,0.3882,0.3681,6390.4254
GWW,"W.W. Grainger, Inc.",Industrials & Construction,Industrials - Distribution & Rental Services,Primary,62262.7364,0.0032,-0.042,0.0615,62262.7364
GXO,"Gxo Logistics, Inc.",Industrial Automation & Robotics,Automation - Smart Logistics & Warehouse Automation,Primary,5387.8815,-0.0072,-0.1087,-0.0103,3232.7289
GXO,"Gxo Logistics, Inc.",Transportation & Logistics,"Transportation - Logistics, Warehousing & Supply Chain Solutions",Secondary,5387.8815,-0.0072,-0.1087,-0.0103,2155.1526
H,Hyatt Hotels Corp,Real Estate & REITs,"Real Estate - Travel, Leisure & Entertainment Properties",Primary,16971.0934,-0.0083,-0.0376,0.0349,16971.0934
HAE,Haemonetics Corp,Healthcare & Biotech,Healthcare - Medical Devices & HealthTech Hardware,Primary,4931.8804,0.2008,0.376,0.6552,4931.8804
HAIN,Hain Celestial Group Inc,Consumer Goods & Retail,"Consumer - Health, Food & Beverages",Primary,75.849,0.5007,0.5857,0.0774,75.849
HAL,Halliburton Co,Energy - Traditional,Energy Base - Oilfield Services & Equipment,Primary,28851.3055,-0.0029,0.0381,-0.1614,28851.3055
HALO,"Halozyme Therapeutics, Inc.",Healthcare & Biotech,Healthcare - Next-Gen Biotech Platforms,Primary,12330.4227,0.0548,0.326,0.5902,7398.2536
HALO,"Halozyme Therapeutics, Inc.",Nanotechnology,NanoTech - Nanomedicine & Drug Delivery,Secondary,12330.4227,0.0548,0.326,0.5902,4932.1691
HAS,"Hasbro, Inc.",Consumer Goods & Retail,Consumer - Modern Luxury & Lifestyle,Primary,13457.0531,0.0113,0.0826,0.1,8074.2319
HAS,"Hasbro, Inc.",Digital Entertainment & Media,Entertainment - Game Publishers & Developers,Secondary,13457.0531,0.0113,0.0826,0.1,5382.8212
HBAN,Huntington Bancshares Inc,Financials - Traditional,"Fin Trad - Banks, Lending & Mortgage Finance",Primary,34427.8705,-0.0507,-0.0184,0.08,34427.8705
HCA,"HCA Healthcare, Inc.",Healthcare & Biotech,"Healthcare - IT, Services & Data Infrastructure",Primary,92931.1017,0.0599,0.1231,0.0914,92931.1017
HCAT,"Health Catalyst, Inc.",Healthcare & Biotech,"Healthcare - IT, Services & Data Infrastructure",Primary,119.6576,-0.0647,-0.2356,0.2326,119.6576
HCC,"Warrior Met Coal, Inc.",Energy - Traditional,Energy Base - Coal & Thermal Power Generation,Primary,5628.7024,0.0808,0.3325,0.2712,5628.7024
HD,"Home Depot, Inc.",E-commerce,"E-commerce - Omnichannel Retailers, Online & Physical Stores",Primary,336457.0747,-0.0013,0.0134,0.0859,201874.2448
HD,"Home Depot, Inc.",E-commerce,E-commerce - Retail Media & Advertising,Secondary,336457.0747,-0.0013,0.0134,0.0859,134582.8299
HEI,Heico Corp,Defense & Aerospace,Defense - Next-Generation Aircraft & Maintenance,Primary,49281.2994,-0.0501,0.0088,0.1719,29568.7796
HEI,Heico Corp,Defense & Aerospace,Defense - Secure Defense Supply Chains,Secondary,49281.2994,-0.0501,0.0088,0.1719,19712.5198
HELP,Cybin Inc. -,Healthcare & Biotech,"Healthcare - Regenerative Medicine, Psychedelics, Cannabis",Primary,951.2435,0.1253,0.7087,1.7821,951.2435
HGV,Hilton Grand Vacations Inc.,Real Estate & REITs,"Real Estate - Travel, Leisure & Entertainment Properties",Primary,3525.5673,0.0098,-0.0722,-0.063,3525.5673
HIG,"Hartford Insurance Group, Inc.",Financials - Traditional,Fin Trad - Insurance & Reinsurance,Primary,37645.7897,0.0166,-0.011,0.0266,37645.7897
HII,"Huntington Ingalls Industries, Inc.",Defense & Aerospace,Defense - Secure Defense Supply Chains,Primary,11609.7769,-0.0745,0.0245,-0.0771,6965.8661
HII,"Huntington Ingalls Industries, Inc.",Transportation & Logistics,Transportation - Marine Shipping & Ports,Secondary,11609.7769,-0.0745,0.0245,-0.0771,4643.9108
HIMS,"Hims & Hers Health, Inc.",Healthcare & Biotech,"Healthcare - Digital Health, Telemedicine & Remote Care",Primary,7251.3809,0.0863,0.1064,0.3086,4350.8285
HIMS,"Hims & Hers Health, Inc.",Healthcare & Biotech,Healthcare - Healthy Aging & Nutrition,Secondary,7251.3809,0.0863,0.1064,0.3086,2900.5524
HIPO,Hippo Holdings Inc.,FinTech & Digital Finance,FinTech - InsurTech & Embedded Insurance,Primary,877.4469,0.0187,0.1978,0.2691,877.4469
HIW,"Highwoods Properties, Inc.",Real Estate & REITs,Real Estate - Office & Commercial Workspaces,Primary,3504.4284,0.0362,-0.0406,0.2586,3504.4284
HL,Hecla Mining Co/De/,Commodities - Metals,Comm Metals - Precious Metals,Primary,13704.0757,0.084,0.3474,0.2014,13704.0757
HLF,Herbalife Ltd.,Consumer Goods & Retail,"Consumer - Health, Food & Beverages",Primary,1318.4265,0.0492,0.058,0.0121,1318.4265
HLI,"Houlihan Lokey, Inc.",Financials - Traditional,Fin Trad - Capital Markets & Investment Banking,Primary,9011.864,0.0298,-0.0804,-0.1454,9011.864
HLN,Haleon Plc,Consumer Goods & Retail,"Consumer - Health, Food & Beverages",Primary,44687.7625,0.0605,0.0457,0.1008,44687.7625
HLNE,Hamilton Lane Inc,Financials - Traditional,"Fin Trad - Asset Management, Custody & Alternatives",Primary,5797.6389,0.0432,0.265,0.1734,5797.6389
HLT,Hilton Worldwide Holdings Inc.,Real Estate & REITs,"Real Estate - Travel, Leisure & Entertainment Properties",Primary,74287.1765,0.0126,0.0162,0.0285,74287.1765
HNRG,Hallador Energy Co,Energy - Traditional,Energy Base - Coal & Thermal Power Generation,Primary,752.408,-0.0142,0.0472,-0.1114,752.408
HOG,"Harley-Davidson, Inc.",Consumer Goods & Retail,Consumer - Modern Luxury & Lifestyle,Primary,2944.2113,0.0466,0.1098,0.2014,2944.2113
HOMB,"Home Bancshares, Inc.",Financials - Traditional,"Fin Trad - Banks, Lending & Mortgage Finance",Primary,6013.4918,-0.0338,-0.0224,0.1381,6013.4918
HON,Honeywell International Inc,Hardware,Hardware - Industrial & IoT,Primary,68069.2073,-0.064,-0.1141,-0.0988,40841.5244
HON,Honeywell International Inc,Industrial Automation & Robotics,Automation - Factory & Process Automation Systems,Secondary,68069.2073,-0.064,-0.1141,-0.0988,27227.6829
HONA,Honeywell Aerospace Inc.,Defense & Aerospace,Defense - Next-Generation Aircraft & Maintenance,Primary,51092.7783,-0.0022,-0.2101,,30655.667
HONA,Honeywell Aerospace Inc.,Defense & Aerospace,Defense - Secure Defense Supply Chains,Secondary,51092.7783,-0.0022,-0.2101,,20437.1113
HOOD,"Robinhood Markets, Inc.",FinTech & Digital Finance,FinTech - Trading Platforms & WealthTech,Primary,93162.9076,0.0766,0.0918,0.4071,55897.7446
HOOD,"Robinhood Markets, Inc.",Crypto & Blockchain,"Blockchain - Platforms, Tokenization & Financial Services",Secondary,93162.9076,0.0766,0.0918,0.4071,37265.163
HPE,Hewlett Packard Enterprise Co,Hardware,Hardware - Communications & Telecom,Primary,69427.991,-0.0899,0.0994,0.3992,41656.7946
HPE,Hewlett Packard Enterprise Co,Hardware,Hardware - Networking Equipment,Secondary,69427.991,-0.0899,0.0994,0.3992,27771.1964
HPQ,Hp Inc,Hardware,"Hardware - Consumer Electronics, PCs & Peripherals",Primary,26137.0584,-0.0279,0.1099,0.1461,26137.0584
HQY,"Healthequity, Inc.",Healthcare & Biotech,"Healthcare - IT, Services & Data Infrastructure",Primary,8811.6675,0.03,0.1138,0.1962,8811.6675
HR,Healthcare Realty Trust Inc,Real Estate & REITs,Real Estate - Healthcare & Senior Living,Primary,6621.3457,0.0089,-0.086,-0.0393,6621.3457
HRB,"H&R Block, Inc.",Business Services & Consulting,"Business Services - Outsourcing, Facilities & Testing",Primary,6616.9147,0.0708,0.3147,0.3955,6616.9147
HRL,Hormel Foods Corp /De/,Commodities - Agriculture,Comm Agri - Livestock & Animal Protein,Primary,13257.0874,0.0029,-0.0482,0.1478,13257.0874
HSAI,Hesai Group,Electric Vehicles & Mobility,EVs - Autonomous Driving & Fleet,Primary,22817.0486,0.0044,0.2432,-0.1202,22817.0486
HSIC,"Henry Schein, Inc.",Healthcare & Biotech,"Healthcare - IT, Services & Data Infrastructure",Primary,9975.5802,-0.0001,0.0473,0.2062,9975.5802
HST,"Host Hotels & Resorts, Inc.",Real Estate & REITs,"Real Estate - Travel, Leisure & Entertainment Properties",Primary,15888.0352,0.0167,-0.0535,0.0759,15888.0352
HSY,Hershey Co,Commodities - Agriculture,Comm Agri - Softs & Plantation Crops,Primary,38163.8198,0.049,0.0983,-0.0172,38163.8198
HTOO,Fusion Fuel Green Plc,Energy - Renewable,Energy Clean - Hydrogen & Fuel Cells,Primary,14.1655,-0.0905,-0.2269,-0.3322,14.1655
HUBB,Hubbell Inc,Energy - Renewable,Energy Clean - Smart Grid & Electrification,Primary,24660.1314,-0.0744,-0.0398,-0.0144,24660.1314
HUBG,"Hub Group, Inc.",Transportation & Logistics,"Transportation - Logistics, Warehousing & Supply Chain Solutions",Primary,2458.9826,0.0187,-0.1841,-0.0274,2458.9826
HUBS,Hubspot Inc,Cloud Computing,Cloud - Horizontal SaaS & Cloud Applications,Primary,,0.1348,0.1917,0.2089,
HUBS,Hubspot Inc,Software,"Software - Collaboration, CRM & Communications",Secondary,,0.1348,0.1917,0.2089,
HUM,Humana Inc.,Healthcare & Biotech,"Healthcare - IT, Services & Data Infrastructure",Primary,46424.2461,0.006,-0.007,0.2584,46424.2461
HUT,Hut 8 Corp.,Crypto & Blockchain,Blockchain - Cryptocurrency Mining & Staking,Primary,9806.523,-0.0963,-0.2767,-0.2487,9806.523
HWC,Hancock Whitney Corp,Financials - Traditional,"Fin Trad - Banks, Lending & Mortgage Finance",Primary,6005.4982,-0.0505,-0.0176,0.1171,6005.4982
HWM,Howmet Aerospace Inc.,Defense & Aerospace,Defense - Secure Defense Supply Chains,Primary,105000.4238,-0.0893,-0.0893,0.0268,105000.4238
HXL,Hexcel Corp /De/,Defense & Aerospace,Defense - Secure Defense Supply Chains,Primary,7000.4629,-0.1021,-0.1591,0.0759,7000.4629
HYFM,"Hydrofarm Holdings Group, Inc.",Agriculture & FoodTech,Agriculture - Precision Agriculture & Farm Automation,Primary,,-0.2721,0.387,-0.0639,
IBKR,"Interactive Brokers Group, Inc.",FinTech & Digital Finance,FinTech - Trading Platforms & WealthTech,Primary,,-0.0136,0.0143,0.145,
IBM,International Business Machines Corp,Hardware,Hardware - Data Center Infrastructure & Servers,Primary,,0.0096,0.0864,-0.0833,
IBM,International Business Machines Corp,Cybersecurity,Cybersecurity - Cloud Security,Secondary,,0.0096,0.0864,-0.0833,
IBOC,International Bancshares Corp,Financials - Traditional,"Fin Trad - Banks, Lending & Mortgage Finance",Primary,,-0.0219,-0.059,-0.0072,
ICE,"Intercontinental Exchange, Inc.",FinTech & Digital Finance,FinTech - Exchanges & Market Infrastructure,Primary,,0.0563,0.118,0.0695,
ICE,"Intercontinental Exchange, Inc.",Big Data & Analytics,"Big Data - Data Generation, Sourcing & Providers",Secondary,,0.0563,0.118,0.0695,
IDA,"Idacorp, Inc.",Energy - Traditional,Energy Base - Utilities & Conventional Power Operators,Primary,,-0.0229,-0.0639,-0.0206,
IDCC,"Interdigital, Inc.",Semiconductors,Semis - Wireless & Connectivity,Primary,,-0.021,0.3205,0.3103,
IDCC,"Interdigital, Inc.",Telecommunications,"Telecom - 5G, Wireless & Carriers",Secondary,,-0.021,0.3205,0.3103,
IDN,"Intellicheck, Inc.",Cybersecurity,"Cybersecurity - Identity, Biometrics & Access Management",Primary,,-0.0203,-0.2039,-0.3447,
IDXX,"Idexx Laboratories, Inc.",Healthcare & Biotech,Healthcare - Animal Health & Veterinary,Primary,,0.0246,0.0279,0.0003,
IDXX,"Idexx Laboratories, Inc.",Healthcare & Biotech,"Healthcare - Diagnostics, Biomarkers & Liquid Biopsy",Secondary,,0.0246,0.0279,0.0003,
IEX,IDEX Corp,Industrials & Construction,"Industrials - Machinery, Flow Control & Components",Primary,,-0.0279,0.0467,0.123,
IFF,International Flavors & Fragrances Inc.,Industrials & Construction,Industrials - Chemicals & Advanced Materials,Primary,,0.0486,0.13,0.1459,
IFF,International Flavors & Fragrances Inc.,Consumer Goods & Retail,"Consumer - Health, Food & Beverages",Secondary,,0.0486,0.13,0.1459,
ILMN,"Illumina, Inc.",Healthcare & Biotech,"Healthcare - Diagnostics, Biomarkers & Liquid Biopsy",Primary,,0.1557,0.1501,0.5457,
ILMN,"Illumina, Inc.",Healthcare & Biotech,Healthcare - Genomics & Personalized Medicine,Secondary,,0.1557,0.1501,0.5457,
IMMR,Immersion Corp,Hardware,"Hardware - Consumer Electronics, PCs & Peripherals",Primary,,0.004,0.1564,0.2163,
INCY,Incyte Corp,Healthcare & Biotech,Healthcare - Oncology & Precision Cancer Therapeutics,Primary,,0.0363,0.0876,0.3172,
INFY,Infosys Ltd,Business Services & Consulting,Consulting,Primary,,0.0172,0.0639,-0.0469,
INGR,Ingredion Inc,Agriculture & FoodTech,Agriculture - Alternative Proteins,Primary,,0.0245,0.0495,0.0454,
INGR,Ingredion Inc,Consumer Goods & Retail,"Consumer - Health, Food & Beverages",Secondary,,0.0245,0.0495,0.0454,
INOD,Innodata Inc,Artificial Intelligence,"AI - Apps, Domain-Specific AI",Primary,,-0.1115,0.0222,-0.4017,
INSE,"Inspired Entertainment, Inc.",Digital Entertainment & Media,Entertainment - iGaming & Online Gambling,Primary,,0.0,-0.0919,-0.1435,
INTC,Intel Corp,Semiconductors,Semis - Emerging Technologies,Primary,,-0.1568,-0.0548,-0.2719,
INTC,Intel Corp,Semiconductors,"Semis - Logic & CPUs, GPUs, Accelerators",Secondary,,-0.1568,-0.0548,-0.2719,
INTU,Intuit Inc.,Cloud Computing,Cloud - Horizontal SaaS & Cloud Applications,Primary,,0.1023,0.2483,0.1613,
INTU,Intuit Inc.,Software,"Software - Collaboration, CRM & Communications",Secondary,,0.1023,0.2483,0.1613,
INVH,Invitation Homes Inc.,Real Estate & REITs,"Real Estate - Housing, Urban Living & Demographics",Primary,,0.0259,0.0228,0.0506,
INVZ,Innoviz Technologies Ltd.,Industrial Automation & Robotics,Robotics - Sensors & Vision Systems,Primary,,-0.0796,-0.4466,-0.523,
INVZ,Innoviz Technologies Ltd.,Electric Vehicles & Mobility,EVs - Autonomous Driving & Fleet,Secondary,,-0.0796,-0.4466,-0.523,
IONQ,"Ionq, Inc.",Semiconductors,Semis - Emerging Technologies,Primary,,-0.1234,0.2503,-0.3548,
IONQ,"Ionq, Inc.",Hardware,Hardware - Next-Gen & Specialty,Secondary,,-0.1234,0.2503,-0.3548,
IOT,Samsara Inc.,Hardware,Hardware - Industrial & IoT,Primary,,0.0341,0.2181,0.2947,
IOT,Samsara Inc.,Industrial Automation & Robotics,"Automation - Industrial IoT, Connectivity",Secondary,,0.0341,0.2181,0.2947,
IP,International Paper Co,Industrials & Construction,Industrials - Packaging & Containers,Primary,,0.0194,-0.0155,0.3265,
IPGP,IPG Photonics Corp,Hardware,Hardware - Next-Gen & Specialty,Primary,,-0.197,-0.2286,-0.4055,
IPGP,IPG Photonics Corp,Industrial Automation & Robotics,Automation - Industrial Sensors & Machine Vision,Secondary,,-0.197,-0.2286,-0.4055,
IPX,Iperionx Ltd,Commodities - Metals,Comm Metals - Rare Earth & Strategic Materials,Primary,,-0.1157,0.007,-0.4229,
IQV,Iqvia Holdings Inc.,Healthcare & Biotech,"Healthcare - IT, Services & Data Infrastructure",Primary,,0.0788,0.2509,0.55,
IQV,Iqvia Holdings Inc.,Big Data & Analytics,"Big Data - Data Generation, Sourcing & Providers",Secondary,,0.0788,0.2509,0.55,
IR,Ingersoll Rand Inc.,Industrials & Construction,"Industrials - Machinery, Flow Control & Components",Primary,,-0.0282,-0.052,0.1283,
IRDM,Iridium Communications Inc.,Defense & Aerospace,Defense - Space Technology & Satellite Services,Primary,,-0.0549,0.0332,-0.0285,
IRDM,Iridium Communications Inc.,Telecommunications,Telecom - Satellite & Space Communication,Secondary,,-0.0549,0.0332,-0.0285,
IREN,Iren Ltd,Crypto & Blockchain,Blockchain - Cryptocurrency Mining & Staking,Primary,,-0.1134,0.0739,-0.2995,
IRM,Iron Mountain Inc,Cloud Computing,Cloud - Data Centers & Infrastructure,Primary,,-0.0671,-0.0555,-0.0351,
IRM,Iron Mountain Inc,Real Estate & REITs,Real Estate - Digital Infrastructure,Secondary,,-0.0671,-0.0555,-0.0351,
IRT,"Independence Realty Trust, Inc.",Real Estate & REITs,"Real Estate - Housing, Urban Living & Demographics",Primary,,0.0126,0.0163,0.0121,
IRTC,"Irhythm Technologies, Inc.",Healthcare & Biotech,"Healthcare - Digital Health, Telemedicine & Remote Care",Primary,,0.0712,0.147,0.0746,
IRTC,"Irhythm Technologies, Inc.",Healthcare & Biotech,Healthcare - Medical Devices & HealthTech Hardware,Secondary,,0.0712,0.147,0.0746,
ISRG,Intuitive Surgical Inc,Industrial Automation & Robotics,Robotics - Medical & Surgical Robotics,Primary,,-0.0429,0.1069,-0.1473,
ISRG,Intuitive Surgical Inc,Hardware,Hardware - Next-Gen & Specialty,Secondary,,-0.0429,0.1069,-0.1473,
IT,"Gartner, Inc.",Business Services & Consulting,Consulting,Primary,,0.1316,0.4433,0.2673,
IT,"Gartner, Inc.",Big Data & Analytics,"Big Data - Data Generation, Sourcing & Providers",Secondary,,0.1316,0.4433,0.2673,
ITRI,"Itron, Inc.",Energy - Renewable,Energy Clean - Smart Grid & Electrification,Primary,,-0.0191,0.1718,0.1887,
ITRI,"Itron, Inc.",Smart Home & IoT,Smart Home - Energy & Utilities,Secondary,,-0.0191,0.1718,0.1887,
ITT,ITT Inc.,Industrials & Construction,"Industrials - Machinery, Flow Control & Components",Primary,,-0.0676,0.0465,0.0531,
ITW,Illinois Tool Works Inc.,Industrials & Construction,"Industrials - Machinery, Flow Control & Components",Primary,,-0.0116,0.0033,0.1327,
IVZ,Invesco Ltd.,Financials - Traditional,"Fin Trad - Asset Management, Custody & Alternatives",Primary,,-0.0037,0.0914,0.2077,
J,Jacobs Solutions Inc.,Industrials & Construction,Industrials - Engineering & Construction,Primary,,0.0581,0.1295,0.3251,
J,Jacobs Solutions Inc.,Business Services & Consulting,Consulting,Secondary,,0.0581,0.1295,0.3251,
JAZZ,Jazz Pharmaceuticals Plc,Healthcare & Biotech,"Healthcare - Regenerative Medicine, Psychedelics, Cannabis",Primary,,0.0246,0.0024,0.061,
JBHT,Hunt J B Transport Services Inc,Transportation & Logistics,"Transportation - Trucking, LTL & Ground Freight",Primary,,-0.0829,-0.0971,0.006,
JBL,Jabil Inc.,Hardware,Hardware - Data Center Infrastructure & Servers,Primary,,-0.1757,-0.0244,-0.163,
JBL,Jabil Inc.,Industrial Automation & Robotics,Automation - Factory & Process Automation Systems,Secondary,,-0.1757,-0.0244,-0.163,
JBS,JBS N.V. Class A,Commodities - Agriculture,Comm Agri - Livestock & Animal Protein,Primary,,0.0327,0.1303,0.0507,
JCI,Johnson Controls International Plc,Smart Home & IoT,"Smart Home - Connectivity, Security & Networking",Primary,,-0.071,-0.0027,0.0363,
JCI,Johnson Controls International Plc,Environmental Sustainability,Environmental - Climate Technologies & Carbon Solutions,Secondary,,-0.071,-0.0027,0.0363,
JD,"Jd.Com, Inc.",Software,Software - Vertical SaaS Platforms,Primary,,0.0246,-0.0328,-0.0433,
JEF,Jefferies Financial Group Inc.,Financials - Traditional,Fin Trad - Capital Markets & Investment Banking,Primary,,-0.0415,-0.0638,0.006,
JHG,Janus Henderson Group Plc,Financials - Traditional,"Fin Trad - Asset Management, Custody & Alternatives",Primary,,,,,
JKHY,"Jack Henry & Associates, Inc.",FinTech & Digital Finance,FinTech - Digital Banking & Neobanks,Primary,,0.1377,0.1324,0.2217,
JKS,"Jinkosolar Holding Co., Ltd.",Energy - Renewable,Energy Clean - Solar,Primary,,-0.0277,0.0919,-0.2343,
JLL,Jones Lang Lasalle Inc,Real Estate & REITs,Real Estate - Office & Commercial Workspaces,Primary,,0.0456,0.1898,0.3275,
JNJ,Johnson & Johnson,Healthcare & Biotech,Healthcare - Medical Devices & HealthTech Hardware,Primary,,0.0407,0.0366,0.1718,
JNJ,Johnson & Johnson,Healthcare & Biotech,Healthcare - Oncology & Precision Cancer Therapeutics,Secondary,,0.0407,0.0366,0.1718,
JOBY,"Joby Aviation, Inc.",Transportation & Logistics,Transportation - Air Travel & Passenger Transportation,Primary,,-0.091,0.0375,-0.3416,
JOBY,"Joby Aviation, Inc.",Transportation & Logistics,Transportation - Urban Mobility & Emerging Transport Tech,Secondary,,-0.091,0.0375,-0.3416,
JPM,JPMorgan Chase & Co.,Financials - Traditional,"Fin Trad - Banks, Lending & Mortgage Finance",Primary,,-0.0127,0.009,0.1685,
JPM,JPMorgan Chase & Co.,FinTech & Digital Finance,FinTech - Digital Banking & Neobanks,Secondary,,-0.0127,0.009,0.1685,
KBH,KB Home,Real Estate & REITs,"Real Estate - Housing, Urban Living & Demographics",Primary,,0.0036,-0.0156,0.1497,
KBR,"KBR, Inc.",Industrials & Construction,Industrials - Engineering & Construction,Primary,,0.0037,0.0206,0.1316,
KBR,"KBR, Inc.",Defense & Aerospace,Defense - Cyber Defense & Electronic Warfare,Secondary,,0.0037,0.0206,0.1316,
KD,"Kyndryl Holdings, Inc.",Business Services & Consulting,Consulting,Primary,,0.0024,0.0581,0.0374,
KD,"Kyndryl Holdings, Inc.",Cloud Computing,Cloud - Multi-Cloud Management,Secondary,,0.0024,0.0581,0.0374,
KDP,Keurig Dr Pepper Inc.,Consumer Goods & Retail,"Consumer - Health, Food & Beverages",Primary,,0.0736,0.0954,0.1244,
KEX,Kirby Corp,Transportation & Logistics,Transportation - Marine Shipping & Ports,Primary,,-0.0171,-0.0668,-0.0322,
KEY,Keycorp,Financials - Traditional,"Fin Trad - Banks, Lending & Mortgage Finance",Primary,,-0.0508,-0.0344,0.0244,
KEYS,"Keysight Technologies, Inc.",Semiconductors,Semis - EDA Tools & Design Software,Primary,,-0.1398,-0.0251,-0.1036,
KEYS,"Keysight Technologies, Inc.",Semiconductors,Semis - Emerging Technologies,Secondary,,-0.1398,-0.0251,-0.1036,
KGC,Kinross Gold Corp,Commodities - Metals,Comm Metals - Gold,Primary,,0.1913,0.3847,0.1673,
KHC,Kraft Heinz Co,Consumer Goods & Retail,"Consumer - Health, Food & Beverages",Primary,,0.0372,0.0,0.0986,
KIM,Kimco Realty Corp,Real Estate & REITs,Real Estate - Retail & Consumer Real Estate,Primary,,-0.0057,-0.072,0.0156,
KKR,KKR & Co. Inc.,Financials - Traditional,"Fin Trad - Asset Management, Custody & Alternatives",Primary,,-0.0139,0.0822,0.1434,
KLAC,Kla Corp,Semiconductors,"Semis - Equipment, Lithography & Deposition",Primary,,-0.1176,-0.1365,-0.0374,
KLAC,Kla Corp,Artificial Intelligence,"AI - Compute, Edge & Acceleration",Secondary,,-0.1176,-0.1365,-0.0374,
KMB,Kimberly-Clark Corp,Consumer Goods & Retail,Consumer - Household & Personal Care,Primary,,0.0321,0.0152,0.1388,
KMI,"Kinder Morgan, Inc.",Energy - Traditional,Energy Base - Refining & Midstream Infrastructure,Primary,,-0.0411,-0.0478,-0.074,
KMI,"Kinder Morgan, Inc.",Commodities - Energy,Comm Energy - Natural Gas & LNG,Secondary,,-0.0411,-0.0478,-0.074,
KNF,Knife River Corp,Industrials & Construction,Industrials - Construction Materials & Aggregates,Primary,,-0.0449,-0.1845,-0.1183,
KNSL,"Kinsale Capital Group, Inc.",Financials - Traditional,Fin Trad - Insurance & Reinsurance,Primary,,0.0772,0.1329,0.2761,
KNX,Knight-Swift Transportation Holdings Inc.,Transportation & Logistics,"Transportation - Trucking, LTL & Ground Freight",Primary,,-0.0505,-0.0466,-0.0117,
KO,Coca Cola Co,Consumer Goods & Retail,"Consumer - Health, Food & Beverages",Primary,,0.0576,0.1184,0.1363,
KOPN,Kopin Corp,Hardware,Hardware - Next-Gen & Specialty,Primary,,-0.109,0.324,-0.0778,
KR,Kroger Co,E-commerce,E-commerce - Grocery & Local Commerce Platforms,Primary,,0.0537,0.046,-0.1155,
KR,Kroger Co,E-commerce,"E-commerce - Omnichannel Retailers, Online & Physical Stores",Secondary,,0.0537,0.046,-0.1155,
KRC,Kilroy Realty Corp,Real Estate & REITs,Real Estate - Office & Commercial Workspaces,Primary,,0.0236,-0.0644,0.1011,
KRG,Kite Realty Group Trust,Real Estate & REITs,Real Estate - Retail & Consumer Real Estate,Primary,,-0.0083,-0.1041,-0.0186,
KTOS,"Kratos Defense & Security Solutions, Inc.",Hardware,Hardware - Next-Gen & Specialty,Primary,,-0.1615,0.1208,-0.0554,
KTOS,"Kratos Defense & Security Solutions, Inc.",Defense & Aerospace,Defense - Drones & Anti-Drone Systems,Secondary,,-0.1615,0.1208,-0.0554,
KVHI,Kvh Industries Inc \De\,Industrial Automation & Robotics,"Robotics - Autonomous Vehicles, Service & Mobility",Primary,,-0.081,-0.1733,-0.3593,
KVUE,Kenvue Inc.,Consumer Goods & Retail,Consumer - Household & Personal Care,Primary,,0.0341,0.019,0.1207,
KVUE,Kenvue Inc.,Healthcare & Biotech,Healthcare - Healthy Aging & Nutrition,Secondary,,0.0341,0.019,0.1207,
L,Loews Corp,Conglomerates & Diversified Holdings,Diversified Holdings & Multi-Industry Conglomerates,Primary,,-0.0077,-0.0542,0.0249,
L,Loews Corp,Financials - Traditional,Fin Trad - Insurance & Reinsurance,Secondary,,-0.0077,-0.0542,0.0249,
LAC,Lithium Americas Corp.,Energy - Renewable,Energy Clean - Materials & Critical Metals,Primary,,-0.0127,0.1068,-0.3614,
LAC,Lithium Americas Corp.,Commodities - Metals,Comm Metals - Battery & Energy Transition Metals,Secondary,,-0.0127,0.1068,-0.3614,
LAD,"Lithia Motors, Inc.",E-commerce,"E-commerce - Omnichannel Retailers, Online & Physical Stores",Primary,,-0.0026,0.083,0.335,
LAES,Sealsq Corp,Semiconductors,Semis - Emerging Technologies,Primary,,-0.1448,0.0206,-0.2663,
LAMR,Lamar Advertising Co,Real Estate & REITs,Real Estate - Retail & Consumer Real Estate,Primary,,0.002,-0.0425,0.0077,
LAMR,Lamar Advertising Co,Digital Entertainment & Media,Entertainment - Advertising & Social Platforms,Secondary,,0.002,-0.0425,0.0077,
LAR,Lithium Argentina Ag,Commodities - Metals,Comm Metals - Battery & Energy Transition Metals,Primary,,0.0152,0.1453,-0.2709,
LAUR,"Laureate Education, Inc.",Education Technology,Education - Workforce Training,Primary,,-0.0106,0.0084,0.1265,
LCID,"Lucid Group, Inc.",Transportation & Logistics,Transportation - Urban Mobility & Emerging Transport Tech,Primary,,-0.1817,-0.1921,-0.1284,
LCID,"Lucid Group, Inc.",Electric Vehicles & Mobility,EVs - Manufacturers,Secondary,,-0.1817,-0.1921,-0.1284,
LDOS,"Leidos Holdings, Inc.",Defense & Aerospace,Defense - Cyber Defense & Electronic Warfare,Primary,,-0.0269,0.2344,0.1024,
LDOS,"Leidos Holdings, Inc.",Space Tech,Space - Data Analytics & Earth Observation,Secondary,,-0.0269,0.2344,0.1024,
LEA,Lear Corp,Electric Vehicles & Mobility,EVs - Key Suppliers & Autonomy Tech,Primary,,-0.0159,-0.1442,-0.1163,
LECO,"Lincoln Electric Holdings, Inc.",Industrials & Construction,"Industrials - Machinery, Flow Control & Components",Primary,,-0.0132,0.1224,0.0746,
LECO,"Lincoln Electric Holdings, Inc.",Industrial Automation & Robotics,"Robotics - Autonomous Vehicles, Service & Mobility",Secondary,,-0.0132,0.1224,0.0746,
LEN,Lennar Corp,Real Estate & REITs,"Real Estate - Housing, Urban Living & Demographics",Primary,,0.0187,0.0416,-0.002,
LEU,Centrus Energy Corp,Energy - Traditional,Energy Base - Nuclear Power & Advanced Reactors,Primary,,-0.0379,0.0808,-0.0124,
LEU,Centrus Energy Corp,Commodities - Energy,Comm Energy - Uranium & Nuclear Fuels,Secondary,,-0.0379,0.0808,-0.0124,
LEVI,Levi Strauss & Co,E-commerce,E-commerce - Direct-to-Consumer,Primary,,-0.0377,-0.1149,-0.0072,
LEVI,Levi Strauss & Co,Consumer Goods & Retail,Consumer - Apparel & E-Commerce Retail,Secondary,,-0.0377,-0.1149,-0.0072,
LFST,"Lifestance Health Group, Inc.",Healthcare & Biotech,"Healthcare - Digital Health, Telemedicine & Remote Care",Primary,,-0.0311,0.1156,0.6455,
LFUS,"Littelfuse, Inc.",Semiconductors,"Semis - Analog, Mixed-Signal & Power Management",Primary,,-0.1434,-0.0018,-0.1223,
LFUS,"Littelfuse, Inc.",Electric Vehicles & Mobility,EVs - Key Suppliers & Autonomy Tech,Secondary,,-0.1434,-0.0018,-0.1223,
LH,Labcorp Holdings Inc.,Healthcare & Biotech,"Healthcare - Diagnostics, Biomarkers & Liquid Biopsy",Primary,,0.0495,0.1434,0.3091,
LHX,"L3Harris Technologies, Inc. /De/",Defense & Aerospace,Defense - Cyber Defense & Electronic Warfare,Primary,,-0.0559,-0.1245,-0.1541,
LHX,"L3Harris Technologies, Inc. /De/",Defense & Aerospace,Defense - Drones & Anti-Drone Systems,Secondary,,-0.0559,-0.1245,-0.1541,
LI,Li Auto Inc.,Transportation & Logistics,Transportation - Urban Mobility & Emerging Transport Tech,Primary,,0.0056,0.0297,-0.2146,
LI,Li Auto Inc.,Electric Vehicles & Mobility,EVs - Manufacturers,Secondary,,0.0056,0.0297,-0.2146,
LII,Lennox International Inc.,Industrials & Construction,Industrials - Building Products & HVAC,Primary,,-0.0409,-0.2625,-0.1745,
LIN,Linde Plc,Energy - Renewable,Energy Clean - Hydrogen & Fuel Cells,Primary,,0.0331,-0.0434,-0.0502,
LIN,Linde Plc,Environmental Sustainability,Environmental - Climate Technologies & Carbon Solutions,Secondary,,0.0331,-0.0434,-0.0502,
LINC,Lincoln Educational Services Corp,Education Technology,Education - Workforce Training,Primary,,-0.1354,-0.3871,-0.487,
LITE,Lumentum Holdings Inc.,Hardware,Hardware - Communications & Telecom,Primary,,-0.1432,0.088,-0.1233,
LITE,Lumentum Holdings Inc.,Industrial Automation & Robotics,Robotics - Sensors & Vision Systems,Secondary,,-0.1432,0.088,-0.1233,
LIVN,Livanova Plc,Healthcare & Biotech,Healthcare - Medical Devices & HealthTech Hardware,Primary,,-0.0395,0.0009,0.06,
LKQ,Lkq Corp,Commodities - Metals,Comm Metals - Recycling & Circular Materials,Primary,,0.0233,0.0086,-0.0408,
LLY,Eli Lilly & Co,Healthcare & Biotech,Healthcare - Metabolic & Cardiometabolic,Primary,,0.0539,0.0441,0.1725,
LLY,Eli Lilly & Co,Healthcare & Biotech,Healthcare - Age-Related & Longevity Therapeutics,Secondary,,0.0539,0.0441,0.1725,
LMND,"Lemonade, Inc.",FinTech & Digital Finance,FinTech - InsurTech & Embedded Insurance,Primary,,0.0781,-0.1046,-0.0472,
LMT,Lockheed Martin Corp,Defense & Aerospace,Defense - Cyber Defense & Electronic Warfare,Primary,,-0.0499,-0.0317,0.0649,
LMT,Lockheed Martin Corp,Defense & Aerospace,Defense - Drones & Anti-Drone Systems,Secondary,,-0.0499,-0.0317,0.0649,
LNG,"Cheniere Energy, Inc.",Commodities - Energy,Comm Energy - Natural Gas & LNG,Primary,,0.0519,0.0433,0.1684,
LNN,Lindsay Corp,Agriculture & FoodTech,Agriculture - Precision Agriculture & Farm Automation,Primary,,0.0193,0.0234,0.0681,
LNT,Alliant Energy Corp,Energy - Traditional,Energy Base - Utilities & Conventional Power Operators,Primary,,-0.0274,-0.0801,-0.0677,
LNTH,"Lantheus Holdings, Inc.",Healthcare & Biotech,"Healthcare - Diagnostics, Biomarkers & Liquid Biopsy",Primary,,-0.0011,-0.0384,-0.0214,
LNTH,"Lantheus Holdings, Inc.",Nanotechnology,NanoTech - Nanomedicine & Drug Delivery,Secondary,,-0.0011,-0.0384,-0.0214,
LNZA,"Lanzatech Global, Inc.",Environmental Sustainability,Environmental - Climate Technologies & Carbon Solutions,Primary,,0.0,0.1392,-0.2025,
LNZA,"Lanzatech Global, Inc.",Environmental Sustainability,Environmental - Sustainable Agriculture & Resource Management,Secondary,,0.0,0.1392,-0.2025,
LOCL,Local Bounti Corporation/De,Agriculture & FoodTech,Agriculture - Precision Agriculture & Farm Automation,Primary,,-0.0472,-0.0472,-0.4684,
LOGI,Logitech International S.A.,Hardware,"Hardware - Consumer Electronics, PCs & Peripherals",Primary,,-0.0387,-0.081,-0.1369,
LOPE,"Grand Canyon Education, Inc.",Education Technology,"Education - Platforms, Infrastructure & Online Learning",Primary,,0.041,0.0552,-0.0577,
LOW,"Lowe's Companies, Inc.",E-commerce,"E-commerce - Omnichannel Retailers, Online & Physical Stores",Primary,,0.0054,0.045,0.0153,
LOW,"Lowe's Companies, Inc.",Industrials & Construction,Industrials - Building Products & HVAC,Secondary,,0.0054,0.045,0.0153,
LPX,Louisiana-Pacific Corp,Industrials & Construction,Industrials - Building Products & HVAC,Primary,,0.0046,-0.021,0.0341,
LQDA,Liquidia Corp,Nanotechnology,NanoTech - Nanomedicine & Drug Delivery,Primary,,-0.0956,-0.185,0.1523,
LRCX,Lam Research Corp,Semiconductors,"Semis - Equipment, Lithography & Deposition",Primary,,-0.0979,0.0163,0.0165,
LRCX,Lam Research Corp,Artificial Intelligence,"AI - Compute, Edge & Acceleration",Secondary,,-0.0979,0.0163,0.0165,
LRN,"Stride, Inc.",Education Technology,Education - Digital Curriculum,Primary,,0.0197,-0.0208,-0.0402,
LRN,"Stride, Inc.",Education Technology,"Education - Platforms, Infrastructure & Online Learning",Secondary,,0.0197,-0.0208,-0.0402,
LSCC,Lattice Semiconductor Corp,Semiconductors,Semis - Emerging Technologies,Primary,,-0.1396,-0.1111,-0.203,
LSCC,Lattice Semiconductor Corp,Industrial Automation & Robotics,Robotics - Sensors & Vision Systems,Secondary,,-0.1396,-0.1111,-0.203,
LSF,"Laird Superfood, Inc.",Agriculture & FoodTech,Agriculture - Alternative Proteins,Primary,,-0.1566,-0.1024,0.056,
LSPD,Lightspeed Commerce Inc.,E-commerce,E-commerce - Platforms,Primary,,0.0323,0.0656,0.2336,
LSTR,Landstar System Inc,Transportation & Logistics,"Transportation - Trucking, LTL & Ground Freight",Primary,,-0.0675,-0.0996,-0.0705,
LULU,Lululemon Athletica Inc.,E-commerce,E-commerce - Direct-to-Consumer,Primary,,0.0608,0.0744,-0.0346,
LULU,Lululemon Athletica Inc.,E-commerce,"E-commerce - Omnichannel Retailers, Online & Physical Stores",Secondary,,0.0608,0.0744,-0.0346,
LUNR,"Intuitive Machines, Inc.",Space Tech,"Space - Infrastructure, Exploration & Launch",Primary,,-0.1825,0.2895,-0.5646,
LUV,Southwest Airlines Co,Transportation & Logistics,Transportation - Air Travel & Passenger Transportation,Primary,,-0.0609,-0.0969,0.0007,
LUXE,"LuxExperience B.V. American Depositary Shares, each representing one Ordinary Share",Consumer Goods & Retail,Consumer - Modern Luxury & Lifestyle,Primary,,0.0156,-0.0238,0.1189,
LVS,Las Vegas Sands Corp,Real Estate & REITs,"Real Estate - Travel, Leisure & Entertainment Properties",Primary,,0.0339,0.0258,-0.0437,
LXFR,Luxfer Holdings Plc,Commodities - Metals,Comm Metals - Rare Earth & Strategic Materials,Primary,,0.0,0.0041,0.0629,
LYB,Lyondellbasell Industries N.V.,Industrials & Construction,Industrials - Chemicals & Advanced Materials,Primary,,0.0073,0.0809,-0.055,
LYFT,"Lyft, Inc.",Transportation & Logistics,Transportation - Urban Mobility & Emerging Transport Tech,Primary,,0.0267,0.2451,0.2719,
LYFT,"Lyft, Inc.",Electric Vehicles & Mobility,EVs - Autonomous Driving & Fleet,Secondary,,0.0267,0.2451,0.2719,
LYV,"Live Nation Entertainment, Inc.",Real Estate & REITs,"Real Estate - Travel, Leisure & Entertainment Properties",Primary,,0.0008,0.0415,0.115,
LYV,"Live Nation Entertainment, Inc.",Digital Entertainment & Media,Entertainment - Advertising & Social Platforms,Secondary,,0.0008,0.0415,0.115,
M,"Macy'S, Inc.",E-commerce,"E-commerce - Omnichannel Retailers, Online & Physical Stores",Primary,,-0.0017,-0.0086,0.1305,
MA,Mastercard Inc,FinTech & Digital Finance,FinTech - Digital Payments & Merchant Infrastructure,Primary,,0.0669,0.1116,0.2053,
MA,Mastercard Inc,Crypto & Blockchain,"Blockchain - Platforms, Tokenization & Financial Services",Secondary,,0.0669,0.1116,0.2053,
MAA,Mid America Apartment Communities Inc.,Real Estate & REITs,"Real Estate - Housing, Urban Living & Demographics",Primary,,0.0156,-0.0054,0.0272,
MAC,Macerich Co,Real Estate & REITs,Real Estate - Retail & Consumer Real Estate,Primary,,-0.0122,-0.0569,0.1062,
MANH,Manhattan Associates Inc,Industrial Automation & Robotics,Automation - Smart Logistics & Warehouse Automation,Primary,,0.0851,0.4056,0.5377,
MANH,Manhattan Associates Inc,Transportation & Logistics,Transportation - Infrastructure & Equipment,Secondary,,0.0851,0.4056,0.5377,
MAR,Marriott International Inc /Md/,Real Estate & REITs,"Real Estate - Travel, Leisure & Entertainment Properties",Primary,,0.0122,-0.036,-0.0223,
MARA,"Mara Holdings, Inc.",FinTech & Digital Finance,"FinTech - Crypto, Blockchain & Tokenization",Primary,,0.1502,-0.0776,-0.1904,
MARA,"Mara Holdings, Inc.",Crypto & Blockchain,Blockchain - Cryptocurrency Mining & Staking,Secondary,,0.1502,-0.0776,-0.1904,
MAS,Masco Corp,Industrials & Construction,Industrials - Building Products & HVAC,Primary,,-0.0097,-0.0764,0.0885,
MASI,Masimo Corp,Healthcare & Biotech,Healthcare - Medical Devices & HealthTech Hardware,Primary,,,,,
MAT,"Mattel, Inc.",Consumer Goods & Retail,Consumer - Modern Luxury & Lifestyle,Primary,,0.0165,0.0335,-0.0179,
MATX,"Matson, Inc.",Transportation & Logistics,Transportation - Marine Shipping & Ports,Primary,,0.0124,0.0595,0.2269,
MBLY,Mobileye Global Inc.,Hardware,Hardware - Next-Gen & Specialty,Primary,,-0.0639,0.0733,-0.1513,
MBLY,Mobileye Global Inc.,Industrial Automation & Robotics,"Robotics - Autonomous Vehicles, Service & Mobility",Secondary,,-0.0639,0.0733,-0.1513,
MCD,Mcdonald's Corp,Consumer Goods & Retail,Consumer - Restaurants & Dining,Primary,,0.0264,0.0294,-0.0279,
MCHP,Microchip Technology Inc,Semiconductors,"Semis - Analog, Mixed-Signal & Power Management",Primary,,-0.0754,-0.059,-0.2057,
MCHP,Microchip Technology Inc,Smart Home & IoT,"Smart Home & IoT - Devices, Sensors & Connectivity",Secondary,,-0.0754,-0.059,-0.2057,
MCK,Mckesson Corp,Healthcare & Biotech,"Healthcare - IT, Services & Data Infrastructure",Primary,,0.0161,0.0391,0.1419,
MCO,Moodys Corp /De/,Big Data & Analytics,"Big Data - Data Generation, Sourcing & Providers",Primary,,0.0716,0.0868,0.141,
MDB,"Mongodb, Inc.",Cloud Computing,Cloud - Hyperscalers & Platforms,Primary,,-0.0821,0.3503,0.2348,
MDB,"Mongodb, Inc.",Big Data & Analytics,"Big Data - Analytics, AI Platforms & BI",Secondary,,-0.0821,0.3503,0.2348,
MDLZ,"Mondelez International, Inc.",Consumer Goods & Retail,"Consumer - Health, Food & Beverages",Primary,,0.0405,0.0691,0.0564,
MDT,Medtronic Plc,Industrial Automation & Robotics,Robotics - Medical & Surgical Robotics,Primary,,0.0254,0.1165,0.1926,
MDT,Medtronic Plc,Healthcare & Biotech,"Healthcare - Digital Health, Telemedicine & Remote Care",Secondary,,0.0254,0.1165,0.1926,
MEDP,"Medpace Holdings, Inc.",Healthcare & Biotech,"Healthcare - IT, Services & Data Infrastructure",Primary,,0.0384,0.031,0.4326,
MEDP,"Medpace Holdings, Inc.",Healthcare & Biotech,Healthcare - Next-Gen Biotech Platforms,Secondary,,0.0384,0.031,0.4326,
MELI,Mercadolibre Inc,E-commerce,E-commerce - Online Marketplaces & Recommerce,Primary,,0.0897,0.0813,0.1703,
MELI,Mercadolibre Inc,Software,Software - Vertical SaaS Platforms,Secondary,,0.0897,0.0813,0.1703,
MESO,Mesoblast Ltd,Healthcare & Biotech,"Healthcare - Regenerative Medicine, Psychedelics, Cannabis",Primary,,-0.0223,0.0869,0.0947,
MET,"Metlife, Inc.",Financials - Traditional,Fin Trad - Insurance & Reinsurance,Primary,,-0.0049,0.0208,0.1516,
META,"Meta Platforms, Inc.",Digital Entertainment & Media,Entertainment - Advertising & Social Platforms,Primary,,-0.0175,-0.0608,-0.0831,
META,"Meta Platforms, Inc.",Artificial Intelligence,"AI - Apps, Domain-Specific AI",Secondary,,-0.0175,-0.0608,-0.0831,
METC,"Ramaco Resources, Inc.",Energy - Traditional,Energy Base - Coal & Thermal Power Generation,Primary,,0.0164,0.201,-0.107,
MGA,Magna International Inc,Electric Vehicles & Mobility,EVs - Key Suppliers & Autonomy Tech,Primary,,-0.049,0.0399,0.0573,
MGM,Mgm Resorts International,Digital Entertainment & Media,"Entertainment - Sports Betting, Wagering & Prediction Markets",Primary,,-0.0021,-0.0406,0.1378,
MGM,Mgm Resorts International,Digital Entertainment & Media,Entertainment - iGaming & Online Gambling,Secondary,,-0.0021,-0.0406,0.1378,
MGNI,"Magnite, Inc.",E-commerce,E-commerce - Retail Media & Advertising,Primary,,-0.026,0.2728,0.7848,
MGNI,"Magnite, Inc.",Artificial Intelligence,"AI - Ads, Search & Recommendations",Secondary,,-0.026,0.2728,0.7848,
MH,"McGraw Hill, Inc.",Education Technology,Education - Digital Curriculum,Primary,,0.0783,0.3881,0.1446,
MIDD,Middleby Corp,Industrials & Construction,"Industrials - Machinery, Flow Control & Components",Primary,,0.003,-0.1394,-0.0329,
MITK,Mitek Systems Inc,Cybersecurity,"Cybersecurity - Identity, Biometrics & Access Management",Primary,,-0.0364,0.0584,0.1138,
MKC,"Mccormick & Co, Inc.",Consumer Goods & Retail,"Consumer - Health, Food & Beverages",Primary,,0.0419,0.1249,0.1864,
MKSI,MKS Inc.,Semiconductors,"Semis - Equipment, Lithography & Deposition",Primary,,-0.1611,-0.1826,-0.1602,
MKTX,Marketaxess Holdings Inc,FinTech & Digital Finance,FinTech - Exchanges & Market Infrastructure,Primary,,0.0042,0.3989,0.1904,
MLEC,Moolec Science Sa,Agriculture & FoodTech,Agriculture - Alternative Proteins,Primary,,-0.175,-0.0174,-0.0901,
MLI,"Mueller Industries, Inc.",Industrials & Construction,"Industrials - Machinery, Flow Control & Components",Primary,,-0.0477,-0.0072,-0.0461,
MLI,"Mueller Industries, Inc.",Industrials & Construction,Industrials - Building Products & HVAC,Secondary,,-0.0477,-0.0072,-0.0461,
MLM,"Martin Marietta Materials, Inc.",Industrials & Construction,Industrials - Construction Materials & Aggregates,Primary,,-0.0103,-0.0473,-0.0049,
MMM,3M Co,Nanotechnology,NanoTech - Consumer & Industrial Products,Primary,,-0.0067,0.037,0.1743,
MMM,3M Co,Nanotechnology,NanoTech - Research Tools & Advanced Instruments,Secondary,,-0.0067,0.037,0.1743,
MMS,"Maximus, Inc.",Business Services & Consulting,"Business Services - Outsourcing, Facilities & Testing",Primary,,0.07,-0.0182,-0.0423,
MNDY,Monday.Com Ltd.,Cloud Computing,Cloud - Horizontal SaaS & Cloud Applications,Primary,,0.131,0.2172,0.1922,
MNST,Monster Beverage Corp,Consumer Goods & Retail,"Consumer - Health, Food & Beverages",Primary,,0.0747,-0.4771,-0.4333,
MNTK,"Montauk Renewables, Inc.",Commodities - Energy,Comm Energy - Biofuels & Renewable Fuels,Primary,,-0.0053,-0.0053,0.2,
MNTK,"Montauk Renewables, Inc.",Energy - Renewable,Energy Clean - Fuels & Bioenergy,Secondary,,-0.0053,-0.0053,0.2,
MNTS,Momentus Inc.,Space Tech,"Space - Infrastructure, Exploration & Launch",Primary,,-0.113,-0.1168,-0.4363,
MO,"Altria Group, Inc.",Consumer Goods & Retail,"Consumer - Health, Food & Beverages",Primary,,0.0705,-0.0619,-0.0596,
MOD,Modine Manufacturing Co,Hardware,Hardware - Data Center Infrastructure & Servers,Primary,,-0.1309,-0.2209,-0.2769,
MOG.A,Moog Inc.,Defense & Aerospace,Defense - Next-Generation Aircraft & Maintenance,Primary,,,,,
MOG.A,Moog Inc.,Space Tech,"Space - Infrastructure, Exploration & Launch",Secondary,,,,,
MORN,"Morningstar, Inc.",Big Data & Analytics,"Big Data - Data Generation, Sourcing & Providers",Primary,,0.052,0.2601,0.2144,
MOS,Mosaic Co,Agriculture & FoodTech,Agriculture - Agricultural Inputs & Crop Science,Primary,,0.1305,0.0762,0.0662,
MOS,Mosaic Co,Commodities - Agriculture,"Comm Agri - Fertilizers, Crop Inputs & Seeds",Secondary,,0.1305,0.0762,0.0662,
MP,Mp Materials Corp. / De,Energy - Renewable,Energy Clean - Materials & Critical Metals,Primary,,-0.0186,0.3903,-0.1092,
MP,Mp Materials Corp. / De,Defense & Aerospace,Defense - Secure Defense Supply Chains,Secondary,,-0.0186,0.3903,-0.1092,
MPC,Marathon Petroleum Corp,Energy - Traditional,Energy Base - Refining & Midstream Infrastructure,Primary,,0.0149,0.1755,0.4275,
MPC,Marathon Petroleum Corp,Commodities - Energy,Comm Energy - Crude Oil,Secondary,,0.0149,0.1755,0.4275,
MPT,"Medical Properties Trust, Inc. common stock",Real Estate & REITs,Real Estate - Healthcare & Senior Living,Primary,,0.0173,-0.1488,-0.1733,
MPWR,Monolithic Power Systems Inc,Semiconductors,"Semis - Analog, Mixed-Signal & Power Management",Primary,,-0.0925,-0.0366,-0.1905,
MPWR,Monolithic Power Systems Inc,Energy - Renewable,Energy Clean - Smart Grid & Electrification,Secondary,,-0.0925,-0.0366,-0.1905,
MQ,"Marqeta, Inc.",FinTech & Digital Finance,FinTech - Digital Banking & Neobanks,Primary,,0.0509,-0.0445,0.0271,
MRAM,Everspin Technologies Inc.,Semiconductors,Semis - Emerging Technologies,Primary,,-0.1869,0.0696,-0.5208,
MRCY,Mercury Systems Inc,Defense & Aerospace,Defense - Cyber Defense & Electronic Warfare,Primary,,-0.2097,-0.1325,-0.0909,
MRK,"Merck & Co., Inc.",Healthcare & Biotech,Healthcare - Metabolic & Cardiometabolic,Primary,,0.108,0.1495,0.2396,
MRK,"Merck & Co., Inc.",Healthcare & Biotech,Healthcare - Oncology & Precision Cancer Therapeutics,Secondary,,0.108,0.1495,0.2396,
MRNA,"Moderna, Inc.",Healthcare & Biotech,Healthcare - Next-Gen Biotech Platforms,Primary,,1.1547,1.5687,1.9627,
MRNA,"Moderna, Inc.",Nanotechnology,NanoTech - Nanomedicine & Drug Delivery,Secondary,,1.1547,1.5687,1.9627,
MRSH,"Marsh McLennan Companies, Inc.",Financials - Traditional,Fin Trad - Insurance & Reinsurance,Primary,,0.0568,0.0771,0.1929,
MRVL,"Marvell Technology, Inc.",Semiconductors,Semis - Emerging Technologies,Primary,,-0.0215,0.1805,0.1682,
MRVL,"Marvell Technology, Inc.",Semiconductors,"Semis - Logic & CPUs, GPUs, Accelerators",Secondary,,-0.0215,0.1805,0.1682,
MS,Morgan Stanley,Financials - Traditional,Fin Trad - Capital Markets & Investment Banking,Primary,,-0.0189,0.0036,0.0708,
MS,Morgan Stanley,Financials - Traditional,"Fin Trad - Asset Management, Custody & Alternatives",Secondary,,-0.0189,0.0036,0.0708,
MSA,MSA Safety Inc,Industrials & Construction,"Industrials - Machinery, Flow Control & Components",Primary,,-0.0013,0.0847,0.1082,
MSCI,Msci Inc.,Big Data & Analytics,"Big Data - Data Generation, Sourcing & Providers",Primary,,0.0376,0.0411,-0.0257,
MSEX,Middlesex Water Co,Environmental Sustainability,Environmental - Water Infrastructure & Treatment,Primary,,0.025,0.0649,0.1483,
MSFT,Microsoft Corporation,Cloud Computing,Cloud - Hyperscalers & Platforms,Primary,,0.0164,0.2791,0.1664,
MSFT,Microsoft Corporation,Software,Software - Vertical SaaS Platforms,Secondary,,0.0164,0.2791,0.1664,
MSI,"Motorola Solutions, Inc.",Hardware,Hardware - Communications & Telecom,Primary,,0.0535,0.1524,0.1952,
MSI,"Motorola Solutions, Inc.",Telecommunications,Telecom - Infrastructure & Equipment,Secondary,,0.0535,0.1524,0.1952,
MSM,"MSC Industrial Direct Co., Inc.",Industrials & Construction,Industrials - Distribution & Rental Services,Primary,,-0.0429,-0.0508,0.128,
MSTR,MicroStrategy Incorporated,FinTech & Digital Finance,"FinTech - Crypto, Blockchain & Tokenization",Primary,,0.2554,0.3377,-0.233,
MSTR,MicroStrategy Incorporated,Crypto & Blockchain,"Blockchain - Platforms, Tokenization & Financial Services",Secondary,,0.2554,0.3377,-0.233,
MTA,Metalla Royalty & Streaming Ltd.,Commodities - Metals,Comm Metals - Precious Metals,Primary,,0.1357,0.5007,0.6642,
MTB,M&T Bank Corp,Financials - Traditional,"Fin Trad - Banks, Lending & Mortgage Finance",Primary,,-0.0438,-0.0313,0.1421,
MTCH,"Match Group, Inc.",Digital Entertainment & Media,Entertainment - Advertising & Social Platforms,Primary,,0.1212,0.1008,0.1719,
MTD,Mettler-Toledo International Inc.,Nanotechnology,NanoTech - Research Tools & Advanced Instruments,Primary,,-0.0131,0.054,0.2682,
MTD,Mettler-Toledo International Inc.,Healthcare & Biotech,"Healthcare - Diagnostics, Biomarkers & Liquid Biopsy",Secondary,,-0.0131,0.054,0.2682,
MTDR,Matador Resources Co,Energy - Traditional,Energy Base - Oil & Gas Exploration & Production,Primary,,0.0279,0.1404,0.023,
MTG,MGIC Investment Corp,Financials - Traditional,Fin Trad - Insurance & Reinsurance,Primary,,-0.0003,0.0547,0.2028,
MTLS,Materialise Nv,Hardware,Hardware - Printing & Imaging,Primary,,-0.0059,0.0214,0.1339,
MTLS,Materialise Nv,Industrial Automation & Robotics,"Automation - Additive Manufacturing, 3D Printing",Secondary,,-0.0059,0.0214,0.1339,
MTN,"Vail Resorts, Inc.",Real Estate & REITs,"Real Estate - Travel, Leisure & Entertainment Properties",Primary,,0.0232,0.0294,0.1937,
MTSI,"MACOM Technology Solutions Holdings, Inc.",Semiconductors,Semis - Wireless & Connectivity,Primary,,-0.214,-0.0358,-0.333,
MTSI,"MACOM Technology Solutions Holdings, Inc.",Defense & Aerospace,Defense - Cyber Defense & Electronic Warfare,Secondary,,-0.214,-0.0358,-0.333,
MTZ,"Mastec, Inc.",Industrials & Construction,Industrials - Engineering & Construction,Primary,,-0.1558,-0.2441,-0.3317,
MTZ,"Mastec, Inc.",Energy - Renewable,Energy Clean - Smart Grid & Electrification,Secondary,,-0.1558,-0.2441,-0.3317,
MU,Micron Technology Inc,Semiconductors,Semis - Memory & Storage,Primary,,-0.1001,-0.0114,0.2125,
MU,Micron Technology Inc,Artificial Intelligence,"AI - Compute, Edge & Acceleration",Secondary,,-0.1001,-0.0114,0.2125,
MUR,Murphy Oil Corp,Energy - Traditional,Energy Base - Oil & Gas Exploration & Production,Primary,,0.0339,-0.0663,-0.0429,
MUSA,Murphy USA Inc.,E-commerce,E-commerce - Grocery & Local Commerce Platforms,Primary,,-0.031,-0.0738,0.0464,
MVST,"Microvast Holdings, Inc.",Electric Vehicles & Mobility,EVs - Batteries & Materials,Primary,,-0.0384,-0.03,-0.4685,
MZTI,The Marzetti Co,Consumer Goods & Retail,"Consumer - Health, Food & Beverages",Primary,,0.0087,0.08,0.0162,
NATR,Natures Sunshine Products Inc,Consumer Goods & Retail,"Consumer - Health, Food & Beverages",Primary,,-0.0272,-0.299,-0.3455,
NB,Niocorp Developments Ltd,Commodities - Metals,Comm Metals - Rare Earth & Strategic Materials,Primary,,-0.1164,0.0266,-0.213,
NBIX,"Neurocrine Biosciences, Inc.",Healthcare & Biotech,Healthcare - Next-Gen Biotech Platforms,Primary,,-0.0094,-0.1293,-0.0234,
NBTX,Nanobiotix S.A.,Nanotechnology,NanoTech - Nanomedicine & Drug Delivery,Primary,,-0.0568,-0.001,-0.0329,
NCLH,Norwegian Cruise Line Holdings Ltd.,Real Estate & REITs,"Real Estate - Travel, Leisure & Entertainment Properties",Primary,,-0.0528,-0.111,0.0564,
NDAQ,"Nasdaq, Inc.",FinTech & Digital Finance,FinTech - Exchanges & Market Infrastructure,Primary,,0.0218,0.0728,0.0894,
NDAQ,"Nasdaq, Inc.",Crypto & Blockchain,"Blockchain - Platforms, Tokenization & Financial Services",Secondary,,0.0218,0.0728,0.0894,
NDSN,Nordson Corp,Industrials & Construction,"Industrials - Machinery, Flow Control & Components",Primary,,0.0778,0.129,0.1551,
NEE,Nextera Energy Inc,Energy - Renewable,Energy Clean - Utilities & Clean Power Operators,Primary,,-0.0246,-0.0633,-0.0433,
NEE,Nextera Energy Inc,Energy - Traditional,Energy Base - Nuclear Power & Advanced Reactors,Secondary,,-0.0246,-0.0633,-0.0433,
NEM,Newmont Corp /De/,Commodities - Metals,Comm Metals - Gold,Primary,,0.0957,0.4147,0.2277,
NEM,Newmont Corp /De/,Commodities - Metals,Comm Metals - Precious Metals,Secondary,,0.0957,0.4147,0.2277,
NET,"Cloudflare, Inc.",Cybersecurity,Cybersecurity - Application Security,Primary,,-0.0868,0.0694,0.2969,
NET,"Cloudflare, Inc.",Cybersecurity,Cybersecurity - Cloud Security,Secondary,,-0.0868,0.0694,0.2969,
NEU,Newmarket Corp,Industrials & Construction,Industrials - Chemicals & Advanced Materials,Primary,,-0.0152,0.2018,0.2742,
NEXT,Nextdecade Corp.,Commodities - Energy,Comm Energy - Natural Gas & LNG,Primary,,0.0576,0.0493,-0.1312,
NFG,National Fuel Gas Co,Energy - Traditional,Energy Base - Utilities & Conventional Power Operators,Primary,,0.0078,-0.0004,0.0263,
NFG,National Fuel Gas Co,Commodities - Energy,Comm Energy - Natural Gas & LNG,Secondary,,0.0078,-0.0004,0.0263,
NFLX,Netflix Inc,Digital Entertainment & Media,Entertainment - Video Streaming,Primary,,0.0525,0.1415,-0.097,
NGG,National Grid Plc,Energy - Renewable,Energy Clean - Smart Grid & Electrification,Primary,,-0.0107,-0.0228,-0.0471,
NGVC,"Natural Grocers By Vitamin Cottage, Inc.",Consumer Goods & Retail,"Consumer - Health, Food & Beverages",Primary,,0.009,-0.0586,-0.0177,
NHI,National Health Investors Inc,Healthcare & Biotech,Healthcare - Senior Care & Longevity,Primary,,-0.0046,-0.0927,-0.0324,
NI,Nisource Inc.,Energy - Traditional,Energy Base - Utilities & Conventional Power Operators,Primary,,-0.0363,-0.1195,-0.141,
NI,Nisource Inc.,Commodities - Energy,Comm Energy - Natural Gas & LNG,Secondary,,-0.0363,-0.1195,-0.141,
NICE,Nice Ltd.,Big Data & Analytics,"Big Data - Analytics, AI Platforms & BI",Primary,,0.024,0.1107,0.0613,
NIO,Nio Inc.,Electric Vehicles & Mobility,EVs - Manufacturers,Primary,,-0.0522,-0.029,-0.1615,
NJR,New Jersey Resources Corp,Energy - Traditional,Energy Base - Utilities & Conventional Power Operators,Primary,,-0.0224,-0.1051,-0.0535,
NJR,New Jersey Resources Corp,Commodities - Energy,Comm Energy - Natural Gas & LNG,Secondary,,-0.0224,-0.1051,-0.0535,
NKE,"Nike, Inc.",E-commerce,E-commerce - Direct-to-Consumer,Primary,,0.0425,-0.0228,-0.0796,
NKE,"Nike, Inc.",Consumer Goods & Retail,Consumer - Apparel & E-Commerce Retail,Secondary,,0.0425,-0.0228,-0.0796,
NLY,"Annaly Capital Management, Inc.",Financials - Traditional,"Fin Trad - Banks, Lending & Mortgage Finance",Primary,,-0.0051,0.0356,0.1202,
NMG,Nouveau Monde Graphite Inc.,Commodities - Metals,Comm Metals - Battery & Energy Transition Metals,Primary,,-0.0068,0.1508,-0.2448,
NNDM,Nano Dimension Ltd.,Hardware,Hardware - Printing & Imaging,Primary,,-0.0314,0.0476,-0.0723,
NNDM,Nano Dimension Ltd.,Industrial Automation & Robotics,"Automation - Additive Manufacturing, 3D Printing",Secondary,,-0.0314,0.0476,-0.0723,
NNN,"Nnn Reit, Inc.",Real Estate & REITs,Real Estate - Retail & Consumer Real Estate,Primary,,0.0039,-0.0493,0.0432,
NOC,Northrop Grumman Corp /De/,Defense & Aerospace,Defense - Cyber Defense & Electronic Warfare,Primary,,-0.0367,0.013,-0.007,
NOC,Northrop Grumman Corp /De/,Defense & Aerospace,Defense - Drones & Anti-Drone Systems,Secondary,,-0.0367,0.013,-0.007,
NOK,Nokia Corp,Hardware,Hardware - Communications & Telecom,Primary,,-0.0761,0.0945,-0.3562,
NOV,Nov Inc.,Energy - Traditional,Energy Base - Oilfield Services & Equipment,Primary,,-0.0852,-0.0482,-0.0421,
NOVT,Novanta Inc,Industrial Automation & Robotics,Automation - Factory & Process Automation Systems,Primary,,-0.1735,-0.0146,-0.1266,
NOW,"Servicenow, Inc.",Cloud Computing,Cloud - Horizontal SaaS & Cloud Applications,Primary,,0.0879,0.2963,0.2538,
NOW,"Servicenow, Inc.",Cloud Computing,Cloud - Multi-Cloud Management,Secondary,,0.0879,0.2963,0.2538,
NPWR,Net Power Inc.,Environmental Sustainability,Environmental - Climate Technologies & Carbon Solutions,Primary,,0.1503,0.4113,0.0311,
NPWR,Net Power Inc.,Environmental Sustainability,Environmental - Sustainable Agriculture & Resource Management,Secondary,,0.1503,0.4113,0.0311,
NRG,"Nrg Energy, Inc.",Energy - Traditional,Energy Base - Coal & Thermal Power Generation,Primary,,-0.0865,-0.2046,-0.1851,
NRG,"Nrg Energy, Inc.",Smart Home & IoT,Smart Home - Automation & Control Systems,Secondary,,-0.0865,-0.2046,-0.1851,
NRGV,"Energy Vault Holdings, Inc.",Energy - Renewable,Energy Clean - Batteries & Storage,Primary,,-0.0471,0.2639,-0.2904,
NSA,National Storage Affiliates Trust,Real Estate & REITs,Real Estate - Retail & Consumer Real Estate,Primary,,,,,
NSC,Norfolk Southern Corp,Transportation & Logistics,Transportation - Freight Rail & Infrastructure,Primary,,0.0348,0.0106,0.1267,
NTAP,"Netapp, Inc.",Hardware,Hardware - Data Center Infrastructure & Servers,Primary,,-0.0849,0.114,0.3449,
NTES,"Netease, Inc.",Software,Software - Gaming & Platforms,Primary,,-0.0115,0.0286,0.0613,
NTES,"Netease, Inc.",Digital Entertainment & Media,Entertainment - Game Publishers & Developers,Secondary,,-0.0115,0.0286,0.0613,
NTGR,"Netgear, Inc.",Smart Home & IoT,"Smart Home - Connectivity, Security & Networking",Primary,,-0.0836,-0.1689,-0.1966,
NTLA,"Intellia Therapeutics, Inc.",Healthcare & Biotech,Healthcare - Genomics & Personalized Medicine,Primary,,0.0389,0.1705,-0.0032,
NTLA,"Intellia Therapeutics, Inc.",Healthcare & Biotech,Healthcare - Next-Gen Biotech Platforms,Secondary,,0.0389,0.1705,-0.0032,
NTNX,"Nutanix, Inc.",Cloud Computing,Cloud - Multi-Cloud Management,Primary,,0.0155,0.2115,0.4151,
NTR,Nutrien Ltd.,Agriculture & FoodTech,Agriculture - Agricultural Inputs & Crop Science,Primary,,0.0879,0.0909,0.0689,
NTR,Nutrien Ltd.,Commodities - Agriculture,"Comm Agri - Fertilizers, Crop Inputs & Seeds",Secondary,,0.0879,0.0909,0.0689,
NTRA,"Natera, Inc.",Healthcare & Biotech,"Healthcare - Diagnostics, Biomarkers & Liquid Biopsy",Primary,,0.0431,0.2509,0.6129,
NTRS,Northern Trust Corp,Financials - Traditional,"Fin Trad - Asset Management, Custody & Alternatives",Primary,,-0.0251,0.034,0.1178,
NU,Nu Holdings Ltd.,FinTech & Digital Finance,FinTech - Digital Banking & Neobanks,Primary,,0.0014,0.0476,0.1595,
NUE,Nucor Corp,Commodities - Metals,Comm Metals - Industrial & Base Metals,Primary,,-0.1028,-0.0118,0.0571,
NUE,Nucor Corp,Commodities - Metals,Comm Metals - Recycling & Circular Materials,Secondary,,-0.1028,-0.0118,0.0571,
NUS,"Nu Skin Enterprises, Inc.",Healthcare & Biotech,Healthcare - Healthy Aging & Nutrition,Primary,,0.0192,-0.061,-0.1875,
NUS,"Nu Skin Enterprises, Inc.",Consumer Goods & Retail,"Consumer - Health, Food & Beverages",Secondary,,0.0192,-0.061,-0.1875,
NVDA,Nvidia Corp,Semiconductors,Semis - Emerging Technologies,Primary,,-0.0735,0.0079,-0.0307,
NVDA,Nvidia Corp,Semiconductors,"Semis - Logic & CPUs, GPUs, Accelerators",Secondary,,-0.0735,0.0079,-0.0307,
NVEC,Nve Corp /New/,Semiconductors,Semis - Emerging Technologies,Primary,,-0.1191,-0.0847,0.1791,
NVEC,Nve Corp /New/,Nanotechnology,NanoTech - Research Tools & Advanced Instruments,Secondary,,-0.1191,-0.0847,0.1791,
NVO,Novo Nordisk A S,Healthcare & Biotech,Healthcare - Metabolic & Cardiometabolic,Primary,,0.0455,-0.0256,0.0569,
NVO,Novo Nordisk A S,Healthcare & Biotech,Healthcare - Age-Related & Longevity Therapeutics,Secondary,,0.0455,-0.0256,0.0569,
NVR,"NVR, Inc.",Real Estate & REITs,"Real Estate - Housing, Urban Living & Demographics",Primary,,0.0157,-0.0027,0.0597,
NVST,Envista Holdings Corp,Healthcare & Biotech,Healthcare - Medical Devices & HealthTech Hardware,Primary,,-0.0109,0.0384,0.1669,
NVT,Nvent Electric Plc,Hardware,Hardware - Data Center Infrastructure & Servers,Primary,,-0.1346,0.0103,-0.0675,
NVTS,Navitas Semiconductor Corp,Semiconductors,Semis - Emerging Technologies,Primary,,-0.1612,0.12,-0.5819,
NVTS,Navitas Semiconductor Corp,Electric Vehicles & Mobility,EVs - Key Suppliers & Autonomy Tech,Secondary,,-0.1612,0.12,-0.5819,
NWE,"Northwestern Energy Group, Inc.",Energy - Traditional,Energy Base - Utilities & Conventional Power Operators,Primary,,-0.0164,-0.0349,-0.0131,
NWSA,News Corp,Digital Entertainment & Media,Entertainment - Advertising & Social Platforms,Primary,,0.0718,0.1495,0.1881,
NWSA,News Corp,Big Data & Analytics,"Big Data - Data Generation, Sourcing & Providers",Secondary,,0.0718,0.1495,0.1881,
NXE,Nexgen Energy Ltd.,Commodities - Energy,Comm Energy - Uranium & Nuclear Fuels,Primary,,0.0167,0.1958,0.0253,
NXPI,Nxp Semiconductors N.V.,Semiconductors,"Semis - Analog, Mixed-Signal & Power Management",Primary,,-0.0442,-0.1738,-0.2947,
NXPI,Nxp Semiconductors N.V.,Semiconductors,Semis - Wireless & Connectivity,Secondary,,-0.0442,-0.1738,-0.2947,
NXST,"Nexstar Media Group, Inc.",Digital Entertainment & Media,Entertainment - Advertising & Social Platforms,Primary,,0.0078,0.0261,-0.0031,
NXT,Nextracker Inc.,Energy - Renewable,Energy Clean - Solar,Primary,,-0.145,-0.1531,-0.3508,
NYT,New York Times Co,Digital Entertainment & Media,Entertainment - Advertising & Social Platforms,Primary,,0.034,-0.0581,-0.0968,
O,Realty Income Corp,Real Estate & REITs,Real Estate - Retail & Consumer Real Estate,Primary,,0.0123,-0.033,0.0318,
OC,Owens Corning,Environmental Sustainability,Environmental - Climate Technologies & Carbon Solutions,Primary,,-0.0445,0.0325,0.2586,
OC,Owens Corning,Environmental Sustainability,Environmental - Sustainable Agriculture & Resource Management,Secondary,,-0.0445,0.0325,0.2586,
ODFL,"Old Dominion Freight Line, Inc.",Transportation & Logistics,"Transportation - Trucking, LTL & Ground Freight",Primary,,-0.0494,-0.1352,-0.0415,
OGE,OGE Energy Corp,Energy - Traditional,Energy Base - Utilities & Conventional Power Operators,Primary,,-0.0294,-0.0799,-0.0449,
OGS,"One Gas, Inc.",Energy - Traditional,Energy Base - Utilities & Conventional Power Operators,Primary,,0.0046,0.0062,-0.0178,
OGS,"One Gas, Inc.",Commodities - Energy,Comm Energy - Natural Gas & LNG,Secondary,,0.0046,0.0062,-0.0178,
OHI,Omega Healthcare Investors Inc,Healthcare & Biotech,Healthcare - Senior Care & Longevity,Primary,,0.0004,-0.0869,-0.0141,
OHI,Omega Healthcare Investors Inc,Real Estate & REITs,Real Estate - Healthcare & Senior Living,Secondary,,0.0004,-0.0869,-0.0141,
OII,Oceaneering International Inc,Energy - Traditional,Energy Base - Oilfield Services & Equipment,Primary,,-0.0675,-0.043,0.3015,
OII,Oceaneering International Inc,Industrial Automation & Robotics,"Robotics - Autonomous Vehicles, Service & Mobility",Secondary,,-0.0675,-0.043,0.3015,
OKE,Oneok Inc /New/,Energy - Traditional,Energy Base - Refining & Midstream Infrastructure,Primary,,-0.0241,0.0104,0.0011,
OKE,Oneok Inc /New/,Commodities - Energy,Comm Energy - Natural Gas & LNG,Secondary,,-0.0241,0.0104,0.0011,
OKLO,Oklo Inc.,Energy - Traditional,Energy Base - Nuclear Power & Advanced Reactors,Primary,,-0.0955,-0.0139,-0.3975,
OKLO,Oklo Inc.,Artificial Intelligence,"AI - Compute, Edge & Acceleration",Secondary,,-0.0955,-0.0139,-0.3975,
OKTA,"Okta, Inc.",Cybersecurity,"Cybersecurity - Endpoint, Identity & Zero Trust",Primary,,-0.0857,-0.0544,0.4199,
OLED,Universal Display Corp,Semiconductors,Semis - Emerging Technologies,Primary,,-0.0223,0.0686,-0.0969,
OLED,Universal Display Corp,Hardware,Hardware - Next-Gen & Specialty,Secondary,,-0.0223,0.0686,-0.0969,
OLLI,"Ollie's Bargain Outlet Holdings, Inc.",E-commerce,"E-commerce - Omnichannel Retailers, Online & Physical Stores",Primary,,0.019,0.1514,-0.0671,
OLN,Olin Corp,Defense & Aerospace,Defense - Secure Defense Supply Chains,Primary,,-0.0757,-0.2427,-0.325,
OMC,Omnicom Group Inc.,Digital Entertainment & Media,Entertainment - Advertising & Social Platforms,Primary,,0.0407,0.1165,0.1997,
OMCL,"Omnicell, Inc.",Healthcare & Biotech,"Healthcare - IT, Services & Data Infrastructure",Primary,,-0.038,-0.1546,-0.2195,
ON,On Semiconductor Corp,Semiconductors,"Semis - Analog, Mixed-Signal & Power Management",Primary,,-0.1373,-0.1714,-0.381,
ON,On Semiconductor Corp,Semiconductors,Semis - Emerging Technologies,Secondary,,-0.1373,-0.1714,-0.381,
ONB,Old National Bancorp,Financials - Traditional,"Fin Trad - Banks, Lending & Mortgage Finance",Primary,,-0.048,-0.0272,0.083,
ONDS,Ondas Holdings Inc.,Defense & Aerospace,Defense - Drones & Anti-Drone Systems,Primary,,-0.0844,0.0564,-0.0905,
ONTO,Onto Innovation Inc.,Nanotechnology,NanoTech - Research Tools & Advanced Instruments,Primary,,-0.1944,0.0377,0.0788,
OPAL,Opal Fuels Inc.,Commodities - Energy,Comm Energy - Biofuels & Renewable Fuels,Primary,,-0.0455,-0.0498,-0.0278,
OPAL,Opal Fuels Inc.,Energy - Renewable,Energy Clean - Fuels & Bioenergy,Secondary,,-0.0455,-0.0498,-0.0278,
OPCH,"Option Care Health, Inc.",Healthcare & Biotech,"Healthcare - IT, Services & Data Infrastructure",Primary,,0.0128,0.0928,0.1309,
OPCH,"Option Care Health, Inc.",Healthcare & Biotech,"Healthcare - Digital Health, Telemedicine & Remote Care",Secondary,,0.0128,0.0928,0.1309,
ORA,"Ormat Technologies, Inc.",Energy - Renewable,Energy Clean - Utilities & Clean Power Operators,Primary,,-0.0737,0.0615,-0.2094,
ORCL,Oracle Corp,Cloud Computing,Cloud - Horizontal SaaS & Cloud Applications,Primary,,-0.0286,0.2388,-0.2558,
ORCL,Oracle Corp,Software,Software - Vertical SaaS Platforms,Secondary,,-0.0286,0.2388,-0.2558,
ORI,Old Republic International Corp,Financials - Traditional,Fin Trad - Insurance & Reinsurance,Primary,,-0.0127,-0.0076,0.0757,
ORLY,O Reilly Automotive Inc,FinTech & Digital Finance,FinTech - Trading Platforms & WealthTech,Primary,,0.005,0.0375,-0.0116,
OSCR,"Oscar Health, Inc.",Healthcare & Biotech,"Healthcare - Digital Health, Telemedicine & Remote Care",Primary,,0.0082,0.1284,0.405,
OSCR,"Oscar Health, Inc.",FinTech & Digital Finance,FinTech - InsurTech & Embedded Insurance,Secondary,,0.0082,0.1284,0.405,
OSK,Oshkosh Corp,Transportation & Logistics,Transportation - Infrastructure & Equipment,Primary,,0.0153,0.0114,0.2264,
OTIS,Otis Worldwide Corp,Industrials & Construction,Industrials - Building Products & HVAC,Primary,,0.0231,0.0097,-0.002,
OTLY,Oatly Group Ab,Agriculture & FoodTech,Agriculture - Alternative Proteins,Primary,,0.1645,0.1889,0.566,
OTLY,Oatly Group Ab,Consumer Goods & Retail,"Consumer - Health, Food & Beverages",Secondary,,0.1645,0.1889,0.566,
OUST,"Ouster, Inc.",Industrial Automation & Robotics,Automation - Industrial Sensors & Machine Vision,Primary,,-0.2572,0.0502,-0.0346,
OUST,"Ouster, Inc.",Industrial Automation & Robotics,Robotics - Sensors & Vision Systems,Secondary,,-0.2572,0.0502,-0.0346,
OVV,Ovintiv Inc.,Energy - Traditional,Energy Base - Oil & Gas Exploration & Production,Primary,,0.0324,0.0442,0.1281,
OXY,Occidental Petroleum Corp /De/,Energy - Traditional,Energy Base - Oil & Gas Exploration & Production,Primary,,0.0181,0.049,0.0268,
OXY,Occidental Petroleum Corp /De/,Commodities - Energy,Comm Energy - Crude Oil,Secondary,,0.0181,0.049,0.0268,
OZK,Bank OZK,Financials - Traditional,"Fin Trad - Banks, Lending & Mortgage Finance",Primary,,-0.0346,-0.0197,0.0347,
PAA,Plains All American Pipeline Lp,Energy - Traditional,Energy Base - Refining & Midstream Infrastructure,Primary,,0.0509,0.032,0.0512,
PAAS,Pan American Silver Corp,Commodities - Metals,Comm Metals - Gold,Primary,,0.1147,0.218,-0.0057,
PAAS,Pan American Silver Corp,Commodities - Metals,Comm Metals - Precious Metals,Secondary,,0.1147,0.218,-0.0057,
PACB,"Pacific Biosciences Of California, Inc.",Healthcare & Biotech,"Healthcare - Diagnostics, Biomarkers & Liquid Biopsy",Primary,,0.0579,-0.0588,0.0492,
PACB,"Pacific Biosciences Of California, Inc.",Healthcare & Biotech,Healthcare - Genomics & Personalized Medicine,Secondary,,0.0579,-0.0588,0.0492,
PAG,"Penske Automotive Group, Inc.",E-commerce,"E-commerce - Omnichannel Retailers, Online & Physical Stores",Primary,,0.0006,0.01,0.3442,
PANW,Palo Alto Networks Inc,Industrial Automation & Robotics,"Automation - Industrial IoT, Connectivity",Primary,,-0.0662,0.0837,0.3466,
PANW,Palo Alto Networks Inc,Cybersecurity,Cybersecurity - Application Security,Secondary,,-0.0662,0.0837,0.3466,
PATH,"UiPath, Inc.",Software,Software - Vertical SaaS Platforms,Primary,,0.0363,0.5286,0.516,
PATH,"UiPath, Inc.",Industrial Automation & Robotics,Automation - Industrial Software & Digital Twin,Secondary,,0.0363,0.5286,0.516,
PAYX,"Paychex, Inc.",Cloud Computing,Cloud - Horizontal SaaS & Cloud Applications,Primary,,0.063,0.1213,0.3126,
PAYX,"Paychex, Inc.",Business Services & Consulting,"Business Services - Outsourcing, Facilities & Testing",Secondary,,0.063,0.1213,0.3126,
PB,"Prosperity Bancshares, Inc.",Financials - Traditional,"Fin Trad - Banks, Lending & Mortgage Finance",Primary,,-0.0232,-0.0055,0.0617,
PBF,PBF Energy Inc.,Energy - Traditional,Energy Base - Refining & Midstream Infrastructure,Primary,,-0.0741,0.132,0.7351,
PCAR,Paccar Inc,Transportation & Logistics,Transportation - Infrastructure & Equipment,Primary,,-0.0069,-0.0148,0.1914,
PCG,PG&E Corp,Energy - Traditional,Energy Base - Utilities & Conventional Power Operators,Primary,,0.0349,0.0146,0.1014,
PCOR,"Procore Technologies, Inc.",Software,Software - Vertical SaaS Platforms,Primary,,0.0635,0.4497,0.3253,
PCTY,Paylocity Holding Corp,Cloud Computing,Cloud - Horizontal SaaS & Cloud Applications,Primary,,0.048,0.217,0.3489,
PD,"Pagerduty, Inc.",Cloud Computing,"Cloud - DevOps, Observability",Primary,,0.0598,0.3656,0.7222,
PD,"Pagerduty, Inc.",Software,"Software - Data, Analytics & DevOps",Secondary,,0.0598,0.3656,0.7222,
PDD,Pdd Holdings Inc.,E-commerce,E-commerce - Platforms,Primary,,0.0015,0.0534,-0.0788,
PDD,Pdd Holdings Inc.,Software,Software - Vertical SaaS Platforms,Secondary,,0.0015,0.0534,-0.0788,
PDFS,Pdf Solutions Inc,Semiconductors,Semis - EDA Tools & Design Software,Primary,,-0.1655,-0.1357,-0.044,
PEB,Pebblebrook Hotel Trust,Real Estate & REITs,"Real Estate - Travel, Leisure & Entertainment Properties",Primary,,0.0099,-0.0403,0.2402,
PECO,"Phillips Edison & Company, Inc.",Real Estate & REITs,Real Estate - Retail & Consumer Real Estate,Primary,,-0.008,-0.0872,-0.0089,
PEG,Public Service Enterprise Group Inc,Energy - Renewable,Energy Clean - Utilities & Clean Power Operators,Primary,,-0.0275,-0.0787,-0.0672,
PEGA,Pegasystems Inc.,Software,"Software - Collaboration, CRM & Communications",Primary,,0.0753,0.2814,0.0015,
PEGA,Pegasystems Inc.,Artificial Intelligence,"AI - Apps, Domain-Specific AI",Secondary,,0.0753,0.2814,0.0015,
PEN,"Penumbra, Inc.",Healthcare & Biotech,Healthcare - Medical Devices & HealthTech Hardware,Primary,,-0.0105,0.0157,-0.015,
PENN,"Penn Entertainment, Inc.",Digital Entertainment & Media,"Entertainment - Sports Betting, Wagering & Prediction Markets",Primary,,-0.0209,-0.1084,0.0818,
PENN,"Penn Entertainment, Inc.",Digital Entertainment & Media,Entertainment - iGaming & Online Gambling,Secondary,,-0.0209,-0.1084,0.0818,
PEP,Pepsico Inc,Consumer Goods & Retail,"Consumer - Health, Food & Beverages",Primary,,0.0465,0.0588,-0.0291,
PFE,Pfizer Inc,Healthcare & Biotech,Healthcare - Metabolic & Cardiometabolic,Primary,,0.0409,0.1398,0.0988,
PFE,Pfizer Inc,Healthcare & Biotech,Healthcare - Oncology & Precision Cancer Therapeutics,Secondary,,0.0409,0.1398,0.0988,
PFG,"Principal Financial Group, Inc.",Financials - Traditional,"Fin Trad - Asset Management, Custody & Alternatives",Primary,,-0.0096,0.0228,0.086,
PFG,"Principal Financial Group, Inc.",Financials - Traditional,Fin Trad - Insurance & Reinsurance,Secondary,,-0.0096,0.0228,0.086,
PFGC,Performance Food Group Co,Agriculture & FoodTech,Agriculture - Agri-Food Processing & Distribution,Primary,,0.0105,-0.0512,0.1298,
PG,Procter & Gamble Co,Consumer Goods & Retail,Consumer - Household & Personal Care,Primary,,0.0243,-0.0055,0.0225,
PG,Procter & Gamble Co,Nanotechnology,NanoTech - Consumer & Industrial Products,Secondary,,0.0243,-0.0055,0.0225,
PGR,Progressive Corp,Financials - Traditional,Fin Trad - Insurance & Reinsurance,Primary,,0.0985,0.0472,0.1228,
PH,Parker-Hannifin Corp,Industrials & Construction,"Industrials - Machinery, Flow Control & Components",Primary,,-0.0375,0.027,0.1699,
PH,Parker-Hannifin Corp,Defense & Aerospace,Defense - Secure Defense Supply Chains,Secondary,,-0.0375,0.027,0.1699,
PHM,"Pultegroup, Inc.",Real Estate & REITs,"Real Estate - Housing, Urban Living & Demographics",Primary,,0.0087,0.0067,0.1156,
PHR,"Phreesia, Inc.",Healthcare & Biotech,"Healthcare - IT, Services & Data Infrastructure",Primary,,0.0095,0.1438,0.3105,
PI,Impinj Inc,Hardware,Hardware - Industrial & IoT,Primary,,-0.0623,0.2623,0.0751,
PI,Impinj Inc,Smart Home & IoT,"Smart Home & IoT - Devices, Sensors & Connectivity",Secondary,,-0.0623,0.2623,0.0751,
PII,Polaris Inc.,Consumer Goods & Retail,Consumer - Modern Luxury & Lifestyle,Primary,,-0.0584,-0.1191,-0.0422,
PINS,"Pinterest, Inc.",E-commerce,E-commerce - Online Marketplaces & Recommerce,Primary,,0.0173,0.0606,0.2167,
PINS,"Pinterest, Inc.",Artificial Intelligence,"AI - Ads, Search & Recommendations",Secondary,,0.0173,0.0606,0.2167,
PK,Park Hotels & Resorts Inc.,Real Estate & REITs,"Real Estate - Travel, Leisure & Entertainment Properties",Primary,,0.0573,0.076,0.4021,
PKG,Packaging Corp Of America,Industrials & Construction,Industrials - Packaging & Containers,Primary,,-0.0162,-0.0217,0.1603,
PL,Planet Labs Pbc,Defense & Aerospace,Defense - Space Technology & Satellite Services,Primary,,-0.1153,0.0537,-0.5136,
PL,Planet Labs Pbc,Space Tech,Space - Data Analytics & Earth Observation,Secondary,,-0.1153,0.0537,-0.5136,
PLD,"Prologis, Inc.",E-commerce,"E-commerce - Omnichannel Retailers, Online & Physical Stores",Primary,,0.0195,-0.0289,-0.0103,
PLD,"Prologis, Inc.",Real Estate & REITs,"Real Estate - E-Commerce, Warehousing & Logistics",Secondary,,0.0195,-0.0289,-0.0103,
PLNT,"Planet Fitness, Inc.",Real Estate & REITs,"Real Estate - Travel, Leisure & Entertainment Properties",Primary,,0.0638,0.0071,0.0348,
PLNT,"Planet Fitness, Inc.",Healthcare & Biotech,Healthcare - Healthy Aging & Nutrition,Secondary,,0.0638,0.0071,0.0348,
PLTK,Playtika Holding Corp.,Digital Entertainment & Media,Entertainment - Game Publishers & Developers,Primary,,0.0708,-0.3424,-0.2924,
PLTR,Palantir Technologies Inc.,Defense & Aerospace,Defense - Cyber Defense & Electronic Warfare,Primary,,0.0194,0.4309,0.285,
PLTR,Palantir Technologies Inc.,Industrial Automation & Robotics,"Robotics - Autonomous Vehicles, Service & Mobility",Secondary,,0.0194,0.4309,0.285,
PLUG,Plug Power Inc,Energy - Renewable,Energy Clean - Hydrogen & Fuel Cells,Primary,,-0.0482,0.0383,-0.4259,
PLUG,Plug Power Inc,Nanotechnology,NanoTech - Energy & Environment,Secondary,,-0.0482,0.0383,-0.4259,
PM,Philip Morris International Inc.,Consumer Goods & Retail,"Consumer - Health, Food & Beverages",Primary,,0.0376,-0.008,0.0215,
PNC,"PNC Financial Services Group, Inc.",Financials - Traditional,"Fin Trad - Banks, Lending & Mortgage Finance",Primary,,-0.0427,-0.0291,0.1204,
PNFP,"Pinnacle Financial Partners, Inc.",Financials - Traditional,"Fin Trad - Banks, Lending & Mortgage Finance",Primary,,-0.056,-0.0076,0.0481,
PNR,Pentair Plc,Environmental Sustainability,Environmental - Water Infrastructure & Treatment,Primary,,-0.0123,0.0068,-0.1501,
PNW,Pinnacle West Capital Corp,Energy - Traditional,Energy Base - Utilities & Conventional Power Operators,Primary,,-0.0269,-0.0704,-0.0422,
PODD,Insulet Corp,Healthcare & Biotech,Healthcare - Medical Devices & HealthTech Hardware,Primary,,0.0409,-0.1093,-0.061,
PODD,Insulet Corp,Healthcare & Biotech,Healthcare - Metabolic & Cardiometabolic,Secondary,,0.0409,-0.1093,-0.061,
POR,Portland General Electric Co,Energy - Traditional,Energy Base - Utilities & Conventional Power Operators,Primary,,-0.023,-0.0451,0.0083,
POST,"Post Holdings, Inc.",Consumer Goods & Retail,"Consumer - Health, Food & Beverages",Primary,,0.0382,-0.0938,-0.1522,
POWI,Power Integrations Inc,Semiconductors,Semis - Emerging Technologies,Primary,,-0.1436,-0.162,-0.2475,
PPC,Pilgrims Pride Corp,Agriculture & FoodTech,Agriculture - Agri-Food Processing & Distribution,Primary,,0.105,0.1084,0.117,
PPC,Pilgrims Pride Corp,Commodities - Agriculture,Comm Agri - Livestock & Animal Protein,Secondary,,0.105,0.1084,0.117,
PPG,Ppg Industries Inc,Nanotechnology,NanoTech - Research Tools & Advanced Instruments,Primary,,-0.0019,-0.0178,0.0571,
PPL,Ppl Corp,Energy - Renewable,Energy Clean - Utilities & Clean Power Operators,Primary,,-0.0253,-0.0326,-0.0275,
PR,Permian Resources Corp,Energy - Traditional,Energy Base - Oil & Gas Exploration & Production,Primary,,0.0681,0.1096,0.1689,
PRCT,Procept Biorobotics Corp,Industrial Automation & Robotics,Robotics - Medical & Surgical Robotics,Primary,,0.0076,0.2732,-0.2672,
PRDO,Perdoceo Education Corp,Education Technology,Education - Workforce Training,Primary,,0.0303,0.0873,-0.024,
PRI,"Primerica, Inc.",Financials - Traditional,Fin Trad - Insurance & Reinsurance,Primary,,-0.0282,-0.0426,0.0767,
PRLB,Proto Labs Inc,Industrial Automation & Robotics,"Automation - Additive Manufacturing, 3D Printing",Primary,,-0.155,-0.0187,0.076,
PRU,"Prudential Financial, Inc.",Financials - Traditional,Fin Trad - Insurance & Reinsurance,Primary,,-0.0152,0.0226,0.1942,
PRVA,"Privia Health Group, Inc.",Healthcare & Biotech,"Healthcare - Digital Health, Telemedicine & Remote Care",Primary,,-0.0223,-0.1757,-0.0777,
PSA,Public Storage,Real Estate & REITs,Real Estate - Retail & Consumer Real Estate,Primary,,0.002,0.0077,0.0745,
PSKY,Paramount Skydance Corporation - Class B,Digital Entertainment & Media,Entertainment - Video Streaming,Primary,,0.0068,0.2607,-0.0058,
PSN,Parsons Corp,Defense & Aerospace,Defense - Cyber Defense & Electronic Warfare,Primary,,0.0667,-0.1689,-0.0912,
PSN,Parsons Corp,Cybersecurity,"Cybersecurity - Identity, Biometrics & Access Management",Secondary,,0.0667,-0.1689,-0.0912,
PSNY,Polestar Automotive Holding Uk Plc,Electric Vehicles & Mobility,EVs - Manufacturers,Primary,,-0.0754,-0.0581,-0.4211,
PSO,Pearson Plc,Education Technology,Education - Digital Curriculum,Primary,,0.0303,0.0284,0.1029,
PSTG,"Pure Storage, Inc.",Hardware,Hardware - Data Center Infrastructure & Servers,Primary,,,,,
PSTG,"Pure Storage, Inc.",Cloud Computing,Cloud - Data Centers & Infrastructure,Secondary,,,,,
PSX,Phillips 66,Energy - Traditional,Energy Base - Refining & Midstream Infrastructure,Primary,,0.0112,0.1764,0.3689,
PTC,Ptc Inc.,Industrial Automation & Robotics,"Automation - Industrial IoT, Connectivity",Primary,,0.0571,0.302,0.041,
PTC,Ptc Inc.,Industrial Automation & Robotics,Automation - Industrial Software & Digital Twin,Secondary,,0.0571,0.302,0.041,
PTEN,Patterson Uti Energy Inc,Energy - Traditional,Energy Base - Oilfield Services & Equipment,Primary,,-0.0295,0.1627,-0.0279,
PTON,"Peloton Interactive, Inc.",Healthcare & Biotech,Healthcare - Medical Devices & HealthTech Hardware,Primary,,0.0132,-0.1184,-0.0613,
PUBM,"Pubmatic, Inc.",E-commerce,E-commerce - Retail Media & Advertising,Primary,,-0.0527,0.3067,0.5792,
PUBM,"Pubmatic, Inc.",Artificial Intelligence,"AI - Ads, Search & Recommendations",Secondary,,-0.0527,0.3067,0.5792,
PVH,PVH Corp,Consumer Goods & Retail,Consumer - Apparel & E-Commerce Retail,Primary,,-0.0147,-0.042,-0.1334,
PWR,"Quanta Services, Inc.",Energy - Renewable,Energy Clean - Smart Grid & Electrification,Primary,,-0.1461,-0.0145,-0.1473,
PWR,"Quanta Services, Inc.",Artificial Intelligence,"AI - Compute, Edge & Acceleration",Secondary,,-0.1461,-0.0145,-0.1473,
PYPL,"Paypal Holdings, Inc.",FinTech & Digital Finance,FinTech - Digital Payments & Merchant Infrastructure,Primary,,0.02,0.0985,0.3991,
Q,"Qnity Electronics, Inc.",Semiconductors,"Semis - Equipment, Lithography & Deposition",Primary,,-0.1032,-0.0653,-0.1952,
Q,"Qnity Electronics, Inc.",Nanotechnology,NanoTech - Consumer & Industrial Products,Secondary,,-0.1032,-0.0653,-0.1952,
QBTS,D-Wave Quantum Inc.,Hardware,Hardware - Next-Gen & Specialty,Primary,,-0.1049,0.1524,-0.3646,
QBTS,D-Wave Quantum Inc.,Semiconductors,Semis - Emerging Technologies,Secondary,,-0.1049,0.1524,-0.3646,
QCOM,Qualcomm Inc/De,Semiconductors,"Semis - Logic & CPUs, GPUs, Accelerators",Primary,,-0.0225,-0.0505,-0.3319,
QCOM,Qualcomm Inc/De,Semiconductors,Semis - Wireless & Connectivity,Secondary,,-0.0225,-0.0505,-0.3319,
QDEL,Quidelortho Corp,Healthcare & Biotech,"Healthcare - Diagnostics, Biomarkers & Liquid Biopsy",Primary,,-0.0062,-0.0972,0.2218,
QLYS,"Qualys, Inc.",Cybersecurity,Cybersecurity - Application Security,Primary,,-0.0265,0.2981,0.7433,
QLYS,"Qualys, Inc.",Cybersecurity,Cybersecurity - Cloud Security,Secondary,,-0.0265,0.2981,0.7433,
QRVO,"Qorvo, Inc.",Semiconductors,Semis - Wireless & Connectivity,Primary,,-0.007,0.1024,-0.1039,
QRVO,"Qorvo, Inc.",Telecommunications,"Telecom - 5G, Wireless & Carriers",Secondary,,-0.007,0.1024,-0.1039,
QS,Quantumscape Corp,Electric Vehicles & Mobility,EVs - Batteries & Materials,Primary,,-0.0654,0.1709,-0.3024,
QS,Quantumscape Corp,Nanotechnology,NanoTech - Energy & Environment,Secondary,,-0.0654,0.1709,-0.3024,
QUBT,Quantum Computing Inc.,Semiconductors,Semis - Emerging Technologies,Primary,,-0.0895,0.109,-0.3306,
R,Ryder System Inc,Transportation & Logistics,"Transportation - Logistics, Warehousing & Supply Chain Solutions",Primary,,-0.0747,-0.085,0.0038,
RACE,Ferrari N.V.,Consumer Goods & Retail,Consumer - Modern Luxury & Lifestyle,Primary,,0.0176,0.1785,0.2188,
RBA,"RB Global, Inc.",Industrials & Construction,Industrials - Distribution & Rental Services,Primary,,0.0239,-0.2466,-0.1948,
RBA,"RB Global, Inc.",E-commerce,E-commerce - Online Marketplaces & Recommerce,Secondary,,0.0239,-0.2466,-0.1948,
RBC,RBC Bearings Inc,Industrials & Construction,"Industrials - Machinery, Flow Control & Components",Primary,,-0.1107,-0.1667,-0.1144,
RBC,RBC Bearings Inc,Defense & Aerospace,Defense - Secure Defense Supply Chains,Secondary,,-0.1107,-0.1667,-0.1144,
RBLX,Roblox Corp,Software,Software - Gaming & Platforms,Primary,,0.0219,-0.1849,-0.1952,
RBLX,Roblox Corp,Digital Entertainment & Media,Entertainment - Game Publishers & Developers,Secondary,,0.0219,-0.1849,-0.1952,
RCAT,"Red Cat Holdings, Inc.",Defense & Aerospace,Defense - Drones & Anti-Drone Systems,Primary,,-0.1446,0.1688,-0.051,
RCAT,"Red Cat Holdings, Inc.",Industrial Automation & Robotics,"Robotics - Autonomous Vehicles, Service & Mobility",Secondary,,-0.1446,0.1688,-0.051,
RCL,Royal Caribbean Group,Real Estate & REITs,"Real Estate - Travel, Leisure & Entertainment Properties",Primary,,-0.0291,-0.0018,0.15,
RDDT,"Reddit, Inc.",Digital Entertainment & Media,Entertainment - Advertising & Social Platforms,Primary,,-0.0717,-0.095,0.0779,
RDW,Redwire Corp,Space Tech,Space - Data Analytics & Earth Observation,Primary,,-0.1514,0.3096,-0.3493,
RDW,Redwire Corp,Space Tech,"Space - Infrastructure, Exploration & Launch",Secondary,,-0.1514,0.3096,-0.3493,
REAL,"Therealreal, Inc.",E-commerce,E-commerce - Online Marketplaces & Recommerce,Primary,,0.0171,0.0126,0.225,
REAL,"Therealreal, Inc.",Consumer Goods & Retail,Consumer - Modern Luxury & Lifestyle,Secondary,,0.0171,0.0126,0.225,
REG,Regency Centers Corp,Real Estate & REITs,Real Estate - Retail & Consumer Real Estate,Primary,,0.0042,-0.0665,-0.0181,
REGN,"Regeneron Pharmaceuticals, Inc.",Healthcare & Biotech,Healthcare - Next-Gen Biotech Platforms,Primary,,0.0292,0.2644,0.2983,
REGN,"Regeneron Pharmaceuticals, Inc.",Nanotechnology,NanoTech - Nanomedicine & Drug Delivery,Secondary,,0.0292,0.2644,0.2983,
RELX,Relx Plc,Big Data & Analytics,"Big Data - Data Generation, Sourcing & Providers",Primary,,0.0843,0.0659,0.1111,
RENT,"Rent The Runway, Inc.",Consumer Goods & Retail,Consumer - Resale & Sharing Platforms,Primary,,-0.0247,0.1794,-0.0301,
REX,Rex American Resources Corp,Commodities - Agriculture,"Comm Agri - Grains, Oilseeds & Softs",Primary,,-0.0605,-0.0453,-0.1306,
REXR,"Rexford Industrial Realty, Inc.",Real Estate & REITs,"Real Estate - E-Commerce, Warehousing & Logistics",Primary,,0.0505,-0.0341,0.0546,
REZI,"Resideo Technologies, Inc.",Smart Home & IoT,Smart Home - Automation & Control Systems,Primary,,-0.0659,-0.1979,-0.0367,
REZI,"Resideo Technologies, Inc.",Smart Home & IoT,Smart Home - Connected Devices & Appliances,Secondary,,-0.0659,-0.1979,-0.0367,
RF,Regions Financial Corp,Financials - Traditional,"Fin Trad - Banks, Lending & Mortgage Finance",Primary,,-0.0338,-0.0075,0.1111,
RGA,"Reinsurance Group Of America, Inc.",Financials - Traditional,Fin Trad - Insurance & Reinsurance,Primary,,-0.0017,0.0319,0.1519,
RGEN,Repligen Corp,Healthcare & Biotech,Healthcare - Next-Gen Biotech Platforms,Primary,,0.0744,0.3763,0.5785,
RGEN,Repligen Corp,Nanotechnology,NanoTech - Research Tools & Advanced Instruments,Secondary,,0.0744,0.3763,0.5785,
RGLD,Royal Gold Inc,Commodities - Metals,Comm Metals - Gold,Primary,,0.1147,0.3125,0.2002,
RGLD,Royal Gold Inc,Commodities - Metals,Comm Metals - Precious Metals,Secondary,,0.1147,0.3125,0.2002,
RGTI,"Rigetti Computing, Inc.",Hardware,Hardware - Next-Gen & Specialty,Primary,,-0.1232,0.1569,-0.3804,
RGTI,"Rigetti Computing, Inc.",Semiconductors,Semis - Emerging Technologies,Secondary,,-0.1232,0.1569,-0.3804,
RH,RH,Consumer Goods & Retail,Consumer - Modern Luxury & Lifestyle,Primary,,-0.1851,-0.1786,0.0507,
RHP,"Ryman Hospitality Properties, Inc.",Real Estate & REITs,"Real Estate - Travel, Leisure & Entertainment Properties",Primary,,0.0566,-0.0147,0.182,
RIO,Rio Tinto Plc,Energy - Renewable,Energy Clean - Materials & Critical Metals,Primary,,0.0781,0.1741,0.0275,
RIO,Rio Tinto Plc,Commodities - Metals,Comm Metals - Industrial & Base Metals,Secondary,,0.0781,0.1741,0.0275,
RIOT,"Riot Platforms, Inc.",FinTech & Digital Finance,"FinTech - Crypto, Blockchain & Tokenization",Primary,,-0.002,-0.1123,-0.1833,
RIOT,"Riot Platforms, Inc.",Crypto & Blockchain,Blockchain - Cryptocurrency Mining & Staking,Secondary,,-0.002,-0.1123,-0.1833,
RIVN,"Rivian Automotive, Inc. / De",Transportation & Logistics,Transportation - Urban Mobility & Emerging Transport Tech,Primary,,0.1163,0.048,0.1674,
RIVN,"Rivian Automotive, Inc. / De",Electric Vehicles & Mobility,EVs - Manufacturers,Secondary,,0.1163,0.048,0.1674,
RJF,"Raymond James Financial, Inc.",Financials - Traditional,Fin Trad - Capital Markets & Investment Banking,Primary,,-0.0156,0.0436,0.1707,
RKLB,"Rocket Lab Usa, Inc.",Defense & Aerospace,Defense - Space Technology & Satellite Services,Primary,,-0.1681,0.0684,-0.4971,
RKLB,"Rocket Lab Usa, Inc.",Space Tech,Space - Data Analytics & Earth Observation,Secondary,,-0.1681,0.0684,-0.4971,
RL,Ralph Lauren Corp,Consumer Goods & Retail,Consumer - Modern Luxury & Lifestyle,Primary,,-0.0224,-0.0074,-0.016,
RLI,RLI Corp,Financials - Traditional,Fin Trad - Insurance & Reinsurance,Primary,,0.0673,0.0759,0.3235,
RMBS,Rambus Inc,Semiconductors,Semis - EDA Tools & Design Software,Primary,,-0.1346,-0.0931,-0.391,
RMBS,Rambus Inc,Semiconductors,Semis - Memory & Storage,Secondary,,-0.1346,-0.0931,-0.391,
RMD,Resmed Inc,Healthcare & Biotech,Healthcare - Medical Devices & HealthTech Hardware,Primary,,0.0578,0.1938,0.1205,
RNG,"Ringcentral, Inc.",Telecommunications,Telecom - Enterprise & Unified Communications,Primary,,0.047,0.3914,0.5462,
RNG,"Ringcentral, Inc.",Software,"Software - Collaboration, CRM & Communications",Secondary,,0.047,0.3914,0.5462,
RNR,Renaissancere Holdings Ltd.,Financials - Traditional,Fin Trad - Insurance & Reinsurance,Primary,,0.0343,0.001,0.1161,
RNW,Renew Energy Global Plc,Environmental Sustainability,Environmental - Climate Technologies & Carbon Solutions,Primary,,-0.0029,0.1057,0.1486,
RNW,Renew Energy Global Plc,Environmental Sustainability,Environmental - Sustainable Agriculture & Resource Management,Secondary,,-0.0029,0.1057,0.1486,
ROIV,Roivant Sciences Ltd.,Healthcare & Biotech,Healthcare - Next-Gen Biotech Platforms,Primary,,0.0033,0.0386,0.2136,
ROK,"Rockwell Automation, Inc",Hardware,Hardware - Industrial & IoT,Primary,,-0.0335,-0.0674,-0.047,
ROK,"Rockwell Automation, Inc",Industrial Automation & Robotics,Automation - Factory & Process Automation Systems,Secondary,,-0.0335,-0.0674,-0.047,
ROKU,"Roku, Inc",E-commerce,E-commerce - Retail Media & Advertising,Primary,,-0.0008,0.1142,0.2599,
ROKU,"Roku, Inc",Digital Entertainment & Media,Entertainment - Video Streaming,Secondary,,-0.0008,0.1142,0.2599,
ROL,"Rollins, Inc.",Environmental Sustainability,Environmental - Clean Technologies & Pollution Control,Primary,,0.0344,-0.029,-0.2996,
ROOT,"Root, Inc.",FinTech & Digital Finance,FinTech - InsurTech & Embedded Insurance,Primary,,0.1376,-0.0243,-0.0146,
ROP,Roper Technologies Inc,Software,Software - Vertical SaaS Platforms,Primary,,0.0662,0.1311,0.2741,
ROST,"Ross Stores, Inc.",E-commerce,"E-commerce - Omnichannel Retailers, Online & Physical Stores",Primary,,0.0265,0.011,0.0306,
ROST,"Ross Stores, Inc.",Consumer Goods & Retail,Consumer - Apparel & E-Commerce Retail,Secondary,,0.0265,0.011,0.0306,
RPD,"Rapid7, Inc.",Cybersecurity,Cybersecurity - Application Security,Primary,,-0.0146,0.2845,0.6768,
RPD,"Rapid7, Inc.",Cybersecurity,Cybersecurity - Cloud Security,Secondary,,-0.0146,0.2845,0.6768,
RPM,RPM International Inc.,Industrials & Construction,Industrials - Chemicals & Advanced Materials,Primary,,-0.0523,-0.006,0.0597,
RPM,RPM International Inc.,Industrials & Construction,Industrials - Building Products & HVAC,Secondary,,-0.0523,-0.006,0.0597,
RRC,Range Resources Corp,Energy - Traditional,Energy Base - Oil & Gas Exploration & Production,Primary,,0.048,0.0585,0.0075,
RRC,Range Resources Corp,Commodities - Energy,Comm Energy - Natural Gas & LNG,Secondary,,0.048,0.0585,0.0075,
RRX,Regal Rexnord Corp,Industrial Automation & Robotics,Automation - Factory & Process Automation Systems,Primary,,-0.0676,-0.2351,-0.1883,
RS,"Reliance, Inc.",Commodities - Metals,Comm Metals - Industrial & Base Metals,Primary,,-0.1064,-0.0594,0.0453,
RS,"Reliance, Inc.",Industrials & Construction,Industrials - Distribution & Rental Services,Secondary,,-0.1064,-0.0594,0.0453,
RSG,"Republic Services, Inc.",Environmental Sustainability,Environmental - Waste Management & Recycling,Primary,,0.0363,0.0284,0.0708,
RSI,"Rush Street Interactive, Inc.",Digital Entertainment & Media,"Entertainment - Sports Betting, Wagering & Prediction Markets",Primary,,0.0381,-0.1594,-0.0237,
RSI,"Rush Street Interactive, Inc.",Digital Entertainment & Media,Entertainment - iGaming & Online Gambling,Secondary,,0.0381,-0.1594,-0.0237,
RTX,Rtx Corp,Defense & Aerospace,Defense - Cyber Defense & Electronic Warfare,Primary,,-0.056,-0.0135,0.1859,
RTX,Rtx Corp,Defense & Aerospace,Defense - Drones & Anti-Drone Systems,Secondary,,-0.056,-0.0135,0.1859,
RUN,Sunrun Inc.,Energy - Renewable,Energy Clean - Solar,Primary,,-0.0926,-0.1026,-0.3899,
RVTY,"Revvity, Inc.",Healthcare & Biotech,"Healthcare - Diagnostics, Biomarkers & Liquid Biopsy",Primary,,0.0588,0.1134,0.2695,
RVTY,"Revvity, Inc.",Nanotechnology,NanoTech - Research Tools & Advanced Instruments,Secondary,,0.0588,0.1134,0.2695,
RXRX,"Recursion Pharmaceuticals, Inc.",Artificial Intelligence,"AI - Apps, Domain-Specific AI",Primary,,0.045,0.098,0.0797,
RXT,"Rackspace Technology, Inc.",Cloud Computing,Cloud - Multi-Cloud Management,Primary,,-0.2101,-0.2081,-0.2482,
RYAN,"Ryan Specialty Holdings, Inc.",Financials - Traditional,Fin Trad - Insurance & Reinsurance,Primary,,0.0638,0.0653,0.361,
RYN,Rayonier Inc.,Environmental Sustainability,Environmental - Sustainable Agriculture & Resource Management,Primary,,-0.0089,-0.0167,0.055,
S,"Sentinelone, Inc.",Cybersecurity,Cybersecurity - Cloud Security,Primary,,-0.0458,0.1477,0.1128,
S,"Sentinelone, Inc.",Cybersecurity,"Cybersecurity - Endpoint, Identity & Zero Trust",Secondary,,-0.0458,0.1477,0.1128,
SAIA,Saia Inc,Transportation & Logistics,"Transportation - Trucking, LTL & Ground Freight",Primary,,-0.0926,-0.175,-0.2339,
SAIC,Science Applications International Corp,Defense & Aerospace,Defense - Cyber Defense & Electronic Warfare,Primary,,0.0202,0.0661,0.2725,
SAIC,Science Applications International Corp,Business Services & Consulting,Consulting,Secondary,,0.0202,0.0661,0.2725,
SAIL,"Sailpoint, Inc.",Cybersecurity,"Cybersecurity - Endpoint, Identity & Zero Trust",Primary,,-0.0247,0.2127,0.1511,
SAM,"Boston Beer Co, Inc.",Consumer Goods & Retail,"Consumer - Health, Food & Beverages",Primary,,0.0392,0.0516,-0.0035,
SANA,"Sana Biotechnology, Inc.",Healthcare & Biotech,"Healthcare - Regenerative Medicine, Psychedelics, Cannabis",Primary,,0.0272,0.1887,0.2313,
SAP,Sap Se,Big Data & Analytics,"Big Data - Analytics, AI Platforms & BI",Primary,,0.0521,0.3666,0.2427,
SARO,"StandardAero, Inc.",Defense & Aerospace,Defense - Next-Generation Aircraft & Maintenance,Primary,,-0.103,-0.1439,-0.0812,
SBAC,Sba Communications Corp,Telecommunications,Telecom - Infrastructure & Equipment,Primary,,0.0233,0.0736,-0.0935,
SBAC,Sba Communications Corp,Real Estate & REITs,Real Estate - Digital Infrastructure,Secondary,,0.0233,0.0736,-0.0935,
SBLK,Star Bulk Carriers Corp.,Transportation & Logistics,Transportation - Marine Shipping & Ports,Primary,,0.0518,0.1246,0.2213,
SBRA,"Sabra Health Care Reit, Inc.",Healthcare & Biotech,Healthcare - Senior Care & Longevity,Primary,,0.0079,-0.0707,0.0029,
SBRA,"Sabra Health Care Reit, Inc.",Real Estate & REITs,Real Estate - Healthcare & Senior Living,Secondary,,0.0079,-0.0707,0.0029,
SBSW,Sibanye Stillwater Ltd,Commodities - Metals,Comm Metals - Precious Metals,Primary,,0.1367,0.4916,0.09,
SBUX,Starbucks Corp,Consumer Goods & Retail,Consumer - Restaurants & Dining,Primary,,-0.004,0.047,0.0485,
SCCO,Southern Copper Corp/,Energy - Renewable,Energy Clean - Materials & Critical Metals,Primary,,0.1157,0.1758,0.1961,
SCCO,Southern Copper Corp/,Commodities - Metals,Comm Metals - Industrial & Base Metals,Secondary,,0.1157,0.1758,0.1961,
SCHW,Schwab Charles Corp,FinTech & Digital Finance,FinTech - Trading Platforms & WealthTech,Primary,,0.0278,0.1178,0.2644,
SCI,Service Corp International,Healthcare & Biotech,Healthcare - Senior Care & Longevity,Primary,,0.0206,0.0231,0.0935,
SEDG,"Solaredge Technologies, Inc.",Energy - Renewable,Energy Clean - Solar,Primary,,-0.0227,-0.2937,-0.5143,
SEDG,"Solaredge Technologies, Inc.",Smart Home & IoT,Smart Home - Energy & Utilities,Secondary,,-0.0227,-0.2937,-0.5143,
SEER,"Seer, Inc.",Healthcare & Biotech,Healthcare - Genomics & Personalized Medicine,Primary,,0.0049,0.0355,0.1397,
SEIC,SEI Investments Co,Financials - Traditional,"Fin Trad - Asset Management, Custody & Alternatives",Primary,,0.0501,0.1162,0.2305,
SERV,Serve Robotics Inc. /De/,Industrial Automation & Robotics,"Robotics - Autonomous Vehicles, Service & Mobility",Primary,,-0.0469,-0.0291,-0.4632,
SERV,Serve Robotics Inc. /De/,Transportation & Logistics,Transportation - Urban Mobility & Emerging Transport Tech,Secondary,,-0.0469,-0.0291,-0.4632,
SES,Ses Ai Corp,Electric Vehicles & Mobility,EVs - Batteries & Materials,Primary,,-0.051,0.0736,-0.5574,
SF,Stifel Financial Corp,Financials - Traditional,Fin Trad - Capital Markets & Investment Banking,Primary,,-0.038,-0.0002,0.1185,
SFIX,"Stitch Fix, Inc.",Consumer Goods & Retail,Consumer - Apparel & E-Commerce Retail,Primary,,-0.012,-0.081,-0.012,
SFM,"Sprouts Farmers Market, Inc.",Healthcare & Biotech,Healthcare - Healthy Aging & Nutrition,Primary,,0.0686,0.1501,-0.0067,
SFM,"Sprouts Farmers Market, Inc.",E-commerce,E-commerce - Grocery & Local Commerce Platforms,Secondary,,0.0686,0.1501,-0.0067,
SGHC,Super Group (Sghc) Ltd,Digital Entertainment & Media,Entertainment - iGaming & Online Gambling,Primary,,0.0737,-0.0258,0.0393,
SGI,Somnigroup International Inc.,Consumer Goods & Retail,Consumer - Modern Luxury & Lifestyle,Primary,,-0.0082,-0.099,-0.0361,
SGML,Sigma Lithium Corp,Commodities - Metals,Comm Metals - Battery & Energy Transition Metals,Primary,,0.0682,0.2679,-0.1794,
SHC,Sotera Health Co,Healthcare & Biotech,"Healthcare - IT, Services & Data Infrastructure",Primary,,0.0197,0.1049,0.2241,
SHEL,Shell Plc,Energy - Traditional,Energy Base - Integrated Energy Majors,Primary,,0.0151,0.0615,0.0946,
SHEL,Shell Plc,Energy - Traditional,Energy Base - Oil & Gas Exploration & Production,Secondary,,0.0151,0.0615,0.0946,
SHOP,Shopify Inc.,Cloud Computing,Cloud - Horizontal SaaS & Cloud Applications,Primary,,0.0077,0.3169,0.4544,
SHOP,Shopify Inc.,E-commerce,"E-commerce - Omnichannel Retailers, Online & Physical Stores",Secondary,,0.0077,0.3169,0.4544,
SHW,Sherwin-Williams Co,Industrials & Construction,Industrials - Chemicals & Advanced Materials,Primary,,-0.007,0.0946,0.1244,
SHW,Sherwin-Williams Co,Industrials & Construction,Industrials - Building Products & HVAC,Secondary,,-0.007,0.0946,0.1244,
SIG,Signet Jewelers Ltd,Consumer Goods & Retail,Consumer - Modern Luxury & Lifestyle,Primary,,-0.0309,-0.0859,0.0266,
SIGI,"Selective Insurance Group, Inc.",Financials - Traditional,Fin Trad - Insurance & Reinsurance,Primary,,0.006,-0.0338,0.0262,
SIMO,Silicon Motion Technology Corp,Semiconductors,Semis - Emerging Technologies,Primary,,-0.1083,-0.1005,-0.1176,
SIRI,Sirius Xm Holdings Inc.,Digital Entertainment & Media,Entertainment - Video Streaming,Primary,,-0.0233,-0.0366,-0.0063,
SITM,Sitime Corp,Semiconductors,"Semis - Analog, Mixed-Signal & Power Management",Primary,,-0.2248,0.0478,-0.2026,
SJM,J M Smucker Co,Commodities - Agriculture,Comm Agri - Softs & Plantation Crops,Primary,,0.0682,0.0738,0.2292,
SKIL,Skillsoft Corp.,Education Technology,"Education - Platforms, Infrastructure & Online Learning",Primary,,0.0285,0.2504,0.1058,
SKT,Tanger Inc.,Real Estate & REITs,Real Estate - Retail & Consumer Real Estate,Primary,,0.0141,-0.0639,0.1056,
SLAB,Silicon Laboratories Inc.,Semiconductors,Semis - Wireless & Connectivity,Primary,,-0.0055,0.0055,0.0027,
SLAB,Silicon Laboratories Inc.,Smart Home & IoT,"Smart Home & IoT - Devices, Sensors & Connectivity",Secondary,,-0.0055,0.0055,0.0027,
SLB,Schlumberger Limited/Nv,Energy - Traditional,Energy Base - Oilfield Services & Equipment,Primary,,0.0026,0.0301,-0.0523,
SLB,Schlumberger Limited/Nv,Energy - Renewable,Energy Clean - Utilities & Clean Power Operators,Secondary,,0.0026,0.0301,-0.0523,
SLDP,"Solid Power, Inc.",Electric Vehicles & Mobility,EVs - Batteries & Materials,Primary,,-0.0213,0.1058,-0.2484,
SLDP,"Solid Power, Inc.",Nanotechnology,NanoTech - Energy & Environment,Secondary,,-0.0213,0.1058,-0.2484,
SLG,Sl Green Realty Corp,Real Estate & REITs,Real Estate - Office & Commercial Workspaces,Primary,,0.0438,0.0725,0.3696,
SLGN,Silgan Holdings Inc.,Industrials & Construction,Industrials - Packaging & Containers,Primary,,0.0199,-0.0846,0.1274,
SLM,SLM Corp,Financials - Traditional,"Fin Trad - Banks, Lending & Mortgage Finance",Primary,,-0.0345,0.0844,0.1964,
SLQT,"Selectquote, Inc.",FinTech & Digital Finance,FinTech - InsurTech & Embedded Insurance,Primary,,0.0674,0.2031,-0.224,
SMCI,"Super Micro Computer, Inc.",Hardware,Hardware - Data Center Infrastructure & Servers,Primary,,-0.0812,0.1684,-0.0115,
SMG,Scotts Miracle-Gro Co,Commodities - Agriculture,"Comm Agri - Fertilizers, Crop Inputs & Seeds",Primary,,0.0364,-0.1148,0.0371,
SMPL,Simply Good Foods Co,Consumer Goods & Retail,"Consumer - Health, Food & Beverages",Primary,,0.012,0.0734,-0.075,
SMR,Nuscale Power Corp,Energy - Traditional,Energy Base - Nuclear Power & Advanced Reactors,Primary,,-0.0152,0.1187,-0.2061,
SMR,Nuscale Power Corp,Commodities - Energy,Comm Energy - Uranium & Nuclear Fuels,Secondary,,-0.0152,0.1187,-0.2061,
SMTC,Semtech Corp,Smart Home & IoT,"Smart Home & IoT - Devices, Sensors & Connectivity",Primary,,-0.216,-0.0398,-0.2288,
SN,"Sharkninja, Inc.",Consumer Goods & Retail,"Consumer - Health, Food & Beverages",Primary,,-0.0034,0.2314,0.6334,
SNA,Snap-On Inc,Industrials & Construction,"Industrials - Machinery, Flow Control & Components",Primary,,-0.0107,-0.0178,0.0826,
SNAP,Snap Inc,E-commerce,E-commerce - Online Marketplaces & Recommerce,Primary,,0.0676,0.2713,-0.0332,
SNAP,Snap Inc,Artificial Intelligence,"AI - Ads, Search & Recommendations",Secondary,,0.0676,0.2713,-0.0332,
SNDK,Sandisk Corp,Semiconductors,Semis - Memory & Storage,Primary,,-0.1644,0.0394,0.0098,
SNDK,Sandisk Corp,Hardware,"Hardware - Consumer Electronics, PCs & Peripherals",Secondary,,-0.1644,0.0394,0.0098,
SNDR,"Schneider National, Inc.",Transportation & Logistics,"Transportation - Trucking, LTL & Ground Freight",Primary,,-0.0431,-0.0737,0.0459,
SNOW,Snowflake Inc.,Cloud Computing,Cloud - Hyperscalers & Platforms,Primary,,-0.0222,0.2041,0.8744,
SNOW,Snowflake Inc.,Big Data & Analytics,"Big Data - Analytics, AI Platforms & BI",Secondary,,-0.0222,0.2041,0.8744,
SNPS,Synopsys Inc,Semiconductors,Semis - EDA Tools & Design Software,Primary,,-0.0453,0.0563,-0.2482,
SNPS,Synopsys Inc,Industrial Automation & Robotics,Automation - Industrial Software & Digital Twin,Secondary,,-0.0453,0.0563,-0.2482,
SNX,TD Synnex Corp,Industrials & Construction,Industrials - Distribution & Rental Services,Primary,,-0.0767,0.003,0.0286,
SNX,TD Synnex Corp,Hardware,Hardware - Data Center Infrastructure & Servers,Secondary,,-0.0767,0.003,0.0286,
SO,Southern Co,Energy - Traditional,Energy Base - Utilities & Conventional Power Operators,Primary,,-0.0237,-0.0659,-0.0392,
SO,Southern Co,Energy - Renewable,Energy Clean - Utilities & Clean Power Operators,Secondary,,-0.0237,-0.0659,-0.0392,
SOFI,"Sofi Technologies, Inc.",FinTech & Digital Finance,FinTech - Digital Banking & Neobanks,Primary,,-0.0038,0.1081,0.1677,
SOFI,"Sofi Technologies, Inc.",FinTech & Digital Finance,FinTech - Digital Payments & Merchant Infrastructure,Secondary,,-0.0038,0.1081,0.1677,
SOLS,"Solstice Advanced Materials, Inc.",Industrials & Construction,Industrials - Chemicals & Advanced Materials,Primary,,-0.1149,-0.0856,-0.3223,
SOLS,"Solstice Advanced Materials, Inc.",Nanotechnology,NanoTech - Consumer & Industrial Products,Secondary,,-0.1149,-0.0856,-0.3223,
SOLV,Solventum Corp,Healthcare & Biotech,Healthcare - Medical Devices & HealthTech Hardware,Primary,,0.051,0.1697,0.1877,
SON,Sonoco Products Co,Environmental Sustainability,Environmental - Waste Management & Recycling,Primary,,0.013,-0.0034,0.1754,
SONO,Sonos Inc,Smart Home & IoT,Smart Home - Connected Devices & Appliances,Primary,,-0.0026,0.049,-0.0064,
SONO,Sonos Inc,Consumer Goods & Retail,"Consumer - Health, Food & Beverages",Secondary,,-0.0026,0.049,-0.0064,
SONY,Sony Group Corp,Hardware,"Hardware - Consumer Electronics, PCs & Peripherals",Primary,,0.0236,0.1563,0.0958,
SOUN,"Soundhound Ai, Inc.",Artificial Intelligence,"AI - Apps, Domain-Specific AI",Primary,,-0.0057,0.1364,-0.1432,
SOUN,"Soundhound Ai, Inc.",Smart Home & IoT,Smart Home - Automation & Control Systems,Secondary,,-0.0057,0.1364,-0.1432,
SPCB,Supercom Ltd,Cybersecurity,"Cybersecurity - Identity, Biometrics & Access Management",Primary,,-0.0252,0.0093,-0.0191,
SPCE,"Virgin Galactic Holdings, Inc",Space Tech,"Space - Infrastructure, Exploration & Launch",Primary,,-0.0415,0.2048,-0.0741,
SPG,Simon Property Group Inc /De/,Real Estate & REITs,Real Estate - Retail & Consumer Real Estate,Primary,,-0.0042,-0.0394,0.0917,
SPGI,S&P Global Inc.,Big Data & Analytics,"Big Data - Data Generation, Sourcing & Providers",Primary,,0.0606,0.0212,0.1047,
SPIR,"Spire Global, Inc.",Defense & Aerospace,Defense - Space Technology & Satellite Services,Primary,,0.0095,0.2621,-0.3445,
SPIR,"Spire Global, Inc.",Space Tech,Space - Data Analytics & Earth Observation,Secondary,,0.0095,0.2621,-0.3445,
SPOT,Spotify Technology S.A.,Digital Entertainment & Media,Entertainment - Video Streaming,Primary,,0.0921,0.1143,0.0346,
SPWR,SunPower Inc. -,Energy - Renewable,Energy Clean - Solar,Primary,,0.3106,-0.4073,-0.7449,
SPXC,"SPX Technologies, Inc.",Industrials & Construction,"Industrials - Machinery, Flow Control & Components",Primary,,-0.0769,-0.0871,-0.0332,
SPXC,"SPX Technologies, Inc.",Industrials & Construction,Industrials - Building Products & HVAC,Secondary,,-0.0769,-0.0871,-0.0332,
SQM,Chemical & Mining Co Of Chile Inc,Energy - Renewable,Energy Clean - Materials & Critical Metals,Primary,,0.0963,0.1979,0.0268,
SQM,Chemical & Mining Co Of Chile Inc,Commodities - Metals,Comm Metals - Battery & Energy Transition Metals,Secondary,,0.0963,0.1979,0.0268,
SR,Spire Inc.,Energy - Traditional,Energy Base - Utilities & Conventional Power Operators,Primary,,0.001,-0.0109,-0.0433,
SR,Spire Inc.,Commodities - Energy,Comm Energy - Natural Gas & LNG,Secondary,,0.001,-0.0109,-0.0433,
SRAD,Sportradar Group Ag,Digital Entertainment & Media,"Entertainment - Sports Betting, Wagering & Prediction Markets",Primary,,-0.0023,-0.0833,0.0054,
SRAD,Sportradar Group Ag,Digital Entertainment & Media,Entertainment - iGaming & Online Gambling,Secondary,,-0.0023,-0.0833,0.0054,
SRE,Sempra,Energy - Traditional,Energy Base - Utilities & Conventional Power Operators,Primary,,-0.0159,-0.0904,-0.0822,
SRE,Sempra,Commodities - Energy,Comm Energy - Natural Gas & LNG,Secondary,,-0.0159,-0.0904,-0.0822,
SSB,Southstate Corp,Financials - Traditional,"Fin Trad - Banks, Lending & Mortgage Finance",Primary,,-0.0353,0.0148,0.137,
SSD,"Simpson Manufacturing Co., Inc.",Industrials & Construction,Industrials - Building Products & HVAC,Primary,,-0.0427,-0.0328,0.0151,
SSYS,Stratasys Ltd.,Hardware,Hardware - Next-Gen & Specialty,Primary,,-0.1346,-0.0473,-0.1519,
SSYS,Stratasys Ltd.,Hardware,Hardware - Printing & Imaging,Secondary,,-0.1346,-0.0473,-0.1519,
ST,Sensata Technologies Holding Plc,Industrial Automation & Robotics,Automation - Industrial Sensors & Machine Vision,Primary,,-0.0862,-0.0796,-0.1342,
STAG,"Stag Industrial, Inc.",Real Estate & REITs,"Real Estate - E-Commerce, Warehousing & Logistics",Primary,,0.0068,-0.0988,-0.0191,
STE,Steris Plc,Healthcare & Biotech,Healthcare - Medical Devices & HealthTech Hardware,Primary,,0.0353,0.1112,0.1016,
STEM,"Stem, Inc.",Energy - Renewable,Energy Clean - Batteries & Storage,Primary,,-0.1049,-0.0055,-0.4228,
STEM,"Stem, Inc.",Smart Home & IoT,Smart Home - Energy & Utilities,Secondary,,-0.1049,-0.0055,-0.4228,
STKH,Steakholder Foods Ltd.,Agriculture & FoodTech,Agriculture - Alternative Proteins,Primary,,-0.1212,1.7423,-0.2564,
STLD,Steel Dynamics Inc,Commodities - Metals,Comm Metals - Industrial & Base Metals,Primary,,-0.1119,-0.0722,-0.0427,
STLD,Steel Dynamics Inc,Commodities - Metals,Comm Metals - Recycling & Circular Materials,Secondary,,-0.1119,-0.0722,-0.0427,
STM,Stmicroelectronics N.V.,Semiconductors,"Semis - Analog, Mixed-Signal & Power Management",Primary,,-0.1154,-0.0425,-0.2611,
STM,Stmicroelectronics N.V.,Semiconductors,Semis - Emerging Technologies,Secondary,,-0.1154,-0.0425,-0.2611,
STRL,"Sterling Infrastructure, Inc.",Industrials & Construction,Industrials - Engineering & Construction,Primary,,-0.1776,-0.2486,-0.3224,
STRL,"Sterling Infrastructure, Inc.",Cloud Computing,Cloud - Data Centers & Infrastructure,Secondary,,-0.1776,-0.2486,-0.3224,
STT,State Street Corp,Financials - Traditional,"Fin Trad - Asset Management, Custody & Alternatives",Primary,,-0.011,0.0298,0.2463,
STWD,"Starwood Property Trust, Inc.",Financials - Traditional,"Fin Trad - Banks, Lending & Mortgage Finance",Primary,,0.0031,-0.0139,-0.0304,
STX,Seagate Technology Holdings Plc,Semiconductors,Semis - Memory & Storage,Primary,,-0.2012,-0.067,-0.0215,
STX,Seagate Technology Holdings Plc,Hardware,"Hardware - Consumer Electronics, PCs & Peripherals",Secondary,,-0.2012,-0.067,-0.0215,
STZ,"Constellation Brands, Inc.",Consumer Goods & Retail,"Consumer - Health, Food & Beverages",Primary,,0.0539,0.0655,-0.0723,
SUI,Sun Communities Inc,Real Estate & REITs,"Real Estate - Housing, Urban Living & Demographics",Primary,,0.0171,0.0131,-0.0248,
SVM,Silvercorp Metals Inc,Commodities - Metals,Comm Metals - Precious Metals,Primary,,0.0612,0.3122,0.0704,
SW,Smurfit Westrock Plc,Industrials & Construction,Industrials - Packaging & Containers,Primary,,0.0184,0.0118,0.2913,
SWK,"Stanley Black & Decker, Inc.",Industrials & Construction,"Industrials - Machinery, Flow Control & Components",Primary,,-0.0108,0.0794,0.3022,
SWK,"Stanley Black & Decker, Inc.",Industrials & Construction,Industrials - Building Products & HVAC,Secondary,,-0.0108,0.0794,0.3022,
SWKS,"Skyworks Solutions, Inc.",Semiconductors,Semis - Wireless & Connectivity,Primary,,-0.0128,0.1104,-0.1817,
SWKS,"Skyworks Solutions, Inc.",Telecommunications,"Telecom - 5G, Wireless & Carriers",Secondary,,-0.0128,0.1104,-0.1817,
SWX,"Southwest Gas Holdings, Inc.",Energy - Traditional,Energy Base - Utilities & Conventional Power Operators,Primary,,-0.0185,-0.0309,0.0032,
SWX,"Southwest Gas Holdings, Inc.",Commodities - Energy,Comm Energy - Natural Gas & LNG,Secondary,,-0.0185,-0.0309,0.0032,
SYF,Synchrony Financial,Financials - Traditional,"Fin Trad - Banks, Lending & Mortgage Finance",Primary,,-0.009,0.1024,0.1188,
SYF,Synchrony Financial,FinTech & Digital Finance,FinTech - Digital Payments & Merchant Infrastructure,Secondary,,-0.009,0.1024,0.1188,
SYK,Stryker Corp,Industrial Automation & Robotics,Robotics - Medical & Surgical Robotics,Primary,,-0.0117,-0.0074,0.0386,
SYK,Stryker Corp,Healthcare & Biotech,Healthcare - Medical Devices & HealthTech Hardware,Secondary,,-0.0117,-0.0074,0.0386,
SYM,Symbotic Inc.,Industrial Automation & Robotics,Automation - Factory & Process Automation Systems,Primary,,-0.0548,-0.003,-0.2591,
SYM,Symbotic Inc.,Industrial Automation & Robotics,Automation - Smart Logistics & Warehouse Automation,Secondary,,-0.0548,-0.003,-0.2591,
SYNA,Synaptics Inc,Artificial Intelligence,"AI - Compute, Edge & Acceleration",Primary,,-0.1528,-0.171,-0.348,
SYNA,Synaptics Inc,Healthcare & Biotech,Healthcare - Medical Devices & HealthTech Hardware,Secondary,,-0.1528,-0.171,-0.348,
SYY,Sysco Corp,Agriculture & FoodTech,Agriculture - Agri-Food Processing & Distribution,Primary,,0.0246,0.009,0.1065,
T,At&T Inc.,Telecommunications,Telecom - Cloud & Edge Connectivity,Primary,,0.0409,0.0646,0.0306,
T,At&T Inc.,Telecommunications,"Telecom - 5G, Wireless & Carriers",Secondary,,0.0409,0.0646,0.0306,
TAL,Tal Education Group,Education Technology,Education - Digital Curriculum,Primary,,-0.0171,0.1146,0.175,
TAP,Molson Coors Beverage Co,Consumer Goods & Retail,"Consumer - Health, Food & Beverages",Primary,,0.0552,0.0498,0.0224,
TBCH,Turtle Beach Corp,Hardware,"Hardware - Consumer Electronics, PCs & Peripherals",Primary,,0.0286,0.0457,0.0161,
TCBI,"Texas Capital Bancshares, Inc.",Financials - Traditional,"Fin Trad - Banks, Lending & Mortgage Finance",Primary,,-0.0306,-0.0126,-0.012,
TDC,Teradata Corp /De/,Big Data & Analytics,"Big Data - Analytics, AI Platforms & BI",Primary,,-0.0004,-0.0351,-0.177,
TDC,Teradata Corp /De/,Software,"Software - Data, Analytics & DevOps",Secondary,,-0.0004,-0.0351,-0.177,
TDG,Transdigm Group Inc,Defense & Aerospace,Defense - Next-Generation Aircraft & Maintenance,Primary,,-0.0313,-0.0304,-0.0119,
TDG,Transdigm Group Inc,Defense & Aerospace,Defense - Secure Defense Supply Chains,Secondary,,-0.0313,-0.0304,-0.0119,
TDOC,"Teladoc Health, Inc.",Healthcare & Biotech,"Healthcare - Digital Health, Telemedicine & Remote Care",Primary,,-0.052,-0.293,-0.0563,
TDUP,Thredup Inc.,E-commerce,E-commerce - Online Marketplaces & Recommerce,Primary,,-0.0175,-0.507,-0.345,
TDUP,Thredup Inc.,Consumer Goods & Retail,Consumer - Resale & Sharing Platforms,Secondary,,-0.0175,-0.507,-0.345,
TDY,Teledyne Technologies Inc,Industrial Automation & Robotics,Automation - Industrial Sensors & Machine Vision,Primary,,-0.0769,-0.046,0.0077,
TDY,Teledyne Technologies Inc,Industrial Automation & Robotics,Robotics - Sensors & Vision Systems,Secondary,,-0.0769,-0.046,0.0077,
TE,T1 Energy Inc.,Electric Vehicles & Mobility,EVs - Batteries & Materials,Primary,,-0.1148,-0.136,-0.4653,
TEAM,Atlassian Corp,Cloud Computing,Cloud - Horizontal SaaS & Cloud Applications,Primary,,0.082,0.972,1.0057,
TEAM,Atlassian Corp,Cloud Computing,Cloud - Hyperscalers & Platforms,Secondary,,0.082,0.972,1.0057,
TECH,Bio-Techne Corp,Nanotechnology,NanoTech - Research Tools & Advanced Instruments,Primary,,0.0,0.011,0.5016,
TECH,Bio-Techne Corp,Healthcare & Biotech,Healthcare - Genomics & Personalized Medicine,Secondary,,0.0,0.011,0.5016,
TECK,Teck Resources Ltd,Commodities - Metals,Comm Metals - Battery & Energy Transition Metals,Primary,,0.0827,0.1663,0.1219,
TEL,Te Connectivity Plc,Hardware,Hardware - Industrial & IoT,Primary,,-0.0652,0.0013,0.0021,
TEM,"Tempus Ai, Inc.",Healthcare & Biotech,Healthcare - Genomics & Personalized Medicine,Primary,,0.2814,0.55,0.4329,
TENB,"Tenable Holdings, Inc.",Cybersecurity,Cybersecurity - Cloud Security,Primary,,-0.0383,0.0524,0.3336,
TENB,"Tenable Holdings, Inc.",Software,"Software - Data, Analytics & DevOps",Secondary,,-0.0383,0.0524,0.3336,
TER,"Teradyne, Inc",Semiconductors,"Semis - Testing, Packaging & Assembly",Primary,,-0.1766,0.0428,0.018,
TER,"Teradyne, Inc",Industrial Automation & Robotics,Automation - Factory & Process Automation Systems,Secondary,,-0.1766,0.0428,0.018,
TEX,Terex Corp,Industrials & Construction,"Industrials - Machinery, Flow Control & Components",Primary,,-0.0217,-0.0541,0.1467,
TFC,Truist Financial Corp,Financials - Traditional,"Fin Trad - Banks, Lending & Mortgage Finance",Primary,,-0.0327,-0.0086,0.0606,
TFII,Tfi International Inc.,Transportation & Logistics,"Transportation - Trucking, LTL & Ground Freight",Primary,,-0.0672,-0.0971,-0.0797,
TFPM,Triple Flag Precious Metals Corp.,Commodities - Metals,Comm Metals - Precious Metals,Primary,,0.0967,0.1953,0.1309,
TGT,Target Corp,E-commerce,E-commerce - Grocery & Local Commerce Platforms,Primary,,0.125,0.2516,0.363,
TGT,Target Corp,E-commerce,"E-commerce - Omnichannel Retailers, Online & Physical Stores",Secondary,,0.125,0.2516,0.363,
THC,Tenet Healthcare Corp,Healthcare & Biotech,"Healthcare - IT, Services & Data Infrastructure",Primary,,0.053,0.1946,0.6031,
THG,"Hanover Insurance Group, Inc.",Financials - Traditional,Fin Trad - Insurance & Reinsurance,Primary,,0.0242,0.0429,0.1714,
THO,"Thor Industries, Inc.",Consumer Goods & Retail,Consumer - Modern Luxury & Lifestyle,Primary,,0.0229,0.036,0.0385,
THRM,Gentherm Inc,Electric Vehicles & Mobility,EVs - Key Suppliers & Autonomy Tech,Primary,,-0.0898,-0.0759,0.2049,
TJX,"TJX Companies, Inc.",E-commerce,"E-commerce - Omnichannel Retailers, Online & Physical Stores",Primary,,-0.0672,-0.0847,-0.1081,
TJX,"TJX Companies, Inc.",Consumer Goods & Retail,Consumer - Apparel & E-Commerce Retail,Secondary,,-0.0672,-0.0847,-0.1081,
TKO,"TKO Group Holdings, Inc.",Digital Entertainment & Media,Entertainment - Video Streaming,Primary,,-0.0088,0.0709,0.014,
TKR,Timken Co,Industrials & Construction,"Industrials - Machinery, Flow Control & Components",Primary,,-0.0812,-0.1292,0.0259,
TLN,Talen Energy Corp,Artificial Intelligence,"AI - Compute, Edge & Acceleration",Primary,,-0.144,-0.1511,-0.1797,
TLRY,"Tilray Brands, Inc.",Healthcare & Biotech,"Healthcare - Regenerative Medicine, Psychedelics, Cannabis",Primary,,0.0536,0.2165,-0.1078,
TME,Tencent Music Entertainment Group,Digital Entertainment & Media,Entertainment - Video Streaming,Primary,,-0.0237,-0.0226,-0.017,
TMHC,Taylor Morrison Home Corp,Real Estate & REITs,"Real Estate - Housing, Urban Living & Demographics",Primary,,,,,
TMO,Thermo Fisher Scientific Inc.,Healthcare & Biotech,"Healthcare - Diagnostics, Biomarkers & Liquid Biopsy",Primary,,0.0738,0.1064,0.404,
TMO,Thermo Fisher Scientific Inc.,Healthcare & Biotech,Healthcare - Genomics & Personalized Medicine,Secondary,,0.0738,0.1064,0.404,
TMUS,"T-Mobile Us, Inc.",Telecommunications,"Telecom - 5G, Wireless & Carriers",Primary,,0.0139,0.014,-0.041,
TMUS,"T-Mobile Us, Inc.",Smart Home & IoT,"Smart Home & IoT - Devices, Sensors & Connectivity",Secondary,,0.0139,0.014,-0.041,
TNDM,Tandem Diabetes Care Inc,Healthcare & Biotech,Healthcare - Medical Devices & HealthTech Hardware,Primary,,-0.0016,0.2979,0.4848,
TNGX,"Tango Therapeutics, Inc.",Healthcare & Biotech,Healthcare - Oncology & Precision Cancer Therapeutics,Primary,,-0.0308,-0.0796,0.211,
TNL,Travel + Leisure Co.,Real Estate & REITs,"Real Estate - Travel, Leisure & Entertainment Properties",Primary,,-0.0077,-0.0126,0.1321,
TOL,"Toll Brothers, Inc.",Real Estate & REITs,"Real Estate - Housing, Urban Living & Demographics",Primary,,0.0138,-0.0161,0.0996,
TOST,"Toast, Inc.",FinTech & Digital Finance,FinTech - Digital Payments & Merchant Infrastructure,Primary,,0.0696,0.2641,0.5851,
TOST,"Toast, Inc.",Software,Software - Vertical SaaS Platforms,Secondary,,0.0696,0.2641,0.5851,
TPL,Texas Pacific Land Corp,Energy - Traditional,Energy Base - Oil & Gas Exploration & Production,Primary,,0.0351,-0.1096,-0.0697,
TPL,Texas Pacific Land Corp,Commodities - Energy,Comm Energy - Crude Oil,Secondary,,0.0351,-0.1096,-0.0697,
TPR,"Tapestry, Inc.",Consumer Goods & Retail,Consumer - Modern Luxury & Lifestyle,Primary,,0.0243,-0.0732,-0.043,
TREX,"Trex Co, Inc.",Industrials & Construction,Industrials - Building Products & HVAC,Primary,,-0.0304,0.0884,0.2065,
TRGP,Targa Resources Corp,Energy - Traditional,Energy Base - Refining & Midstream Infrastructure,Primary,,0.0587,0.0509,0.0682,
TRGP,Targa Resources Corp,Commodities - Energy,Comm Energy - Natural Gas & LNG,Secondary,,0.0587,0.0509,0.0682,
TRI,Thomson Reuters Corp /Can/,Big Data & Analytics,"Big Data - Data Generation, Sourcing & Providers",Primary,,0.1037,0.2128,0.2733,
TRMB,Trimble Inc.,Hardware,Hardware - Industrial & IoT,Primary,,0.0894,0.1467,0.0769,
TRMB,Trimble Inc.,Agriculture & FoodTech,Agriculture - Precision Agriculture & Farm Automation,Secondary,,0.0894,0.1467,0.0769,
TRNO,Terreno Realty Corp,Real Estate & REITs,"Real Estate - E-Commerce, Warehousing & Logistics",Primary,,0.0107,-0.0519,0.0517,
TROW,Price T Rowe Group Inc,Crypto & Blockchain,"Blockchain - Platforms, Tokenization & Financial Services",Primary,,0.0167,-0.0361,0.0992,
TRU,Transunion,Big Data & Analytics,"Big Data - Data Generation, Sourcing & Providers",Primary,,0.08,0.1109,0.205,
TRUP,"Trupanion, Inc.",FinTech & Digital Finance,FinTech - InsurTech & Embedded Insurance,Primary,,0.059,0.3239,0.4449,
TRV,"Travelers Companies, Inc.",Financials - Traditional,Fin Trad - Insurance & Reinsurance,Primary,,0.0166,-0.0431,0.2142,
TSAT,Telesat Corp,Telecommunications,Telecom - Satellite & Space Communication,Primary,,-0.1658,0.1254,-0.2118,
TSAT,Telesat Corp,Space Tech,"Space - Infrastructure, Exploration & Launch",Secondary,,-0.1658,0.1254,-0.2118,
TSCO,Tractor Supply Co,E-commerce,"E-commerce - Omnichannel Retailers, Online & Physical Stores",Primary,,0.0358,0.158,0.1452,
TSCO,Tractor Supply Co,Agriculture & FoodTech,Agriculture - Precision Agriculture & Farm Automation,Secondary,,0.0358,0.158,0.1452,
TSLA,"Tesla, Inc.",Electric Vehicles & Mobility,EVs - Autonomous Driving & Fleet,Primary,,0.0284,0.1147,-0.1809,
TSLA,"Tesla, Inc.",Energy - Renewable,Energy Clean - Batteries & Storage,Secondary,,0.0284,0.1147,-0.1809,
TSM,Taiwan Semiconductor Manufacturing Co Ltd,Semiconductors,"Semis - Logic & CPUs, GPUs, Accelerators",Primary,,-0.0484,0.0166,0.0162,
TSN,"Tyson Foods, Inc.",Agriculture & FoodTech,Agriculture - Agri-Food Processing & Distribution,Primary,,-0.0126,0.0073,-0.1029,
TSN,"Tyson Foods, Inc.",Commodities - Agriculture,Comm Agri - Livestock & Animal Protein,Secondary,,-0.0126,0.0073,-0.1029,
TT,Trane Technologies Plc,Industrials & Construction,Industrials - Building Products & HVAC,Primary,,-0.047,-0.0583,0.0066,
TT,Trane Technologies Plc,Cloud Computing,Cloud - Data Centers & Infrastructure,Secondary,,-0.047,-0.0583,0.0066,
TTC,Toro Co,Agriculture & FoodTech,Agriculture - Precision Agriculture & Farm Automation,Primary,,0.0203,0.061,0.1004,
TTD,"Trade Desk, Inc.",E-commerce,E-commerce - Retail Media & Advertising,Primary,,-0.0097,-0.2325,-0.4071,
TTD,"Trade Desk, Inc.",Artificial Intelligence,"AI - Ads, Search & Recommendations",Secondary,,-0.0097,-0.2325,-0.4071,
TTE,Totalenergies Se,Energy - Traditional,Energy Base - Integrated Energy Majors,Primary,,0.0081,0.0294,-0.0246,
TTE,Totalenergies Se,Energy - Traditional,Energy Base - Oil & Gas Exploration & Production,Secondary,,0.0081,0.0294,-0.0246,
TTEK,"Tetra Tech, Inc.",Industrials & Construction,Industrials - Engineering & Construction,Primary,,0.029,0.1648,0.3358,
TTEK,"Tetra Tech, Inc.",Environmental Sustainability,Environmental - Water Infrastructure & Treatment,Secondary,,0.029,0.1648,0.3358,
TTMI,"TTM Technologies, Inc.",Hardware,Hardware - Industrial & IoT,Primary,,-0.2402,-0.1848,-0.436,
TTMI,"TTM Technologies, Inc.",Defense & Aerospace,Defense - Secure Defense Supply Chains,Secondary,,-0.2402,-0.1848,-0.436,
TTWO,Take Two Interactive Software Inc,Software,Software - Gaming & Platforms,Primary,,-0.0336,0.008,0.0261,
TTWO,Take Two Interactive Software Inc,Digital Entertainment & Media,Entertainment - Game Publishers & Developers,Secondary,,-0.0336,0.008,0.0261,
TW,Tradeweb Markets Inc.,FinTech & Digital Finance,FinTech - Exchanges & Market Infrastructure,Primary,,0.0305,0.0856,0.022,
TWLO,Twilio Inc,Telecommunications,Telecom - Enterprise & Unified Communications,Primary,,-0.0263,0.1626,0.1847,
TWLO,Twilio Inc,Cloud Computing,Cloud - Hyperscalers & Platforms,Secondary,,-0.0263,0.1626,0.1847,
TWST,Twist Bioscience Corp,Healthcare & Biotech,Healthcare - Genomics & Personalized Medicine,Primary,,0.1317,0.5598,1.3246,
TXG,"10X Genomics, Inc.",Healthcare & Biotech,"Healthcare - Diagnostics, Biomarkers & Liquid Biopsy",Primary,,0.1002,0.3789,1.6943,
TXG,"10X Genomics, Inc.",Healthcare & Biotech,Healthcare - Genomics & Personalized Medicine,Secondary,,0.1002,0.3789,1.6943,
TXN,Texas Instruments Inc,Semiconductors,"Semis - Analog, Mixed-Signal & Power Management",Primary,,-0.0847,-0.0691,-0.1583,
TXN,Texas Instruments Inc,Hardware,Hardware - Industrial & IoT,Secondary,,-0.0847,-0.0691,-0.1583,
TXNM,"TXNM Energy, Inc.",Energy - Traditional,Energy Base - Utilities & Conventional Power Operators,Primary,,-0.0087,-0.0154,-0.0331,
TXRH,"Texas Roadhouse, Inc.",Consumer Goods & Retail,Consumer - Restaurants & Dining,Primary,,0.0044,0.0622,0.1611,
TXT,Textron Inc,Defense & Aerospace,Defense - Drones & Anti-Drone Systems,Primary,,-0.063,-0.1403,-0.1054,
TXT,Textron Inc,Defense & Aerospace,Defense - Next-Generation Aircraft & Maintenance,Secondary,,-0.063,-0.1403,-0.1054,
TYL,Tyler Technologies Inc,Software,Software - Vertical SaaS Platforms,Primary,,0.1102,0.1973,0.1358,
U,Unity Software Inc.,Software,Software - Vertical SaaS Platforms,Primary,,0.0156,0.6129,0.8052,
U,Unity Software Inc.,Software,Software - Gaming & Platforms,Secondary,,0.0156,0.6129,0.8052,
UAA,"Under Armour, Inc.",Healthcare & Biotech,Healthcare - Medical Devices & HealthTech Hardware,Primary,,0.0151,-0.2361,-0.0236,
UAA,"Under Armour, Inc.",Consumer Goods & Retail,Consumer - Apparel & E-Commerce Retail,Secondary,,0.0151,-0.2361,-0.0236,
UAL,"United Airlines Holdings, Inc.",Transportation & Logistics,Transportation - Air Travel & Passenger Transportation,Primary,,-0.0711,-0.0397,0.1362,
UAL,"United Airlines Holdings, Inc.",Transportation & Logistics,"Transportation - Logistics, Warehousing & Supply Chain Solutions",Secondary,,-0.0711,-0.0397,0.1362,
UAN,"Cvr Partners, Lp",Agriculture & FoodTech,Agriculture - Agricultural Inputs & Crop Science,Primary,,0.0227,0.0676,0.0496,
UAVS,Ageagle Aerial Systems Inc.,Agriculture & FoodTech,Agriculture - Precision Agriculture & Farm Automation,Primary,,0.1739,0.5211,0.0588,
UBER,"Uber Technologies, Inc",Transportation & Logistics,Transportation - Urban Mobility & Emerging Transport Tech,Primary,,0.0573,0.2025,0.104,
UBER,"Uber Technologies, Inc",Electric Vehicles & Mobility,EVs - Autonomous Driving & Fleet,Secondary,,0.0573,0.2025,0.104,
UBSI,"United Bankshares, Inc.",Financials - Traditional,"Fin Trad - Banks, Lending & Mortgage Finance",Primary,,-0.0241,0.0,0.1144,
UDR,"UDR, Inc.",Real Estate & REITs,"Real Estate - Housing, Urban Living & Demographics",Primary,,0.0309,-0.0266,0.0175,
UE,Urban Edge Properties,Real Estate & REITs,Real Estate - Retail & Consumer Real Estate,Primary,,-0.0114,-0.0749,-0.0219,
UEC,Uranium Energy Corp,Energy - Traditional,Energy Base - Nuclear Power & Advanced Reactors,Primary,,0.12,0.3155,-0.0392,
UEC,Uranium Energy Corp,Commodities - Energy,Comm Energy - Uranium & Nuclear Fuels,Secondary,,0.12,0.3155,-0.0392,
UFPI,"UFP Industries, Inc.",Industrials & Construction,Industrials - Building Products & HVAC,Primary,,0.0106,0.0147,0.1128,
UGI,UGI Corp,Energy - Traditional,Energy Base - Utilities & Conventional Power Operators,Primary,,0.0883,0.023,0.0828,
UGI,UGI Corp,Commodities - Energy,Comm Energy - Natural Gas & LNG,Secondary,,0.0883,0.023,0.0828,
UHS,"Universal Health Services, Inc.",Healthcare & Biotech,"Healthcare - IT, Services & Data Infrastructure",Primary,,0.0344,0.1326,0.1194,
UI,Ubiquiti Inc.,Hardware,Hardware - Networking Equipment,Primary,,-0.0524,0.0521,-0.0945,
UI,Ubiquiti Inc.,Smart Home & IoT,"Smart Home - Connectivity, Security & Networking",Secondary,,-0.0524,0.0521,-0.0945,
ULS,UL Solutions Inc.,Business Services & Consulting,"Business Services - Outsourcing, Facilities & Testing",Primary,,-0.0383,-0.1322,-0.2779,
ULTA,"Ulta Beauty, Inc.",E-commerce,"E-commerce - Omnichannel Retailers, Online & Physical Stores",Primary,,0.0921,0.1334,0.0461,
ULTA,"Ulta Beauty, Inc.",Consumer Goods & Retail,Consumer - Household & Personal Care,Secondary,,0.0921,0.1334,0.0461,
UMBF,UMB Financial Corp,Financials - Traditional,"Fin Trad - Banks, Lending & Mortgage Finance",Primary,,-0.0526,0.0195,0.1008,
UMC,United Microelectronics Corp,Semiconductors,"Semis - Logic & CPUs, GPUs, Accelerators",Primary,,-0.0246,-0.0221,0.0639,
UMH,"Umh Properties, Inc.",Real Estate & REITs,"Real Estate - Housing, Urban Living & Demographics",Primary,,0.0297,0.0843,0.1013,
UNFI,United Natural Foods Inc,Agriculture & FoodTech,Agriculture - Agri-Food Processing & Distribution,Primary,,0.0089,-0.0228,-0.0156,
UNFI,United Natural Foods Inc,Consumer Goods & Retail,"Consumer - Health, Food & Beverages",Secondary,,0.0089,-0.0228,-0.0156,
UNH,Unitedhealth Group Inc,Healthcare & Biotech,"Healthcare - IT, Services & Data Infrastructure",Primary,,0.0079,-0.0522,0.0324,
UNIT,Uniti Group Inc.,Real Estate & REITs,Real Estate - Digital Infrastructure,Primary,,0.0,-0.0896,-0.1078,
UNM,Unum Group,Financials - Traditional,Fin Trad - Insurance & Reinsurance,Primary,,-0.0221,0.0379,0.065,
UNP,Union Pacific Corp,Transportation & Logistics,Transportation - Freight Rail & Infrastructure,Primary,,0.0332,0.0083,0.1715,
UNP,Union Pacific Corp,Transportation & Logistics,Transportation - Infrastructure & Equipment,Secondary,,0.0332,0.0083,0.1715,
UPS,United Parcel Service Inc,Industrial Automation & Robotics,Automation - Smart Logistics & Warehouse Automation,Primary,,0.0069,-0.0909,0.033,
UPS,United Parcel Service Inc,Transportation & Logistics,"Transportation - Logistics, Warehousing & Supply Chain Solutions",Secondary,,0.0069,-0.0909,0.033,
UPST,"Upstart Holdings, Inc.",FinTech & Digital Finance,FinTech - Digital Payments & Merchant Infrastructure,Primary,,0.0047,0.1099,0.0466,
UPST,"Upstart Holdings, Inc.",Artificial Intelligence,"AI - Apps, Domain-Specific AI",Secondary,,0.0047,0.1099,0.0466,
URG,Ur-Energy Inc,Commodities - Energy,Comm Energy - Uranium & Nuclear Fuels,Primary,,0.0515,0.1721,-0.0774,
URI,"United Rentals, Inc.",Industrials & Construction,Industrials - Distribution & Rental Services,Primary,,-0.0698,-0.0492,0.1564,
URI,"United Rentals, Inc.",Industrials & Construction,Industrials - Engineering & Construction,Secondary,,-0.0698,-0.0492,0.1564,
USAR,"USA Rare Earth, Inc. -",Commodities - Metals,Comm Metals - Rare Earth & Strategic Materials,Primary,,-0.0518,0.2926,-0.2771,
USB,U.S. Bancorp,Financials - Traditional,"Fin Trad - Banks, Lending & Mortgage Finance",Primary,,-0.0378,-0.0242,0.1482,
USFD,Us Foods Holding Corp.,Agriculture & FoodTech,Agriculture - Agri-Food Processing & Distribution,Primary,,0.007,0.1256,0.3591,
UTHR,United Therapeutics Corp,Healthcare & Biotech,Healthcare - Metabolic & Cardiometabolic,Primary,,0.0087,-0.0295,-0.0977,
UTHR,United Therapeutics Corp,Healthcare & Biotech,Healthcare - Next-Gen Biotech Platforms,Secondary,,0.0087,-0.0295,-0.0977,
UTI,Universal Technical Institute Inc,Education Technology,Education - Workforce Training,Primary,,-0.1579,-0.4172,-0.4503,
UUUU,Energy Fuels Inc,Commodities - Energy,Comm Energy - Uranium & Nuclear Fuels,Primary,,0.0061,0.3168,-0.1752,
UUUU,Energy Fuels Inc,Commodities - Metals,Comm Metals - Rare Earth & Strategic Materials,Secondary,,0.0061,0.3168,-0.1752,
V,Visa Inc.,FinTech & Digital Finance,FinTech - Digital Payments & Merchant Infrastructure,Primary,,0.0657,0.077,0.1649,
V,Visa Inc.,Crypto & Blockchain,"Blockchain - Platforms, Tokenization & Financial Services",Secondary,,0.0657,0.077,0.1649,
VAL,Valaris Limited,Energy - Traditional,Energy Base - Oilfield Services & Equipment,Primary,,-0.0146,0.079,-0.1518,
VALE,Vale S.A.,Commodities - Metals,Comm Metals - Battery & Energy Transition Metals,Primary,,0.0938,0.0459,-0.0613,
VALE,Vale S.A.,Commodities - Metals,Comm Metals - Industrial & Base Metals,Secondary,,0.0938,0.0459,-0.0613,
VC,Visteon Corp,Electric Vehicles & Mobility,EVs - Key Suppliers & Autonomy Tech,Primary,,-0.0551,-0.0182,-0.0995,
VECO,Veeco Instruments Inc,Nanotechnology,NanoTech - Research Tools & Advanced Instruments,Primary,,-0.1404,-0.0949,-0.2148,
VEEV,Veeva Systems Inc,Healthcare & Biotech,"Healthcare - IT, Services & Data Infrastructure",Primary,,0.0425,0.3341,0.5512,
VEEV,Veeva Systems Inc,Software,Software - Vertical SaaS Platforms,Secondary,,0.0425,0.3341,0.5512,
VFC,V F Corp,Consumer Goods & Retail,Consumer - Apparel & E-Commerce Retail,Primary,,-0.0117,-0.1597,-0.1386,
VFC,V F Corp,Consumer Goods & Retail,Consumer - Modern Luxury & Lifestyle,Secondary,,-0.0117,-0.1597,-0.1386,
VFF,"Village Farms International, Inc.",Agriculture & FoodTech,Agriculture - Precision Agriculture & Farm Automation,Primary,,0.0504,0.4041,0.0423,
VIAV,Viavi Solutions Inc.,Hardware,Hardware - Communications & Telecom,Primary,,-0.2013,-0.065,-0.2537,
VICI,Vici Properties Inc.,Real Estate & REITs,"Real Estate - Travel, Leisure & Entertainment Properties",Primary,,0.0316,0.0019,-0.0446,
VICR,Vicor Corp,Semiconductors,"Semis - Analog, Mixed-Signal & Power Management",Primary,,-0.2505,-0.0996,-0.2911,
VICR,Vicor Corp,Hardware,Hardware - Data Center Infrastructure & Servers,Secondary,,-0.2505,-0.0996,-0.2911,
VIRT,"Virtu Financial, Inc.",FinTech & Digital Finance,FinTech - Trading Platforms & WealthTech,Primary,,0.1141,0.1096,0.2695,
VISN,"Vistance Networks, Inc.  -",Telecommunications,Telecom - Infrastructure & Equipment,Primary,,-0.0703,-0.0814,-0.1187,
VITL,"Vital Farms, Inc.",Consumer Goods & Retail,"Consumer - Health, Food & Beverages",Primary,,-0.0072,-0.149,0.0938,
VKTX,"Viking Therapeutics, Inc.",Healthcare & Biotech,Healthcare - Metabolic & Cardiometabolic,Primary,,-0.0119,-0.0448,0.0758,
VLO,Valero Energy Corp/Tx,Energy - Traditional,Energy Base - Refining & Midstream Infrastructure,Primary,,-0.0034,0.1482,0.4065,
VLO,Valero Energy Corp/Tx,Commodities - Energy,Comm Energy - Biofuels & Renewable Fuels,Secondary,,-0.0034,0.1482,0.4065,
VLTO,Veralto Corp,Environmental Sustainability,Environmental - Clean Technologies & Pollution Control,Primary,,0.0271,0.0799,0.1465,
VLY,Valley National Bancorp,Financials - Traditional,"Fin Trad - Banks, Lending & Mortgage Finance",Primary,,-0.0562,-0.0167,0.0485,
VMC,Vulcan Materials Co,Industrials & Construction,Industrials - Construction Materials & Aggregates,Primary,,-0.0079,-0.0116,0.0606,
VMI,"Valmont Industries, Inc.",Industrials & Construction,"Industrials - Machinery, Flow Control & Components",Primary,,-0.05,-0.0096,-0.061,
VMI,"Valmont Industries, Inc.",Agriculture & FoodTech,Agriculture - Precision Agriculture & Farm Automation,Secondary,,-0.05,-0.0096,-0.061,
VMRK,Vivmark Residential,Real Estate & REITs,"Real Estate - Housing, Urban Living & Demographics",Primary,,0.0704,0.0041,0.04,
VNO,Vornado Realty Trust,Real Estate & REITs,Real Estate - Office & Commercial Workspaces,Primary,,0.0256,-0.0214,0.2154,
VNOM,"Viper Energy, Inc.",Energy - Traditional,Energy Base - Oil & Gas Exploration & Production,Primary,,0.0386,0.0067,-0.0311,
VNT,Vontier Corp,Transportation & Logistics,Transportation - Urban Mobility & Emerging Transport Tech,Primary,,0.0281,0.0799,0.1228,
VNT,Vontier Corp,Electric Vehicles & Mobility,EVs - Charging & Infrastructure,Secondary,,0.0281,0.0799,0.1228,
VOYA,"Voya Financial, Inc.",Financials - Traditional,"Fin Trad - Asset Management, Custody & Alternatives",Primary,,-0.01,0.0056,0.2102,
VOYA,"Voya Financial, Inc.",Financials - Traditional,Fin Trad - Insurance & Reinsurance,Secondary,,-0.01,0.0056,0.2102,
VRSK,"Verisk Analytics, Inc.",Big Data & Analytics,"Big Data - Data Generation, Sourcing & Providers",Primary,,0.0793,-0.0586,0.1108,
VRSN,"Verisign, Inc.",Telecommunications,Telecom - Cloud & Edge Connectivity,Primary,,0.0692,0.0416,-0.0592,
VRSN,"Verisign, Inc.",Cybersecurity,Cybersecurity - Cloud Security,Secondary,,0.0692,0.0416,-0.0592,
VRT,Vertiv Holdings Co,Hardware,Hardware - Data Center Infrastructure & Servers,Primary,,-0.1281,-0.1219,-0.2212,
VRT,Vertiv Holdings Co,Cloud Computing,Cloud - Data Centers & Infrastructure,Secondary,,-0.1281,-0.1219,-0.2212,
VRTX,Vertex Pharmaceuticals Inc / Ma,Healthcare & Biotech,Healthcare - Genomics & Personalized Medicine,Primary,,0.0621,0.1471,0.2602,
VRTX,Vertex Pharmaceuticals Inc / Ma,Healthcare & Biotech,Healthcare - Next-Gen Biotech Platforms,Secondary,,0.0621,0.1471,0.2602,
VSAT,Viasat Inc,Defense & Aerospace,Defense - Space Technology & Satellite Services,Primary,,-0.1122,0.008,-0.0306,
VSAT,Viasat Inc,Telecommunications,Telecom - Satellite & Space Communication,Secondary,,-0.1122,0.008,-0.0306,
VST,Vistra Corp.,Energy - Traditional,Energy Base - Nuclear Power & Advanced Reactors,Primary,,-0.0715,-0.1697,-0.1307,
VST,Vistra Corp.,Energy - Traditional,Energy Base - Utilities & Conventional Power Operators,Secondary,,-0.0715,-0.1697,-0.1307,
VTEX,Vtex,E-commerce,E-commerce - Platforms,Primary,,0.0368,-0.0615,0.0223,
VTR,"Ventas, Inc.",Healthcare & Biotech,Healthcare - Senior Care & Longevity,Primary,,0.0252,-0.0702,0.0662,
VTR,"Ventas, Inc.",Real Estate & REITs,Real Estate - Healthcare & Senior Living,Secondary,,0.0252,-0.0702,0.0662,
VTRS,Viatris Inc.,Healthcare & Biotech,Healthcare - Metabolic & Cardiometabolic,Primary,,0.0267,-0.0334,0.0008,
VUZI,Vuzix Corp,Hardware,Hardware - Next-Gen & Specialty,Primary,,-0.1003,0.214,-0.4591,
VVV,Valvoline Inc.,E-commerce,"E-commerce - Omnichannel Retailers, Online & Physical Stores",Primary,,-0.0127,-0.1435,-0.0063,
VZ,Verizon Communications Inc,Telecommunications,Telecom - Cloud & Edge Connectivity,Primary,,0.0435,0.0813,0.0549,
VZ,Verizon Communications Inc,Telecommunications,Telecom - Enterprise & Unified Communications,Secondary,,0.0435,0.0813,0.0549,
W,Wayfair Inc.,Consumer Goods & Retail,"Consumer - Health, Food & Beverages",Primary,,0.0011,0.2258,0.5385,
WAB,Westinghouse Air Brake Technologies Corp,Transportation & Logistics,Transportation - Freight Rail & Infrastructure,Primary,,-0.0091,-0.0151,0.1619,
WAL,Western Alliance Bancorporation,Financials - Traditional,"Fin Trad - Banks, Lending & Mortgage Finance",Primary,,-0.0407,-0.052,0.0026,
WAT,Waters Corp,Nanotechnology,NanoTech - Research Tools & Advanced Instruments,Primary,,0.0074,0.0963,0.1997,
WAT,Waters Corp,Healthcare & Biotech,"Healthcare - Diagnostics, Biomarkers & Liquid Biopsy",Secondary,,0.0074,0.0963,0.1997,
WAY,Waystar Holding Corp.,Healthcare & Biotech,"Healthcare - IT, Services & Data Infrastructure",Primary,,0.0271,0.1262,0.2954,
WBD,"Warner Bros. Discovery, Inc.",Digital Entertainment & Media,Entertainment - Video Streaming,Primary,,0.0276,0.1137,0.0618,
WBS,Webster Financial Corp,Financials - Traditional,"Fin Trad - Banks, Lending & Mortgage Finance",Primary,,-0.0183,0.0062,0.0809,
WBX,Wallbox N.V.,Electric Vehicles & Mobility,EVs - Charging & Infrastructure,Primary,,-0.0267,-0.2608,0.0696,
WCC,"Wesco International, Inc.",Industrials & Construction,Industrials - Distribution & Rental Services,Primary,,-0.0964,0.0136,-0.0717,
WCC,"Wesco International, Inc.",Energy - Renewable,Energy Clean - Smart Grid & Electrification,Secondary,,-0.0964,0.0136,-0.0717,
WCN,"Waste Connections, Inc.",Environmental Sustainability,Environmental - Waste Management & Recycling,Primary,,0.024,-0.0016,0.0875,
WDAY,"Workday, Inc.",Cloud Computing,Cloud - Horizontal SaaS & Cloud Applications,Primary,,0.0417,0.4715,0.5542,
WDAY,"Workday, Inc.",Software,Software - Vertical SaaS Platforms,Secondary,,0.0417,0.4715,0.5542,
WDC,Western Digital Corp,Semiconductors,Semis - Memory & Storage,Primary,,-0.1877,-0.1624,-0.1007,
WDC,Western Digital Corp,Hardware,Hardware - Data Center Infrastructure & Servers,Secondary,,-0.1877,-0.1624,-0.1007,
WEC,"WEC Energy Group, Inc.",Energy - Traditional,Energy Base - Utilities & Conventional Power Operators,Primary,,-0.0263,-0.0626,-0.0431,
WELL,Welltower Inc.,Healthcare & Biotech,Healthcare - Senior Care & Longevity,Primary,,0.02,-0.0442,0.1145,
WELL,Welltower Inc.,Real Estate & REITs,Real Estate - Healthcare & Senior Living,Secondary,,0.02,-0.0442,0.1145,
WERN,Werner Enterprises Inc,Transportation & Logistics,"Transportation - Trucking, LTL & Ground Freight",Primary,,-0.0368,-0.112,-0.0502,
WEX,WEX Inc.,FinTech & Digital Finance,FinTech - Digital Payments & Merchant Infrastructure,Primary,,0.0761,0.1538,0.35,
WFC,Wells Fargo & Co,Financials - Traditional,"Fin Trad - Banks, Lending & Mortgage Finance",Primary,,-0.0322,-0.0128,0.1153,
WFRD,Weatherford International Plc,Energy - Traditional,Energy Base - Oilfield Services & Equipment,Primary,,-0.0467,0.0037,-0.1818,
WH,"Wyndham Hotels & Resorts, Inc.",Real Estate & REITs,"Real Estate - Travel, Leisure & Entertainment Properties",Primary,,0.0193,0.0112,-0.0554,
WHR,Whirlpool Corp /De/,Smart Home & IoT,Smart Home - Connected Devices & Appliances,Primary,,0.0136,0.0767,-0.0595,
WHR,Whirlpool Corp /De/,Consumer Goods & Retail,"Consumer - Health, Food & Beverages",Secondary,,0.0136,0.0767,-0.0595,
WING,Wingstop Inc.,Consumer Goods & Retail,Consumer - Restaurants & Dining,Primary,,0.0097,-0.1333,-0.1654,
WIT,Wipro Ltd,Business Services & Consulting,Consulting,Primary,,-0.0157,0.0168,-0.0541,
WIX,Wix.Com Ltd.,E-commerce,E-commerce - Platforms,Primary,,0.1451,0.6421,0.5871,
WLK,Westlake Corp,Industrials & Construction,Industrials - Chemicals & Advanced Materials,Primary,,-0.022,0.0362,-0.1315,
WLY,"John Wiley & Sons, Inc.",Education Technology,Education - Digital Curriculum,Primary,,0.0472,0.0737,0.2651,
WM,Waste Management Inc,Environmental Sustainability,Environmental - Waste Management & Recycling,Primary,,0.0109,-0.0515,0.0438,
WMB,"Williams Companies, Inc.",Energy - Traditional,Energy Base - Refining & Midstream Infrastructure,Primary,,-0.0338,-0.0409,-0.0889,
WMB,"Williams Companies, Inc.",Commodities - Energy,Comm Energy - Natural Gas & LNG,Secondary,,-0.0338,-0.0409,-0.0889,
WMG,Warner Music Group Corp.,Digital Entertainment & Media,Entertainment - Video Streaming,Primary,,0.0605,0.0533,-0.1901,
WMS,"Advanced Drainage Systems, Inc.",Industrials & Construction,Industrials - Building Products & HVAC,Primary,,-0.0508,-0.0097,0.0576,
WMS,"Advanced Drainage Systems, Inc.",Environmental Sustainability,Environmental - Water Infrastructure & Treatment,Secondary,,-0.0508,-0.0097,0.0576,
WMT,Walmart Inc.,E-commerce,E-commerce - Grocery & Local Commerce Platforms,Primary,,-0.0663,-0.0249,-0.1125,
WMT,Walmart Inc.,E-commerce,"E-commerce - Omnichannel Retailers, Online & Physical Stores",Secondary,,-0.0663,-0.0249,-0.1125,
WNC,Wabash National Corp,Transportation & Logistics,Transportation - Infrastructure & Equipment,Primary,,-0.0534,-0.0967,0.5603,
WOLF,"Wolfspeed, Inc.",Semiconductors,Semis - Emerging Technologies,Primary,,-0.2918,0.0723,-0.6457,
WOLF,"Wolfspeed, Inc.",Electric Vehicles & Mobility,EVs - Key Suppliers & Autonomy Tech,Secondary,,-0.2918,0.0723,-0.6457,
WPC,W.P. Carey Inc.,Real Estate & REITs,Real Estate - Retail & Consumer Real Estate,Primary,,0.0008,-0.0666,-0.0265,
WPM,Wheaton Precious Metals Corp.,Commodities - Metals,Comm Metals - Gold,Primary,,0.1742,0.4388,0.2696,
WPM,Wheaton Precious Metals Corp.,Commodities - Metals,Comm Metals - Precious Metals,Secondary,,0.1742,0.4388,0.2696,
WRB,W.R. Berkley Corp,Financials - Traditional,Fin Trad - Insurance & Reinsurance,Primary,,-0.0007,-0.0763,0.0413,
WRBY,Warby Parker Inc.,E-commerce,E-commerce - Direct-to-Consumer,Primary,,0.0238,0.0672,0.0446,
WSM,"Williams-Sonoma, Inc.",E-commerce,"E-commerce - Omnichannel Retailers, Online & Physical Stores",Primary,,-0.011,0.0486,0.2393,
WSM,"Williams-Sonoma, Inc.",Consumer Goods & Retail,Consumer - Modern Luxury & Lifestyle,Secondary,,-0.011,0.0486,0.2393,
WSO,"Watsco, Inc.",Industrials & Construction,Industrials - Distribution & Rental Services,Primary,,-0.0034,-0.1415,-0.1645,
WSO,"Watsco, Inc.",Industrials & Construction,Industrials - Building Products & HVAC,Secondary,,-0.0034,-0.1415,-0.1645,
WST,"West Pharmaceutical Services, Inc.",Healthcare & Biotech,Healthcare - Medical Devices & HealthTech Hardware,Primary,,0.0194,0.0772,0.1173,
WST,"West Pharmaceutical Services, Inc.",Nanotechnology,NanoTech - Nanomedicine & Drug Delivery,Secondary,,0.0194,0.0772,0.1173,
WT,"Wisdomtree, Inc.",Crypto & Blockchain,"Blockchain - Platforms, Tokenization & Financial Services",Primary,,0.0325,0.2274,0.2512,
WTFC,Wintrust Financial Corp,Financials - Traditional,"Fin Trad - Banks, Lending & Mortgage Finance",Primary,,-0.0557,-0.0388,0.0175,
WTRG,"Essential Utilities, Inc.",Environmental Sustainability,Environmental - Water Infrastructure & Treatment,Primary,,0.0387,0.0532,0.1143,
WTS,Watts Water Technologies Inc,Environmental Sustainability,Environmental - Water Infrastructure & Treatment,Primary,,-0.0321,0.0823,0.2352,
WTW,Willis Towers Watson Plc,Financials - Traditional,Fin Trad - Insurance & Reinsurance,Primary,,0.0757,0.1885,0.3676,
WWD,"Woodward, Inc.",Defense & Aerospace,Defense - Next-Generation Aircraft & Maintenance,Primary,,-0.0998,-0.2042,-0.051,
WWD,"Woodward, Inc.",Industrials & Construction,"Industrials - Machinery, Flow Control & Components",Secondary,,-0.0998,-0.2042,-0.051,
WWR,"Westwater Resources, Inc.",Commodities - Metals,Comm Metals - Battery & Energy Transition Metals,Primary,,-0.0176,0.449,0.0168,
WY,Weyerhaeuser Co,Environmental Sustainability,Environmental - Sustainable Agriculture & Resource Management,Primary,,0.0129,0.0188,0.0397,
WYNN,"Wynn Resorts, Limited",Real Estate & REITs,"Real Estate - Travel, Leisure & Entertainment Properties",Primary,,-0.0329,0.0282,0.0248,
WYNN,"Wynn Resorts, Limited",Digital Entertainment & Media,Entertainment - iGaming & Online Gambling,Secondary,,-0.0329,0.0282,0.0248,
XEL,Xcel Energy Inc,Energy - Traditional,Energy Base - Utilities & Conventional Power Operators,Primary,,-0.0237,-0.0531,-0.0391,
XEL,Xcel Energy Inc,Energy - Renewable,Energy Clean - Utilities & Clean Power Operators,Secondary,,-0.0237,-0.0531,-0.0391,
XIFR,"Xplr Infrastructure, Lp",Energy - Renewable,Energy Clean - Wind,Primary,,-0.0276,-0.0997,-0.0375,
XMTR,"Xometry, Inc.",Industrial Automation & Robotics,"Automation - Additive Manufacturing, 3D Printing",Primary,,-0.0574,-0.02,-0.0519,
XOM,Exxon Mobil Corp,Energy - Traditional,Energy Base - Integrated Energy Majors,Primary,,0.016,0.0521,0.0658,
XOM,Exxon Mobil Corp,Energy - Traditional,Energy Base - Oil & Gas Exploration & Production,Secondary,,0.016,0.0521,0.0658,
XPEV,Xpeng Inc.,Electric Vehicles & Mobility,EVs - Manufacturers,Primary,,-0.0861,-0.0957,-0.2848,
XPO,"Xpo, Inc.",Transportation & Logistics,"Transportation - Trucking, LTL & Ground Freight",Primary,,-0.0901,-0.0987,-0.0539,
XRAY,Dentsply Sirona Inc.,Healthcare & Biotech,Healthcare - Medical Devices & HealthTech Hardware,Primary,,-0.0268,-0.1578,0.0666,
XRX,Xerox Holdings Corp,Hardware,Hardware - Printing & Imaging,Primary,,-0.0339,0.1047,-0.0094,
XYL,Xylem Inc.,Nanotechnology,NanoTech - Energy & Environment,Primary,,-0.028,-0.0465,0.0394,
XYL,Xylem Inc.,Environmental Sustainability,Environmental - Water Infrastructure & Treatment,Secondary,,-0.028,-0.0465,0.0394,
XYZ,"Block, Inc.",FinTech & Digital Finance,"FinTech - Crypto, Blockchain & Tokenization",Primary,,0.0147,0.0548,0.1954,
XYZ,"Block, Inc.",FinTech & Digital Finance,FinTech - Digital Banking & Neobanks,Secondary,,0.0147,0.0548,0.1954,
YETI,"Yeti Holdings, Inc.",Consumer Goods & Retail,Consumer - Modern Luxury & Lifestyle,Primary,,0.0019,-0.1449,-0.0473,
YOU,"Clear Secure, Inc.",Cybersecurity,"Cybersecurity - Identity, Biometrics & Access Management",Primary,,0.0196,-0.1443,-0.2536,
YUM,"Yum! Brands, Inc.",Consumer Goods & Retail,Consumer - Restaurants & Dining,Primary,,0.0841,0.0566,0.0191,
YYGH,Yy Group Holding Ltd.,Industrial Automation & Robotics,"Robotics - Autonomous Vehicles, Service & Mobility",Primary,,-0.1736,0.0171,-0.8945,
ZBH,"Zimmer Biomet Holdings, Inc.",Industrial Automation & Robotics,Robotics - Medical & Surgical Robotics,Primary,,0.0283,0.1054,0.1842,
ZBH,"Zimmer Biomet Holdings, Inc.",Healthcare & Biotech,Healthcare - Senior Care & Longevity,Secondary,,0.0283,0.1054,0.1842,
ZBRA,Zebra Technologies Corp,Hardware,Hardware - Industrial & IoT,Primary,,-0.0214,0.3977,0.4216,
ZBRA,Zebra Technologies Corp,Industrial Automation & Robotics,"Automation - Industrial IoT, Connectivity",Secondary,,-0.0214,0.3977,0.4216,
ZIM,Zim Integrated Shipping Services Ltd.,Transportation & Logistics,Transportation - Marine Shipping & Ports,Primary,,-0.0149,0.1398,0.1244,
ZION,"Zions Bancorporation, N.A.",Financials - Traditional,"Fin Trad - Banks, Lending & Mortgage Finance",Primary,,-0.0518,-0.0139,0.0999,
ZM,"Zoom Communications, Inc.",Telecommunications,Telecom - Enterprise & Unified Communications,Primary,,-0.0069,0.1914,-0.0077,
ZM,"Zoom Communications, Inc.",Cloud Computing,Cloud - Horizontal SaaS & Cloud Applications,Secondary,,-0.0069,0.1914,-0.0077,
ZS,"Zscaler, Inc.",Cybersecurity,Cybersecurity - Application Security,Primary,,-0.0454,0.2371,-0.0346,
ZS,"Zscaler, Inc.",Cybersecurity,Cybersecurity - Cloud Security,Secondary,,-0.0454,0.2371,-0.0346,
ZTS,Zoetis Inc.,Healthcare & Biotech,Healthcare - Animal Health & Veterinary,Primary,,0.0576,0.0242,-0.0444,
ZTS,Zoetis Inc.,Commodities - Agriculture,Comm Agri - Livestock & Animal Protein,Secondary,,0.0576,0.0242,-0.0444,
