Ticker,Company Name,Theme,Sub Theme,Assignment
A,"Agilent Technologies, Inc.",Nanotechnology,NanoTech - Research Tools & Advanced Instruments,Primary
AA,Alcoa Corp,Commodities - Metals,Comm Metals - Industrial & Base Metals,Primary
AAL,American Airlines Group Inc.,Transportation & Logistics,Transportation - Air Travel & Passenger Transportation,Primary
AAON,"AAON, Inc.",Industrials & Construction,Industrials - Building Products & HVAC,Primary
AAON,"AAON, Inc.",Cloud Computing,Cloud - Data Centers & Infrastructure,Secondary
AAPL,Apple Inc.,Hardware,"Hardware - Consumer Electronics, PCs & Peripherals",Primary
AAPL,Apple Inc.,Hardware,Hardware - Next-Gen & Specialty,Secondary
ABAT,American Battery Technology Co,Commodities - Metals,Comm Metals - Recycling & Circular Materials,Primary
ABAT,American Battery Technology Co,Electric Vehicles & Mobility,EVs - Batteries & Materials,Secondary
ABBV,Abbvie Inc.,Healthcare & Biotech,Healthcare - Oncology & Precision Cancer Therapeutics,Primary
ABNB,"Airbnb, Inc.",Consumer Goods & Retail,Consumer - Resale & Sharing Platforms,Primary
ABT,Abbott Laboratories,Healthcare & Biotech,"Healthcare - Digital Health, Telemedicine & Remote Care",Primary
ABT,Abbott Laboratories,Healthcare & Biotech,Healthcare - Medical Devices & HealthTech Hardware,Secondary
ACA,"Arcosa, Inc.",Industrials & Construction,Industrials - Construction Materials & Aggregates,Primary
ACA,"Arcosa, Inc.",Energy - Renewable,Energy Clean - Wind,Secondary
ACGL,Arch Capital Group Ltd.,Financials - Traditional,Fin Trad - Insurance & Reinsurance,Primary
ACHR,Archer Aviation Inc.,Transportation & Logistics,Transportation - Air Travel & Passenger Transportation,Primary
ACI,"Albertsons Companies, Inc.",E-commerce,E-commerce - Grocery & Local Commerce Platforms,Primary
ACI,"Albertsons Companies, Inc.",Consumer Goods & Retail,"Consumer - Health, Food & Beverages",Secondary
ACIW,"Aci Worldwide, Inc.",FinTech & Digital Finance,FinTech - Digital Payments & Merchant Infrastructure,Primary
ACLS,Axcelis Technologies Inc,Semiconductors,"Semis - Equipment, Lithography & Deposition",Primary
ACM,Aecom,Business Services & Consulting,Consulting,Primary
ACN,Accenture Plc,Business Services & Consulting,Consulting,Primary
ADBE,Adobe Inc.,Cloud Computing,Cloud - Horizontal SaaS & Cloud Applications,Primary
ADBE,Adobe Inc.,E-commerce,E-commerce - Platforms,Secondary
ADC,Agree Realty Corp,Real Estate & REITs,Real Estate - Retail & Consumer Real Estate,Primary
ADI,Analog Devices Inc,Semiconductors,"Semis - Analog, Mixed-Signal & Power Management",Primary
ADI,Analog Devices Inc,Hardware,Hardware - Industrial & IoT,Secondary
ADM,Archer-Daniels-Midland Co,Agriculture & FoodTech,Agriculture - Agri-Food Processing & Distribution,Primary
ADM,Archer-Daniels-Midland Co,Agriculture & FoodTech,Agriculture - Alternative Proteins,Secondary
ADP,"Automatic Data Processing, Inc.",Cloud Computing,Cloud - Horizontal SaaS & Cloud Applications,Primary
ADP,"Automatic Data Processing, Inc.",Business Services & Consulting,"Business Services - Outsourcing, Facilities & Testing",Secondary
ADSK,"Autodesk, Inc.",Industrial Automation & Robotics,Automation - Industrial Software & Digital Twin,Primary
ADSK,"Autodesk, Inc.",Software,Software - Vertical SaaS Platforms,Secondary
ADT,Adt Inc.,Smart Home & IoT,Smart Home - Automation & Control Systems,Primary
ADT,Adt Inc.,Smart Home & IoT,Smart Home - Connected Devices & Appliances,Secondary
ADTN,"Adtran Holdings, Inc.",Hardware,Hardware - Communications & Telecom,Primary
AEE,Ameren Corp,Energy - Traditional,Energy Base - Utilities & Conventional Power Operators,Primary
AEIS,Advanced Energy Industries Inc,Semiconductors,"Semis - Equipment, Lithography & Deposition",Primary
AEIS,Advanced Energy Industries Inc,Hardware,Hardware - Industrial & IoT,Secondary
AEM,Agnico Eagle Mines Ltd,Commodities - Metals,Comm Metals - Gold,Primary
AEM,Agnico Eagle Mines Ltd,Commodities - Metals,Comm Metals - Precious Metals,Secondary
AEP,American Electric Power Co Inc,Energy - Traditional,Energy Base - Utilities & Conventional Power Operators,Primary
AEP,American Electric Power Co Inc,Energy - Traditional,Energy Base - Coal & Thermal Power Generation,Secondary
AES,Aes Corp,Energy - Renewable,Energy Clean - Wind,Primary
AES,Aes Corp,Artificial Intelligence,"AI - Compute, Edge & Acceleration",Secondary
AEVA,"Aeva Technologies, Inc.",Industrial Automation & Robotics,"Robotics - Autonomous Vehicles, Service & Mobility",Primary
AFG,"American Financial Group, Inc.",Financials - Traditional,Fin Trad - Insurance & Reinsurance,Primary
AFL,Aflac Inc,Financials - Traditional,Fin Trad - Insurance & Reinsurance,Primary
AFRM,"Affirm Holdings, Inc.",FinTech & Digital Finance,FinTech - Digital Payments & Merchant Infrastructure,Primary
AG,First Majestic Silver Corp,Commodities - Metals,Comm Metals - Precious Metals,Primary
AGCO,Agco Corp /De,Agriculture & FoodTech,Agriculture - Precision Agriculture & Farm Automation,Primary
AGCO,Agco Corp /De,Industrial Automation & Robotics,"Robotics - Autonomous Vehicles, Service & Mobility",Secondary
AGRO,Adecoagro S.A.,Commodities - Agriculture,"Comm Agri - Grains, Oilseeds & Softs",Primary
AGRO,Adecoagro S.A.,Commodities - Agriculture,Comm Agri - Softs & Plantation Crops,Secondary
AHR,"American Healthcare REIT, Inc.",Real Estate & REITs,Real Estate - Healthcare & Senior Living,Primary
AI,"C3.Ai, Inc.",Big Data & Analytics,"Big Data - Analytics, AI Platforms & BI",Primary
AI,"C3.Ai, Inc.",Artificial Intelligence,"AI - Apps, Domain-Specific AI",Secondary
AIG,"American International Group, Inc.",Financials - Traditional,Fin Trad - Insurance & Reinsurance,Primary
AIOT,"Powerfleet, Inc.",Electric Vehicles & Mobility,EVs - Autonomous Driving & Fleet,Primary
AIT,"Applied Industrial Technologies, Inc.",Industrials & Construction,Industrials - Distribution & Rental Services,Primary
AIZ,"Assurant, Inc.",Financials - Traditional,Fin Trad - Insurance & Reinsurance,Primary
AJG,Arthur J. Gallagher & Co.,Financials - Traditional,Fin Trad - Insurance & Reinsurance,Primary
AKAM,Akamai Technologies Inc,Telecommunications,Telecom - Cloud & Edge Connectivity,Primary
AKAM,Akamai Technologies Inc,Cloud Computing,Cloud - Data Centers & Infrastructure,Secondary
ALB,Albemarle Corp,Energy - Renewable,Energy Clean - Materials & Critical Metals,Primary
ALB,Albemarle Corp,Commodities - Metals,Comm Metals - Battery & Energy Transition Metals,Secondary
ALGM,"Allegro Microsystems, Inc.",Semiconductors,"Semis - Analog, Mixed-Signal & Power Management",Primary
ALGM,"Allegro Microsystems, Inc.",Electric Vehicles & Mobility,EVs - Key Suppliers & Autonomy Tech,Secondary
ALGN,"Align Technology, Inc.",Healthcare & Biotech,Healthcare - Medical Devices & HealthTech Hardware,Primary
ALGT,Allegiant Travel Co,Transportation & Logistics,Transportation - Air Travel & Passenger Transportation,Primary
ALK,"Alaska Air Group, Inc.",Transportation & Logistics,Transportation - Air Travel & Passenger Transportation,Primary
ALL,Allstate Corp,Financials - Traditional,Fin Trad - Insurance & Reinsurance,Primary
ALLE,Allegion Plc,Smart Home & IoT,Smart Home - Automation & Control Systems,Primary
ALLE,Allegion Plc,Smart Home & IoT,"Smart Home - Connectivity, Security & Networking",Secondary
ALLY,Ally Financial Inc.,FinTech & Digital Finance,FinTech - Digital Banking & Neobanks,Primary
ALNY,"Alnylam Pharmaceuticals, Inc.",Healthcare & Biotech,Healthcare - Next-Gen Biotech Platforms,Primary
ALRM,"Alarm.Com Holdings, Inc.",Smart Home & IoT,Smart Home - Automation & Control Systems,Primary
ALRM,"Alarm.Com Holdings, Inc.",Smart Home & IoT,"Smart Home - Connectivity, Security & Networking",Secondary
ALT,"Altimmune, Inc.",Healthcare & Biotech,Healthcare - Metabolic & Cardiometabolic,Primary
ALV,"Autoliv, Inc.",Electric Vehicles & Mobility,EVs - Key Suppliers & Autonomy Tech,Primary
AM,Antero Midstream Corp,Energy - Traditional,Energy Base - Refining & Midstream Infrastructure,Primary
AM,Antero Midstream Corp,Commodities - Energy,Comm Energy - Natural Gas & LNG,Secondary
AMAT,Applied Materials Inc /De,Semiconductors,"Semis - Equipment, Lithography & Deposition",Primary
AMAT,Applied Materials Inc /De,Artificial Intelligence,"AI - Compute, Edge & Acceleration",Secondary
AMBA,Ambarella Inc,Industrial Automation & Robotics,Automation - Industrial Sensors & Machine Vision,Primary
AMBA,Ambarella Inc,Industrial Automation & Robotics,Robotics - Sensors & Vision Systems,Secondary
AMCR,Amcor Plc,Industrials & Construction,Industrials - Packaging & Containers,Primary
AMD,Advanced Micro Devices Inc,Semiconductors,Semis - Emerging Technologies,Primary
AMD,Advanced Micro Devices Inc,Semiconductors,"Semis - Logic & CPUs, GPUs, Accelerators",Secondary
AME,Ametek Inc/,Hardware,Hardware - Industrial & IoT,Primary
AME,Ametek Inc/,Industrial Automation & Robotics,Automation - Industrial Sensors & Machine Vision,Secondary
AMG,"Affiliated Managers Group, Inc.",Financials - Traditional,"Fin Trad - Asset Management, Custody & Alternatives",Primary
AMGN,Amgen Inc,Healthcare & Biotech,Healthcare - Metabolic & Cardiometabolic,Primary
AMGN,Amgen Inc,Healthcare & Biotech,Healthcare - Oncology & Precision Cancer Therapeutics,Secondary
AMH,American Homes 4 Rent,Real Estate & REITs,"Real Estate - Housing, Urban Living & Demographics",Primary
AMKR,"Amkor Technology, Inc.",Semiconductors,"Semis - Testing, Packaging & Assembly",Primary
AMP,"Ameriprise Financial, Inc.",Financials - Traditional,"Fin Trad - Asset Management, Custody & Alternatives",Primary
AMR,"Alpha Metallurgical Resources, Inc.",Energy - Traditional,Energy Base - Coal & Thermal Power Generation,Primary
AMSC,American Superconductor Corp /De/,Energy - Renewable,Energy Clean - Wind,Primary
AMT,American Tower Corp /Ma/,Telecommunications,Telecom - Infrastructure & Equipment,Primary
AMT,American Tower Corp /Ma/,Real Estate & REITs,Real Estate - Digital Infrastructure,Secondary
AMTX,"Aemetis, Inc",Commodities - Energy,Comm Energy - Biofuels & Renewable Fuels,Primary
AMTX,"Aemetis, Inc",Energy - Renewable,Energy Clean - Fuels & Bioenergy,Secondary
AMWL,American Well Corp,Healthcare & Biotech,"Healthcare - Digital Health, Telemedicine & Remote Care",Primary
AMZN,Amazon Com Inc,Cloud Computing,Cloud - Hyperscalers & Platforms,Primary
AMZN,Amazon Com Inc,E-commerce,"E-commerce - Omnichannel Retailers, Online & Physical Stores",Secondary
AN,"Autonation, Inc.",E-commerce,"E-commerce - Omnichannel Retailers, Online & Physical Stores",Primary
ANDE,"Andersons, Inc.",Agriculture & FoodTech,Agriculture - Agri-Food Processing & Distribution,Primary
ANDE,"Andersons, Inc.",Commodities - Agriculture,"Comm Agri - Grains, Oilseeds & Softs",Secondary
ANET,"Arista Networks, Inc.",Hardware,Hardware - Communications & Telecom,Primary
ANET,"Arista Networks, Inc.",Hardware,Hardware - Networking Equipment,Secondary
ANF,Abercrombie & Fitch Co /De/,Consumer Goods & Retail,Consumer - Apparel & E-Commerce Retail,Primary
AON,Aon Plc,Financials - Traditional,Fin Trad - Insurance & Reinsurance,Primary
AOS,Smith A O Corp,Environmental Sustainability,Environmental - Water Infrastructure & Treatment,Primary
APA,Apa Corp,Energy - Traditional,Energy Base - Oil & Gas Exploration & Production,Primary
APD,"Air Products & Chemicals, Inc.",Energy - Renewable,Energy Clean - Hydrogen & Fuel Cells,Primary
APG,APi Group Corp,Industrials & Construction,Industrials - Engineering & Construction,Primary
APG,APi Group Corp,Industrials & Construction,Industrials - Building Products & HVAC,Secondary
APH,Amphenol Corp /De/,Hardware,Hardware - Communications & Telecom,Primary
APO,"Apollo Global Management, Inc.",Financials - Traditional,"Fin Trad - Asset Management, Custody & Alternatives",Primary
APP,Applovin Corp,Artificial Intelligence,"AI - Ads, Search & Recommendations",Primary
APP,Applovin Corp,Digital Entertainment & Media,Entertainment - Advertising & Social Platforms,Secondary
APPF,Appfolio Inc,Software,Software - Vertical SaaS Platforms,Primary
APTV,Aptiv Plc,Industrial Automation & Robotics,"Robotics - Autonomous Vehicles, Service & Mobility",Primary
APTV,Aptiv Plc,Transportation & Logistics,Transportation - Infrastructure & Equipment,Secondary
AR,Antero Resources Corp,Commodities - Energy,Comm Energy - Natural Gas & LNG,Primary
ARAY,Accuray Inc,Industrial Automation & Robotics,Robotics - Medical & Surgical Robotics,Primary
ARCB,Arcbest Corp /De/,Transportation & Logistics,"Transportation - Trucking, LTL & Ground Freight",Primary
ARCT,Arcturus Therapeutics Holdings Inc.,Nanotechnology,NanoTech - Nanomedicine & Drug Delivery,Primary
ARE,"Alexandria Real Estate Equities, Inc.",Real Estate & REITs,Real Estate - Office & Commercial Workspaces,Primary
AREC,American Resources Corp,Commodities - Metals,Comm Metals - Rare Earth & Strategic Materials,Primary
ARES,Ares Management Corp,Financials - Traditional,"Fin Trad - Asset Management, Custody & Alternatives",Primary
ARLO,"Arlo Technologies, Inc.",Smart Home & IoT,Smart Home - Connected Devices & Appliances,Primary
ARLO,"Arlo Technologies, Inc.",Smart Home & IoT,"Smart Home - Connectivity, Security & Networking",Secondary
ARLP,Alliance Resource Partners Lp,Energy - Traditional,Energy Base - Coal & Thermal Power Generation,Primary
ARM,Arm Holdings Plc /Uk,Semiconductors,Semis - EDA Tools & Design Software,Primary
ARM,Arm Holdings Plc /Uk,Semiconductors,"Semis - Logic & CPUs, GPUs, Accelerators",Secondary
ARMK,Aramark,Business Services & Consulting,"Business Services - Outsourcing, Facilities & Testing",Primary
ARQQ,Arqit Quantum Inc.,Semiconductors,Semis - Emerging Technologies,Primary
ARW,"Arrow Electronics, Inc.",Industrials & Construction,Industrials - Distribution & Rental Services,Primary
ARW,"Arrow Electronics, Inc.",Hardware,Hardware - Data Center Infrastructure & Servers,Secondary
ARWR,"Arrowhead Pharmaceuticals, Inc.",Healthcare & Biotech,Healthcare - Genomics & Personalized Medicine,Primary
ASAN,"Asana, Inc.",Cloud Computing,Cloud - Horizontal SaaS & Cloud Applications,Primary
ASB,Associated Banc-Corp,Financials - Traditional,"Fin Trad - Banks, Lending & Mortgage Finance",Primary
ASH,Ashland Inc.,Industrials & Construction,Industrials - Chemicals & Advanced Materials,Primary
ASML,Asml Holding Nv,Semiconductors,"Semis - Equipment, Lithography & Deposition",Primary
ASML,Asml Holding Nv,Hardware,Hardware - Next-Gen & Specialty,Secondary
ASPN,Aspen Aerogels Inc,Nanotechnology,NanoTech - Energy & Environment,Primary
ASTS,"Ast Spacemobile, Inc.",Telecommunications,Telecom - Satellite & Space Communication,Primary
ASTS,"Ast Spacemobile, Inc.",Space Tech,"Space - Infrastructure, Exploration & Launch",Secondary
ASX,"Ase Technology Holding Co., Ltd.",Semiconductors,"Semis - Testing, Packaging & Assembly",Primary
ATAI,Atai Life Sciences N.V.,Healthcare & Biotech,"Healthcare - Regenerative Medicine, Psychedelics, Cannabis",Primary
ATI,Ati Inc,Defense & Aerospace,Defense - Secure Defense Supply Chains,Primary
ATLX,Atlas Lithium Corp,Commodities - Metals,Comm Metals - Battery & Energy Transition Metals,Primary
ATO,Atmos Energy Corp,Energy - Traditional,Energy Base - Utilities & Conventional Power Operators,Primary
ATO,Atmos Energy Corp,Commodities - Energy,Comm Energy - Natural Gas & LNG,Secondary
ATOM,Atomera Inc,Nanotechnology,NanoTech - Research Tools & Advanced Instruments,Primary
ATR,"Aptargroup, Inc.",Industrials & Construction,Industrials - Packaging & Containers,Primary
ATR,"Aptargroup, Inc.",Nanotechnology,NanoTech - Nanomedicine & Drug Delivery,Secondary
AU,Anglogold Ashanti Plc,Commodities - Metals,Comm Metals - Gold,Primary
AUID,Authid Inc.,Cybersecurity,"Cybersecurity - Identity, Biometrics & Access Management",Primary
AUR,"Aurora Innovation, Inc.",Industrial Automation & Robotics,"Robotics - Autonomous Vehicles, Service & Mobility",Primary
AUR,"Aurora Innovation, Inc.",Transportation & Logistics,Transportation - Urban Mobility & Emerging Transport Tech,Secondary
AVAV,Aerovironment Inc,Defense & Aerospace,Defense - Drones & Anti-Drone Systems,Primary
AVGO,Broadcom Inc.,Semiconductors,"Semis - Logic & CPUs, GPUs, Accelerators",Primary
AVGO,Broadcom Inc.,Semiconductors,Semis - Wireless & Connectivity,Secondary
AVNT,Avient Corp,Industrials & Construction,Industrials - Chemicals & Advanced Materials,Primary
AVT,"Avnet, Inc.",Industrials & Construction,Industrials - Distribution & Rental Services,Primary
AVT,"Avnet, Inc.",Hardware,Hardware - Data Center Infrastructure & Servers,Secondary
AVTR,"Avantor, Inc.",Nanotechnology,NanoTech - Research Tools & Advanced Instruments,Primary
AVTR,"Avantor, Inc.",Healthcare & Biotech,Healthcare - Next-Gen Biotech Platforms,Secondary
AVY,Avery Dennison Corp,Industrials & Construction,Industrials - Packaging & Containers,Primary
AVY,Avery Dennison Corp,Industrial Automation & Robotics,"Automation - Industrial IoT, Connectivity",Secondary
AWK,"American Water Works Company, Inc.",Environmental Sustainability,Environmental - Water Infrastructure & Treatment,Primary
AWR,American States Water Co,Environmental Sustainability,Environmental - Water Infrastructure & Treatment,Primary
AWRE,Aware Inc /Ma/,Cybersecurity,"Cybersecurity - Identity, Biometrics & Access Management",Primary
AXON,"Axon Enterprise, Inc.",Defense & Aerospace,Defense - Cyber Defense & Electronic Warfare,Primary
AXON,"Axon Enterprise, Inc.",Defense & Aerospace,Defense - Secure Defense Supply Chains,Secondary
AXP,American Express Co,FinTech & Digital Finance,FinTech - Digital Payments & Merchant Infrastructure,Primary
AXTA,Axalta Coating Systems Ltd.,Industrials & Construction,Industrials - Chemicals & Advanced Materials,Primary
AYI,Acuity Inc.,Industrials & Construction,Industrials - Building Products & HVAC,Primary
AYI,Acuity Inc.,Smart Home & IoT,Smart Home - Automation & Control Systems,Secondary
AZN,Astrazeneca Plc,Healthcare & Biotech,Healthcare - Oncology & Precision Cancer Therapeutics,Primary
AZO,Autozone Inc,E-commerce,"E-commerce - Omnichannel Retailers, Online & Physical Stores",Primary
B,Barrick Mining Corporation,Commodities - Metals,Comm Metals - Gold,Primary
B,Barrick Mining Corporation,Commodities - Metals,Comm Metals - Precious Metals,Secondary
BA,Boeing Co,Defense & Aerospace,Defense - Next-Generation Aircraft & Maintenance,Primary
BA,Boeing Co,Defense & Aerospace,Defense - Secure Defense Supply Chains,Secondary
BABA,Alibaba Group Holding Ltd,Cloud Computing,Cloud - Hyperscalers & Platforms,Primary
BAC,Bank Of America Corp,Financials - Traditional,"Fin Trad - Banks, Lending & Mortgage Finance",Primary
BAH,Booz Allen Hamilton Holding Corp,Defense & Aerospace,Defense - Cyber Defense & Electronic Warfare,Primary
BALL,Ball Corp,Environmental Sustainability,Environmental - Waste Management & Recycling,Primary
BALY,Bally'S Corp,Digital Entertainment & Media,Entertainment - iGaming & Online Gambling,Primary
BAX,Baxter International Inc,Healthcare & Biotech,Healthcare - Senior Care & Longevity,Primary
BB,Blackberry Ltd,Smart Home & IoT,"Smart Home & IoT - Devices, Sensors & Connectivity",Primary
BBAI,"Bigbear.Ai Holdings, Inc.",Industrial Automation & Robotics,"Robotics - Autonomous Vehicles, Service & Mobility",Primary
BBAI,"Bigbear.Ai Holdings, Inc.",Artificial Intelligence,"AI - Apps, Domain-Specific AI",Secondary
BBWI,"Bath & Body Works, Inc.",Consumer Goods & Retail,Consumer - Household & Personal Care,Primary
BBY,Best Buy Co Inc,E-commerce,"E-commerce - Omnichannel Retailers, Online & Physical Stores",Primary
BBY,Best Buy Co Inc,E-commerce,E-commerce - Retail Media & Advertising,Secondary
BC,Brunswick Corp,Consumer Goods & Retail,Consumer - Modern Luxury & Lifestyle,Primary
BCO,Brink's Co,Business Services & Consulting,"Business Services - Outsourcing, Facilities & Testing",Primary
BDC,Belden Inc.,Hardware,Hardware - Networking Equipment,Primary
BDC,Belden Inc.,Industrial Automation & Robotics,Automation - Industrial Software & Digital Twin,Secondary
BDX,Becton Dickinson & Co,Healthcare & Biotech,Healthcare - Medical Devices & HealthTech Hardware,Primary
BE,Bloom Energy Corp,Energy - Renewable,Energy Clean - Hydrogen & Fuel Cells,Primary
BEAM,Beam Therapeutics Inc.,Healthcare & Biotech,Healthcare - Next-Gen Biotech Platforms,Primary
BEEM,Beam Global,Electric Vehicles & Mobility,EVs - Charging & Infrastructure,Primary
BEEM,Beam Global,Electric Vehicles & Mobility,EVs - Autonomous Driving & Fleet,Secondary
BEN,"Franklin Resources, Inc.",Financials - Traditional,"Fin Trad - Asset Management, Custody & Alternatives",Primary
BEP,Brookfield Renewable Partners L.P.,Energy - Renewable,Energy Clean - Solar,Primary
BEP,Brookfield Renewable Partners L.P.,Energy - Renewable,Energy Clean - Wind,Secondary
BEPC,Brookfield Renewable Corp,Environmental Sustainability,Environmental - Climate Technologies & Carbon Solutions,Primary
BEPC,Brookfield Renewable Corp,Environmental Sustainability,Environmental - Sustainable Agriculture & Resource Management,Secondary
BF.B,Brown-Forman Corp,Consumer Goods & Retail,"Consumer - Health, Food & Beverages",Primary
BG,Bunge Global Sa,Agriculture & FoodTech,Agriculture - Agri-Food Processing & Distribution,Primary
BG,Bunge Global Sa,Commodities - Agriculture,"Comm Agri - Grains, Oilseeds & Softs",Secondary
BHF,"Brighthouse Financial, Inc.",Financials - Traditional,Fin Trad - Insurance & Reinsurance,Primary
BHP,Bhp Group Ltd,Energy - Renewable,Energy Clean - Materials & Critical Metals,Primary
BHP,Bhp Group Ltd,Commodities - Metals,Comm Metals - Industrial & Base Metals,Secondary
BIDU,"Baidu, Inc.",Artificial Intelligence,"AI - Ads, Search & Recommendations",Primary
BIDU,"Baidu, Inc.",Artificial Intelligence,"AI - Apps, Domain-Specific AI",Secondary
BIIB,Biogen Inc.,Healthcare & Biotech,Healthcare - Age-Related & Longevity Therapeutics,Primary
BILL,"Bill Holdings, Inc.",FinTech & Digital Finance,FinTech - Digital Payments & Merchant Infrastructure,Primary
BIO,"Bio-Rad Laboratories, Inc.",Healthcare & Biotech,"Healthcare - Diagnostics, Biomarkers & Liquid Biopsy",Primary
BIOX,Bioceres Crop Solutions Corp.,Agriculture & FoodTech,Agriculture - Agricultural Inputs & Crop Science,Primary
BIRD,"Allbirds, Inc.",E-commerce,E-commerce - Direct-to-Consumer,Primary
BJ,"BJ's Wholesale Club Holdings, Inc.",E-commerce,"E-commerce - Omnichannel Retailers, Online & Physical Stores",Primary
BJ,"BJ's Wholesale Club Holdings, Inc.",E-commerce,E-commerce - Grocery & Local Commerce Platforms,Secondary
BKD,Brookdale Senior Living Inc.,Healthcare & Biotech,Healthcare - Senior Care & Longevity,Primary
BKH,Black Hills Corp,Energy - Traditional,Energy Base - Utilities & Conventional Power Operators,Primary
BKH,Black Hills Corp,Commodities - Energy,Comm Energy - Natural Gas & LNG,Secondary
BKKT,"Bakkt Holdings, Inc.",Crypto & Blockchain,"Blockchain - Platforms, Tokenization & Financial Services",Primary
BKNG,Booking Holdings Inc.,Consumer Goods & Retail,Consumer - Resale & Sharing Platforms,Primary
BKNG,Booking Holdings Inc.,Real Estate & REITs,"Real Estate - Travel, Leisure & Entertainment Properties",Secondary
BKR,Baker Hughes Co,Energy - Traditional,Energy Base - Oilfield Services & Equipment,Primary
BKSY,Blacksky Technology Inc.,Defense & Aerospace,Defense - Space Technology & Satellite Services,Primary
BKSY,Blacksky Technology Inc.,Space Tech,Space - Data Analytics & Earth Observation,Secondary
BKYI,Bio Key International Inc,Cybersecurity,"Cybersecurity - Identity, Biometrics & Access Management",Primary
BLD,Topbuild Corp,Industrials & Construction,Industrials - Building Products & HVAC,Primary
BLDP,Ballard Power Systems Inc.,Energy - Renewable,Energy Clean - Hydrogen & Fuel Cells,Primary
BLDR,"Builders Firstsource, Inc.",Industrials & Construction,Industrials - Building Products & HVAC,Primary
BLDR,"Builders Firstsource, Inc.",Industrials & Construction,Industrials - Distribution & Rental Services,Secondary
BLK,"Blackrock, Inc.",Financials - Traditional,"Fin Trad - Asset Management, Custody & Alternatives",Primary
BLK,"Blackrock, Inc.",Crypto & Blockchain,"Blockchain - Platforms, Tokenization & Financial Services",Secondary
BLKB,Blackbaud Inc,Software,Software - Vertical SaaS Platforms,Primary
BLNK,Blink Charging Co.,Electric Vehicles & Mobility,EVs - Charging & Infrastructure,Primary
BMBL,Bumble Inc.,Digital Entertainment & Media,Entertainment - Advertising & Social Platforms,Primary
BMRN,Biomarin Pharmaceutical Inc.,Healthcare & Biotech,Healthcare - Genomics & Personalized Medicine,Primary
BMY,Bristol Myers Squibb Co,Healthcare & Biotech,Healthcare - Oncology & Precision Cancer Therapeutics,Primary
BMY,Bristol Myers Squibb Co,Healthcare & Biotech,Healthcare - Age-Related & Longevity Therapeutics,Secondary
BNED,"Barnes & Noble Education, Inc.",Education Technology,Education - Digital Curriculum,Primary
BNTX,Biontech Se,Healthcare & Biotech,Healthcare - Next-Gen Biotech Platforms,Primary
BNTX,Biontech Se,Healthcare & Biotech,Healthcare - Oncology & Precision Cancer Therapeutics,Secondary
BNY,BNY Mellon Corp,Financials - Traditional,"Fin Trad - Asset Management, Custody & Alternatives",Primary
BODI,"Beachbody Company, Inc.",Healthcare & Biotech,Healthcare - Healthy Aging & Nutrition,Primary
BP,Bp Plc,Energy - Traditional,Energy Base - Integrated Energy Majors,Primary
BP,Bp Plc,Commodities - Energy,Comm Energy - Crude Oil,Secondary
BR,"Broadridge Financial Solutions, Inc.",FinTech & Digital Finance,FinTech - Exchanges & Market Infrastructure,Primary
BR,"Broadridge Financial Solutions, Inc.",Big Data & Analytics,"Big Data - Data Generation, Sourcing & Providers",Secondary
BRBR,"Bellring Brands, Inc.",Consumer Goods & Retail,"Consumer - Health, Food & Beverages",Primary
BRK-B,Berkshire Hathaway Inc.,Conglomerates & Diversified Holdings,Diversified Holdings & Multi-Industry Conglomerates,Primary
BRKR,Bruker Corp,Nanotechnology,NanoTech - Research Tools & Advanced Instruments,Primary
BRO,"Brown & Brown, Inc.",Financials - Traditional,Fin Trad - Insurance & Reinsurance,Primary
BROS,Dutch Bros Inc.,Consumer Goods & Retail,Consumer - Restaurants & Dining,Primary
BRX,Brixmor Property Group Inc.,Real Estate & REITs,Real Estate - Retail & Consumer Real Estate,Primary
BRZE,"Braze, Inc.",Software,"Software - Collaboration, CRM & Communications",Primary
BSX,Boston Scientific Corp,Healthcare & Biotech,Healthcare - Medical Devices & HealthTech Hardware,Primary
BSX,Boston Scientific Corp,Healthcare & Biotech,Healthcare - Senior Care & Longevity,Secondary
BSY,Bentley Systems Inc,Industrial Automation & Robotics,Automation - Industrial Software & Digital Twin,Primary
BSY,Bentley Systems Inc,Software,Software - Vertical SaaS Platforms,Secondary
BTDR,Bitdeer Technologies Group,Crypto & Blockchain,Blockchain - Cryptocurrency Mining & Staking,Primary
BTU,Peabody Energy Corp,Energy - Traditional,Energy Base - Coal & Thermal Power Generation,Primary
BURL,"Burlington Stores, Inc.",E-commerce,"E-commerce - Omnichannel Retailers, Online & Physical Stores",Primary
BURL,"Burlington Stores, Inc.",Consumer Goods & Retail,Consumer - Apparel & E-Commerce Retail,Secondary
BVN,Buenaventura Mining Co Inc,Commodities - Metals,Comm Metals - Precious Metals,Primary
BWA,Borgwarner Inc,Electric Vehicles & Mobility,EVs - Key Suppliers & Autonomy Tech,Primary
BWXT,"Bwx Technologies, Inc.",Energy - Traditional,Energy Base - Nuclear Power & Advanced Reactors,Primary
BWXT,"Bwx Technologies, Inc.",Commodities - Energy,Comm Energy - Uranium & Nuclear Fuels,Secondary
BX,Blackstone Inc.,Financials - Traditional,"Fin Trad - Asset Management, Custody & Alternatives",Primary
BXP,"Bxp, Inc.",Real Estate & REITs,Real Estate - Office & Commercial Workspaces,Primary
BYD,Boyd Gaming Corp,Digital Entertainment & Media,Entertainment - iGaming & Online Gambling,Primary
BYND,"Beyond Meat, Inc.",Agriculture & FoodTech,Agriculture - Alternative Proteins,Primary
BYND,"Beyond Meat, Inc.",Consumer Goods & Retail,"Consumer - Health, Food & Beverages",Secondary
C,Citigroup Inc,Financials - Traditional,"Fin Trad - Banks, Lending & Mortgage Finance",Primary
CACI,Caci International Inc /De/,Defense & Aerospace,Defense - Cyber Defense & Electronic Warfare,Primary
CAH,"Cardinal Health, Inc.",Healthcare & Biotech,"Healthcare - IT, Services & Data Infrastructure",Primary
CALM,Cal-Maine Foods Inc,Commodities - Agriculture,Comm Agri - Livestock & Animal Protein,Primary
CAMT,Camtek Ltd,Semiconductors,"Semis - Testing, Packaging & Assembly",Primary
CAR,"Avis Budget Group, Inc.",Transportation & Logistics,Transportation - Urban Mobility & Emerging Transport Tech,Primary
CARR,Carrier Global Corp,Smart Home & IoT,Smart Home - Automation & Control Systems,Primary
CART,Maplebear Inc.,E-commerce,E-commerce - Grocery & Local Commerce Platforms,Primary
CART,Maplebear Inc.,E-commerce,E-commerce - Retail Media & Advertising,Secondary
CASY,"Casey's General Stores, Inc.",E-commerce,E-commerce - Grocery & Local Commerce Platforms,Primary
CAT,Caterpillar Inc,Transportation & Logistics,Transportation - Infrastructure & Equipment,Primary
CAT,Caterpillar Inc,Industrial Automation & Robotics,"Robotics - Autonomous Vehicles, Service & Mobility",Secondary
CAVA,"Cava Group, Inc.",Consumer Goods & Retail,Consumer - Restaurants & Dining,Primary
CB,Chubb Limited,Financials - Traditional,Fin Trad - Insurance & Reinsurance,Primary
CBOE,"Cboe Global Markets, Inc.",FinTech & Digital Finance,FinTech - Exchanges & Market Infrastructure,Primary
CBRE,"CBRE Group, Inc.",Real Estate & REITs,Real Estate - Office & Commercial Workspaces,Primary
CBSH,"Commerce Bancshares, Inc.",Financials - Traditional,"Fin Trad - Banks, Lending & Mortgage Finance",Primary
CBT,Cabot Corp,Industrials & Construction,Industrials - Chemicals & Advanced Materials,Primary
CBT,Cabot Corp,Electric Vehicles & Mobility,EVs - Batteries & Materials,Secondary
CBUS,"Cibus, Inc.",Agriculture & FoodTech,Agriculture - Agricultural Inputs & Crop Science,Primary
CCI,Crown Castle Inc.,Telecommunications,Telecom - Infrastructure & Equipment,Primary
CCI,Crown Castle Inc.,Real Estate & REITs,Real Estate - Digital Infrastructure,Secondary
CCJ,Cameco Corp,Energy - Traditional,Energy Base - Nuclear Power & Advanced Reactors,Primary
CCJ,Cameco Corp,Commodities - Energy,Comm Energy - Uranium & Nuclear Fuels,Secondary
CCK,"Crown Holdings, Inc.",Industrials & Construction,Industrials - Packaging & Containers,Primary
CCL,Carnival Corp,Real Estate & REITs,"Real Estate - Travel, Leisure & Entertainment Properties",Primary
CDE,"Coeur Mining, Inc.",Commodities - Metals,Comm Metals - Gold,Primary
CDLR,Cadeler A/S,Energy - Renewable,Energy Clean - Wind,Primary
CDNA,"Caredx, Inc.",Healthcare & Biotech,Healthcare - Genomics & Personalized Medicine,Primary
CDNS,Cadence Design Systems Inc,Semiconductors,Semis - EDA Tools & Design Software,Primary
CDNS,Cadence Design Systems Inc,Industrial Automation & Robotics,Automation - Industrial Software & Digital Twin,Secondary
CDP,COPT Defense Properties,Real Estate & REITs,Real Estate - Office & Commercial Workspaces,Primary
CDP,COPT Defense Properties,Defense & Aerospace,Defense - Secure Defense Supply Chains,Secondary
CDW,CDW Corp,Industrials & Construction,Industrials - Distribution & Rental Services,Primary
CDW,CDW Corp,Hardware,Hardware - Data Center Infrastructure & Servers,Secondary
CECO,Ceco Environmental Corp,Environmental Sustainability,Environmental - Clean Technologies & Pollution Control,Primary
CEG,Constellation Energy Corp,Energy - Traditional,Energy Base - Nuclear Power & Advanced Reactors,Primary
CEG,Constellation Energy Corp,Energy - Traditional,Energy Base - Utilities & Conventional Power Operators,Secondary
CELH,"Celsius Holdings, Inc.",Healthcare & Biotech,Healthcare - Healthy Aging & Nutrition,Primary
CELH,"Celsius Holdings, Inc.",Consumer Goods & Retail,"Consumer - Health, Food & Beverages",Secondary
CENX,Century Aluminum Co,Commodities - Metals,Comm Metals - Industrial & Base Metals,Primary
CEVA,Ceva Inc,Artificial Intelligence,"AI - Compute, Edge & Acceleration",Primary
CF,"Cf Industries Holdings, Inc.",Agriculture & FoodTech,Agriculture - Agricultural Inputs & Crop Science,Primary
CF,"Cf Industries Holdings, Inc.",Commodities - Agriculture,"Comm Agri - Fertilizers, Crop Inputs & Seeds",Secondary
CFG,"Citizens Financial Group, Inc.",Financials - Traditional,"Fin Trad - Banks, Lending & Mortgage Finance",Primary
CFR,"Cullen/Frost Bankers, Inc.",Financials - Traditional,"Fin Trad - Banks, Lending & Mortgage Finance",Primary
CG,Carlyle Group Inc.,Financials - Traditional,"Fin Trad - Asset Management, Custody & Alternatives",Primary
CGC,Canopy Growth Corp,Healthcare & Biotech,"Healthcare - Regenerative Medicine, Psychedelics, Cannabis",Primary
CGNX,Cognex Corp,Industrial Automation & Robotics,Automation - Industrial Sensors & Machine Vision,Primary
CGNX,Cognex Corp,Industrial Automation & Robotics,Automation - Smart Logistics & Warehouse Automation,Secondary
CHD,Church & Dwight Co Inc /De/,Healthcare & Biotech,Healthcare - Healthy Aging & Nutrition,Primary
CHD,Church & Dwight Co Inc /De/,Consumer Goods & Retail,"Consumer - Health, Food & Beverages",Secondary
CHDN,Churchill Downs Inc,Digital Entertainment & Media,Entertainment - iGaming & Online Gambling,Primary
CHE,Chemed Corp,Healthcare & Biotech,Healthcare - Senior Care & Longevity,Primary
CHGG,"Chegg, Inc",Education Technology,"Education - Platforms, Infrastructure & Online Learning",Primary
CHH,"Choice Hotels International, Inc.",Real Estate & REITs,"Real Estate - Travel, Leisure & Entertainment Properties",Primary
CHKP,Check Point Software Technologies Ltd,Cybersecurity,Cybersecurity - Cloud Security,Primary
CHKP,Check Point Software Technologies Ltd,Cybersecurity,"Cybersecurity - Endpoint, Identity & Zero Trust",Secondary
CHPT,"Chargepoint Holdings, Inc.",Electric Vehicles & Mobility,EVs - Charging & Infrastructure,Primary
CHRD,Chord Energy Corp,Energy - Traditional,Energy Base - Oil & Gas Exploration & Production,Primary
CHRW,"C. H. Robinson Worldwide, Inc.",Transportation & Logistics,"Transportation - Logistics, Warehousing & Supply Chain Solutions",Primary
CHTR,"Charter Communications, Inc. /Mo/",Telecommunications,"Telecom - 5G, Wireless & Carriers",Primary
CHTR,"Charter Communications, Inc. /Mo/",Smart Home & IoT,"Smart Home - Connectivity, Security & Networking",Secondary
CHWY,"Chewy, Inc.",E-commerce,E-commerce - Direct-to-Consumer,Primary
CI,The Cigna Group,Healthcare & Biotech,"Healthcare - IT, Services & Data Infrastructure",Primary
CIEN,Ciena Corp,Hardware,Hardware - Communications & Telecom,Primary
CIEN,Ciena Corp,Telecommunications,Telecom - Infrastructure & Equipment,Secondary
CIFR,Cipher Mining Inc.,Crypto & Blockchain,Blockchain - Cryptocurrency Mining & Staking,Primary
CINF,Cincinnati Financial Corp,Financials - Traditional,Fin Trad - Insurance & Reinsurance,Primary
CL,Colgate Palmolive Co,Consumer Goods & Retail,Consumer - Household & Personal Care,Primary
CL,Colgate Palmolive Co,Nanotechnology,NanoTech - Consumer & Industrial Products,Secondary
CLF,Cleveland-Cliffs Inc.,Commodities - Metals,Comm Metals - Industrial & Base Metals,Primary
CLH,Clean Harbors Inc,Environmental Sustainability,Environmental - Waste Management & Recycling,Primary
CLMT,"Calumet, Inc. /De",Commodities - Energy,Comm Energy - Biofuels & Renewable Fuels,Primary
CLMT,"Calumet, Inc. /De",Energy - Renewable,Energy Clean - Fuels & Bioenergy,Secondary
CLNE,Clean Energy Fuels Corp.,Commodities - Energy,Comm Energy - Biofuels & Renewable Fuels,Primary
CLNE,Clean Energy Fuels Corp.,Energy - Renewable,Energy Clean - Fuels & Bioenergy,Secondary
CLNN,Clene Inc.,Nanotechnology,NanoTech - Nanomedicine & Drug Delivery,Primary
CLSK,"Cleanspark, Inc.",FinTech & Digital Finance,"FinTech - Crypto, Blockchain & Tokenization",Primary
CLSK,"Cleanspark, Inc.",Crypto & Blockchain,Blockchain - Cryptocurrency Mining & Staking,Secondary
CLX,Clorox Co,Consumer Goods & Retail,Consumer - Household & Personal Care,Primary
CMC,Commercial Metals Co,Commodities - Metals,Comm Metals - Industrial & Base Metals,Primary
CMC,Commercial Metals Co,Commodities - Metals,Comm Metals - Recycling & Circular Materials,Secondary
CMCSA,Comcast Corp,Telecommunications,"Telecom - 5G, Wireless & Carriers",Primary
CMCSA,Comcast Corp,Smart Home & IoT,"Smart Home - Connectivity, Security & Networking",Secondary
CME,Cme Group Inc.,FinTech & Digital Finance,FinTech - Exchanges & Market Infrastructure,Primary
CMG,"Chipotle Mexican Grill, Inc.",Consumer Goods & Retail,Consumer - Restaurants & Dining,Primary
CMI,Cummins Inc,Energy - Renewable,Energy Clean - Hydrogen & Fuel Cells,Primary
CMI,Cummins Inc,Transportation & Logistics,Transportation - Infrastructure & Equipment,Secondary
CMPS,Compass Pathways Plc,Healthcare & Biotech,"Healthcare - Regenerative Medicine, Psychedelics, Cannabis",Primary
CMS,CMS Energy Corp,Energy - Traditional,Energy Base - Utilities & Conventional Power Operators,Primary
CNC,Centene Corp,Healthcare & Biotech,"Healthcare - IT, Services & Data Infrastructure",Primary
CNH,Cnh Industrial N.V.,Agriculture & FoodTech,Agriculture - Precision Agriculture & Farm Automation,Primary
CNI,Canadian National Railway Co,Transportation & Logistics,Transportation - Freight Rail & Infrastructure,Primary
CNM,"Core & Main, Inc.",Industrials & Construction,Industrials - Distribution & Rental Services,Primary
CNM,"Core & Main, Inc.",Environmental Sustainability,Environmental - Water Infrastructure & Treatment,Secondary
CNO,"CNO Financial Group, Inc.",Financials - Traditional,Fin Trad - Insurance & Reinsurance,Primary
CNP,Centerpoint Energy Inc,Energy - Traditional,Energy Base - Utilities & Conventional Power Operators,Primary
CNP,Centerpoint Energy Inc,Commodities - Energy,Comm Energy - Natural Gas & LNG,Secondary
CNR,"Core Natural Resources, Inc.",Energy - Traditional,Energy Base - Coal & Thermal Power Generation,Primary
CNX,CNX Resources Corp,Energy - Traditional,Energy Base - Oil & Gas Exploration & Production,Primary
CNX,CNX Resources Corp,Commodities - Energy,Comm Energy - Natural Gas & LNG,Secondary
CNXC,Concentrix Corp,Business Services & Consulting,"Business Services - Outsourcing, Facilities & Testing",Primary
COF,Capital One Financial Corp,Financials - Traditional,"Fin Trad - Banks, Lending & Mortgage Finance",Primary
COF,Capital One Financial Corp,FinTech & Digital Finance,FinTech - Digital Payments & Merchant Infrastructure,Secondary
COHR,Coherent Corp.,Hardware,Hardware - Next-Gen & Specialty,Primary
COHU,Cohu Inc,Semiconductors,"Semis - Testing, Packaging & Assembly",Primary
COIN,"Coinbase Global, Inc.",FinTech & Digital Finance,"FinTech - Crypto, Blockchain & Tokenization",Primary
COIN,"Coinbase Global, Inc.",FinTech & Digital Finance,FinTech - Exchanges & Market Infrastructure,Secondary
COKE,"Coca-Cola Consolidated, Inc.",Consumer Goods & Retail,"Consumer - Health, Food & Beverages",Primary
COLB,"Columbia Banking System, Inc.",Financials - Traditional,"Fin Trad - Banks, Lending & Mortgage Finance",Primary
COLD,Americold Realty Trust,Transportation & Logistics,"Transportation - Logistics, Warehousing & Supply Chain Solutions",Primary
COLD,Americold Realty Trust,Real Estate & REITs,"Real Estate - E-Commerce, Warehousing & Logistics",Secondary
COLM,Columbia Sportswear Co,Consumer Goods & Retail,Consumer - Apparel & E-Commerce Retail,Primary
COO,"The Cooper Companies, Inc.",Healthcare & Biotech,Healthcare - Medical Devices & HealthTech Hardware,Primary
COP,Conocophillips,Energy - Traditional,Energy Base - Oil & Gas Exploration & Production,Primary
COP,Conocophillips,Commodities - Energy,Comm Energy - Crude Oil,Secondary
COR,"Cencora, Inc.",Healthcare & Biotech,"Healthcare - IT, Services & Data Infrastructure",Primary
CORZ,"Core Scientific, Inc./Tx",Crypto & Blockchain,Blockchain - Cryptocurrency Mining & Staking,Primary
COST,Costco Wholesale Corp /New,E-commerce,"E-commerce - Omnichannel Retailers, Online & Physical Stores",Primary
COST,Costco Wholesale Corp /New,Consumer Goods & Retail,"Consumer - Health, Food & Beverages",Secondary
COTY,Coty Inc.,Consumer Goods & Retail,Consumer - Household & Personal Care,Primary
COUR,"Coursera, Inc.",Software,Software - Vertical SaaS Platforms,Primary
COUR,"Coursera, Inc.",Education Technology,Education - Digital Curriculum,Secondary
CP,Canadian Pacific Kansas City Ltd/Cn,Transportation & Logistics,Transportation - Freight Rail & Infrastructure,Primary
CPAY,"Corpay, Inc.",FinTech & Digital Finance,FinTech - Digital Payments & Merchant Infrastructure,Primary
CPNG,"Coupang, Inc.",E-commerce,E-commerce - Grocery & Local Commerce Platforms,Primary
CPNG,"Coupang, Inc.",Software,Software - Vertical SaaS Platforms,Secondary
CPRI,Capri Holdings Ltd,Consumer Goods & Retail,Consumer - Modern Luxury & Lifestyle,Primary
CPRT,Copart Inc,Consumer Goods & Retail,Consumer - Resale & Sharing Platforms,Primary
CPT,Camden Property Trust,Real Estate & REITs,"Real Estate - Housing, Urban Living & Demographics",Primary
CQP,"Cheniere Energy Partners, L.P.",Commodities - Energy,Comm Energy - Natural Gas & LNG,Primary
CR,Crane Co,Industrials & Construction,"Industrials - Machinery, Flow Control & Components",Primary
CR,Crane Co,Defense & Aerospace,Defense - Next-Generation Aircraft & Maintenance,Secondary
CRBG,"Corebridge Financial, Inc.",Financials - Traditional,Fin Trad - Insurance & Reinsurance,Primary
CRH,CRH Plc,Industrials & Construction,Industrials - Construction Materials & Aggregates,Primary
CRL,"Charles River Laboratories International, Inc.",Healthcare & Biotech,"Healthcare - IT, Services & Data Infrastructure",Primary
CRL,"Charles River Laboratories International, Inc.",Healthcare & Biotech,Healthcare - Next-Gen Biotech Platforms,Secondary
CRM,"Salesforce, Inc.",Cloud Computing,Cloud - Horizontal SaaS & Cloud Applications,Primary
CRM,"Salesforce, Inc.",Cloud Computing,Cloud - Hyperscalers & Platforms,Secondary
CRNC,Cerence Inc.,Artificial Intelligence,"AI - Apps, Domain-Specific AI",Primary
CRON,Cronos Group Inc.,Healthcare & Biotech,"Healthcare - Regenerative Medicine, Psychedelics, Cannabis",Primary
CROX,"Crocs, Inc.",Consumer Goods & Retail,Consumer - Apparel & E-Commerce Retail,Primary
CRS,Carpenter Technology Corp,Defense & Aerospace,Defense - Secure Defense Supply Chains,Primary
CRS,Carpenter Technology Corp,Industrial Automation & Robotics,"Automation - Additive Manufacturing, 3D Printing",Secondary
CRSP,Crispr Therapeutics Ag,Healthcare & Biotech,Healthcare - Genomics & Personalized Medicine,Primary
CRSP,Crispr Therapeutics Ag,Healthcare & Biotech,Healthcare - Next-Gen Biotech Platforms,Secondary
CRSR,"Corsair Gaming, Inc.",Hardware,"Hardware - Consumer Electronics, PCs & Peripherals",Primary
CRTO,Criteo S.A.,E-commerce,E-commerce - Retail Media & Advertising,Primary
CRTO,Criteo S.A.,Digital Entertainment & Media,Entertainment - Advertising & Social Platforms,Secondary
CRUS,"Cirrus Logic, Inc.",Semiconductors,"Semis - Analog, Mixed-Signal & Power Management",Primary
CRWD,"Crowdstrike Holdings, Inc.",Cybersecurity,Cybersecurity - Application Security,Primary
CRWD,"Crowdstrike Holdings, Inc.",Cybersecurity,Cybersecurity - Cloud Security,Secondary
CSAN,Cosan S.A.,Commodities - Agriculture,Comm Agri - Softs & Plantation Crops,Primary
CSCO,"Cisco Systems, Inc.",Hardware,Hardware - Communications & Telecom,Primary
CSCO,"Cisco Systems, Inc.",Hardware,Hardware - Networking Equipment,Secondary
CSGP,"Costar Group, Inc.",Big Data & Analytics,"Big Data - Data Generation, Sourcing & Providers",Primary
CSIQ,Canadian Solar Inc.,Energy - Renewable,Energy Clean - Solar,Primary
CSL,Carlisle Companies Inc,Industrials & Construction,Industrials - Building Products & HVAC,Primary
CSX,Csx Corp,Transportation & Logistics,Transportation - Freight Rail & Infrastructure,Primary
CSX,Csx Corp,Transportation & Logistics,Transportation - Infrastructure & Equipment,Secondary
CTAS,Cintas Corp,Business Services & Consulting,"Business Services - Outsourcing, Facilities & Testing",Primary
CTGO,"Contango Ore, Inc.",Commodities - Metals,Comm Metals - Rare Earth & Strategic Materials,Primary
CTRE,"Caretrust REIT, Inc.",Real Estate & REITs,Real Estate - Healthcare & Senior Living,Primary
CTSH,Cognizant Technology Solutions Corp,Business Services & Consulting,Consulting,Primary
CTVA,"Corteva, Inc.",Agriculture & FoodTech,Agriculture - Agricultural Inputs & Crop Science,Primary
CTVA,"Corteva, Inc.",Commodities - Agriculture,"Comm Agri - Fertilizers, Crop Inputs & Seeds",Secondary
CUBE,Cubesmart,Real Estate & REITs,Real Estate - Retail & Consumer Real Estate,Primary
CUZ,Cousins Properties Inc,Real Estate & REITs,Real Estate - Office & Commercial Workspaces,Primary
CVLT,"Commvault Systems, Inc.",Cybersecurity,Cybersecurity - Cloud Security,Primary
CVLT,"Commvault Systems, Inc.",Cloud Computing,"Cloud - DevOps, Observability",Secondary
CVNA,Carvana Co.,Consumer Goods & Retail,Consumer - Resale & Sharing Platforms,Primary
CVS,Cvs Health Corp,Healthcare & Biotech,"Healthcare - IT, Services & Data Infrastructure",Primary
CVS,Cvs Health Corp,E-commerce,"E-commerce - Omnichannel Retailers, Online & Physical Stores",Secondary
CVSA,Covista Inc.,Education Technology,Education - Digital Curriculum,Primary
CVSA,Covista Inc.,Education Technology,Education - Workforce Training,Secondary
CVX,Chevron Corp,Energy - Traditional,Energy Base - Integrated Energy Majors,Primary
CVX,Chevron Corp,Energy - Traditional,Energy Base - Oil & Gas Exploration & Production,Secondary
CW,Curtiss Wright Corp,Defense & Aerospace,Defense - Secure Defense Supply Chains,Primary
CWCO,Consolidated Water Co. Ltd.,Environmental Sustainability,Environmental - Water Infrastructure & Treatment,Primary
CWEN,"Clearway Energy, Inc.",Energy - Renewable,Energy Clean - Utilities & Clean Power Operators,Primary
CWEN,"Clearway Energy, Inc.",Energy - Renewable,Energy Clean - Wind,Secondary
CWST,Casella Waste Systems Inc,Environmental Sustainability,Environmental - Waste Management & Recycling,Primary
CWT,California Water Service Group,Environmental Sustainability,Environmental - Water Infrastructure & Treatment,Primary
CXDO,"Crexendo, Inc.",Telecommunications,Telecom - Enterprise & Unified Communications,Primary
CXT,"Crane NXT, Co.",Hardware,Hardware - Industrial & IoT,Primary
CYTK,"Cytokinetics, Inc.",Healthcare & Biotech,Healthcare - Metabolic & Cardiometabolic,Primary
CZR,"Caesars Entertainment, Inc.",Digital Entertainment & Media,"Entertainment - Sports Betting, Wagering & Prediction Markets",Primary
CZR,"Caesars Entertainment, Inc.",Digital Entertainment & Media,Entertainment - iGaming & Online Gambling,Secondary
D,"Dominion Energy, Inc",Energy - Traditional,Energy Base - Utilities & Conventional Power Operators,Primary
D,"Dominion Energy, Inc",Energy - Renewable,Energy Clean - Wind,Secondary
DAC,Danaos Corp,Transportation & Logistics,Transportation - Marine Shipping & Ports,Primary
DAL,"Delta Air Lines, Inc.",Transportation & Logistics,Transportation - Air Travel & Passenger Transportation,Primary
DAN,Dana Inc,Electric Vehicles & Mobility,EVs - Key Suppliers & Autonomy Tech,Primary
DAR,Darling Ingredients Inc.,Commodities - Energy,Comm Energy - Biofuels & Renewable Fuels,Primary
DAR,Darling Ingredients Inc.,Energy - Renewable,Energy Clean - Fuels & Bioenergy,Secondary
DASH,"Doordash, Inc.",E-commerce,E-commerce - Grocery & Local Commerce Platforms,Primary
DASH,"Doordash, Inc.",E-commerce,"E-commerce - Omnichannel Retailers, Online & Physical Stores",Secondary
DAVE,Dave Inc./De,FinTech & Digital Finance,FinTech - Digital Banking & Neobanks,Primary
DBRG,"Digitalbridge Group, Inc.",Cloud Computing,Cloud - Data Centers & Infrastructure,Primary
DBX,"Dropbox, Inc.",Cloud Computing,Cloud - Horizontal SaaS & Cloud Applications,Primary
DCBO,Docebo Inc.,Education Technology,Education - Workforce Training,Primary
DCI,Donaldson Co Inc,Environmental Sustainability,Environmental - Clean Technologies & Pollution Control,Primary
DD,"Dupont De Nemours, Inc.",Nanotechnology,NanoTech - Consumer & Industrial Products,Primary
DD,"Dupont De Nemours, Inc.",Nanotechnology,NanoTech - Energy & Environment,Secondary
DDD,3D Systems Corp,Hardware,Hardware - Next-Gen & Specialty,Primary
DDD,3D Systems Corp,Hardware,Hardware - Printing & Imaging,Secondary
DDI,"Doubledown Interactive Co., Ltd.",Digital Entertainment & Media,Entertainment - Game Publishers & Developers,Primary
DDOG,"Datadog, Inc.",Cloud Computing,"Cloud - DevOps, Observability",Primary
DDOG,"Datadog, Inc.",Cloud Computing,Cloud - Multi-Cloud Management,Secondary
DE,Deere & Co,Agriculture & FoodTech,Agriculture - Precision Agriculture & Farm Automation,Primary
DE,Deere & Co,Transportation & Logistics,Transportation - Infrastructure & Equipment,Secondary
DECK,Deckers Outdoor Corp,Consumer Goods & Retail,Consumer - Apparel & E-Commerce Retail,Primary
DELL,Dell Technologies Inc.,Hardware,"Hardware - Consumer Electronics, PCs & Peripherals",Primary
DELL,Dell Technologies Inc.,Hardware,Hardware - Data Center Infrastructure & Servers,Secondary
DFTX,"Definium Therapeutics, Inc.  -",Healthcare & Biotech,"Healthcare - Regenerative Medicine, Psychedelics, Cannabis",Primary
DG,Dollar General Corp,E-commerce,"E-commerce - Omnichannel Retailers, Online & Physical Stores",Primary
DGII,Digi International Inc,Industrial Automation & Robotics,"Automation - Industrial IoT, Connectivity",Primary
DGII,Digi International Inc,Smart Home & IoT,"Smart Home & IoT - Devices, Sensors & Connectivity",Secondary
DGX,Quest Diagnostics Inc,Healthcare & Biotech,"Healthcare - Diagnostics, Biomarkers & Liquid Biopsy",Primary
DHI,"D.R. Horton, Inc.",Real Estate & REITs,"Real Estate - Housing, Urban Living & Demographics",Primary
DHR,Danaher Corp /De/,Healthcare & Biotech,"Healthcare - Diagnostics, Biomarkers & Liquid Biopsy",Primary
DHR,Danaher Corp /De/,Nanotechnology,NanoTech - Research Tools & Advanced Instruments,Secondary
DINO,Hf Sinclair Corp,Energy - Traditional,Energy Base - Refining & Midstream Infrastructure,Primary
DIS,Walt Disney Co,Digital Entertainment & Media,Entertainment - Video Streaming,Primary
DKNG,Draftkings Inc.,Digital Entertainment & Media,"Entertainment - Sports Betting, Wagering & Prediction Markets",Primary
DKNG,Draftkings Inc.,Digital Entertainment & Media,Entertainment - iGaming & Online Gambling,Secondary
DKS,"Dick's Sporting Goods, Inc.",E-commerce,"E-commerce - Omnichannel Retailers, Online & Physical Stores",Primary
DLB,"Dolby Laboratories, Inc.",Hardware,Hardware - Next-Gen & Specialty,Primary
DLB,"Dolby Laboratories, Inc.",Digital Entertainment & Media,Entertainment - Video Streaming,Secondary
DLO,Dlocal Ltd,FinTech & Digital Finance,FinTech - Digital Payments & Merchant Infrastructure,Primary
DLR,"Digital Realty Trust, Inc.",Cloud Computing,Cloud - Data Centers & Infrastructure,Primary
DLR,"Digital Realty Trust, Inc.",Big Data & Analytics,"Big Data - Analytics, AI Platforms & BI",Secondary
DLTR,"Dollar Tree, Inc.",E-commerce,"E-commerce - Omnichannel Retailers, Online & Physical Stores",Primary
DNA,"Ginkgo Bioworks Holdings, Inc.",Agriculture & FoodTech,Agriculture - Alternative Proteins,Primary
DNN,Denison Mines Corp.,Commodities - Energy,Comm Energy - Uranium & Nuclear Fuels,Primary
DOC,"Healthpeak Properties, Inc.",Real Estate & REITs,Real Estate - Healthcare & Senior Living,Primary
DOCN,"Digitalocean Holdings, Inc.",Cloud Computing,Cloud - Hyperscalers & Platforms,Primary
DOCS,"Doximity, Inc.",Healthcare & Biotech,"Healthcare - Digital Health, Telemedicine & Remote Care",Primary
DOCS,"Doximity, Inc.",Healthcare & Biotech,"Healthcare - IT, Services & Data Infrastructure",Secondary
DOCU,"Docusign, Inc.",Cloud Computing,Cloud - Horizontal SaaS & Cloud Applications,Primary
DOCU,"Docusign, Inc.",Software,"Software - Collaboration, CRM & Communications",Secondary
DOLE,Dole Plc,Commodities - Agriculture,Comm Agri - Softs & Plantation Crops,Primary
DOMO,"Domo, Inc.",Big Data & Analytics,"Big Data - Analytics, AI Platforms & BI",Primary
DOMO,"Domo, Inc.",Software,"Software - Data, Analytics & DevOps",Secondary
DOV,Dover Corp,Industrials & Construction,"Industrials - Machinery, Flow Control & Components",Primary
DOW,Dow Inc.,Industrials & Construction,Industrials - Chemicals & Advanced Materials,Primary
DPZ,"Domino's Pizza, Inc.",Consumer Goods & Retail,Consumer - Restaurants & Dining,Primary
DQ,Daqo New Energy Corp.,Energy - Renewable,Energy Clean - Solar,Primary
DRI,"Darden Restaurants, Inc.",Consumer Goods & Retail,Consumer - Restaurants & Dining,Primary
DSP,Viant Technology Inc.,Digital Entertainment & Media,Entertainment - Advertising & Social Platforms,Primary
DT,"Dynatrace, Inc.",Cloud Computing,"Cloud - DevOps, Observability",Primary
DT,"Dynatrace, Inc.",Software,"Software - Data, Analytics & DevOps",Secondary
DTE,Dte Energy Co,Energy - Traditional,Energy Base - Coal & Thermal Power Generation,Primary
DTM,"DT Midstream, Inc.",Energy - Traditional,Energy Base - Refining & Midstream Infrastructure,Primary
DTM,"DT Midstream, Inc.",Commodities - Energy,Comm Energy - Natural Gas & LNG,Secondary
DUK,Duke Energy Corp,Energy - Traditional,Energy Base - Utilities & Conventional Power Operators,Primary
DUK,Duke Energy Corp,Energy - Traditional,Energy Base - Coal & Thermal Power Generation,Secondary
DUOL,"Duolingo, Inc.",Education Technology,Education - Digital Curriculum,Primary
DUOL,"Duolingo, Inc.",Education Technology,"Education - Platforms, Infrastructure & Online Learning",Secondary
DV,"Doubleverify Holdings, Inc.",Artificial Intelligence,"AI - Ads, Search & Recommendations",Primary
DV,"Doubleverify Holdings, Inc.",Digital Entertainment & Media,Entertainment - Advertising & Social Platforms,Secondary
DVA,Davita Inc.,Healthcare & Biotech,"Healthcare - IT, Services & Data Infrastructure",Primary
DVN,Devon Energy Corp/De,Energy - Traditional,Energy Base - Oil & Gas Exploration & Production,Primary
DVN,Devon Energy Corp/De,Commodities - Energy,Comm Energy - Crude Oil,Secondary
DXCM,Dexcom Inc,Healthcare & Biotech,"Healthcare - Digital Health, Telemedicine & Remote Care",Primary
DXCM,Dexcom Inc,Healthcare & Biotech,Healthcare - Medical Devices & HealthTech Hardware,Secondary
DY,"Dycom Industries, Inc.",Industrials & Construction,Industrials - Engineering & Construction,Primary
DY,"Dycom Industries, Inc.",Telecommunications,Telecom - Infrastructure & Equipment,Secondary
E,Eni Spa,Energy - Traditional,Energy Base - Integrated Energy Majors,Primary
EA,Electronic Arts Inc.,Software,Software - Gaming & Platforms,Primary
EA,Electronic Arts Inc.,Digital Entertainment & Media,Entertainment - Game Publishers & Developers,Secondary
EBAY,Ebay Inc,E-commerce,E-commerce - Online Marketplaces & Recommerce,Primary
ECHO,EchoStar Corp,Telecommunications,Telecom - Satellite & Space Communication,Primary
ECL,Ecolab Inc.,Nanotechnology,NanoTech - Energy & Environment,Primary
ECL,Ecolab Inc.,Environmental Sustainability,Environmental - Clean Technologies & Pollution Control,Secondary
ED,"Consolidated Edison, Inc.",Energy - Traditional,Energy Base - Utilities & Conventional Power Operators,Primary
EEFT,"Euronet Worldwide, Inc.",FinTech & Digital Finance,FinTech - Digital Payments & Merchant Infrastructure,Primary
EFX,Equifax Inc,Big Data & Analytics,"Big Data - Data Generation, Sourcing & Providers",Primary
EG,"Everest Group, Ltd.",Financials - Traditional,Fin Trad - Insurance & Reinsurance,Primary
EGHT,8X8 Inc /De/,Telecommunications,Telecom - Enterprise & Unified Communications,Primary
EGP,Eastgroup Properties Inc,Real Estate & REITs,"Real Estate - E-Commerce, Warehousing & Logistics",Primary
EHC,Encompass Health Corp,Healthcare & Biotech,Healthcare - Senior Care & Longevity,Primary
EIX,Edison International,Energy - Traditional,Energy Base - Utilities & Conventional Power Operators,Primary
EL,Estee Lauder Companies Inc,E-commerce,E-commerce - Direct-to-Consumer,Primary
EL,Estee Lauder Companies Inc,Nanotechnology,NanoTech - Consumer & Industrial Products,Secondary
ELAN,Elanco Animal Health Inc,Healthcare & Biotech,Healthcare - Animal Health & Veterinary,Primary
ELAN,Elanco Animal Health Inc,Commodities - Agriculture,Comm Agri - Livestock & Animal Protein,Secondary
ELF,"E.L.F. Beauty, Inc.",Consumer Goods & Retail,Consumer - Household & Personal Care,Primary
ELS,Equity Lifestyle Properties Inc,Real Estate & REITs,"Real Estate - Housing, Urban Living & Demographics",Primary
ELV,"Elevance Health, Inc.",Healthcare & Biotech,"Healthcare - IT, Services & Data Infrastructure",Primary
EME,"Emcor Group, Inc.",Industrials & Construction,Industrials - Engineering & Construction,Primary
EME,"Emcor Group, Inc.",Cloud Computing,Cloud - Data Centers & Infrastructure,Secondary
EMR,Emerson Electric Co,Hardware,Hardware - Industrial & IoT,Primary
EMR,Emerson Electric Co,Industrial Automation & Robotics,Automation - Factory & Process Automation Systems,Secondary
ENB,Enbridge Inc,Energy - Traditional,Energy Base - Refining & Midstream Infrastructure,Primary
ENB,Enbridge Inc,Energy - Renewable,Energy Clean - Wind,Secondary
ENLT,Enlight Renewable Energy Ltd.,Energy - Renewable,Energy Clean - Wind,Primary
ENPH,"Enphase Energy, Inc.",Energy - Renewable,Energy Clean - Batteries & Storage,Primary
ENPH,"Enphase Energy, Inc.",Energy - Renewable,Energy Clean - Solar,Secondary
ENS,Enersys,Energy - Renewable,Energy Clean - Batteries & Storage,Primary
ENSG,"Ensign Group, Inc",Healthcare & Biotech,Healthcare - Senior Care & Longevity,Primary
ENTG,"Entegris, Inc.",Semiconductors,"Semis - Equipment, Lithography & Deposition",Primary
ENVX,Enovix Corp,Electric Vehicles & Mobility,EVs - Batteries & Materials,Primary
EOG,Eog Resources Inc,Energy - Traditional,Energy Base - Oil & Gas Exploration & Production,Primary
EOG,Eog Resources Inc,Commodities - Energy,Comm Energy - Crude Oil,Secondary
EOSE,"Eos Energy Enterprises, Inc.",Energy - Renewable,Energy Clean - Batteries & Storage,Primary
EPD,Enterprise Products Partners L.P.,Energy - Traditional,Energy Base - Refining & Midstream Infrastructure,Primary
EPR,EPR Properties,Real Estate & REITs,"Real Estate - Travel, Leisure & Entertainment Properties",Primary
EPRT,"Essential Properties Realty Trust, Inc.",Real Estate & REITs,Real Estate - Retail & Consumer Real Estate,Primary
EQH,"Equitable Holdings, Inc.",Financials - Traditional,Fin Trad - Insurance & Reinsurance,Primary
EQH,"Equitable Holdings, Inc.",Financials - Traditional,"Fin Trad - Asset Management, Custody & Alternatives",Secondary
EQIX,Equinix Inc,Telecommunications,Telecom - Cloud & Edge Connectivity,Primary
EQIX,Equinix Inc,Cloud Computing,Cloud - Data Centers & Infrastructure,Secondary
EQNR,Equinor Asa,Energy - Traditional,Energy Base - Integrated Energy Majors,Primary
EQT,Eqt Corp,Commodities - Energy,Comm Energy - Natural Gas & LNG,Primary
ERIC,Ericsson Lm Telephone Co,Hardware,Hardware - Communications & Telecom,Primary
ERIE,Erie Indemnity Co,Financials - Traditional,Fin Trad - Insurance & Reinsurance,Primary
ERII,"Energy Recovery, Inc.",Environmental Sustainability,Environmental - Clean Technologies & Pollution Control,Primary
ERO,Ero Copper Corp.,Commodities - Metals,Comm Metals - Industrial & Base Metals,Primary
ES,Eversource Energy,Energy - Traditional,Energy Base - Utilities & Conventional Power Operators,Primary
ESAB,ESAB Corp,Industrials & Construction,"Industrials - Machinery, Flow Control & Components",Primary
ESNT,Essent Group Ltd.,Financials - Traditional,Fin Trad - Insurance & Reinsurance,Primary
ESS,"Essex Property Trust, Inc.",Real Estate & REITs,"Real Estate - Housing, Urban Living & Demographics",Primary
ESTC,Elastic N.V.,Cybersecurity,Cybersecurity - Cloud Security,Primary
ESTC,Elastic N.V.,Cloud Computing,Cloud - Hyperscalers & Platforms,Secondary
ET,Energy Transfer Lp,Energy - Traditional,Energy Base - Refining & Midstream Infrastructure,Primary
ET,Energy Transfer Lp,Commodities - Energy,Comm Energy - Natural Gas & LNG,Secondary
ETN,Eaton Corp Plc,Energy - Renewable,Energy Clean - Smart Grid & Electrification,Primary
ETN,Eaton Corp Plc,Hardware,Hardware - Data Center Infrastructure & Servers,Secondary
ETOR,eToro Group Ltd. - Class A,FinTech & Digital Finance,FinTech - Trading Platforms & WealthTech,Primary
ETR,Entergy Corp /De/,Energy - Traditional,Energy Base - Utilities & Conventional Power Operators,Primary
ETSY,Etsy Inc,E-commerce,E-commerce - Online Marketplaces & Recommerce,Primary
EVER,"Everquote, Inc.",FinTech & Digital Finance,FinTech - InsurTech & Embedded Insurance,Primary
EVGO,Evgo Inc.,Electric Vehicles & Mobility,EVs - Charging & Infrastructure,Primary
EVH,"Evolent Health, Inc.",Healthcare & Biotech,"Healthcare - IT, Services & Data Infrastructure",Primary
EVLV,"Evolv Technologies Holdings, Inc.",Cybersecurity,"Cybersecurity - Identity, Biometrics & Access Management",Primary
EVR,Evercore Inc.,Financials - Traditional,Fin Trad - Capital Markets & Investment Banking,Primary
EVRG,"Evergy, Inc.",Energy - Traditional,Energy Base - Utilities & Conventional Power Operators,Primary
EW,Edwards Lifesciences Corp,Healthcare & Biotech,Healthcare - Medical Devices & HealthTech Hardware,Primary
EWBC,"East West Bancorp, Inc.",Financials - Traditional,"Fin Trad - Banks, Lending & Mortgage Finance",Primary
EXC,Exelon Corp,Energy - Renewable,Energy Clean - Smart Grid & Electrification,Primary
EXC,Exelon Corp,Energy - Renewable,Energy Clean - Utilities & Clean Power Operators,Secondary
EXE,Expand Energy Corp,Commodities - Energy,Comm Energy - Natural Gas & LNG,Primary
EXEL,"Exelixis, Inc.",Healthcare & Biotech,Healthcare - Oncology & Precision Cancer Therapeutics,Primary
EXK,Endeavour Silver Corp,Commodities - Metals,Comm Metals - Precious Metals,Primary
EXLS,"Exlservice Holdings, Inc.",Business Services & Consulting,"Business Services - Outsourcing, Facilities & Testing",Primary
EXLS,"Exlservice Holdings, Inc.",Artificial Intelligence,"AI - Apps, Domain-Specific AI",Secondary
EXP,Eagle Materials Inc.,Industrials & Construction,Industrials - Construction Materials & Aggregates,Primary
EXPD,Expeditors International Of Washington Inc,Transportation & Logistics,"Transportation - Logistics, Warehousing & Supply Chain Solutions",Primary
EXPE,"Expedia Group, Inc.",Consumer Goods & Retail,Consumer - Resale & Sharing Platforms,Primary
EXPE,"Expedia Group, Inc.",Real Estate & REITs,"Real Estate - Travel, Leisure & Entertainment Properties",Secondary
EXPO,"Exponent, Inc.",Business Services & Consulting,Consulting,Primary
EXR,Extra Space Storage Inc.,Real Estate & REITs,Real Estate - Retail & Consumer Real Estate,Primary
EXTR,Extreme Networks Inc,Hardware,Hardware - Networking Equipment,Primary
F,Ford Motor Co,Electric Vehicles & Mobility,EVs - Manufacturers,Primary
FAF,First American Financial Corp,Financials - Traditional,Fin Trad - Insurance & Reinsurance,Primary
FANG,"Diamondback Energy, Inc.",Energy - Traditional,Energy Base - Oil & Gas Exploration & Production,Primary
FANG,"Diamondback Energy, Inc.",Commodities - Energy,Comm Energy - Crude Oil,Secondary
FAST,Fastenal Co,Industrials & Construction,Industrials - Distribution & Rental Services,Primary
FATE,Fate Therapeutics Inc,Healthcare & Biotech,"Healthcare - Regenerative Medicine, Psychedelics, Cannabis",Primary
FBIN,"Fortune Brands Innovations, Inc.",Industrials & Construction,Industrials - Building Products & HVAC,Primary
FCEL,Fuelcell Energy Inc,Energy - Renewable,Energy Clean - Hydrogen & Fuel Cells,Primary
FCFS,"Firstcash Holdings, Inc.",Financials - Traditional,"Fin Trad - Banks, Lending & Mortgage Finance",Primary
FCN,"FTI Consulting, Inc.",Business Services & Consulting,Consulting,Primary
FCPT,"Four Corners Property Trust, Inc.",Real Estate & REITs,Real Estate - Retail & Consumer Real Estate,Primary
FCX,Freeport-Mcmoran Inc,Energy - Renewable,Energy Clean - Materials & Critical Metals,Primary
FCX,Freeport-Mcmoran Inc,Commodities - Metals,Comm Metals - Industrial & Base Metals,Secondary
FDS,Factset Research Systems Inc,Big Data & Analytics,"Big Data - Data Generation, Sourcing & Providers",Primary
FDX,Fedex Corp,Industrial Automation & Robotics,Automation - Smart Logistics & Warehouse Automation,Primary
FDX,Fedex Corp,Transportation & Logistics,"Transportation - Logistics, Warehousing & Supply Chain Solutions",Secondary
FDXF,FedEx Freight Corp,Transportation & Logistics,"Transportation - Trucking, LTL & Ground Freight",Primary
FE,Firstenergy Corp,Energy - Traditional,Energy Base - Utilities & Conventional Power Operators,Primary
FERG,Ferguson Enterprises Inc.,Industrials & Construction,Industrials - Distribution & Rental Services,Primary
FERG,Ferguson Enterprises Inc.,Industrials & Construction,Industrials - Building Products & HVAC,Secondary
FF,Futurefuel Corp.,Commodities - Agriculture,"Comm Agri - Grains, Oilseeds & Softs",Primary
FFIN,"First Financial Bankshares, Inc.",Financials - Traditional,"Fin Trad - Banks, Lending & Mortgage Finance",Primary
FFIV,"F5, Inc.",Cybersecurity,Cybersecurity - Application Security,Primary
FFIV,"F5, Inc.",Cloud Computing,Cloud - Multi-Cloud Management,Secondary
FHI,"Federated Hermes, Inc.",Financials - Traditional,"Fin Trad - Asset Management, Custody & Alternatives",Primary
FHN,First Horizon Corp,Financials - Traditional,"Fin Trad - Banks, Lending & Mortgage Finance",Primary
FICO,Fair Isaac Corp,Big Data & Analytics,"Big Data - Analytics, AI Platforms & BI",Primary
FIG,"Figma, Inc. Class A",Software,Software - Vertical SaaS Platforms,Primary
FIS,"Fidelity National Information Services, Inc.",FinTech & Digital Finance,FinTech - Digital Banking & Neobanks,Primary
FIS,"Fidelity National Information Services, Inc.",FinTech & Digital Finance,FinTech - Digital Payments & Merchant Infrastructure,Secondary
FISV,"Fiserv, Inc. -",FinTech & Digital Finance,FinTech - Digital Payments & Merchant Infrastructure,Primary
FITB,Fifth Third Bancorp,Financials - Traditional,"Fin Trad - Banks, Lending & Mortgage Finance",Primary
FIVE,"Five Below, Inc.",E-commerce,"E-commerce - Omnichannel Retailers, Online & Physical Stores",Primary
FIX,"Comfort Systems USA, Inc.",Industrials & Construction,Industrials - Engineering & Construction,Primary
FIX,"Comfort Systems USA, Inc.",Cloud Computing,Cloud - Data Centers & Infrastructure,Secondary
FLEX,Flex Ltd.,Hardware,Hardware - Data Center Infrastructure & Servers,Primary
FLEX,Flex Ltd.,Industrial Automation & Robotics,Automation - Factory & Process Automation Systems,Secondary
FLG,"Flagstar Financial, Inc.",Financials - Traditional,"Fin Trad - Banks, Lending & Mortgage Finance",Primary
FLNC,"Fluence Energy, Inc.",Energy - Renewable,Energy Clean - Batteries & Storage,Primary
FLO,"Flowers Foods, Inc.",Consumer Goods & Retail,"Consumer - Health, Food & Beverages",Primary
FLR,Fluor Corp,Industrials & Construction,Industrials - Engineering & Construction,Primary
FLS,Flowserve Corp,Industrials & Construction,"Industrials - Machinery, Flow Control & Components",Primary
FLUT,Flutter Entertainment Plc,Digital Entertainment & Media,"Entertainment - Sports Betting, Wagering & Prediction Markets",Primary
FLUT,Flutter Entertainment Plc,Digital Entertainment & Media,Entertainment - iGaming & Online Gambling,Secondary
FLY,Firefly Aerospace Inc. -,Space Tech,"Space - Infrastructure, Exploration & Launch",Primary
FMC,Fmc Corp,Agriculture & FoodTech,Agriculture - Agricultural Inputs & Crop Science,Primary
FMC,Fmc Corp,Commodities - Agriculture,"Comm Agri - Fertilizers, Crop Inputs & Seeds",Secondary
FN,Fabrinet,Hardware,Hardware - Communications & Telecom,Primary
FN,Fabrinet,Hardware,Hardware - Data Center Infrastructure & Servers,Secondary
FNB,F.N.B. Corp,Financials - Traditional,"Fin Trad - Banks, Lending & Mortgage Finance",Primary
FND,"Floor & Decor Holdings, Inc.",E-commerce,"E-commerce - Omnichannel Retailers, Online & Physical Stores",Primary
FND,"Floor & Decor Holdings, Inc.",Industrials & Construction,Industrials - Building Products & HVAC,Secondary
FNF,"Fidelity National Financial, Inc.",Financials - Traditional,Fin Trad - Insurance & Reinsurance,Primary
FNV,Franco Nevada Corp,Commodities - Metals,Comm Metals - Gold,Primary
FNV,Franco Nevada Corp,Commodities - Metals,Comm Metals - Precious Metals,Secondary
FORM,Formfactor Inc,Semiconductors,"Semis - Testing, Packaging & Assembly",Primary
FOUR,"Shift4 Payments, Inc.",FinTech & Digital Finance,FinTech - Digital Payments & Merchant Infrastructure,Primary
FOXA,Fox Corp,Digital Entertainment & Media,Entertainment - Video Streaming,Primary
FOXA,Fox Corp,Digital Entertainment & Media,Entertainment - Advertising & Social Platforms,Secondary
FR,"First Industrial Realty Trust, Inc.",Real Estate & REITs,"Real Estate - E-Commerce, Warehousing & Logistics",Primary
FROG,Jfrog Ltd,Cloud Computing,"Cloud - DevOps, Observability",Primary
FROG,Jfrog Ltd,Software,"Software - Data, Analytics & DevOps",Secondary
FRSH,Freshworks Inc.,Software,"Software - Collaboration, CRM & Communications",Primary
FRT,Federal Realty Investment Trust,Real Estate & REITs,Real Estate - Retail & Consumer Real Estate,Primary
FSLR,"First Solar, Inc.",Energy - Renewable,Energy Clean - Solar,Primary
FSLR,"First Solar, Inc.",Nanotechnology,NanoTech - Energy & Environment,Secondary
FSLY,"Fastly, Inc.",Telecommunications,Telecom - Cloud & Edge Connectivity,Primary
FSLY,"Fastly, Inc.",Cloud Computing,Cloud - Data Centers & Infrastructure,Secondary
FTEK,"Fuel Tech, Inc.",Environmental Sustainability,Environmental - Clean Technologies & Pollution Control,Primary
FTI,Technipfmc Plc,Energy - Traditional,Energy Base - Oilfield Services & Equipment,Primary
FTNT,"Fortinet, Inc.",Industrial Automation & Robotics,"Automation - Industrial IoT, Connectivity",Primary
FTNT,"Fortinet, Inc.",Cybersecurity,Cybersecurity - Application Security,Secondary
FTV,Fortive Corp,Industrial Automation & Robotics,Automation - Industrial Sensors & Machine Vision,Primary
FTV,Fortive Corp,Hardware,Hardware - Industrial & IoT,Secondary
FWRD,Forward Air Corp,Transportation & Logistics,"Transportation - Logistics, Warehousing & Supply Chain Solutions",Primary
G,Genpact Limited,Business Services & Consulting,"Business Services - Outsourcing, Facilities & Testing",Primary
G,Genpact Limited,Artificial Intelligence,"AI - Apps, Domain-Specific AI",Secondary
GAP,"Gap, Inc.",Consumer Goods & Retail,Consumer - Apparel & E-Commerce Retail,Primary
GATX,GATX Corp,Transportation & Logistics,Transportation - Freight Rail & Infrastructure,Primary
GBCI,"Glacier Bancorp, Inc.",Financials - Traditional,"Fin Trad - Banks, Lending & Mortgage Finance",Primary
GD,General Dynamics Corp,Defense & Aerospace,Defense - Cyber Defense & Electronic Warfare,Primary
GD,General Dynamics Corp,Defense & Aerospace,Defense - Secure Defense Supply Chains,Secondary
GDDY,Godaddy Inc.,E-commerce,E-commerce - Platforms,Primary
GDRX,"Goodrx Holdings, Inc.",Healthcare & Biotech,"Healthcare - IT, Services & Data Infrastructure",Primary
GE,General Electric Co,Defense & Aerospace,Defense - Next-Generation Aircraft & Maintenance,Primary
GE,General Electric Co,Defense & Aerospace,Defense - Secure Defense Supply Chains,Secondary
GEF,"Greif, Inc.",Industrials & Construction,Industrials - Packaging & Containers,Primary
GEHC,Ge Healthcare Technologies Inc.,Healthcare & Biotech,Healthcare - Medical Devices & HealthTech Hardware,Primary
GEHC,Ge Healthcare Technologies Inc.,Healthcare & Biotech,Healthcare - Senior Care & Longevity,Secondary
GEN,Gen Digital Inc.,Cybersecurity,"Cybersecurity - Endpoint, Identity & Zero Trust",Primary
GENI,Genius Sports Ltd,Digital Entertainment & Media,"Entertainment - Sports Betting, Wagering & Prediction Markets",Primary
GERN,Geron Corp,Healthcare & Biotech,Healthcare - Age-Related & Longevity Therapeutics,Primary
GEV,Ge Vernova Inc.,Energy - Traditional,Energy Base - Nuclear Power & Advanced Reactors,Primary
GEV,Ge Vernova Inc.,Energy - Renewable,Energy Clean - Smart Grid & Electrification,Secondary
GEVO,"Gevo, Inc.",Commodities - Energy,Comm Energy - Biofuels & Renewable Fuels,Primary
GEVO,"Gevo, Inc.",Energy - Renewable,Energy Clean - Fuels & Bioenergy,Secondary
GFI,Gold Fields Ltd,Commodities - Metals,Comm Metals - Gold,Primary
GFL,Gfl Environmental Inc.,Environmental Sustainability,Environmental - Waste Management & Recycling,Primary
GFS,Globalfoundries Inc.,Semiconductors,"Semis - Logic & CPUs, GPUs, Accelerators",Primary
GGG,Graco Inc.,Industrials & Construction,"Industrials - Machinery, Flow Control & Components",Primary
GGRP,"The Glimpse Group, Inc.",Hardware,Hardware - Next-Gen & Specialty,Primary
GH,"Guardant Health, Inc.",Healthcare & Biotech,"Healthcare - Diagnostics, Biomarkers & Liquid Biopsy",Primary
GH,"Guardant Health, Inc.",Healthcare & Biotech,Healthcare - Genomics & Personalized Medicine,Secondary
GHC,Graham Holdings Co,Education Technology,Education - Digital Curriculum,Primary
GHRS,Gh Research Plc,Healthcare & Biotech,"Healthcare - Regenerative Medicine, Psychedelics, Cannabis",Primary
GILD,"Gilead Sciences, Inc.",Healthcare & Biotech,Healthcare - Oncology & Precision Cancer Therapeutics,Primary
GILD,"Gilead Sciences, Inc.",Healthcare & Biotech,"Healthcare - Regenerative Medicine, Psychedelics, Cannabis",Secondary
GIS,General Mills Inc,Consumer Goods & Retail,"Consumer - Health, Food & Beverages",Primary
GL,Globe Life Inc.,Financials - Traditional,Fin Trad - Insurance & Reinsurance,Primary
GLPI,"Gaming & Leisure Properties, Inc.",Real Estate & REITs,"Real Estate - Travel, Leisure & Entertainment Properties",Primary
GLW,Corning Inc /Ny,Telecommunications,Telecom - Infrastructure & Equipment,Primary
GM,General Motors Co,Transportation & Logistics,Transportation - Urban Mobility & Emerging Transport Tech,Primary
GM,General Motors Co,Electric Vehicles & Mobility,EVs - Manufacturers,Secondary
GME,Gamestop Corp,E-commerce,"E-commerce - Omnichannel Retailers, Online & Physical Stores",Primary
GMED,Globus Medical Inc,Industrial Automation & Robotics,Robotics - Medical & Surgical Robotics,Primary
GNK,Genco Shipping & Trading Ltd,Transportation & Logistics,Transportation - Marine Shipping & Ports,Primary
GNRC,Generac Holdings Inc.,Energy - Renewable,Energy Clean - Batteries & Storage,Primary
GNRC,Generac Holdings Inc.,Smart Home & IoT,Smart Home - Energy & Utilities,Secondary
GNTX,Gentex Corp,Electric Vehicles & Mobility,EVs - Key Suppliers & Autonomy Tech,Primary
GOOGL,Alphabet Inc.,Artificial Intelligence,"AI - Ads, Search & Recommendations",Primary
GOOGL,Alphabet Inc.,Cloud Computing,Cloud - Hyperscalers & Platforms,Secondary
GPC,Genuine Parts Co,Industrials & Construction,Industrials - Distribution & Rental Services,Primary
GPC,Genuine Parts Co,E-commerce,"E-commerce - Omnichannel Retailers, Online & Physical Stores",Secondary
GPCR,Structure Therapeutics Inc.,Healthcare & Biotech,Healthcare - Metabolic & Cardiometabolic,Primary
GPK,Graphic Packaging Holding Co,Industrials & Construction,Industrials - Packaging & Containers,Primary
GPN,Global Payments Inc,FinTech & Digital Finance,FinTech - Digital Payments & Merchant Infrastructure,Primary
GPRE,Green Plains Inc.,Energy - Renewable,Energy Clean - Fuels & Bioenergy,Primary
GPRE,Green Plains Inc.,Commodities - Agriculture,"Comm Agri - Grains, Oilseeds & Softs",Secondary
GRMN,Garmin Ltd,Hardware,"Hardware - Consumer Electronics, PCs & Peripherals",Primary
GRMN,Garmin Ltd,Smart Home & IoT,"Smart Home & IoT - Devices, Sensors & Connectivity",Secondary
GS,"Goldman Sachs Group, Inc.",Financials - Traditional,Fin Trad - Capital Markets & Investment Banking,Primary
GSAT,"Globalstar, Inc.",Telecommunications,Telecom - Satellite & Space Communication,Primary
GSAT,"Globalstar, Inc.",Space Tech,"Space - Infrastructure, Exploration & Launch",Secondary
GSL,"Global Ship Lease, Inc.",Transportation & Logistics,Transportation - Marine Shipping & Ports,Primary
GT,Goodyear Tire & Rubber Co,Electric Vehicles & Mobility,EVs - Key Suppliers & Autonomy Tech,Primary
GTLB,Gitlab Inc.,Cloud Computing,"Cloud - DevOps, Observability",Primary
GTLB,Gitlab Inc.,Software,"Software - Data, Analytics & DevOps",Secondary
GTLS,"Chart Industries, Inc.",Industrials & Construction,"Industrials - Machinery, Flow Control & Components",Primary
GTLS,"Chart Industries, Inc.",Commodities - Energy,Comm Energy - Natural Gas & LNG,Secondary
GWH,"Ess Tech, Inc.",Energy - Renewable,Energy Clean - Batteries & Storage,Primary
GWRE,"Guidewire Software, Inc.",FinTech & Digital Finance,FinTech - InsurTech & Embedded Insurance,Primary
GWRE,"Guidewire Software, Inc.",Software,Software - Vertical SaaS Platforms,Secondary
GWW,"W.W. Grainger, Inc.",Industrials & Construction,Industrials - Distribution & Rental Services,Primary
GXO,"Gxo Logistics, Inc.",Industrial Automation & Robotics,Automation - Smart Logistics & Warehouse Automation,Primary
GXO,"Gxo Logistics, Inc.",Transportation & Logistics,"Transportation - Logistics, Warehousing & Supply Chain Solutions",Secondary
H,Hyatt Hotels Corp,Real Estate & REITs,"Real Estate - Travel, Leisure & Entertainment Properties",Primary
HAE,Haemonetics Corp,Healthcare & Biotech,Healthcare - Medical Devices & HealthTech Hardware,Primary
HAIN,Hain Celestial Group Inc,Consumer Goods & Retail,"Consumer - Health, Food & Beverages",Primary
HAL,Halliburton Co,Energy - Traditional,Energy Base - Oilfield Services & Equipment,Primary
HALO,"Halozyme Therapeutics, Inc.",Healthcare & Biotech,Healthcare - Next-Gen Biotech Platforms,Primary
HALO,"Halozyme Therapeutics, Inc.",Nanotechnology,NanoTech - Nanomedicine & Drug Delivery,Secondary
HAS,"Hasbro, Inc.",Consumer Goods & Retail,Consumer - Modern Luxury & Lifestyle,Primary
HAS,"Hasbro, Inc.",Digital Entertainment & Media,Entertainment - Game Publishers & Developers,Secondary
HBAN,Huntington Bancshares Inc,Financials - Traditional,"Fin Trad - Banks, Lending & Mortgage Finance",Primary
HCA,"HCA Healthcare, Inc.",Healthcare & Biotech,"Healthcare - IT, Services & Data Infrastructure",Primary
HCAT,"Health Catalyst, Inc.",Healthcare & Biotech,"Healthcare - IT, Services & Data Infrastructure",Primary
HCC,"Warrior Met Coal, Inc.",Energy - Traditional,Energy Base - Coal & Thermal Power Generation,Primary
HD,"Home Depot, Inc.",E-commerce,"E-commerce - Omnichannel Retailers, Online & Physical Stores",Primary
HD,"Home Depot, Inc.",E-commerce,E-commerce - Retail Media & Advertising,Secondary
HEI,Heico Corp,Defense & Aerospace,Defense - Next-Generation Aircraft & Maintenance,Primary
HEI,Heico Corp,Defense & Aerospace,Defense - Secure Defense Supply Chains,Secondary
HELP,Cybin Inc. -,Healthcare & Biotech,"Healthcare - Regenerative Medicine, Psychedelics, Cannabis",Primary
HGV,Hilton Grand Vacations Inc.,Real Estate & REITs,"Real Estate - Travel, Leisure & Entertainment Properties",Primary
HIG,"Hartford Insurance Group, Inc.",Financials - Traditional,Fin Trad - Insurance & Reinsurance,Primary
HII,"Huntington Ingalls Industries, Inc.",Defense & Aerospace,Defense - Secure Defense Supply Chains,Primary
HII,"Huntington Ingalls Industries, Inc.",Transportation & Logistics,Transportation - Marine Shipping & Ports,Secondary
HIMS,"Hims & Hers Health, Inc.",Healthcare & Biotech,"Healthcare - Digital Health, Telemedicine & Remote Care",Primary
HIMS,"Hims & Hers Health, Inc.",Healthcare & Biotech,Healthcare - Healthy Aging & Nutrition,Secondary
HIPO,Hippo Holdings Inc.,FinTech & Digital Finance,FinTech - InsurTech & Embedded Insurance,Primary
HIW,"Highwoods Properties, Inc.",Real Estate & REITs,Real Estate - Office & Commercial Workspaces,Primary
HL,Hecla Mining Co/De/,Commodities - Metals,Comm Metals - Precious Metals,Primary
HLF,Herbalife Ltd.,Consumer Goods & Retail,"Consumer - Health, Food & Beverages",Primary
HLI,"Houlihan Lokey, Inc.",Financials - Traditional,Fin Trad - Capital Markets & Investment Banking,Primary
HLN,Haleon Plc,Consumer Goods & Retail,"Consumer - Health, Food & Beverages",Primary
HLNE,Hamilton Lane Inc,Financials - Traditional,"Fin Trad - Asset Management, Custody & Alternatives",Primary
HLT,Hilton Worldwide Holdings Inc.,Real Estate & REITs,"Real Estate - Travel, Leisure & Entertainment Properties",Primary
HNRG,Hallador Energy Co,Energy - Traditional,Energy Base - Coal & Thermal Power Generation,Primary
HOG,"Harley-Davidson, Inc.",Consumer Goods & Retail,Consumer - Modern Luxury & Lifestyle,Primary
HOMB,"Home Bancshares, Inc.",Financials - Traditional,"Fin Trad - Banks, Lending & Mortgage Finance",Primary
HON,Honeywell International Inc,Hardware,Hardware - Industrial & IoT,Primary
HON,Honeywell International Inc,Industrial Automation & Robotics,Automation - Factory & Process Automation Systems,Secondary
HONA,Honeywell Aerospace Inc.,Defense & Aerospace,Defense - Next-Generation Aircraft & Maintenance,Primary
HONA,Honeywell Aerospace Inc.,Defense & Aerospace,Defense - Secure Defense Supply Chains,Secondary
HOOD,"Robinhood Markets, Inc.",FinTech & Digital Finance,FinTech - Trading Platforms & WealthTech,Primary
HOOD,"Robinhood Markets, Inc.",Crypto & Blockchain,"Blockchain - Platforms, Tokenization & Financial Services",Secondary
HPE,Hewlett Packard Enterprise Co,Hardware,Hardware - Communications & Telecom,Primary
HPE,Hewlett Packard Enterprise Co,Hardware,Hardware - Networking Equipment,Secondary
HPQ,Hp Inc,Hardware,"Hardware - Consumer Electronics, PCs & Peripherals",Primary
HQY,"Healthequity, Inc.",Healthcare & Biotech,"Healthcare - IT, Services & Data Infrastructure",Primary
HR,Healthcare Realty Trust Inc,Real Estate & REITs,Real Estate - Healthcare & Senior Living,Primary
HRB,"H&R Block, Inc.",Business Services & Consulting,"Business Services - Outsourcing, Facilities & Testing",Primary
HRL,Hormel Foods Corp /De/,Commodities - Agriculture,Comm Agri - Livestock & Animal Protein,Primary
HSAI,Hesai Group,Electric Vehicles & Mobility,EVs - Autonomous Driving & Fleet,Primary
HSIC,"Henry Schein, Inc.",Healthcare & Biotech,"Healthcare - IT, Services & Data Infrastructure",Primary
HST,"Host Hotels & Resorts, Inc.",Real Estate & REITs,"Real Estate - Travel, Leisure & Entertainment Properties",Primary
HSY,Hershey Co,Commodities - Agriculture,Comm Agri - Softs & Plantation Crops,Primary
HTOO,Fusion Fuel Green Plc,Energy - Renewable,Energy Clean - Hydrogen & Fuel Cells,Primary
HUBB,Hubbell Inc,Energy - Renewable,Energy Clean - Smart Grid & Electrification,Primary
HUBG,"Hub Group, Inc.",Transportation & Logistics,"Transportation - Logistics, Warehousing & Supply Chain Solutions",Primary
HUBS,Hubspot Inc,Cloud Computing,Cloud - Horizontal SaaS & Cloud Applications,Primary
HUBS,Hubspot Inc,Software,"Software - Collaboration, CRM & Communications",Secondary
HUM,Humana Inc.,Healthcare & Biotech,"Healthcare - IT, Services & Data Infrastructure",Primary
HUT,Hut 8 Corp.,Crypto & Blockchain,Blockchain - Cryptocurrency Mining & Staking,Primary
HWC,Hancock Whitney Corp,Financials - Traditional,"Fin Trad - Banks, Lending & Mortgage Finance",Primary
HWM,Howmet Aerospace Inc.,Defense & Aerospace,Defense - Secure Defense Supply Chains,Primary
HXL,Hexcel Corp /De/,Defense & Aerospace,Defense - Secure Defense Supply Chains,Primary
HYFM,"Hydrofarm Holdings Group, Inc.",Agriculture & FoodTech,Agriculture - Precision Agriculture & Farm Automation,Primary
IBKR,"Interactive Brokers Group, Inc.",FinTech & Digital Finance,FinTech - Trading Platforms & WealthTech,Primary
IBM,International Business Machines Corp,Hardware,Hardware - Data Center Infrastructure & Servers,Primary
IBM,International Business Machines Corp,Cybersecurity,Cybersecurity - Cloud Security,Secondary
IBOC,International Bancshares Corp,Financials - Traditional,"Fin Trad - Banks, Lending & Mortgage Finance",Primary
ICE,"Intercontinental Exchange, Inc.",FinTech & Digital Finance,FinTech - Exchanges & Market Infrastructure,Primary
ICE,"Intercontinental Exchange, Inc.",Big Data & Analytics,"Big Data - Data Generation, Sourcing & Providers",Secondary
IDA,"Idacorp, Inc.",Energy - Traditional,Energy Base - Utilities & Conventional Power Operators,Primary
IDCC,"Interdigital, Inc.",Semiconductors,Semis - Wireless & Connectivity,Primary
IDCC,"Interdigital, Inc.",Telecommunications,"Telecom - 5G, Wireless & Carriers",Secondary
IDN,"Intellicheck, Inc.",Cybersecurity,"Cybersecurity - Identity, Biometrics & Access Management",Primary
IDXX,"Idexx Laboratories, Inc.",Healthcare & Biotech,Healthcare - Animal Health & Veterinary,Primary
IDXX,"Idexx Laboratories, Inc.",Healthcare & Biotech,"Healthcare - Diagnostics, Biomarkers & Liquid Biopsy",Secondary
IEX,IDEX Corp,Industrials & Construction,"Industrials - Machinery, Flow Control & Components",Primary
IFF,International Flavors & Fragrances Inc.,Industrials & Construction,Industrials - Chemicals & Advanced Materials,Primary
IFF,International Flavors & Fragrances Inc.,Consumer Goods & Retail,"Consumer - Health, Food & Beverages",Secondary
ILMN,"Illumina, Inc.",Healthcare & Biotech,"Healthcare - Diagnostics, Biomarkers & Liquid Biopsy",Primary
ILMN,"Illumina, Inc.",Healthcare & Biotech,Healthcare - Genomics & Personalized Medicine,Secondary
IMMR,Immersion Corp,Hardware,"Hardware - Consumer Electronics, PCs & Peripherals",Primary
INCY,Incyte Corp,Healthcare & Biotech,Healthcare - Oncology & Precision Cancer Therapeutics,Primary
INFY,Infosys Ltd,Business Services & Consulting,Consulting,Primary
INGR,Ingredion Inc,Agriculture & FoodTech,Agriculture - Alternative Proteins,Primary
INGR,Ingredion Inc,Consumer Goods & Retail,"Consumer - Health, Food & Beverages",Secondary
INOD,Innodata Inc,Artificial Intelligence,"AI - Apps, Domain-Specific AI",Primary
INSE,"Inspired Entertainment, Inc.",Digital Entertainment & Media,Entertainment - iGaming & Online Gambling,Primary
INTC,Intel Corp,Semiconductors,Semis - Emerging Technologies,Primary
INTC,Intel Corp,Semiconductors,"Semis - Logic & CPUs, GPUs, Accelerators",Secondary
INTU,Intuit Inc.,Cloud Computing,Cloud - Horizontal SaaS & Cloud Applications,Primary
INTU,Intuit Inc.,Software,"Software - Collaboration, CRM & Communications",Secondary
INVH,Invitation Homes Inc.,Real Estate & REITs,"Real Estate - Housing, Urban Living & Demographics",Primary
INVZ,Innoviz Technologies Ltd.,Industrial Automation & Robotics,Robotics - Sensors & Vision Systems,Primary
INVZ,Innoviz Technologies Ltd.,Electric Vehicles & Mobility,EVs - Autonomous Driving & Fleet,Secondary
IONQ,"Ionq, Inc.",Semiconductors,Semis - Emerging Technologies,Primary
IONQ,"Ionq, Inc.",Hardware,Hardware - Next-Gen & Specialty,Secondary
IOT,Samsara Inc.,Hardware,Hardware - Industrial & IoT,Primary
IOT,Samsara Inc.,Industrial Automation & Robotics,"Automation - Industrial IoT, Connectivity",Secondary
IP,International Paper Co,Industrials & Construction,Industrials - Packaging & Containers,Primary
IPGP,IPG Photonics Corp,Hardware,Hardware - Next-Gen & Specialty,Primary
IPGP,IPG Photonics Corp,Industrial Automation & Robotics,Automation - Industrial Sensors & Machine Vision,Secondary
IPX,Iperionx Ltd,Commodities - Metals,Comm Metals - Rare Earth & Strategic Materials,Primary
IQV,Iqvia Holdings Inc.,Healthcare & Biotech,"Healthcare - IT, Services & Data Infrastructure",Primary
IQV,Iqvia Holdings Inc.,Big Data & Analytics,"Big Data - Data Generation, Sourcing & Providers",Secondary
IR,Ingersoll Rand Inc.,Industrials & Construction,"Industrials - Machinery, Flow Control & Components",Primary
IRDM,Iridium Communications Inc.,Defense & Aerospace,Defense - Space Technology & Satellite Services,Primary
IRDM,Iridium Communications Inc.,Telecommunications,Telecom - Satellite & Space Communication,Secondary
IREN,Iren Ltd,Crypto & Blockchain,Blockchain - Cryptocurrency Mining & Staking,Primary
IRM,Iron Mountain Inc,Cloud Computing,Cloud - Data Centers & Infrastructure,Primary
IRM,Iron Mountain Inc,Real Estate & REITs,Real Estate - Digital Infrastructure,Secondary
IRT,"Independence Realty Trust, Inc.",Real Estate & REITs,"Real Estate - Housing, Urban Living & Demographics",Primary
IRTC,"Irhythm Technologies, Inc.",Healthcare & Biotech,"Healthcare - Digital Health, Telemedicine & Remote Care",Primary
IRTC,"Irhythm Technologies, Inc.",Healthcare & Biotech,Healthcare - Medical Devices & HealthTech Hardware,Secondary
ISRG,Intuitive Surgical Inc,Industrial Automation & Robotics,Robotics - Medical & Surgical Robotics,Primary
ISRG,Intuitive Surgical Inc,Hardware,Hardware - Next-Gen & Specialty,Secondary
IT,"Gartner, Inc.",Business Services & Consulting,Consulting,Primary
IT,"Gartner, Inc.",Big Data & Analytics,"Big Data - Data Generation, Sourcing & Providers",Secondary
ITRI,"Itron, Inc.",Energy - Renewable,Energy Clean - Smart Grid & Electrification,Primary
ITRI,"Itron, Inc.",Smart Home & IoT,Smart Home - Energy & Utilities,Secondary
ITT,ITT Inc.,Industrials & Construction,"Industrials - Machinery, Flow Control & Components",Primary
ITW,Illinois Tool Works Inc.,Industrials & Construction,"Industrials - Machinery, Flow Control & Components",Primary
IVZ,Invesco Ltd.,Financials - Traditional,"Fin Trad - Asset Management, Custody & Alternatives",Primary
J,Jacobs Solutions Inc.,Industrials & Construction,Industrials - Engineering & Construction,Primary
J,Jacobs Solutions Inc.,Business Services & Consulting,Consulting,Secondary
JAZZ,Jazz Pharmaceuticals Plc,Healthcare & Biotech,"Healthcare - Regenerative Medicine, Psychedelics, Cannabis",Primary
JBHT,Hunt J B Transport Services Inc,Transportation & Logistics,"Transportation - Trucking, LTL & Ground Freight",Primary
JBL,Jabil Inc.,Hardware,Hardware - Data Center Infrastructure & Servers,Primary
JBL,Jabil Inc.,Industrial Automation & Robotics,Automation - Factory & Process Automation Systems,Secondary
JBS,JBS N.V. Class A,Commodities - Agriculture,Comm Agri - Livestock & Animal Protein,Primary
JCI,Johnson Controls International Plc,Smart Home & IoT,"Smart Home - Connectivity, Security & Networking",Primary
JCI,Johnson Controls International Plc,Environmental Sustainability,Environmental - Climate Technologies & Carbon Solutions,Secondary
JD,"Jd.Com, Inc.",Software,Software - Vertical SaaS Platforms,Primary
JEF,Jefferies Financial Group Inc.,Financials - Traditional,Fin Trad - Capital Markets & Investment Banking,Primary
JHG,Janus Henderson Group Plc,Financials - Traditional,"Fin Trad - Asset Management, Custody & Alternatives",Primary
JKHY,"Jack Henry & Associates, Inc.",FinTech & Digital Finance,FinTech - Digital Banking & Neobanks,Primary
JKS,"Jinkosolar Holding Co., Ltd.",Energy - Renewable,Energy Clean - Solar,Primary
JLL,Jones Lang Lasalle Inc,Real Estate & REITs,Real Estate - Office & Commercial Workspaces,Primary
JNJ,Johnson & Johnson,Healthcare & Biotech,Healthcare - Medical Devices & HealthTech Hardware,Primary
JNJ,Johnson & Johnson,Healthcare & Biotech,Healthcare - Oncology & Precision Cancer Therapeutics,Secondary
JOBY,"Joby Aviation, Inc.",Transportation & Logistics,Transportation - Air Travel & Passenger Transportation,Primary
JOBY,"Joby Aviation, Inc.",Transportation & Logistics,Transportation - Urban Mobility & Emerging Transport Tech,Secondary
JPM,JPMorgan Chase & Co.,Financials - Traditional,"Fin Trad - Banks, Lending & Mortgage Finance",Primary
JPM,JPMorgan Chase & Co.,FinTech & Digital Finance,FinTech - Digital Banking & Neobanks,Secondary
KBH,KB Home,Real Estate & REITs,"Real Estate - Housing, Urban Living & Demographics",Primary
KBR,"KBR, Inc.",Industrials & Construction,Industrials - Engineering & Construction,Primary
KBR,"KBR, Inc.",Defense & Aerospace,Defense - Cyber Defense & Electronic Warfare,Secondary
KD,"Kyndryl Holdings, Inc.",Business Services & Consulting,Consulting,Primary
KD,"Kyndryl Holdings, Inc.",Cloud Computing,Cloud - Multi-Cloud Management,Secondary
KDP,Keurig Dr Pepper Inc.,Consumer Goods & Retail,"Consumer - Health, Food & Beverages",Primary
KEX,Kirby Corp,Transportation & Logistics,Transportation - Marine Shipping & Ports,Primary
KEY,Keycorp,Financials - Traditional,"Fin Trad - Banks, Lending & Mortgage Finance",Primary
KEYS,"Keysight Technologies, Inc.",Semiconductors,Semis - EDA Tools & Design Software,Primary
KEYS,"Keysight Technologies, Inc.",Semiconductors,Semis - Emerging Technologies,Secondary
KGC,Kinross Gold Corp,Commodities - Metals,Comm Metals - Gold,Primary
KHC,Kraft Heinz Co,Consumer Goods & Retail,"Consumer - Health, Food & Beverages",Primary
KIM,Kimco Realty Corp,Real Estate & REITs,Real Estate - Retail & Consumer Real Estate,Primary
KKR,KKR & Co. Inc.,Financials - Traditional,"Fin Trad - Asset Management, Custody & Alternatives",Primary
KLAC,Kla Corp,Semiconductors,"Semis - Equipment, Lithography & Deposition",Primary
KLAC,Kla Corp,Artificial Intelligence,"AI - Compute, Edge & Acceleration",Secondary
KMB,Kimberly-Clark Corp,Consumer Goods & Retail,Consumer - Household & Personal Care,Primary
KMI,"Kinder Morgan, Inc.",Energy - Traditional,Energy Base - Refining & Midstream Infrastructure,Primary
KMI,"Kinder Morgan, Inc.",Commodities - Energy,Comm Energy - Natural Gas & LNG,Secondary
KNF,Knife River Corp,Industrials & Construction,Industrials - Construction Materials & Aggregates,Primary
KNSL,"Kinsale Capital Group, Inc.",Financials - Traditional,Fin Trad - Insurance & Reinsurance,Primary
KNX,Knight-Swift Transportation Holdings Inc.,Transportation & Logistics,"Transportation - Trucking, LTL & Ground Freight",Primary
KO,Coca Cola Co,Consumer Goods & Retail,"Consumer - Health, Food & Beverages",Primary
KOPN,Kopin Corp,Hardware,Hardware - Next-Gen & Specialty,Primary
KR,Kroger Co,E-commerce,E-commerce - Grocery & Local Commerce Platforms,Primary
KR,Kroger Co,E-commerce,"E-commerce - Omnichannel Retailers, Online & Physical Stores",Secondary
KRC,Kilroy Realty Corp,Real Estate & REITs,Real Estate - Office & Commercial Workspaces,Primary
KRG,Kite Realty Group Trust,Real Estate & REITs,Real Estate - Retail & Consumer Real Estate,Primary
KTOS,"Kratos Defense & Security Solutions, Inc.",Hardware,Hardware - Next-Gen & Specialty,Primary
KTOS,"Kratos Defense & Security Solutions, Inc.",Defense & Aerospace,Defense - Drones & Anti-Drone Systems,Secondary
KVHI,Kvh Industries Inc \De\,Industrial Automation & Robotics,"Robotics - Autonomous Vehicles, Service & Mobility",Primary
KVUE,Kenvue Inc.,Consumer Goods & Retail,Consumer - Household & Personal Care,Primary
KVUE,Kenvue Inc.,Healthcare & Biotech,Healthcare - Healthy Aging & Nutrition,Secondary
L,Loews Corp,Conglomerates & Diversified Holdings,Diversified Holdings & Multi-Industry Conglomerates,Primary
L,Loews Corp,Financials - Traditional,Fin Trad - Insurance & Reinsurance,Secondary
LAC,Lithium Americas Corp.,Energy - Renewable,Energy Clean - Materials & Critical Metals,Primary
LAC,Lithium Americas Corp.,Commodities - Metals,Comm Metals - Battery & Energy Transition Metals,Secondary
LAD,"Lithia Motors, Inc.",E-commerce,"E-commerce - Omnichannel Retailers, Online & Physical Stores",Primary
LAES,Sealsq Corp,Semiconductors,Semis - Emerging Technologies,Primary
LAMR,Lamar Advertising Co,Real Estate & REITs,Real Estate - Retail & Consumer Real Estate,Primary
LAMR,Lamar Advertising Co,Digital Entertainment & Media,Entertainment - Advertising & Social Platforms,Secondary
LAR,Lithium Argentina Ag,Commodities - Metals,Comm Metals - Battery & Energy Transition Metals,Primary
LAUR,"Laureate Education, Inc.",Education Technology,Education - Workforce Training,Primary
LCID,"Lucid Group, Inc.",Transportation & Logistics,Transportation - Urban Mobility & Emerging Transport Tech,Primary
LCID,"Lucid Group, Inc.",Electric Vehicles & Mobility,EVs - Manufacturers,Secondary
LDOS,"Leidos Holdings, Inc.",Defense & Aerospace,Defense - Cyber Defense & Electronic Warfare,Primary
LDOS,"Leidos Holdings, Inc.",Space Tech,Space - Data Analytics & Earth Observation,Secondary
LEA,Lear Corp,Electric Vehicles & Mobility,EVs - Key Suppliers & Autonomy Tech,Primary
LECO,"Lincoln Electric Holdings, Inc.",Industrials & Construction,"Industrials - Machinery, Flow Control & Components",Primary
LECO,"Lincoln Electric Holdings, Inc.",Industrial Automation & Robotics,"Robotics - Autonomous Vehicles, Service & Mobility",Secondary
LEN,Lennar Corp,Real Estate & REITs,"Real Estate - Housing, Urban Living & Demographics",Primary
LEU,Centrus Energy Corp,Energy - Traditional,Energy Base - Nuclear Power & Advanced Reactors,Primary
LEU,Centrus Energy Corp,Commodities - Energy,Comm Energy - Uranium & Nuclear Fuels,Secondary
LEVI,Levi Strauss & Co,E-commerce,E-commerce - Direct-to-Consumer,Primary
LEVI,Levi Strauss & Co,Consumer Goods & Retail,Consumer - Apparel & E-Commerce Retail,Secondary
LFST,"Lifestance Health Group, Inc.",Healthcare & Biotech,"Healthcare - Digital Health, Telemedicine & Remote Care",Primary
LFUS,"Littelfuse, Inc.",Semiconductors,"Semis - Analog, Mixed-Signal & Power Management",Primary
LFUS,"Littelfuse, Inc.",Electric Vehicles & Mobility,EVs - Key Suppliers & Autonomy Tech,Secondary
LH,Labcorp Holdings Inc.,Healthcare & Biotech,"Healthcare - Diagnostics, Biomarkers & Liquid Biopsy",Primary
LHX,"L3Harris Technologies, Inc. /De/",Defense & Aerospace,Defense - Cyber Defense & Electronic Warfare,Primary
LHX,"L3Harris Technologies, Inc. /De/",Defense & Aerospace,Defense - Drones & Anti-Drone Systems,Secondary
LI,Li Auto Inc.,Transportation & Logistics,Transportation - Urban Mobility & Emerging Transport Tech,Primary
LI,Li Auto Inc.,Electric Vehicles & Mobility,EVs - Manufacturers,Secondary
LII,Lennox International Inc.,Industrials & Construction,Industrials - Building Products & HVAC,Primary
LIN,Linde Plc,Energy - Renewable,Energy Clean - Hydrogen & Fuel Cells,Primary
LIN,Linde Plc,Environmental Sustainability,Environmental - Climate Technologies & Carbon Solutions,Secondary
LINC,Lincoln Educational Services Corp,Education Technology,Education - Workforce Training,Primary
LITE,Lumentum Holdings Inc.,Hardware,Hardware - Communications & Telecom,Primary
LITE,Lumentum Holdings Inc.,Industrial Automation & Robotics,Robotics - Sensors & Vision Systems,Secondary
LIVN,Livanova Plc,Healthcare & Biotech,Healthcare - Medical Devices & HealthTech Hardware,Primary
LKQ,Lkq Corp,Commodities - Metals,Comm Metals - Recycling & Circular Materials,Primary
LLY,Eli Lilly & Co,Healthcare & Biotech,Healthcare - Metabolic & Cardiometabolic,Primary
LLY,Eli Lilly & Co,Healthcare & Biotech,Healthcare - Age-Related & Longevity Therapeutics,Secondary
LMND,"Lemonade, Inc.",FinTech & Digital Finance,FinTech - InsurTech & Embedded Insurance,Primary
LMT,Lockheed Martin Corp,Defense & Aerospace,Defense - Cyber Defense & Electronic Warfare,Primary
LMT,Lockheed Martin Corp,Defense & Aerospace,Defense - Drones & Anti-Drone Systems,Secondary
LNG,"Cheniere Energy, Inc.",Commodities - Energy,Comm Energy - Natural Gas & LNG,Primary
LNN,Lindsay Corp,Agriculture & FoodTech,Agriculture - Precision Agriculture & Farm Automation,Primary
LNT,Alliant Energy Corp,Energy - Traditional,Energy Base - Utilities & Conventional Power Operators,Primary
LNTH,"Lantheus Holdings, Inc.",Healthcare & Biotech,"Healthcare - Diagnostics, Biomarkers & Liquid Biopsy",Primary
LNTH,"Lantheus Holdings, Inc.",Nanotechnology,NanoTech - Nanomedicine & Drug Delivery,Secondary
LNZA,"Lanzatech Global, Inc.",Environmental Sustainability,Environmental - Climate Technologies & Carbon Solutions,Primary
LNZA,"Lanzatech Global, Inc.",Environmental Sustainability,Environmental - Sustainable Agriculture & Resource Management,Secondary
LOCL,Local Bounti Corporation/De,Agriculture & FoodTech,Agriculture - Precision Agriculture & Farm Automation,Primary
LOGI,Logitech International S.A.,Hardware,"Hardware - Consumer Electronics, PCs & Peripherals",Primary
LOPE,"Grand Canyon Education, Inc.",Education Technology,"Education - Platforms, Infrastructure & Online Learning",Primary
LOW,"Lowe's Companies, Inc.",E-commerce,"E-commerce - Omnichannel Retailers, Online & Physical Stores",Primary
LOW,"Lowe's Companies, Inc.",Industrials & Construction,Industrials - Building Products & HVAC,Secondary
LPX,Louisiana-Pacific Corp,Industrials & Construction,Industrials - Building Products & HVAC,Primary
LQDA,Liquidia Corp,Nanotechnology,NanoTech - Nanomedicine & Drug Delivery,Primary
LRCX,Lam Research Corp,Semiconductors,"Semis - Equipment, Lithography & Deposition",Primary
LRCX,Lam Research Corp,Artificial Intelligence,"AI - Compute, Edge & Acceleration",Secondary
LRN,"Stride, Inc.",Education Technology,Education - Digital Curriculum,Primary
LRN,"Stride, Inc.",Education Technology,"Education - Platforms, Infrastructure & Online Learning",Secondary
LSCC,Lattice Semiconductor Corp,Semiconductors,Semis - Emerging Technologies,Primary
LSCC,Lattice Semiconductor Corp,Industrial Automation & Robotics,Robotics - Sensors & Vision Systems,Secondary
LSF,"Laird Superfood, Inc.",Agriculture & FoodTech,Agriculture - Alternative Proteins,Primary
LSPD,Lightspeed Commerce Inc.,E-commerce,E-commerce - Platforms,Primary
LSTR,Landstar System Inc,Transportation & Logistics,"Transportation - Trucking, LTL & Ground Freight",Primary
LULU,Lululemon Athletica Inc.,E-commerce,E-commerce - Direct-to-Consumer,Primary
LULU,Lululemon Athletica Inc.,E-commerce,"E-commerce - Omnichannel Retailers, Online & Physical Stores",Secondary
LUNR,"Intuitive Machines, Inc.",Space Tech,"Space - Infrastructure, Exploration & Launch",Primary
LUV,Southwest Airlines Co,Transportation & Logistics,Transportation - Air Travel & Passenger Transportation,Primary
LUXE,"LuxExperience B.V. American Depositary Shares, each representing one Ordinary Share",Consumer Goods & Retail,Consumer - Modern Luxury & Lifestyle,Primary
LVS,Las Vegas Sands Corp,Real Estate & REITs,"Real Estate - Travel, Leisure & Entertainment Properties",Primary
LXFR,Luxfer Holdings Plc,Commodities - Metals,Comm Metals - Rare Earth & Strategic Materials,Primary
LYB,Lyondellbasell Industries N.V.,Industrials & Construction,Industrials - Chemicals & Advanced Materials,Primary
LYFT,"Lyft, Inc.",Transportation & Logistics,Transportation - Urban Mobility & Emerging Transport Tech,Primary
LYFT,"Lyft, Inc.",Electric Vehicles & Mobility,EVs - Autonomous Driving & Fleet,Secondary
LYV,"Live Nation Entertainment, Inc.",Real Estate & REITs,"Real Estate - Travel, Leisure & Entertainment Properties",Primary
LYV,"Live Nation Entertainment, Inc.",Digital Entertainment & Media,Entertainment - Advertising & Social Platforms,Secondary
M,"Macy'S, Inc.",E-commerce,"E-commerce - Omnichannel Retailers, Online & Physical Stores",Primary
MA,Mastercard Inc,FinTech & Digital Finance,FinTech - Digital Payments & Merchant Infrastructure,Primary
MA,Mastercard Inc,Crypto & Blockchain,"Blockchain - Platforms, Tokenization & Financial Services",Secondary
MAA,Mid America Apartment Communities Inc.,Real Estate & REITs,"Real Estate - Housing, Urban Living & Demographics",Primary
MAC,Macerich Co,Real Estate & REITs,Real Estate - Retail & Consumer Real Estate,Primary
MANH,Manhattan Associates Inc,Industrial Automation & Robotics,Automation - Smart Logistics & Warehouse Automation,Primary
MANH,Manhattan Associates Inc,Transportation & Logistics,Transportation - Infrastructure & Equipment,Secondary
MAR,Marriott International Inc /Md/,Real Estate & REITs,"Real Estate - Travel, Leisure & Entertainment Properties",Primary
MARA,"Mara Holdings, Inc.",FinTech & Digital Finance,"FinTech - Crypto, Blockchain & Tokenization",Primary
MARA,"Mara Holdings, Inc.",Crypto & Blockchain,Blockchain - Cryptocurrency Mining & Staking,Secondary
MAS,Masco Corp,Industrials & Construction,Industrials - Building Products & HVAC,Primary
MAT,"Mattel, Inc.",Consumer Goods & Retail,Consumer - Modern Luxury & Lifestyle,Primary
MATX,"Matson, Inc.",Transportation & Logistics,Transportation - Marine Shipping & Ports,Primary
MBLY,Mobileye Global Inc.,Hardware,Hardware - Next-Gen & Specialty,Primary
MBLY,Mobileye Global Inc.,Industrial Automation & Robotics,"Robotics - Autonomous Vehicles, Service & Mobility",Secondary
MCD,Mcdonald's Corp,Consumer Goods & Retail,Consumer - Restaurants & Dining,Primary
MCHP,Microchip Technology Inc,Semiconductors,"Semis - Analog, Mixed-Signal & Power Management",Primary
MCHP,Microchip Technology Inc,Smart Home & IoT,"Smart Home & IoT - Devices, Sensors & Connectivity",Secondary
MCK,Mckesson Corp,Healthcare & Biotech,"Healthcare - IT, Services & Data Infrastructure",Primary
MCO,Moodys Corp /De/,Big Data & Analytics,"Big Data - Data Generation, Sourcing & Providers",Primary
MDB,"Mongodb, Inc.",Cloud Computing,Cloud - Hyperscalers & Platforms,Primary
MDB,"Mongodb, Inc.",Big Data & Analytics,"Big Data - Analytics, AI Platforms & BI",Secondary
MDLZ,"Mondelez International, Inc.",Consumer Goods & Retail,"Consumer - Health, Food & Beverages",Primary
MDT,Medtronic Plc,Industrial Automation & Robotics,Robotics - Medical & Surgical Robotics,Primary
MDT,Medtronic Plc,Healthcare & Biotech,"Healthcare - Digital Health, Telemedicine & Remote Care",Secondary
MEDP,"Medpace Holdings, Inc.",Healthcare & Biotech,"Healthcare - IT, Services & Data Infrastructure",Primary
MEDP,"Medpace Holdings, Inc.",Healthcare & Biotech,Healthcare - Next-Gen Biotech Platforms,Secondary
MELI,Mercadolibre Inc,E-commerce,E-commerce - Online Marketplaces & Recommerce,Primary
MELI,Mercadolibre Inc,Software,Software - Vertical SaaS Platforms,Secondary
MESO,Mesoblast Ltd,Healthcare & Biotech,"Healthcare - Regenerative Medicine, Psychedelics, Cannabis",Primary
MET,"Metlife, Inc.",Financials - Traditional,Fin Trad - Insurance & Reinsurance,Primary
META,"Meta Platforms, Inc.",Digital Entertainment & Media,Entertainment - Advertising & Social Platforms,Primary
META,"Meta Platforms, Inc.",Artificial Intelligence,"AI - Apps, Domain-Specific AI",Secondary
METC,"Ramaco Resources, Inc.",Energy - Traditional,Energy Base - Coal & Thermal Power Generation,Primary
MGA,Magna International Inc,Electric Vehicles & Mobility,EVs - Key Suppliers & Autonomy Tech,Primary
MGM,Mgm Resorts International,Digital Entertainment & Media,"Entertainment - Sports Betting, Wagering & Prediction Markets",Primary
MGM,Mgm Resorts International,Digital Entertainment & Media,Entertainment - iGaming & Online Gambling,Secondary
MGNI,"Magnite, Inc.",E-commerce,E-commerce - Retail Media & Advertising,Primary
MGNI,"Magnite, Inc.",Artificial Intelligence,"AI - Ads, Search & Recommendations",Secondary
MH,"McGraw Hill, Inc.",Education Technology,Education - Digital Curriculum,Primary
MIDD,Middleby Corp,Industrials & Construction,"Industrials - Machinery, Flow Control & Components",Primary
MITK,Mitek Systems Inc,Cybersecurity,"Cybersecurity - Identity, Biometrics & Access Management",Primary
MKC,"Mccormick & Co, Inc.",Consumer Goods & Retail,"Consumer - Health, Food & Beverages",Primary
MKSI,MKS Inc.,Semiconductors,"Semis - Equipment, Lithography & Deposition",Primary
MKTX,Marketaxess Holdings Inc,FinTech & Digital Finance,FinTech - Exchanges & Market Infrastructure,Primary
MLEC,Moolec Science Sa,Agriculture & FoodTech,Agriculture - Alternative Proteins,Primary
MLI,"Mueller Industries, Inc.",Industrials & Construction,"Industrials - Machinery, Flow Control & Components",Primary
MLI,"Mueller Industries, Inc.",Industrials & Construction,Industrials - Building Products & HVAC,Secondary
MLM,"Martin Marietta Materials, Inc.",Industrials & Construction,Industrials - Construction Materials & Aggregates,Primary
MMM,3M Co,Nanotechnology,NanoTech - Consumer & Industrial Products,Primary
MMM,3M Co,Nanotechnology,NanoTech - Research Tools & Advanced Instruments,Secondary
MMS,"Maximus, Inc.",Business Services & Consulting,"Business Services - Outsourcing, Facilities & Testing",Primary
MNDY,Monday.Com Ltd.,Cloud Computing,Cloud - Horizontal SaaS & Cloud Applications,Primary
MNST,Monster Beverage Corp,Consumer Goods & Retail,"Consumer - Health, Food & Beverages",Primary
MNTK,"Montauk Renewables, Inc.",Commodities - Energy,Comm Energy - Biofuels & Renewable Fuels,Primary
MNTK,"Montauk Renewables, Inc.",Energy - Renewable,Energy Clean - Fuels & Bioenergy,Secondary
MNTS,Momentus Inc.,Space Tech,"Space - Infrastructure, Exploration & Launch",Primary
MO,"Altria Group, Inc.",Consumer Goods & Retail,"Consumer - Health, Food & Beverages",Primary
MOD,Modine Manufacturing Co,Hardware,Hardware - Data Center Infrastructure & Servers,Primary
MOG.A,Moog Inc.,Defense & Aerospace,Defense - Next-Generation Aircraft & Maintenance,Primary
MOG.A,Moog Inc.,Space Tech,"Space - Infrastructure, Exploration & Launch",Secondary
MORN,"Morningstar, Inc.",Big Data & Analytics,"Big Data - Data Generation, Sourcing & Providers",Primary
MOS,Mosaic Co,Agriculture & FoodTech,Agriculture - Agricultural Inputs & Crop Science,Primary
MOS,Mosaic Co,Commodities - Agriculture,"Comm Agri - Fertilizers, Crop Inputs & Seeds",Secondary
MP,Mp Materials Corp. / De,Energy - Renewable,Energy Clean - Materials & Critical Metals,Primary
MP,Mp Materials Corp. / De,Defense & Aerospace,Defense - Secure Defense Supply Chains,Secondary
MPC,Marathon Petroleum Corp,Energy - Traditional,Energy Base - Refining & Midstream Infrastructure,Primary
MPC,Marathon Petroleum Corp,Commodities - Energy,Comm Energy - Crude Oil,Secondary
MPT,"Medical Properties Trust, Inc. common stock",Real Estate & REITs,Real Estate - Healthcare & Senior Living,Primary
MPWR,Monolithic Power Systems Inc,Semiconductors,"Semis - Analog, Mixed-Signal & Power Management",Primary
MPWR,Monolithic Power Systems Inc,Energy - Renewable,Energy Clean - Smart Grid & Electrification,Secondary
MQ,"Marqeta, Inc.",FinTech & Digital Finance,FinTech - Digital Banking & Neobanks,Primary
MRAM,Everspin Technologies Inc.,Semiconductors,Semis - Emerging Technologies,Primary
MRCY,Mercury Systems Inc,Defense & Aerospace,Defense - Cyber Defense & Electronic Warfare,Primary
MRK,"Merck & Co., Inc.",Healthcare & Biotech,Healthcare - Metabolic & Cardiometabolic,Primary
MRK,"Merck & Co., Inc.",Healthcare & Biotech,Healthcare - Oncology & Precision Cancer Therapeutics,Secondary
MRNA,"Moderna, Inc.",Healthcare & Biotech,Healthcare - Next-Gen Biotech Platforms,Primary
MRNA,"Moderna, Inc.",Nanotechnology,NanoTech - Nanomedicine & Drug Delivery,Secondary
MRSH,"Marsh McLennan Companies, Inc.",Financials - Traditional,Fin Trad - Insurance & Reinsurance,Primary
MRVL,"Marvell Technology, Inc.",Semiconductors,Semis - Emerging Technologies,Primary
MRVL,"Marvell Technology, Inc.",Semiconductors,"Semis - Logic & CPUs, GPUs, Accelerators",Secondary
MS,Morgan Stanley,Financials - Traditional,Fin Trad - Capital Markets & Investment Banking,Primary
MS,Morgan Stanley,Financials - Traditional,"Fin Trad - Asset Management, Custody & Alternatives",Secondary
MSA,MSA Safety Inc,Industrials & Construction,"Industrials - Machinery, Flow Control & Components",Primary
MSCI,Msci Inc.,Big Data & Analytics,"Big Data - Data Generation, Sourcing & Providers",Primary
MSEX,Middlesex Water Co,Environmental Sustainability,Environmental - Water Infrastructure & Treatment,Primary
MSFT,Microsoft Corporation,Cloud Computing,Cloud - Hyperscalers & Platforms,Primary
MSFT,Microsoft Corporation,Software,Software - Vertical SaaS Platforms,Secondary
MSI,"Motorola Solutions, Inc.",Hardware,Hardware - Communications & Telecom,Primary
MSI,"Motorola Solutions, Inc.",Telecommunications,Telecom - Infrastructure & Equipment,Secondary
MSM,"MSC Industrial Direct Co., Inc.",Industrials & Construction,Industrials - Distribution & Rental Services,Primary
MSTR,MicroStrategy Incorporated,FinTech & Digital Finance,"FinTech - Crypto, Blockchain & Tokenization",Primary
MSTR,MicroStrategy Incorporated,Crypto & Blockchain,"Blockchain - Platforms, Tokenization & Financial Services",Secondary
MTA,Metalla Royalty & Streaming Ltd.,Commodities - Metals,Comm Metals - Precious Metals,Primary
MTB,M&T Bank Corp,Financials - Traditional,"Fin Trad - Banks, Lending & Mortgage Finance",Primary
MTCH,"Match Group, Inc.",Digital Entertainment & Media,Entertainment - Advertising & Social Platforms,Primary
MTD,Mettler-Toledo International Inc.,Nanotechnology,NanoTech - Research Tools & Advanced Instruments,Primary
MTD,Mettler-Toledo International Inc.,Healthcare & Biotech,"Healthcare - Diagnostics, Biomarkers & Liquid Biopsy",Secondary
MTDR,Matador Resources Co,Energy - Traditional,Energy Base - Oil & Gas Exploration & Production,Primary
MTG,MGIC Investment Corp,Financials - Traditional,Fin Trad - Insurance & Reinsurance,Primary
MTLS,Materialise Nv,Hardware,Hardware - Printing & Imaging,Primary
MTLS,Materialise Nv,Industrial Automation & Robotics,"Automation - Additive Manufacturing, 3D Printing",Secondary
MTN,"Vail Resorts, Inc.",Real Estate & REITs,"Real Estate - Travel, Leisure & Entertainment Properties",Primary
MTSI,"MACOM Technology Solutions Holdings, Inc.",Semiconductors,Semis - Wireless & Connectivity,Primary
MTSI,"MACOM Technology Solutions Holdings, Inc.",Defense & Aerospace,Defense - Cyber Defense & Electronic Warfare,Secondary
MTZ,"Mastec, Inc.",Industrials & Construction,Industrials - Engineering & Construction,Primary
MTZ,"Mastec, Inc.",Energy - Renewable,Energy Clean - Smart Grid & Electrification,Secondary
MU,Micron Technology Inc,Semiconductors,Semis - Memory & Storage,Primary
MU,Micron Technology Inc,Artificial Intelligence,"AI - Compute, Edge & Acceleration",Secondary
MUR,Murphy Oil Corp,Energy - Traditional,Energy Base - Oil & Gas Exploration & Production,Primary
MUSA,Murphy USA Inc.,E-commerce,E-commerce - Grocery & Local Commerce Platforms,Primary
MVST,"Microvast Holdings, Inc.",Electric Vehicles & Mobility,EVs - Batteries & Materials,Primary
MZTI,The Marzetti Co,Consumer Goods & Retail,"Consumer - Health, Food & Beverages",Primary
NATR,Natures Sunshine Products Inc,Consumer Goods & Retail,"Consumer - Health, Food & Beverages",Primary
NB,Niocorp Developments Ltd,Commodities - Metals,Comm Metals - Rare Earth & Strategic Materials,Primary
NBIX,"Neurocrine Biosciences, Inc.",Healthcare & Biotech,Healthcare - Next-Gen Biotech Platforms,Primary
NBTX,Nanobiotix S.A.,Nanotechnology,NanoTech - Nanomedicine & Drug Delivery,Primary
NCLH,Norwegian Cruise Line Holdings Ltd.,Real Estate & REITs,"Real Estate - Travel, Leisure & Entertainment Properties",Primary
NDAQ,"Nasdaq, Inc.",FinTech & Digital Finance,FinTech - Exchanges & Market Infrastructure,Primary
NDAQ,"Nasdaq, Inc.",Crypto & Blockchain,"Blockchain - Platforms, Tokenization & Financial Services",Secondary
NDSN,Nordson Corp,Industrials & Construction,"Industrials - Machinery, Flow Control & Components",Primary
NEE,Nextera Energy Inc,Energy - Renewable,Energy Clean - Utilities & Clean Power Operators,Primary
NEE,Nextera Energy Inc,Energy - Traditional,Energy Base - Nuclear Power & Advanced Reactors,Secondary
NEM,Newmont Corp /De/,Commodities - Metals,Comm Metals - Gold,Primary
NEM,Newmont Corp /De/,Commodities - Metals,Comm Metals - Precious Metals,Secondary
NET,"Cloudflare, Inc.",Cybersecurity,Cybersecurity - Application Security,Primary
NET,"Cloudflare, Inc.",Cybersecurity,Cybersecurity - Cloud Security,Secondary
NEU,Newmarket Corp,Industrials & Construction,Industrials - Chemicals & Advanced Materials,Primary
NEXT,Nextdecade Corp.,Commodities - Energy,Comm Energy - Natural Gas & LNG,Primary
NFG,National Fuel Gas Co,Energy - Traditional,Energy Base - Utilities & Conventional Power Operators,Primary
NFG,National Fuel Gas Co,Commodities - Energy,Comm Energy - Natural Gas & LNG,Secondary
NFLX,Netflix Inc,Digital Entertainment & Media,Entertainment - Video Streaming,Primary
NGG,National Grid Plc,Energy - Renewable,Energy Clean - Smart Grid & Electrification,Primary
NGVC,"Natural Grocers By Vitamin Cottage, Inc.",Consumer Goods & Retail,"Consumer - Health, Food & Beverages",Primary
NHI,National Health Investors Inc,Healthcare & Biotech,Healthcare - Senior Care & Longevity,Primary
NI,Nisource Inc.,Energy - Traditional,Energy Base - Utilities & Conventional Power Operators,Primary
NI,Nisource Inc.,Commodities - Energy,Comm Energy - Natural Gas & LNG,Secondary
NICE,Nice Ltd.,Big Data & Analytics,"Big Data - Analytics, AI Platforms & BI",Primary
NIO,Nio Inc.,Electric Vehicles & Mobility,EVs - Manufacturers,Primary
NJR,New Jersey Resources Corp,Energy - Traditional,Energy Base - Utilities & Conventional Power Operators,Primary
NJR,New Jersey Resources Corp,Commodities - Energy,Comm Energy - Natural Gas & LNG,Secondary
NKE,"Nike, Inc.",E-commerce,E-commerce - Direct-to-Consumer,Primary
NKE,"Nike, Inc.",Consumer Goods & Retail,Consumer - Apparel & E-Commerce Retail,Secondary
NLY,"Annaly Capital Management, Inc.",Financials - Traditional,"Fin Trad - Banks, Lending & Mortgage Finance",Primary
NMG,Nouveau Monde Graphite Inc.,Commodities - Metals,Comm Metals - Battery & Energy Transition Metals,Primary
NNDM,Nano Dimension Ltd.,Hardware,Hardware - Printing & Imaging,Primary
NNDM,Nano Dimension Ltd.,Industrial Automation & Robotics,"Automation - Additive Manufacturing, 3D Printing",Secondary
NNN,"Nnn Reit, Inc.",Real Estate & REITs,Real Estate - Retail & Consumer Real Estate,Primary
NOC,Northrop Grumman Corp /De/,Defense & Aerospace,Defense - Cyber Defense & Electronic Warfare,Primary
NOC,Northrop Grumman Corp /De/,Defense & Aerospace,Defense - Drones & Anti-Drone Systems,Secondary
NOK,Nokia Corp,Hardware,Hardware - Communications & Telecom,Primary
NOV,Nov Inc.,Energy - Traditional,Energy Base - Oilfield Services & Equipment,Primary
NOVT,Novanta Inc,Industrial Automation & Robotics,Automation - Factory & Process Automation Systems,Primary
NOW,"Servicenow, Inc.",Cloud Computing,Cloud - Horizontal SaaS & Cloud Applications,Primary
NOW,"Servicenow, Inc.",Cloud Computing,Cloud - Multi-Cloud Management,Secondary
NPWR,Net Power Inc.,Environmental Sustainability,Environmental - Climate Technologies & Carbon Solutions,Primary
NPWR,Net Power Inc.,Environmental Sustainability,Environmental - Sustainable Agriculture & Resource Management,Secondary
NRG,"Nrg Energy, Inc.",Energy - Traditional,Energy Base - Coal & Thermal Power Generation,Primary
NRG,"Nrg Energy, Inc.",Smart Home & IoT,Smart Home - Automation & Control Systems,Secondary
NRGV,"Energy Vault Holdings, Inc.",Energy - Renewable,Energy Clean - Batteries & Storage,Primary
NSA,National Storage Affiliates Trust,Real Estate & REITs,Real Estate - Retail & Consumer Real Estate,Primary
NSC,Norfolk Southern Corp,Transportation & Logistics,Transportation - Freight Rail & Infrastructure,Primary
NTAP,"Netapp, Inc.",Hardware,Hardware - Data Center Infrastructure & Servers,Primary
NTES,"Netease, Inc.",Software,Software - Gaming & Platforms,Primary
NTES,"Netease, Inc.",Digital Entertainment & Media,Entertainment - Game Publishers & Developers,Secondary
NTGR,"Netgear, Inc.",Smart Home & IoT,"Smart Home - Connectivity, Security & Networking",Primary
NTLA,"Intellia Therapeutics, Inc.",Healthcare & Biotech,Healthcare - Genomics & Personalized Medicine,Primary
NTLA,"Intellia Therapeutics, Inc.",Healthcare & Biotech,Healthcare - Next-Gen Biotech Platforms,Secondary
NTNX,"Nutanix, Inc.",Cloud Computing,Cloud - Multi-Cloud Management,Primary
NTR,Nutrien Ltd.,Agriculture & FoodTech,Agriculture - Agricultural Inputs & Crop Science,Primary
NTR,Nutrien Ltd.,Commodities - Agriculture,"Comm Agri - Fertilizers, Crop Inputs & Seeds",Secondary
NTRA,"Natera, Inc.",Healthcare & Biotech,"Healthcare - Diagnostics, Biomarkers & Liquid Biopsy",Primary
NTRS,Northern Trust Corp,Financials - Traditional,"Fin Trad - Asset Management, Custody & Alternatives",Primary
NU,Nu Holdings Ltd.,FinTech & Digital Finance,FinTech - Digital Banking & Neobanks,Primary
NUE,Nucor Corp,Commodities - Metals,Comm Metals - Industrial & Base Metals,Primary
NUE,Nucor Corp,Commodities - Metals,Comm Metals - Recycling & Circular Materials,Secondary
NUS,"Nu Skin Enterprises, Inc.",Healthcare & Biotech,Healthcare - Healthy Aging & Nutrition,Primary
NUS,"Nu Skin Enterprises, Inc.",Consumer Goods & Retail,"Consumer - Health, Food & Beverages",Secondary
NVDA,Nvidia Corp,Semiconductors,Semis - Emerging Technologies,Primary
NVDA,Nvidia Corp,Semiconductors,"Semis - Logic & CPUs, GPUs, Accelerators",Secondary
NVEC,Nve Corp /New/,Semiconductors,Semis - Emerging Technologies,Primary
NVEC,Nve Corp /New/,Nanotechnology,NanoTech - Research Tools & Advanced Instruments,Secondary
NVO,Novo Nordisk A S,Healthcare & Biotech,Healthcare - Metabolic & Cardiometabolic,Primary
NVO,Novo Nordisk A S,Healthcare & Biotech,Healthcare - Age-Related & Longevity Therapeutics,Secondary
NVR,"NVR, Inc.",Real Estate & REITs,"Real Estate - Housing, Urban Living & Demographics",Primary
NVST,Envista Holdings Corp,Healthcare & Biotech,Healthcare - Medical Devices & HealthTech Hardware,Primary
NVT,Nvent Electric Plc,Hardware,Hardware - Data Center Infrastructure & Servers,Primary
NVTS,Navitas Semiconductor Corp,Semiconductors,Semis - Emerging Technologies,Primary
NVTS,Navitas Semiconductor Corp,Electric Vehicles & Mobility,EVs - Key Suppliers & Autonomy Tech,Secondary
NWE,"Northwestern Energy Group, Inc.",Energy - Traditional,Energy Base - Utilities & Conventional Power Operators,Primary
NWSA,News Corp,Digital Entertainment & Media,Entertainment - Advertising & Social Platforms,Primary
NWSA,News Corp,Big Data & Analytics,"Big Data - Data Generation, Sourcing & Providers",Secondary
NXE,Nexgen Energy Ltd.,Commodities - Energy,Comm Energy - Uranium & Nuclear Fuels,Primary
NXPI,Nxp Semiconductors N.V.,Semiconductors,"Semis - Analog, Mixed-Signal & Power Management",Primary
NXPI,Nxp Semiconductors N.V.,Semiconductors,Semis - Wireless & Connectivity,Secondary
NXST,"Nexstar Media Group, Inc.",Digital Entertainment & Media,Entertainment - Advertising & Social Platforms,Primary
NXT,Nextracker Inc.,Energy - Renewable,Energy Clean - Solar,Primary
NYT,New York Times Co,Digital Entertainment & Media,Entertainment - Advertising & Social Platforms,Primary
O,Realty Income Corp,Real Estate & REITs,Real Estate - Retail & Consumer Real Estate,Primary
OC,Owens Corning,Environmental Sustainability,Environmental - Climate Technologies & Carbon Solutions,Primary
OC,Owens Corning,Environmental Sustainability,Environmental - Sustainable Agriculture & Resource Management,Secondary
ODFL,"Old Dominion Freight Line, Inc.",Transportation & Logistics,"Transportation - Trucking, LTL & Ground Freight",Primary
OGE,OGE Energy Corp,Energy - Traditional,Energy Base - Utilities & Conventional Power Operators,Primary
OGS,"One Gas, Inc.",Energy - Traditional,Energy Base - Utilities & Conventional Power Operators,Primary
OGS,"One Gas, Inc.",Commodities - Energy,Comm Energy - Natural Gas & LNG,Secondary
OHI,Omega Healthcare Investors Inc,Healthcare & Biotech,Healthcare - Senior Care & Longevity,Primary
OHI,Omega Healthcare Investors Inc,Real Estate & REITs,Real Estate - Healthcare & Senior Living,Secondary
OII,Oceaneering International Inc,Energy - Traditional,Energy Base - Oilfield Services & Equipment,Primary
OII,Oceaneering International Inc,Industrial Automation & Robotics,"Robotics - Autonomous Vehicles, Service & Mobility",Secondary
OKE,Oneok Inc /New/,Energy - Traditional,Energy Base - Refining & Midstream Infrastructure,Primary
OKE,Oneok Inc /New/,Commodities - Energy,Comm Energy - Natural Gas & LNG,Secondary
OKLO,Oklo Inc.,Energy - Traditional,Energy Base - Nuclear Power & Advanced Reactors,Primary
OKLO,Oklo Inc.,Artificial Intelligence,"AI - Compute, Edge & Acceleration",Secondary
OKTA,"Okta, Inc.",Cybersecurity,"Cybersecurity - Endpoint, Identity & Zero Trust",Primary
OLED,Universal Display Corp,Semiconductors,Semis - Emerging Technologies,Primary
OLED,Universal Display Corp,Hardware,Hardware - Next-Gen & Specialty,Secondary
OLLI,"Ollie's Bargain Outlet Holdings, Inc.",E-commerce,"E-commerce - Omnichannel Retailers, Online & Physical Stores",Primary
OLN,Olin Corp,Defense & Aerospace,Defense - Secure Defense Supply Chains,Primary
OMC,Omnicom Group Inc.,Digital Entertainment & Media,Entertainment - Advertising & Social Platforms,Primary
OMCL,"Omnicell, Inc.",Healthcare & Biotech,"Healthcare - IT, Services & Data Infrastructure",Primary
ON,On Semiconductor Corp,Semiconductors,"Semis - Analog, Mixed-Signal & Power Management",Primary
ON,On Semiconductor Corp,Semiconductors,Semis - Emerging Technologies,Secondary
ONB,Old National Bancorp,Financials - Traditional,"Fin Trad - Banks, Lending & Mortgage Finance",Primary
ONDS,Ondas Holdings Inc.,Defense & Aerospace,Defense - Drones & Anti-Drone Systems,Primary
ONTO,Onto Innovation Inc.,Nanotechnology,NanoTech - Research Tools & Advanced Instruments,Primary
OPAL,Opal Fuels Inc.,Commodities - Energy,Comm Energy - Biofuels & Renewable Fuels,Primary
OPAL,Opal Fuels Inc.,Energy - Renewable,Energy Clean - Fuels & Bioenergy,Secondary
OPCH,"Option Care Health, Inc.",Healthcare & Biotech,"Healthcare - IT, Services & Data Infrastructure",Primary
OPCH,"Option Care Health, Inc.",Healthcare & Biotech,"Healthcare - Digital Health, Telemedicine & Remote Care",Secondary
ORA,"Ormat Technologies, Inc.",Energy - Renewable,Energy Clean - Utilities & Clean Power Operators,Primary
ORCL,Oracle Corp,Cloud Computing,Cloud - Horizontal SaaS & Cloud Applications,Primary
ORCL,Oracle Corp,Software,Software - Vertical SaaS Platforms,Secondary
ORI,Old Republic International Corp,Financials - Traditional,Fin Trad - Insurance & Reinsurance,Primary
ORLY,O Reilly Automotive Inc,FinTech & Digital Finance,FinTech - Trading Platforms & WealthTech,Primary
OSCR,"Oscar Health, Inc.",Healthcare & Biotech,"Healthcare - Digital Health, Telemedicine & Remote Care",Primary
OSCR,"Oscar Health, Inc.",FinTech & Digital Finance,FinTech - InsurTech & Embedded Insurance,Secondary
OSK,Oshkosh Corp,Transportation & Logistics,Transportation - Infrastructure & Equipment,Primary
OTIS,Otis Worldwide Corp,Industrials & Construction,Industrials - Building Products & HVAC,Primary
OTLY,Oatly Group Ab,Agriculture & FoodTech,Agriculture - Alternative Proteins,Primary
OTLY,Oatly Group Ab,Consumer Goods & Retail,"Consumer - Health, Food & Beverages",Secondary
OUST,"Ouster, Inc.",Industrial Automation & Robotics,Automation - Industrial Sensors & Machine Vision,Primary
OUST,"Ouster, Inc.",Industrial Automation & Robotics,Robotics - Sensors & Vision Systems,Secondary
OVV,Ovintiv Inc.,Energy - Traditional,Energy Base - Oil & Gas Exploration & Production,Primary
OXY,Occidental Petroleum Corp /De/,Energy - Traditional,Energy Base - Oil & Gas Exploration & Production,Primary
OXY,Occidental Petroleum Corp /De/,Commodities - Energy,Comm Energy - Crude Oil,Secondary
OZK,Bank OZK,Financials - Traditional,"Fin Trad - Banks, Lending & Mortgage Finance",Primary
PAA,Plains All American Pipeline Lp,Energy - Traditional,Energy Base - Refining & Midstream Infrastructure,Primary
PAAS,Pan American Silver Corp,Commodities - Metals,Comm Metals - Gold,Primary
PAAS,Pan American Silver Corp,Commodities - Metals,Comm Metals - Precious Metals,Secondary
PACB,"Pacific Biosciences Of California, Inc.",Healthcare & Biotech,"Healthcare - Diagnostics, Biomarkers & Liquid Biopsy",Primary
PACB,"Pacific Biosciences Of California, Inc.",Healthcare & Biotech,Healthcare - Genomics & Personalized Medicine,Secondary
PAG,"Penske Automotive Group, Inc.",E-commerce,"E-commerce - Omnichannel Retailers, Online & Physical Stores",Primary
PANW,Palo Alto Networks Inc,Industrial Automation & Robotics,"Automation - Industrial IoT, Connectivity",Primary
PANW,Palo Alto Networks Inc,Cybersecurity,Cybersecurity - Application Security,Secondary
PATH,"UiPath, Inc.",Software,Software - Vertical SaaS Platforms,Primary
PATH,"UiPath, Inc.",Industrial Automation & Robotics,Automation - Industrial Software & Digital Twin,Secondary
PAYX,"Paychex, Inc.",Cloud Computing,Cloud - Horizontal SaaS & Cloud Applications,Primary
PAYX,"Paychex, Inc.",Business Services & Consulting,"Business Services - Outsourcing, Facilities & Testing",Secondary
PB,"Prosperity Bancshares, Inc.",Financials - Traditional,"Fin Trad - Banks, Lending & Mortgage Finance",Primary
PBF,PBF Energy Inc.,Energy - Traditional,Energy Base - Refining & Midstream Infrastructure,Primary
PCAR,Paccar Inc,Transportation & Logistics,Transportation - Infrastructure & Equipment,Primary
PCG,PG&E Corp,Energy - Traditional,Energy Base - Utilities & Conventional Power Operators,Primary
PCOR,"Procore Technologies, Inc.",Software,Software - Vertical SaaS Platforms,Primary
PCTY,Paylocity Holding Corp,Cloud Computing,Cloud - Horizontal SaaS & Cloud Applications,Primary
PD,"Pagerduty, Inc.",Cloud Computing,"Cloud - DevOps, Observability",Primary
PD,"Pagerduty, Inc.",Software,"Software - Data, Analytics & DevOps",Secondary
PDD,Pdd Holdings Inc.,E-commerce,E-commerce - Platforms,Primary
PDD,Pdd Holdings Inc.,Software,Software - Vertical SaaS Platforms,Secondary
PDFS,Pdf Solutions Inc,Semiconductors,Semis - EDA Tools & Design Software,Primary
PEB,Pebblebrook Hotel Trust,Real Estate & REITs,"Real Estate - Travel, Leisure & Entertainment Properties",Primary
PECO,"Phillips Edison & Company, Inc.",Real Estate & REITs,Real Estate - Retail & Consumer Real Estate,Primary
PEG,Public Service Enterprise Group Inc,Energy - Renewable,Energy Clean - Utilities & Clean Power Operators,Primary
PEGA,Pegasystems Inc.,Software,"Software - Collaboration, CRM & Communications",Primary
PEGA,Pegasystems Inc.,Artificial Intelligence,"AI - Apps, Domain-Specific AI",Secondary
PEN,"Penumbra, Inc.",Healthcare & Biotech,Healthcare - Medical Devices & HealthTech Hardware,Primary
PENN,"Penn Entertainment, Inc.",Digital Entertainment & Media,"Entertainment - Sports Betting, Wagering & Prediction Markets",Primary
PENN,"Penn Entertainment, Inc.",Digital Entertainment & Media,Entertainment - iGaming & Online Gambling,Secondary
PEP,Pepsico Inc,Consumer Goods & Retail,"Consumer - Health, Food & Beverages",Primary
PFE,Pfizer Inc,Healthcare & Biotech,Healthcare - Metabolic & Cardiometabolic,Primary
PFE,Pfizer Inc,Healthcare & Biotech,Healthcare - Oncology & Precision Cancer Therapeutics,Secondary
PFG,"Principal Financial Group, Inc.",Financials - Traditional,"Fin Trad - Asset Management, Custody & Alternatives",Primary
PFG,"Principal Financial Group, Inc.",Financials - Traditional,Fin Trad - Insurance & Reinsurance,Secondary
PFGC,Performance Food Group Co,Agriculture & FoodTech,Agriculture - Agri-Food Processing & Distribution,Primary
PG,Procter & Gamble Co,Consumer Goods & Retail,Consumer - Household & Personal Care,Primary
PG,Procter & Gamble Co,Nanotechnology,NanoTech - Consumer & Industrial Products,Secondary
PGR,Progressive Corp,Financials - Traditional,Fin Trad - Insurance & Reinsurance,Primary
PH,Parker-Hannifin Corp,Industrials & Construction,"Industrials - Machinery, Flow Control & Components",Primary
PH,Parker-Hannifin Corp,Defense & Aerospace,Defense - Secure Defense Supply Chains,Secondary
PHM,"Pultegroup, Inc.",Real Estate & REITs,"Real Estate - Housing, Urban Living & Demographics",Primary
PHR,"Phreesia, Inc.",Healthcare & Biotech,"Healthcare - IT, Services & Data Infrastructure",Primary
PI,Impinj Inc,Hardware,Hardware - Industrial & IoT,Primary
PI,Impinj Inc,Smart Home & IoT,"Smart Home & IoT - Devices, Sensors & Connectivity",Secondary
PII,Polaris Inc.,Consumer Goods & Retail,Consumer - Modern Luxury & Lifestyle,Primary
PINS,"Pinterest, Inc.",E-commerce,E-commerce - Online Marketplaces & Recommerce,Primary
PINS,"Pinterest, Inc.",Artificial Intelligence,"AI - Ads, Search & Recommendations",Secondary
PK,Park Hotels & Resorts Inc.,Real Estate & REITs,"Real Estate - Travel, Leisure & Entertainment Properties",Primary
PKG,Packaging Corp Of America,Industrials & Construction,Industrials - Packaging & Containers,Primary
PL,Planet Labs Pbc,Defense & Aerospace,Defense - Space Technology & Satellite Services,Primary
PL,Planet Labs Pbc,Space Tech,Space - Data Analytics & Earth Observation,Secondary
PLD,"Prologis, Inc.",E-commerce,"E-commerce - Omnichannel Retailers, Online & Physical Stores",Primary
PLD,"Prologis, Inc.",Real Estate & REITs,"Real Estate - E-Commerce, Warehousing & Logistics",Secondary
PLNT,"Planet Fitness, Inc.",Real Estate & REITs,"Real Estate - Travel, Leisure & Entertainment Properties",Primary
PLNT,"Planet Fitness, Inc.",Healthcare & Biotech,Healthcare - Healthy Aging & Nutrition,Secondary
PLTK,Playtika Holding Corp.,Digital Entertainment & Media,Entertainment - Game Publishers & Developers,Primary
PLTR,Palantir Technologies Inc.,Defense & Aerospace,Defense - Cyber Defense & Electronic Warfare,Primary
PLTR,Palantir Technologies Inc.,Industrial Automation & Robotics,"Robotics - Autonomous Vehicles, Service & Mobility",Secondary
PLUG,Plug Power Inc,Energy - Renewable,Energy Clean - Hydrogen & Fuel Cells,Primary
PLUG,Plug Power Inc,Nanotechnology,NanoTech - Energy & Environment,Secondary
PM,Philip Morris International Inc.,Consumer Goods & Retail,"Consumer - Health, Food & Beverages",Primary
PNC,"PNC Financial Services Group, Inc.",Financials - Traditional,"Fin Trad - Banks, Lending & Mortgage Finance",Primary
PNFP,"Pinnacle Financial Partners, Inc.",Financials - Traditional,"Fin Trad - Banks, Lending & Mortgage Finance",Primary
PNR,Pentair Plc,Environmental Sustainability,Environmental - Water Infrastructure & Treatment,Primary
PNW,Pinnacle West Capital Corp,Energy - Traditional,Energy Base - Utilities & Conventional Power Operators,Primary
PODD,Insulet Corp,Healthcare & Biotech,Healthcare - Medical Devices & HealthTech Hardware,Primary
PODD,Insulet Corp,Healthcare & Biotech,Healthcare - Metabolic & Cardiometabolic,Secondary
POR,Portland General Electric Co,Energy - Traditional,Energy Base - Utilities & Conventional Power Operators,Primary
POST,"Post Holdings, Inc.",Consumer Goods & Retail,"Consumer - Health, Food & Beverages",Primary
POWI,Power Integrations Inc,Semiconductors,Semis - Emerging Technologies,Primary
PPC,Pilgrims Pride Corp,Agriculture & FoodTech,Agriculture - Agri-Food Processing & Distribution,Primary
PPC,Pilgrims Pride Corp,Commodities - Agriculture,Comm Agri - Livestock & Animal Protein,Secondary
PPG,Ppg Industries Inc,Nanotechnology,NanoTech - Research Tools & Advanced Instruments,Primary
PPL,Ppl Corp,Energy - Renewable,Energy Clean - Utilities & Clean Power Operators,Primary
PR,Permian Resources Corp,Energy - Traditional,Energy Base - Oil & Gas Exploration & Production,Primary
PRCT,Procept Biorobotics Corp,Industrial Automation & Robotics,Robotics - Medical & Surgical Robotics,Primary
PRDO,Perdoceo Education Corp,Education Technology,Education - Workforce Training,Primary
PRI,"Primerica, Inc.",Financials - Traditional,Fin Trad - Insurance & Reinsurance,Primary
PRLB,Proto Labs Inc,Industrial Automation & Robotics,"Automation - Additive Manufacturing, 3D Printing",Primary
PRU,"Prudential Financial, Inc.",Financials - Traditional,Fin Trad - Insurance & Reinsurance,Primary
PRVA,"Privia Health Group, Inc.",Healthcare & Biotech,"Healthcare - Digital Health, Telemedicine & Remote Care",Primary
PSA,Public Storage,Real Estate & REITs,Real Estate - Retail & Consumer Real Estate,Primary
PSKY,Paramount Skydance Corporation - Class B,Digital Entertainment & Media,Entertainment - Video Streaming,Primary
PSN,Parsons Corp,Defense & Aerospace,Defense - Cyber Defense & Electronic Warfare,Primary
PSN,Parsons Corp,Cybersecurity,"Cybersecurity - Identity, Biometrics & Access Management",Secondary
PSNY,Polestar Automotive Holding Uk Plc,Electric Vehicles & Mobility,EVs - Manufacturers,Primary
PSO,Pearson Plc,Education Technology,Education - Digital Curriculum,Primary
PSX,Phillips 66,Energy - Traditional,Energy Base - Refining & Midstream Infrastructure,Primary
PTC,Ptc Inc.,Industrial Automation & Robotics,"Automation - Industrial IoT, Connectivity",Primary
PTC,Ptc Inc.,Industrial Automation & Robotics,Automation - Industrial Software & Digital Twin,Secondary
PTEN,Patterson Uti Energy Inc,Energy - Traditional,Energy Base - Oilfield Services & Equipment,Primary
PTON,"Peloton Interactive, Inc.",Healthcare & Biotech,Healthcare - Medical Devices & HealthTech Hardware,Primary
PUBM,"Pubmatic, Inc.",E-commerce,E-commerce - Retail Media & Advertising,Primary
PUBM,"Pubmatic, Inc.",Artificial Intelligence,"AI - Ads, Search & Recommendations",Secondary
PVH,PVH Corp,Consumer Goods & Retail,Consumer - Apparel & E-Commerce Retail,Primary
PWR,"Quanta Services, Inc.",Energy - Renewable,Energy Clean - Smart Grid & Electrification,Primary
PWR,"Quanta Services, Inc.",Artificial Intelligence,"AI - Compute, Edge & Acceleration",Secondary
PYPL,"Paypal Holdings, Inc.",FinTech & Digital Finance,FinTech - Digital Payments & Merchant Infrastructure,Primary
Q,"Qnity Electronics, Inc.",Semiconductors,"Semis - Equipment, Lithography & Deposition",Primary
Q,"Qnity Electronics, Inc.",Nanotechnology,NanoTech - Consumer & Industrial Products,Secondary
QBTS,D-Wave Quantum Inc.,Hardware,Hardware - Next-Gen & Specialty,Primary
QBTS,D-Wave Quantum Inc.,Semiconductors,Semis - Emerging Technologies,Secondary
QCOM,Qualcomm Inc/De,Semiconductors,"Semis - Logic & CPUs, GPUs, Accelerators",Primary
QCOM,Qualcomm Inc/De,Semiconductors,Semis - Wireless & Connectivity,Secondary
QDEL,Quidelortho Corp,Healthcare & Biotech,"Healthcare - Diagnostics, Biomarkers & Liquid Biopsy",Primary
QLYS,"Qualys, Inc.",Cybersecurity,Cybersecurity - Application Security,Primary
QLYS,"Qualys, Inc.",Cybersecurity,Cybersecurity - Cloud Security,Secondary
QRVO,"Qorvo, Inc.",Semiconductors,Semis - Wireless & Connectivity,Primary
QRVO,"Qorvo, Inc.",Telecommunications,"Telecom - 5G, Wireless & Carriers",Secondary
QS,Quantumscape Corp,Electric Vehicles & Mobility,EVs - Batteries & Materials,Primary
QS,Quantumscape Corp,Nanotechnology,NanoTech - Energy & Environment,Secondary
QUBT,Quantum Computing Inc.,Semiconductors,Semis - Emerging Technologies,Primary
R,Ryder System Inc,Transportation & Logistics,"Transportation - Logistics, Warehousing & Supply Chain Solutions",Primary
RACE,Ferrari N.V.,Consumer Goods & Retail,Consumer - Modern Luxury & Lifestyle,Primary
RBA,"RB Global, Inc.",Industrials & Construction,Industrials - Distribution & Rental Services,Primary
RBA,"RB Global, Inc.",E-commerce,E-commerce - Online Marketplaces & Recommerce,Secondary
RBC,RBC Bearings Inc,Industrials & Construction,"Industrials - Machinery, Flow Control & Components",Primary
RBC,RBC Bearings Inc,Defense & Aerospace,Defense - Secure Defense Supply Chains,Secondary
RBLX,Roblox Corp,Software,Software - Gaming & Platforms,Primary
RBLX,Roblox Corp,Digital Entertainment & Media,Entertainment - Game Publishers & Developers,Secondary
RCAT,"Red Cat Holdings, Inc.",Defense & Aerospace,Defense - Drones & Anti-Drone Systems,Primary
RCAT,"Red Cat Holdings, Inc.",Industrial Automation & Robotics,"Robotics - Autonomous Vehicles, Service & Mobility",Secondary
RCL,Royal Caribbean Group,Real Estate & REITs,"Real Estate - Travel, Leisure & Entertainment Properties",Primary
RDDT,"Reddit, Inc.",Digital Entertainment & Media,Entertainment - Advertising & Social Platforms,Primary
RDW,Redwire Corp,Space Tech,Space - Data Analytics & Earth Observation,Primary
RDW,Redwire Corp,Space Tech,"Space - Infrastructure, Exploration & Launch",Secondary
REAL,"Therealreal, Inc.",E-commerce,E-commerce - Online Marketplaces & Recommerce,Primary
REAL,"Therealreal, Inc.",Consumer Goods & Retail,Consumer - Modern Luxury & Lifestyle,Secondary
REG,Regency Centers Corp,Real Estate & REITs,Real Estate - Retail & Consumer Real Estate,Primary
REGN,"Regeneron Pharmaceuticals, Inc.",Healthcare & Biotech,Healthcare - Next-Gen Biotech Platforms,Primary
REGN,"Regeneron Pharmaceuticals, Inc.",Nanotechnology,NanoTech - Nanomedicine & Drug Delivery,Secondary
RELX,Relx Plc,Big Data & Analytics,"Big Data - Data Generation, Sourcing & Providers",Primary
RENT,"Rent The Runway, Inc.",Consumer Goods & Retail,Consumer - Resale & Sharing Platforms,Primary
REX,Rex American Resources Corp,Commodities - Agriculture,"Comm Agri - Grains, Oilseeds & Softs",Primary
REXR,"Rexford Industrial Realty, Inc.",Real Estate & REITs,"Real Estate - E-Commerce, Warehousing & Logistics",Primary
REZI,"Resideo Technologies, Inc.",Smart Home & IoT,Smart Home - Automation & Control Systems,Primary
REZI,"Resideo Technologies, Inc.",Smart Home & IoT,Smart Home - Connected Devices & Appliances,Secondary
RF,Regions Financial Corp,Financials - Traditional,"Fin Trad - Banks, Lending & Mortgage Finance",Primary
RGA,"Reinsurance Group Of America, Inc.",Financials - Traditional,Fin Trad - Insurance & Reinsurance,Primary
RGEN,Repligen Corp,Healthcare & Biotech,Healthcare - Next-Gen Biotech Platforms,Primary
RGEN,Repligen Corp,Nanotechnology,NanoTech - Research Tools & Advanced Instruments,Secondary
RGLD,Royal Gold Inc,Commodities - Metals,Comm Metals - Gold,Primary
RGLD,Royal Gold Inc,Commodities - Metals,Comm Metals - Precious Metals,Secondary
RGTI,"Rigetti Computing, Inc.",Hardware,Hardware - Next-Gen & Specialty,Primary
RGTI,"Rigetti Computing, Inc.",Semiconductors,Semis - Emerging Technologies,Secondary
RH,RH,Consumer Goods & Retail,Consumer - Modern Luxury & Lifestyle,Primary
RHP,"Ryman Hospitality Properties, Inc.",Real Estate & REITs,"Real Estate - Travel, Leisure & Entertainment Properties",Primary
RIO,Rio Tinto Plc,Energy - Renewable,Energy Clean - Materials & Critical Metals,Primary
RIO,Rio Tinto Plc,Commodities - Metals,Comm Metals - Industrial & Base Metals,Secondary
RIOT,"Riot Platforms, Inc.",FinTech & Digital Finance,"FinTech - Crypto, Blockchain & Tokenization",Primary
RIOT,"Riot Platforms, Inc.",Crypto & Blockchain,Blockchain - Cryptocurrency Mining & Staking,Secondary
RIVN,"Rivian Automotive, Inc. / De",Transportation & Logistics,Transportation - Urban Mobility & Emerging Transport Tech,Primary
RIVN,"Rivian Automotive, Inc. / De",Electric Vehicles & Mobility,EVs - Manufacturers,Secondary
RJF,"Raymond James Financial, Inc.",Financials - Traditional,Fin Trad - Capital Markets & Investment Banking,Primary
RKLB,"Rocket Lab Usa, Inc.",Defense & Aerospace,Defense - Space Technology & Satellite Services,Primary
RKLB,"Rocket Lab Usa, Inc.",Space Tech,Space - Data Analytics & Earth Observation,Secondary
RL,Ralph Lauren Corp,Consumer Goods & Retail,Consumer - Modern Luxury & Lifestyle,Primary
RLI,RLI Corp,Financials - Traditional,Fin Trad - Insurance & Reinsurance,Primary
RMBS,Rambus Inc,Semiconductors,Semis - EDA Tools & Design Software,Primary
RMBS,Rambus Inc,Semiconductors,Semis - Memory & Storage,Secondary
RMD,Resmed Inc,Healthcare & Biotech,Healthcare - Medical Devices & HealthTech Hardware,Primary
RNG,"Ringcentral, Inc.",Telecommunications,Telecom - Enterprise & Unified Communications,Primary
RNG,"Ringcentral, Inc.",Software,"Software - Collaboration, CRM & Communications",Secondary
RNR,Renaissancere Holdings Ltd.,Financials - Traditional,Fin Trad - Insurance & Reinsurance,Primary
RNW,Renew Energy Global Plc,Environmental Sustainability,Environmental - Climate Technologies & Carbon Solutions,Primary
RNW,Renew Energy Global Plc,Environmental Sustainability,Environmental - Sustainable Agriculture & Resource Management,Secondary
ROIV,Roivant Sciences Ltd.,Healthcare & Biotech,Healthcare - Next-Gen Biotech Platforms,Primary
ROK,"Rockwell Automation, Inc",Hardware,Hardware - Industrial & IoT,Primary
ROK,"Rockwell Automation, Inc",Industrial Automation & Robotics,Automation - Factory & Process Automation Systems,Secondary
ROKU,"Roku, Inc",E-commerce,E-commerce - Retail Media & Advertising,Primary
ROKU,"Roku, Inc",Digital Entertainment & Media,Entertainment - Video Streaming,Secondary
ROL,"Rollins, Inc.",Environmental Sustainability,Environmental - Clean Technologies & Pollution Control,Primary
ROOT,"Root, Inc.",FinTech & Digital Finance,FinTech - InsurTech & Embedded Insurance,Primary
ROP,Roper Technologies Inc,Software,Software - Vertical SaaS Platforms,Primary
ROST,"Ross Stores, Inc.",E-commerce,"E-commerce - Omnichannel Retailers, Online & Physical Stores",Primary
ROST,"Ross Stores, Inc.",Consumer Goods & Retail,Consumer - Apparel & E-Commerce Retail,Secondary
RPD,"Rapid7, Inc.",Cybersecurity,Cybersecurity - Application Security,Primary
RPD,"Rapid7, Inc.",Cybersecurity,Cybersecurity - Cloud Security,Secondary
RPM,RPM International Inc.,Industrials & Construction,Industrials - Chemicals & Advanced Materials,Primary
RPM,RPM International Inc.,Industrials & Construction,Industrials - Building Products & HVAC,Secondary
RRC,Range Resources Corp,Energy - Traditional,Energy Base - Oil & Gas Exploration & Production,Primary
RRC,Range Resources Corp,Commodities - Energy,Comm Energy - Natural Gas & LNG,Secondary
RRX,Regal Rexnord Corp,Industrial Automation & Robotics,Automation - Factory & Process Automation Systems,Primary
RS,"Reliance, Inc.",Commodities - Metals,Comm Metals - Industrial & Base Metals,Primary
RS,"Reliance, Inc.",Industrials & Construction,Industrials - Distribution & Rental Services,Secondary
RSG,"Republic Services, Inc.",Environmental Sustainability,Environmental - Waste Management & Recycling,Primary
RSI,"Rush Street Interactive, Inc.",Digital Entertainment & Media,"Entertainment - Sports Betting, Wagering & Prediction Markets",Primary
RSI,"Rush Street Interactive, Inc.",Digital Entertainment & Media,Entertainment - iGaming & Online Gambling,Secondary
RTX,Rtx Corp,Defense & Aerospace,Defense - Cyber Defense & Electronic Warfare,Primary
RTX,Rtx Corp,Defense & Aerospace,Defense - Drones & Anti-Drone Systems,Secondary
RUN,Sunrun Inc.,Energy - Renewable,Energy Clean - Solar,Primary
RVTY,"Revvity, Inc.",Healthcare & Biotech,"Healthcare - Diagnostics, Biomarkers & Liquid Biopsy",Primary
RVTY,"Revvity, Inc.",Nanotechnology,NanoTech - Research Tools & Advanced Instruments,Secondary
RXRX,"Recursion Pharmaceuticals, Inc.",Artificial Intelligence,"AI - Apps, Domain-Specific AI",Primary
RXT,"Rackspace Technology, Inc.",Cloud Computing,Cloud - Multi-Cloud Management,Primary
RYAN,"Ryan Specialty Holdings, Inc.",Financials - Traditional,Fin Trad - Insurance & Reinsurance,Primary
RYN,Rayonier Inc.,Environmental Sustainability,Environmental - Sustainable Agriculture & Resource Management,Primary
S,"Sentinelone, Inc.",Cybersecurity,Cybersecurity - Cloud Security,Primary
S,"Sentinelone, Inc.",Cybersecurity,"Cybersecurity - Endpoint, Identity & Zero Trust",Secondary
SAIA,Saia Inc,Transportation & Logistics,"Transportation - Trucking, LTL & Ground Freight",Primary
SAIC,Science Applications International Corp,Defense & Aerospace,Defense - Cyber Defense & Electronic Warfare,Primary
SAIC,Science Applications International Corp,Business Services & Consulting,Consulting,Secondary
SAIL,"Sailpoint, Inc.",Cybersecurity,"Cybersecurity - Endpoint, Identity & Zero Trust",Primary
SAM,"Boston Beer Co, Inc.",Consumer Goods & Retail,"Consumer - Health, Food & Beverages",Primary
SANA,"Sana Biotechnology, Inc.",Healthcare & Biotech,"Healthcare - Regenerative Medicine, Psychedelics, Cannabis",Primary
SAP,Sap Se,Big Data & Analytics,"Big Data - Analytics, AI Platforms & BI",Primary
SARO,"StandardAero, Inc.",Defense & Aerospace,Defense - Next-Generation Aircraft & Maintenance,Primary
SBAC,Sba Communications Corp,Telecommunications,Telecom - Infrastructure & Equipment,Primary
SBAC,Sba Communications Corp,Real Estate & REITs,Real Estate - Digital Infrastructure,Secondary
SBLK,Star Bulk Carriers Corp.,Transportation & Logistics,Transportation - Marine Shipping & Ports,Primary
SBRA,"Sabra Health Care Reit, Inc.",Healthcare & Biotech,Healthcare - Senior Care & Longevity,Primary
SBRA,"Sabra Health Care Reit, Inc.",Real Estate & REITs,Real Estate - Healthcare & Senior Living,Secondary
SBSW,Sibanye Stillwater Ltd,Commodities - Metals,Comm Metals - Precious Metals,Primary
SBUX,Starbucks Corp,Consumer Goods & Retail,Consumer - Restaurants & Dining,Primary
SCCO,Southern Copper Corp/,Energy - Renewable,Energy Clean - Materials & Critical Metals,Primary
SCCO,Southern Copper Corp/,Commodities - Metals,Comm Metals - Industrial & Base Metals,Secondary
SCHW,Schwab Charles Corp,FinTech & Digital Finance,FinTech - Trading Platforms & WealthTech,Primary
SCI,Service Corp International,Healthcare & Biotech,Healthcare - Senior Care & Longevity,Primary
SEDG,"Solaredge Technologies, Inc.",Energy - Renewable,Energy Clean - Solar,Primary
SEDG,"Solaredge Technologies, Inc.",Smart Home & IoT,Smart Home - Energy & Utilities,Secondary
SEER,"Seer, Inc.",Healthcare & Biotech,Healthcare - Genomics & Personalized Medicine,Primary
SEIC,SEI Investments Co,Financials - Traditional,"Fin Trad - Asset Management, Custody & Alternatives",Primary
SERV,Serve Robotics Inc. /De/,Industrial Automation & Robotics,"Robotics - Autonomous Vehicles, Service & Mobility",Primary
SERV,Serve Robotics Inc. /De/,Transportation & Logistics,Transportation - Urban Mobility & Emerging Transport Tech,Secondary
SES,Ses Ai Corp,Electric Vehicles & Mobility,EVs - Batteries & Materials,Primary
SF,Stifel Financial Corp,Financials - Traditional,Fin Trad - Capital Markets & Investment Banking,Primary
SFIX,"Stitch Fix, Inc.",Consumer Goods & Retail,Consumer - Apparel & E-Commerce Retail,Primary
SFM,"Sprouts Farmers Market, Inc.",Healthcare & Biotech,Healthcare - Healthy Aging & Nutrition,Primary
SFM,"Sprouts Farmers Market, Inc.",E-commerce,E-commerce - Grocery & Local Commerce Platforms,Secondary
SGHC,Super Group (Sghc) Ltd,Digital Entertainment & Media,Entertainment - iGaming & Online Gambling,Primary
SGI,Somnigroup International Inc.,Consumer Goods & Retail,Consumer - Modern Luxury & Lifestyle,Primary
SGML,Sigma Lithium Corp,Commodities - Metals,Comm Metals - Battery & Energy Transition Metals,Primary
SHC,Sotera Health Co,Healthcare & Biotech,"Healthcare - IT, Services & Data Infrastructure",Primary
SHEL,Shell Plc,Energy - Traditional,Energy Base - Integrated Energy Majors,Primary
SHEL,Shell Plc,Energy - Traditional,Energy Base - Oil & Gas Exploration & Production,Secondary
SHOP,Shopify Inc.,Cloud Computing,Cloud - Horizontal SaaS & Cloud Applications,Primary
SHOP,Shopify Inc.,E-commerce,"E-commerce - Omnichannel Retailers, Online & Physical Stores",Secondary
SHW,Sherwin-Williams Co,Industrials & Construction,Industrials - Chemicals & Advanced Materials,Primary
SHW,Sherwin-Williams Co,Industrials & Construction,Industrials - Building Products & HVAC,Secondary
SIG,Signet Jewelers Ltd,Consumer Goods & Retail,Consumer - Modern Luxury & Lifestyle,Primary
SIGI,"Selective Insurance Group, Inc.",Financials - Traditional,Fin Trad - Insurance & Reinsurance,Primary
SIMO,Silicon Motion Technology Corp,Semiconductors,Semis - Emerging Technologies,Primary
SIRI,Sirius Xm Holdings Inc.,Digital Entertainment & Media,Entertainment - Video Streaming,Primary
SITM,Sitime Corp,Semiconductors,"Semis - Analog, Mixed-Signal & Power Management",Primary
SJM,J M Smucker Co,Commodities - Agriculture,Comm Agri - Softs & Plantation Crops,Primary
SKIL,Skillsoft Corp.,Education Technology,"Education - Platforms, Infrastructure & Online Learning",Primary
SKT,Tanger Inc.,Real Estate & REITs,Real Estate - Retail & Consumer Real Estate,Primary
SLAB,Silicon Laboratories Inc.,Semiconductors,Semis - Wireless & Connectivity,Primary
SLAB,Silicon Laboratories Inc.,Smart Home & IoT,"Smart Home & IoT - Devices, Sensors & Connectivity",Secondary
SLB,Schlumberger Limited/Nv,Energy - Traditional,Energy Base - Oilfield Services & Equipment,Primary
SLB,Schlumberger Limited/Nv,Energy - Renewable,Energy Clean - Utilities & Clean Power Operators,Secondary
SLDP,"Solid Power, Inc.",Electric Vehicles & Mobility,EVs - Batteries & Materials,Primary
SLDP,"Solid Power, Inc.",Nanotechnology,NanoTech - Energy & Environment,Secondary
SLG,Sl Green Realty Corp,Real Estate & REITs,Real Estate - Office & Commercial Workspaces,Primary
SLGN,Silgan Holdings Inc.,Industrials & Construction,Industrials - Packaging & Containers,Primary
SLM,SLM Corp,Financials - Traditional,"Fin Trad - Banks, Lending & Mortgage Finance",Primary
SLQT,"Selectquote, Inc.",FinTech & Digital Finance,FinTech - InsurTech & Embedded Insurance,Primary
SMCI,"Super Micro Computer, Inc.",Hardware,Hardware - Data Center Infrastructure & Servers,Primary
SMG,Scotts Miracle-Gro Co,Commodities - Agriculture,"Comm Agri - Fertilizers, Crop Inputs & Seeds",Primary
SMPL,Simply Good Foods Co,Consumer Goods & Retail,"Consumer - Health, Food & Beverages",Primary
SMR,Nuscale Power Corp,Energy - Traditional,Energy Base - Nuclear Power & Advanced Reactors,Primary
SMR,Nuscale Power Corp,Commodities - Energy,Comm Energy - Uranium & Nuclear Fuels,Secondary
SMTC,Semtech Corp,Smart Home & IoT,"Smart Home & IoT - Devices, Sensors & Connectivity",Primary
SN,"Sharkninja, Inc.",Consumer Goods & Retail,"Consumer - Health, Food & Beverages",Primary
SNA,Snap-On Inc,Industrials & Construction,"Industrials - Machinery, Flow Control & Components",Primary
SNAP,Snap Inc,E-commerce,E-commerce - Online Marketplaces & Recommerce,Primary
SNAP,Snap Inc,Artificial Intelligence,"AI - Ads, Search & Recommendations",Secondary
SNDK,Sandisk Corp,Semiconductors,Semis - Memory & Storage,Primary
SNDK,Sandisk Corp,Hardware,"Hardware - Consumer Electronics, PCs & Peripherals",Secondary
SNDR,"Schneider National, Inc.",Transportation & Logistics,"Transportation - Trucking, LTL & Ground Freight",Primary
SNOW,Snowflake Inc.,Cloud Computing,Cloud - Hyperscalers & Platforms,Primary
SNOW,Snowflake Inc.,Big Data & Analytics,"Big Data - Analytics, AI Platforms & BI",Secondary
SNPS,Synopsys Inc,Semiconductors,Semis - EDA Tools & Design Software,Primary
SNPS,Synopsys Inc,Industrial Automation & Robotics,Automation - Industrial Software & Digital Twin,Secondary
SNX,TD Synnex Corp,Industrials & Construction,Industrials - Distribution & Rental Services,Primary
SNX,TD Synnex Corp,Hardware,Hardware - Data Center Infrastructure & Servers,Secondary
SO,Southern Co,Energy - Traditional,Energy Base - Utilities & Conventional Power Operators,Primary
SO,Southern Co,Energy - Renewable,Energy Clean - Utilities & Clean Power Operators,Secondary
SOFI,"Sofi Technologies, Inc.",FinTech & Digital Finance,FinTech - Digital Banking & Neobanks,Primary
SOFI,"Sofi Technologies, Inc.",FinTech & Digital Finance,FinTech - Digital Payments & Merchant Infrastructure,Secondary
SOLS,"Solstice Advanced Materials, Inc.",Industrials & Construction,Industrials - Chemicals & Advanced Materials,Primary
SOLS,"Solstice Advanced Materials, Inc.",Nanotechnology,NanoTech - Consumer & Industrial Products,Secondary
SOLV,Solventum Corp,Healthcare & Biotech,Healthcare - Medical Devices & HealthTech Hardware,Primary
SON,Sonoco Products Co,Environmental Sustainability,Environmental - Waste Management & Recycling,Primary
SONO,Sonos Inc,Smart Home & IoT,Smart Home - Connected Devices & Appliances,Primary
SONO,Sonos Inc,Consumer Goods & Retail,"Consumer - Health, Food & Beverages",Secondary
SONY,Sony Group Corp,Hardware,"Hardware - Consumer Electronics, PCs & Peripherals",Primary
SOUN,"Soundhound Ai, Inc.",Artificial Intelligence,"AI - Apps, Domain-Specific AI",Primary
SOUN,"Soundhound Ai, Inc.",Smart Home & IoT,Smart Home - Automation & Control Systems,Secondary
SPCB,Supercom Ltd,Cybersecurity,"Cybersecurity - Identity, Biometrics & Access Management",Primary
SPCE,"Virgin Galactic Holdings, Inc",Space Tech,"Space - Infrastructure, Exploration & Launch",Primary
SPG,Simon Property Group Inc /De/,Real Estate & REITs,Real Estate - Retail & Consumer Real Estate,Primary
SPGI,S&P Global Inc.,Big Data & Analytics,"Big Data - Data Generation, Sourcing & Providers",Primary
SPIR,"Spire Global, Inc.",Defense & Aerospace,Defense - Space Technology & Satellite Services,Primary
SPIR,"Spire Global, Inc.",Space Tech,Space - Data Analytics & Earth Observation,Secondary
SPOT,Spotify Technology S.A.,Digital Entertainment & Media,Entertainment - Video Streaming,Primary
SPWR,SunPower Inc. -,Energy - Renewable,Energy Clean - Solar,Primary
SPXC,"SPX Technologies, Inc.",Industrials & Construction,"Industrials - Machinery, Flow Control & Components",Primary
SPXC,"SPX Technologies, Inc.",Industrials & Construction,Industrials - Building Products & HVAC,Secondary
SQM,Chemical & Mining Co Of Chile Inc,Energy - Renewable,Energy Clean - Materials & Critical Metals,Primary
SQM,Chemical & Mining Co Of Chile Inc,Commodities - Metals,Comm Metals - Battery & Energy Transition Metals,Secondary
SR,Spire Inc.,Energy - Traditional,Energy Base - Utilities & Conventional Power Operators,Primary
SR,Spire Inc.,Commodities - Energy,Comm Energy - Natural Gas & LNG,Secondary
SRAD,Sportradar Group Ag,Digital Entertainment & Media,"Entertainment - Sports Betting, Wagering & Prediction Markets",Primary
SRAD,Sportradar Group Ag,Digital Entertainment & Media,Entertainment - iGaming & Online Gambling,Secondary
SRE,Sempra,Energy - Traditional,Energy Base - Utilities & Conventional Power Operators,Primary
SRE,Sempra,Commodities - Energy,Comm Energy - Natural Gas & LNG,Secondary
SSB,Southstate Corp,Financials - Traditional,"Fin Trad - Banks, Lending & Mortgage Finance",Primary
SSD,"Simpson Manufacturing Co., Inc.",Industrials & Construction,Industrials - Building Products & HVAC,Primary
SSYS,Stratasys Ltd.,Hardware,Hardware - Next-Gen & Specialty,Primary
SSYS,Stratasys Ltd.,Hardware,Hardware - Printing & Imaging,Secondary
ST,Sensata Technologies Holding Plc,Industrial Automation & Robotics,Automation - Industrial Sensors & Machine Vision,Primary
STAG,"Stag Industrial, Inc.",Real Estate & REITs,"Real Estate - E-Commerce, Warehousing & Logistics",Primary
STE,Steris Plc,Healthcare & Biotech,Healthcare - Medical Devices & HealthTech Hardware,Primary
STEM,"Stem, Inc.",Energy - Renewable,Energy Clean - Batteries & Storage,Primary
STEM,"Stem, Inc.",Smart Home & IoT,Smart Home - Energy & Utilities,Secondary
STKH,Steakholder Foods Ltd.,Agriculture & FoodTech,Agriculture - Alternative Proteins,Primary
STLD,Steel Dynamics Inc,Commodities - Metals,Comm Metals - Industrial & Base Metals,Primary
STLD,Steel Dynamics Inc,Commodities - Metals,Comm Metals - Recycling & Circular Materials,Secondary
STM,Stmicroelectronics N.V.,Semiconductors,"Semis - Analog, Mixed-Signal & Power Management",Primary
STM,Stmicroelectronics N.V.,Semiconductors,Semis - Emerging Technologies,Secondary
STRL,"Sterling Infrastructure, Inc.",Industrials & Construction,Industrials - Engineering & Construction,Primary
STRL,"Sterling Infrastructure, Inc.",Cloud Computing,Cloud - Data Centers & Infrastructure,Secondary
STT,State Street Corp,Financials - Traditional,"Fin Trad - Asset Management, Custody & Alternatives",Primary
STWD,"Starwood Property Trust, Inc.",Financials - Traditional,"Fin Trad - Banks, Lending & Mortgage Finance",Primary
STX,Seagate Technology Holdings Plc,Semiconductors,Semis - Memory & Storage,Primary
STX,Seagate Technology Holdings Plc,Hardware,"Hardware - Consumer Electronics, PCs & Peripherals",Secondary
STZ,"Constellation Brands, Inc.",Consumer Goods & Retail,"Consumer - Health, Food & Beverages",Primary
SUI,Sun Communities Inc,Real Estate & REITs,"Real Estate - Housing, Urban Living & Demographics",Primary
SVM,Silvercorp Metals Inc,Commodities - Metals,Comm Metals - Precious Metals,Primary
SW,Smurfit Westrock Plc,Industrials & Construction,Industrials - Packaging & Containers,Primary
SWK,"Stanley Black & Decker, Inc.",Industrials & Construction,"Industrials - Machinery, Flow Control & Components",Primary
SWK,"Stanley Black & Decker, Inc.",Industrials & Construction,Industrials - Building Products & HVAC,Secondary
SWKS,"Skyworks Solutions, Inc.",Semiconductors,Semis - Wireless & Connectivity,Primary
SWKS,"Skyworks Solutions, Inc.",Telecommunications,"Telecom - 5G, Wireless & Carriers",Secondary
SWX,"Southwest Gas Holdings, Inc.",Energy - Traditional,Energy Base - Utilities & Conventional Power Operators,Primary
SWX,"Southwest Gas Holdings, Inc.",Commodities - Energy,Comm Energy - Natural Gas & LNG,Secondary
SYF,Synchrony Financial,Financials - Traditional,"Fin Trad - Banks, Lending & Mortgage Finance",Primary
SYF,Synchrony Financial,FinTech & Digital Finance,FinTech - Digital Payments & Merchant Infrastructure,Secondary
SYK,Stryker Corp,Industrial Automation & Robotics,Robotics - Medical & Surgical Robotics,Primary
SYK,Stryker Corp,Healthcare & Biotech,Healthcare - Medical Devices & HealthTech Hardware,Secondary
SYM,Symbotic Inc.,Industrial Automation & Robotics,Automation - Factory & Process Automation Systems,Primary
SYM,Symbotic Inc.,Industrial Automation & Robotics,Automation - Smart Logistics & Warehouse Automation,Secondary
SYNA,Synaptics Inc,Artificial Intelligence,"AI - Compute, Edge & Acceleration",Primary
SYNA,Synaptics Inc,Healthcare & Biotech,Healthcare - Medical Devices & HealthTech Hardware,Secondary
SYY,Sysco Corp,Agriculture & FoodTech,Agriculture - Agri-Food Processing & Distribution,Primary
T,At&T Inc.,Telecommunications,Telecom - Cloud & Edge Connectivity,Primary
T,At&T Inc.,Telecommunications,"Telecom - 5G, Wireless & Carriers",Secondary
TAL,Tal Education Group,Education Technology,Education - Digital Curriculum,Primary
TAP,Molson Coors Beverage Co,Consumer Goods & Retail,"Consumer - Health, Food & Beverages",Primary
TBCH,Turtle Beach Corp,Hardware,"Hardware - Consumer Electronics, PCs & Peripherals",Primary
TCBI,"Texas Capital Bancshares, Inc.",Financials - Traditional,"Fin Trad - Banks, Lending & Mortgage Finance",Primary
TDC,Teradata Corp /De/,Big Data & Analytics,"Big Data - Analytics, AI Platforms & BI",Primary
TDC,Teradata Corp /De/,Software,"Software - Data, Analytics & DevOps",Secondary
TDG,Transdigm Group Inc,Defense & Aerospace,Defense - Next-Generation Aircraft & Maintenance,Primary
TDG,Transdigm Group Inc,Defense & Aerospace,Defense - Secure Defense Supply Chains,Secondary
TDOC,"Teladoc Health, Inc.",Healthcare & Biotech,"Healthcare - Digital Health, Telemedicine & Remote Care",Primary
TDUP,Thredup Inc.,E-commerce,E-commerce - Online Marketplaces & Recommerce,Primary
TDUP,Thredup Inc.,Consumer Goods & Retail,Consumer - Resale & Sharing Platforms,Secondary
TDY,Teledyne Technologies Inc,Industrial Automation & Robotics,Automation - Industrial Sensors & Machine Vision,Primary
TDY,Teledyne Technologies Inc,Industrial Automation & Robotics,Robotics - Sensors & Vision Systems,Secondary
TE,T1 Energy Inc.,Electric Vehicles & Mobility,EVs - Batteries & Materials,Primary
TEAM,Atlassian Corp,Cloud Computing,Cloud - Horizontal SaaS & Cloud Applications,Primary
TEAM,Atlassian Corp,Cloud Computing,Cloud - Hyperscalers & Platforms,Secondary
TECH,Bio-Techne Corp,Nanotechnology,NanoTech - Research Tools & Advanced Instruments,Primary
TECH,Bio-Techne Corp,Healthcare & Biotech,Healthcare - Genomics & Personalized Medicine,Secondary
TECK,Teck Resources Ltd,Commodities - Metals,Comm Metals - Battery & Energy Transition Metals,Primary
TEL,Te Connectivity Plc,Hardware,Hardware - Industrial & IoT,Primary
TEM,"Tempus Ai, Inc.",Healthcare & Biotech,Healthcare - Genomics & Personalized Medicine,Primary
TENB,"Tenable Holdings, Inc.",Cybersecurity,Cybersecurity - Cloud Security,Primary
TENB,"Tenable Holdings, Inc.",Software,"Software - Data, Analytics & DevOps",Secondary
TER,"Teradyne, Inc",Semiconductors,"Semis - Testing, Packaging & Assembly",Primary
TER,"Teradyne, Inc",Industrial Automation & Robotics,Automation - Factory & Process Automation Systems,Secondary
TEX,Terex Corp,Industrials & Construction,"Industrials - Machinery, Flow Control & Components",Primary
TFC,Truist Financial Corp,Financials - Traditional,"Fin Trad - Banks, Lending & Mortgage Finance",Primary
TFII,Tfi International Inc.,Transportation & Logistics,"Transportation - Trucking, LTL & Ground Freight",Primary
TFPM,Triple Flag Precious Metals Corp.,Commodities - Metals,Comm Metals - Precious Metals,Primary
TGT,Target Corp,E-commerce,E-commerce - Grocery & Local Commerce Platforms,Primary
TGT,Target Corp,E-commerce,"E-commerce - Omnichannel Retailers, Online & Physical Stores",Secondary
THC,Tenet Healthcare Corp,Healthcare & Biotech,"Healthcare - IT, Services & Data Infrastructure",Primary
THG,"Hanover Insurance Group, Inc.",Financials - Traditional,Fin Trad - Insurance & Reinsurance,Primary
THO,"Thor Industries, Inc.",Consumer Goods & Retail,Consumer - Modern Luxury & Lifestyle,Primary
THRM,Gentherm Inc,Electric Vehicles & Mobility,EVs - Key Suppliers & Autonomy Tech,Primary
TJX,"TJX Companies, Inc.",E-commerce,"E-commerce - Omnichannel Retailers, Online & Physical Stores",Primary
TJX,"TJX Companies, Inc.",Consumer Goods & Retail,Consumer - Apparel & E-Commerce Retail,Secondary
TKO,"TKO Group Holdings, Inc.",Digital Entertainment & Media,Entertainment - Video Streaming,Primary
TKR,Timken Co,Industrials & Construction,"Industrials - Machinery, Flow Control & Components",Primary
TLN,Talen Energy Corp,Artificial Intelligence,"AI - Compute, Edge & Acceleration",Primary
TLRY,"Tilray Brands, Inc.",Healthcare & Biotech,"Healthcare - Regenerative Medicine, Psychedelics, Cannabis",Primary
TME,Tencent Music Entertainment Group,Digital Entertainment & Media,Entertainment - Video Streaming,Primary
TMHC,Taylor Morrison Home Corp,Real Estate & REITs,"Real Estate - Housing, Urban Living & Demographics",Primary
TMO,Thermo Fisher Scientific Inc.,Healthcare & Biotech,"Healthcare - Diagnostics, Biomarkers & Liquid Biopsy",Primary
TMO,Thermo Fisher Scientific Inc.,Healthcare & Biotech,Healthcare - Genomics & Personalized Medicine,Secondary
TMUS,"T-Mobile Us, Inc.",Telecommunications,"Telecom - 5G, Wireless & Carriers",Primary
TMUS,"T-Mobile Us, Inc.",Smart Home & IoT,"Smart Home & IoT - Devices, Sensors & Connectivity",Secondary
TNDM,Tandem Diabetes Care Inc,Healthcare & Biotech,Healthcare - Medical Devices & HealthTech Hardware,Primary
TNGX,"Tango Therapeutics, Inc.",Healthcare & Biotech,Healthcare - Oncology & Precision Cancer Therapeutics,Primary
TNL,Travel + Leisure Co.,Real Estate & REITs,"Real Estate - Travel, Leisure & Entertainment Properties",Primary
TOL,"Toll Brothers, Inc.",Real Estate & REITs,"Real Estate - Housing, Urban Living & Demographics",Primary
TOST,"Toast, Inc.",FinTech & Digital Finance,FinTech - Digital Payments & Merchant Infrastructure,Primary
TOST,"Toast, Inc.",Software,Software - Vertical SaaS Platforms,Secondary
TPL,Texas Pacific Land Corp,Energy - Traditional,Energy Base - Oil & Gas Exploration & Production,Primary
TPL,Texas Pacific Land Corp,Commodities - Energy,Comm Energy - Crude Oil,Secondary
TPR,"Tapestry, Inc.",Consumer Goods & Retail,Consumer - Modern Luxury & Lifestyle,Primary
TREX,"Trex Co, Inc.",Industrials & Construction,Industrials - Building Products & HVAC,Primary
TRGP,Targa Resources Corp,Energy - Traditional,Energy Base - Refining & Midstream Infrastructure,Primary
TRGP,Targa Resources Corp,Commodities - Energy,Comm Energy - Natural Gas & LNG,Secondary
TRI,Thomson Reuters Corp /Can/,Big Data & Analytics,"Big Data - Data Generation, Sourcing & Providers",Primary
TRMB,Trimble Inc.,Hardware,Hardware - Industrial & IoT,Primary
TRMB,Trimble Inc.,Agriculture & FoodTech,Agriculture - Precision Agriculture & Farm Automation,Secondary
TRNO,Terreno Realty Corp,Real Estate & REITs,"Real Estate - E-Commerce, Warehousing & Logistics",Primary
TROW,Price T Rowe Group Inc,Crypto & Blockchain,"Blockchain - Platforms, Tokenization & Financial Services",Primary
TRU,Transunion,Big Data & Analytics,"Big Data - Data Generation, Sourcing & Providers",Primary
TRUP,"Trupanion, Inc.",FinTech & Digital Finance,FinTech - InsurTech & Embedded Insurance,Primary
TRV,"Travelers Companies, Inc.",Financials - Traditional,Fin Trad - Insurance & Reinsurance,Primary
TSAT,Telesat Corp,Telecommunications,Telecom - Satellite & Space Communication,Primary
TSAT,Telesat Corp,Space Tech,"Space - Infrastructure, Exploration & Launch",Secondary
TSCO,Tractor Supply Co,E-commerce,"E-commerce - Omnichannel Retailers, Online & Physical Stores",Primary
TSCO,Tractor Supply Co,Agriculture & FoodTech,Agriculture - Precision Agriculture & Farm Automation,Secondary
TSLA,"Tesla, Inc.",Electric Vehicles & Mobility,EVs - Autonomous Driving & Fleet,Primary
TSLA,"Tesla, Inc.",Energy - Renewable,Energy Clean - Batteries & Storage,Secondary
TSM,Taiwan Semiconductor Manufacturing Co Ltd,Semiconductors,"Semis - Logic & CPUs, GPUs, Accelerators",Primary
TSN,"Tyson Foods, Inc.",Agriculture & FoodTech,Agriculture - Agri-Food Processing & Distribution,Primary
TSN,"Tyson Foods, Inc.",Commodities - Agriculture,Comm Agri - Livestock & Animal Protein,Secondary
TT,Trane Technologies Plc,Industrials & Construction,Industrials - Building Products & HVAC,Primary
TT,Trane Technologies Plc,Cloud Computing,Cloud - Data Centers & Infrastructure,Secondary
TTC,Toro Co,Agriculture & FoodTech,Agriculture - Precision Agriculture & Farm Automation,Primary
TTD,"Trade Desk, Inc.",E-commerce,E-commerce - Retail Media & Advertising,Primary
TTD,"Trade Desk, Inc.",Artificial Intelligence,"AI - Ads, Search & Recommendations",Secondary
TTE,Totalenergies Se,Energy - Traditional,Energy Base - Integrated Energy Majors,Primary
TTE,Totalenergies Se,Energy - Traditional,Energy Base - Oil & Gas Exploration & Production,Secondary
TTEK,"Tetra Tech, Inc.",Industrials & Construction,Industrials - Engineering & Construction,Primary
TTEK,"Tetra Tech, Inc.",Environmental Sustainability,Environmental - Water Infrastructure & Treatment,Secondary
TTMI,"TTM Technologies, Inc.",Hardware,Hardware - Industrial & IoT,Primary
TTMI,"TTM Technologies, Inc.",Defense & Aerospace,Defense - Secure Defense Supply Chains,Secondary
TTWO,Take Two Interactive Software Inc,Software,Software - Gaming & Platforms,Primary
TTWO,Take Two Interactive Software Inc,Digital Entertainment & Media,Entertainment - Game Publishers & Developers,Secondary
TW,Tradeweb Markets Inc.,FinTech & Digital Finance,FinTech - Exchanges & Market Infrastructure,Primary
TWLO,Twilio Inc,Telecommunications,Telecom - Enterprise & Unified Communications,Primary
TWLO,Twilio Inc,Cloud Computing,Cloud - Hyperscalers & Platforms,Secondary
TWST,Twist Bioscience Corp,Healthcare & Biotech,Healthcare - Genomics & Personalized Medicine,Primary
TXG,"10X Genomics, Inc.",Healthcare & Biotech,"Healthcare - Diagnostics, Biomarkers & Liquid Biopsy",Primary
TXG,"10X Genomics, Inc.",Healthcare & Biotech,Healthcare - Genomics & Personalized Medicine,Secondary
TXN,Texas Instruments Inc,Semiconductors,"Semis - Analog, Mixed-Signal & Power Management",Primary
TXN,Texas Instruments Inc,Hardware,Hardware - Industrial & IoT,Secondary
TXNM,"TXNM Energy, Inc.",Energy - Traditional,Energy Base - Utilities & Conventional Power Operators,Primary
TXRH,"Texas Roadhouse, Inc.",Consumer Goods & Retail,Consumer - Restaurants & Dining,Primary
TXT,Textron Inc,Defense & Aerospace,Defense - Drones & Anti-Drone Systems,Primary
TXT,Textron Inc,Defense & Aerospace,Defense - Next-Generation Aircraft & Maintenance,Secondary
TYL,Tyler Technologies Inc,Software,Software - Vertical SaaS Platforms,Primary
U,Unity Software Inc.,Software,Software - Vertical SaaS Platforms,Primary
U,Unity Software Inc.,Software,Software - Gaming & Platforms,Secondary
UAA,"Under Armour, Inc.",Healthcare & Biotech,Healthcare - Medical Devices & HealthTech Hardware,Primary
UAA,"Under Armour, Inc.",Consumer Goods & Retail,Consumer - Apparel & E-Commerce Retail,Secondary
UAL,"United Airlines Holdings, Inc.",Transportation & Logistics,Transportation - Air Travel & Passenger Transportation,Primary
UAL,"United Airlines Holdings, Inc.",Transportation & Logistics,"Transportation - Logistics, Warehousing & Supply Chain Solutions",Secondary
UAN,"Cvr Partners, Lp",Agriculture & FoodTech,Agriculture - Agricultural Inputs & Crop Science,Primary
UAVS,Ageagle Aerial Systems Inc.,Agriculture & FoodTech,Agriculture - Precision Agriculture & Farm Automation,Primary
UBER,"Uber Technologies, Inc",Transportation & Logistics,Transportation - Urban Mobility & Emerging Transport Tech,Primary
UBER,"Uber Technologies, Inc",Electric Vehicles & Mobility,EVs - Autonomous Driving & Fleet,Secondary
UBSI,"United Bankshares, Inc.",Financials - Traditional,"Fin Trad - Banks, Lending & Mortgage Finance",Primary
UDR,"UDR, Inc.",Real Estate & REITs,"Real Estate - Housing, Urban Living & Demographics",Primary
UE,Urban Edge Properties,Real Estate & REITs,Real Estate - Retail & Consumer Real Estate,Primary
UEC,Uranium Energy Corp,Energy - Traditional,Energy Base - Nuclear Power & Advanced Reactors,Primary
UEC,Uranium Energy Corp,Commodities - Energy,Comm Energy - Uranium & Nuclear Fuels,Secondary
UFPI,"UFP Industries, Inc.",Industrials & Construction,Industrials - Building Products & HVAC,Primary
UGI,UGI Corp,Energy - Traditional,Energy Base - Utilities & Conventional Power Operators,Primary
UGI,UGI Corp,Commodities - Energy,Comm Energy - Natural Gas & LNG,Secondary
UHS,"Universal Health Services, Inc.",Healthcare & Biotech,"Healthcare - IT, Services & Data Infrastructure",Primary
UI,Ubiquiti Inc.,Hardware,Hardware - Networking Equipment,Primary
UI,Ubiquiti Inc.,Smart Home & IoT,"Smart Home - Connectivity, Security & Networking",Secondary
ULS,UL Solutions Inc.,Business Services & Consulting,"Business Services - Outsourcing, Facilities & Testing",Primary
ULTA,"Ulta Beauty, Inc.",E-commerce,"E-commerce - Omnichannel Retailers, Online & Physical Stores",Primary
ULTA,"Ulta Beauty, Inc.",Consumer Goods & Retail,Consumer - Household & Personal Care,Secondary
UMBF,UMB Financial Corp,Financials - Traditional,"Fin Trad - Banks, Lending & Mortgage Finance",Primary
UMC,United Microelectronics Corp,Semiconductors,"Semis - Logic & CPUs, GPUs, Accelerators",Primary
UMH,"Umh Properties, Inc.",Real Estate & REITs,"Real Estate - Housing, Urban Living & Demographics",Primary
UNFI,United Natural Foods Inc,Agriculture & FoodTech,Agriculture - Agri-Food Processing & Distribution,Primary
UNFI,United Natural Foods Inc,Consumer Goods & Retail,"Consumer - Health, Food & Beverages",Secondary
UNH,Unitedhealth Group Inc,Healthcare & Biotech,"Healthcare - IT, Services & Data Infrastructure",Primary
UNIT,Uniti Group Inc.,Real Estate & REITs,Real Estate - Digital Infrastructure,Primary
UNM,Unum Group,Financials - Traditional,Fin Trad - Insurance & Reinsurance,Primary
UNP,Union Pacific Corp,Transportation & Logistics,Transportation - Freight Rail & Infrastructure,Primary
UNP,Union Pacific Corp,Transportation & Logistics,Transportation - Infrastructure & Equipment,Secondary
UPS,United Parcel Service Inc,Industrial Automation & Robotics,Automation - Smart Logistics & Warehouse Automation,Primary
UPS,United Parcel Service Inc,Transportation & Logistics,"Transportation - Logistics, Warehousing & Supply Chain Solutions",Secondary
UPST,"Upstart Holdings, Inc.",FinTech & Digital Finance,FinTech - Digital Payments & Merchant Infrastructure,Primary
UPST,"Upstart Holdings, Inc.",Artificial Intelligence,"AI - Apps, Domain-Specific AI",Secondary
URG,Ur-Energy Inc,Commodities - Energy,Comm Energy - Uranium & Nuclear Fuels,Primary
URI,"United Rentals, Inc.",Industrials & Construction,Industrials - Distribution & Rental Services,Primary
URI,"United Rentals, Inc.",Industrials & Construction,Industrials - Engineering & Construction,Secondary
USAR,"USA Rare Earth, Inc. -",Commodities - Metals,Comm Metals - Rare Earth & Strategic Materials,Primary
USB,U.S. Bancorp,Financials - Traditional,"Fin Trad - Banks, Lending & Mortgage Finance",Primary
USFD,Us Foods Holding Corp.,Agriculture & FoodTech,Agriculture - Agri-Food Processing & Distribution,Primary
UTHR,United Therapeutics Corp,Healthcare & Biotech,Healthcare - Metabolic & Cardiometabolic,Primary
UTHR,United Therapeutics Corp,Healthcare & Biotech,Healthcare - Next-Gen Biotech Platforms,Secondary
UTI,Universal Technical Institute Inc,Education Technology,Education - Workforce Training,Primary
UUUU,Energy Fuels Inc,Commodities - Energy,Comm Energy - Uranium & Nuclear Fuels,Primary
UUUU,Energy Fuels Inc,Commodities - Metals,Comm Metals - Rare Earth & Strategic Materials,Secondary
V,Visa Inc.,FinTech & Digital Finance,FinTech - Digital Payments & Merchant Infrastructure,Primary
V,Visa Inc.,Crypto & Blockchain,"Blockchain - Platforms, Tokenization & Financial Services",Secondary
VAL,Valaris Limited,Energy - Traditional,Energy Base - Oilfield Services & Equipment,Primary
VALE,Vale S.A.,Commodities - Metals,Comm Metals - Battery & Energy Transition Metals,Primary
VALE,Vale S.A.,Commodities - Metals,Comm Metals - Industrial & Base Metals,Secondary
VC,Visteon Corp,Electric Vehicles & Mobility,EVs - Key Suppliers & Autonomy Tech,Primary
VECO,Veeco Instruments Inc,Nanotechnology,NanoTech - Research Tools & Advanced Instruments,Primary
VEEV,Veeva Systems Inc,Healthcare & Biotech,"Healthcare - IT, Services & Data Infrastructure",Primary
VEEV,Veeva Systems Inc,Software,Software - Vertical SaaS Platforms,Secondary
VFC,V F Corp,Consumer Goods & Retail,Consumer - Apparel & E-Commerce Retail,Primary
VFC,V F Corp,Consumer Goods & Retail,Consumer - Modern Luxury & Lifestyle,Secondary
VFF,"Village Farms International, Inc.",Agriculture & FoodTech,Agriculture - Precision Agriculture & Farm Automation,Primary
VIAV,Viavi Solutions Inc.,Hardware,Hardware - Communications & Telecom,Primary
VICI,Vici Properties Inc.,Real Estate & REITs,"Real Estate - Travel, Leisure & Entertainment Properties",Primary
VICR,Vicor Corp,Semiconductors,"Semis - Analog, Mixed-Signal & Power Management",Primary
VICR,Vicor Corp,Hardware,Hardware - Data Center Infrastructure & Servers,Secondary
VIRT,"Virtu Financial, Inc.",FinTech & Digital Finance,FinTech - Trading Platforms & WealthTech,Primary
VISN,"Vistance Networks, Inc.  -",Telecommunications,Telecom - Infrastructure & Equipment,Primary
VITL,"Vital Farms, Inc.",Consumer Goods & Retail,"Consumer - Health, Food & Beverages",Primary
VKTX,"Viking Therapeutics, Inc.",Healthcare & Biotech,Healthcare - Metabolic & Cardiometabolic,Primary
VLO,Valero Energy Corp/Tx,Energy - Traditional,Energy Base - Refining & Midstream Infrastructure,Primary
VLO,Valero Energy Corp/Tx,Commodities - Energy,Comm Energy - Biofuels & Renewable Fuels,Secondary
VLTO,Veralto Corp,Environmental Sustainability,Environmental - Clean Technologies & Pollution Control,Primary
VLY,Valley National Bancorp,Financials - Traditional,"Fin Trad - Banks, Lending & Mortgage Finance",Primary
VMC,Vulcan Materials Co,Industrials & Construction,Industrials - Construction Materials & Aggregates,Primary
VMI,"Valmont Industries, Inc.",Industrials & Construction,"Industrials - Machinery, Flow Control & Components",Primary
VMI,"Valmont Industries, Inc.",Agriculture & FoodTech,Agriculture - Precision Agriculture & Farm Automation,Secondary
VNO,Vornado Realty Trust,Real Estate & REITs,Real Estate - Office & Commercial Workspaces,Primary
VNOM,"Viper Energy, Inc.",Energy - Traditional,Energy Base - Oil & Gas Exploration & Production,Primary
VNT,Vontier Corp,Transportation & Logistics,Transportation - Urban Mobility & Emerging Transport Tech,Primary
VNT,Vontier Corp,Electric Vehicles & Mobility,EVs - Charging & Infrastructure,Secondary
VOYA,"Voya Financial, Inc.",Financials - Traditional,"Fin Trad - Asset Management, Custody & Alternatives",Primary
VOYA,"Voya Financial, Inc.",Financials - Traditional,Fin Trad - Insurance & Reinsurance,Secondary
VRSK,"Verisk Analytics, Inc.",Big Data & Analytics,"Big Data - Data Generation, Sourcing & Providers",Primary
VRSN,"Verisign, Inc.",Telecommunications,Telecom - Cloud & Edge Connectivity,Primary
VRSN,"Verisign, Inc.",Cybersecurity,Cybersecurity - Cloud Security,Secondary
VRT,Vertiv Holdings Co,Hardware,Hardware - Data Center Infrastructure & Servers,Primary
VRT,Vertiv Holdings Co,Cloud Computing,Cloud - Data Centers & Infrastructure,Secondary
VRTX,Vertex Pharmaceuticals Inc / Ma,Healthcare & Biotech,Healthcare - Genomics & Personalized Medicine,Primary
VRTX,Vertex Pharmaceuticals Inc / Ma,Healthcare & Biotech,Healthcare - Next-Gen Biotech Platforms,Secondary
VSAT,Viasat Inc,Defense & Aerospace,Defense - Space Technology & Satellite Services,Primary
VSAT,Viasat Inc,Telecommunications,Telecom - Satellite & Space Communication,Secondary
VST,Vistra Corp.,Energy - Traditional,Energy Base - Nuclear Power & Advanced Reactors,Primary
VST,Vistra Corp.,Energy - Traditional,Energy Base - Utilities & Conventional Power Operators,Secondary
VTEX,Vtex,E-commerce,E-commerce - Platforms,Primary
VTR,"Ventas, Inc.",Healthcare & Biotech,Healthcare - Senior Care & Longevity,Primary
VTR,"Ventas, Inc.",Real Estate & REITs,Real Estate - Healthcare & Senior Living,Secondary
VTRS,Viatris Inc.,Healthcare & Biotech,Healthcare - Metabolic & Cardiometabolic,Primary
VUZI,Vuzix Corp,Hardware,Hardware - Next-Gen & Specialty,Primary
VVV,Valvoline Inc.,E-commerce,"E-commerce - Omnichannel Retailers, Online & Physical Stores",Primary
VZ,Verizon Communications Inc,Telecommunications,Telecom - Cloud & Edge Connectivity,Primary
VZ,Verizon Communications Inc,Telecommunications,Telecom - Enterprise & Unified Communications,Secondary
W,Wayfair Inc.,Consumer Goods & Retail,"Consumer - Health, Food & Beverages",Primary
WAB,Westinghouse Air Brake Technologies Corp,Transportation & Logistics,Transportation - Freight Rail & Infrastructure,Primary
WAL,Western Alliance Bancorporation,Financials - Traditional,"Fin Trad - Banks, Lending & Mortgage Finance",Primary
WAT,Waters Corp,Nanotechnology,NanoTech - Research Tools & Advanced Instruments,Primary
WAT,Waters Corp,Healthcare & Biotech,"Healthcare - Diagnostics, Biomarkers & Liquid Biopsy",Secondary
WAY,Waystar Holding Corp.,Healthcare & Biotech,"Healthcare - IT, Services & Data Infrastructure",Primary
WBD,"Warner Bros. Discovery, Inc.",Digital Entertainment & Media,Entertainment - Video Streaming,Primary
WBS,Webster Financial Corp,Financials - Traditional,"Fin Trad - Banks, Lending & Mortgage Finance",Primary
WBX,Wallbox N.V.,Electric Vehicles & Mobility,EVs - Charging & Infrastructure,Primary
WCC,"Wesco International, Inc.",Industrials & Construction,Industrials - Distribution & Rental Services,Primary
WCC,"Wesco International, Inc.",Energy - Renewable,Energy Clean - Smart Grid & Electrification,Secondary
WCN,"Waste Connections, Inc.",Environmental Sustainability,Environmental - Waste Management & Recycling,Primary
WDAY,"Workday, Inc.",Cloud Computing,Cloud - Horizontal SaaS & Cloud Applications,Primary
WDAY,"Workday, Inc.",Software,Software - Vertical SaaS Platforms,Secondary
WDC,Western Digital Corp,Semiconductors,Semis - Memory & Storage,Primary
WDC,Western Digital Corp,Hardware,Hardware - Data Center Infrastructure & Servers,Secondary
WEC,"WEC Energy Group, Inc.",Energy - Traditional,Energy Base - Utilities & Conventional Power Operators,Primary
WELL,Welltower Inc.,Healthcare & Biotech,Healthcare - Senior Care & Longevity,Primary
WELL,Welltower Inc.,Real Estate & REITs,Real Estate - Healthcare & Senior Living,Secondary
WERN,Werner Enterprises Inc,Transportation & Logistics,"Transportation - Trucking, LTL & Ground Freight",Primary
WEX,WEX Inc.,FinTech & Digital Finance,FinTech - Digital Payments & Merchant Infrastructure,Primary
WFC,Wells Fargo & Co,Financials - Traditional,"Fin Trad - Banks, Lending & Mortgage Finance",Primary
WFRD,Weatherford International Plc,Energy - Traditional,Energy Base - Oilfield Services & Equipment,Primary
WH,"Wyndham Hotels & Resorts, Inc.",Real Estate & REITs,"Real Estate - Travel, Leisure & Entertainment Properties",Primary
WHR,Whirlpool Corp /De/,Smart Home & IoT,Smart Home - Connected Devices & Appliances,Primary
WHR,Whirlpool Corp /De/,Consumer Goods & Retail,"Consumer - Health, Food & Beverages",Secondary
WING,Wingstop Inc.,Consumer Goods & Retail,Consumer - Restaurants & Dining,Primary
WIT,Wipro Ltd,Business Services & Consulting,Consulting,Primary
WIX,Wix.Com Ltd.,E-commerce,E-commerce - Platforms,Primary
WLK,Westlake Corp,Industrials & Construction,Industrials - Chemicals & Advanced Materials,Primary
WLY,"John Wiley & Sons, Inc.",Education Technology,Education - Digital Curriculum,Primary
WM,Waste Management Inc,Environmental Sustainability,Environmental - Waste Management & Recycling,Primary
WMB,"Williams Companies, Inc.",Energy - Traditional,Energy Base - Refining & Midstream Infrastructure,Primary
WMB,"Williams Companies, Inc.",Commodities - Energy,Comm Energy - Natural Gas & LNG,Secondary
WMG,Warner Music Group Corp.,Digital Entertainment & Media,Entertainment - Video Streaming,Primary
WMS,"Advanced Drainage Systems, Inc.",Industrials & Construction,Industrials - Building Products & HVAC,Primary
WMS,"Advanced Drainage Systems, Inc.",Environmental Sustainability,Environmental - Water Infrastructure & Treatment,Secondary
WMT,Walmart Inc.,E-commerce,E-commerce - Grocery & Local Commerce Platforms,Primary
WMT,Walmart Inc.,E-commerce,"E-commerce - Omnichannel Retailers, Online & Physical Stores",Secondary
WNC,Wabash National Corp,Transportation & Logistics,Transportation - Infrastructure & Equipment,Primary
WOLF,"Wolfspeed, Inc.",Semiconductors,Semis - Emerging Technologies,Primary
WOLF,"Wolfspeed, Inc.",Electric Vehicles & Mobility,EVs - Key Suppliers & Autonomy Tech,Secondary
WPC,W.P. Carey Inc.,Real Estate & REITs,Real Estate - Retail & Consumer Real Estate,Primary
WPM,Wheaton Precious Metals Corp.,Commodities - Metals,Comm Metals - Gold,Primary
WPM,Wheaton Precious Metals Corp.,Commodities - Metals,Comm Metals - Precious Metals,Secondary
WRB,W.R. Berkley Corp,Financials - Traditional,Fin Trad - Insurance & Reinsurance,Primary
WRBY,Warby Parker Inc.,E-commerce,E-commerce - Direct-to-Consumer,Primary
WSM,"Williams-Sonoma, Inc.",E-commerce,"E-commerce - Omnichannel Retailers, Online & Physical Stores",Primary
WSM,"Williams-Sonoma, Inc.",Consumer Goods & Retail,Consumer - Modern Luxury & Lifestyle,Secondary
WSO,"Watsco, Inc.",Industrials & Construction,Industrials - Distribution & Rental Services,Primary
WSO,"Watsco, Inc.",Industrials & Construction,Industrials - Building Products & HVAC,Secondary
WST,"West Pharmaceutical Services, Inc.",Healthcare & Biotech,Healthcare - Medical Devices & HealthTech Hardware,Primary
WST,"West Pharmaceutical Services, Inc.",Nanotechnology,NanoTech - Nanomedicine & Drug Delivery,Secondary
WT,"Wisdomtree, Inc.",Crypto & Blockchain,"Blockchain - Platforms, Tokenization & Financial Services",Primary
WTFC,Wintrust Financial Corp,Financials - Traditional,"Fin Trad - Banks, Lending & Mortgage Finance",Primary
WTRG,"Essential Utilities, Inc.",Environmental Sustainability,Environmental - Water Infrastructure & Treatment,Primary
WTS,Watts Water Technologies Inc,Environmental Sustainability,Environmental - Water Infrastructure & Treatment,Primary
WTW,Willis Towers Watson Plc,Financials - Traditional,Fin Trad - Insurance & Reinsurance,Primary
WWD,"Woodward, Inc.",Defense & Aerospace,Defense - Next-Generation Aircraft & Maintenance,Primary
WWD,"Woodward, Inc.",Industrials & Construction,"Industrials - Machinery, Flow Control & Components",Secondary
WWR,"Westwater Resources, Inc.",Commodities - Metals,Comm Metals - Battery & Energy Transition Metals,Primary
WY,Weyerhaeuser Co,Environmental Sustainability,Environmental - Sustainable Agriculture & Resource Management,Primary
WYNN,"Wynn Resorts, Limited",Real Estate & REITs,"Real Estate - Travel, Leisure & Entertainment Properties",Primary
WYNN,"Wynn Resorts, Limited",Digital Entertainment & Media,Entertainment - iGaming & Online Gambling,Secondary
XEL,Xcel Energy Inc,Energy - Traditional,Energy Base - Utilities & Conventional Power Operators,Primary
XEL,Xcel Energy Inc,Energy - Renewable,Energy Clean - Utilities & Clean Power Operators,Secondary
XIFR,"Xplr Infrastructure, Lp",Energy - Renewable,Energy Clean - Wind,Primary
XMTR,"Xometry, Inc.",Industrial Automation & Robotics,"Automation - Additive Manufacturing, 3D Printing",Primary
XOM,Exxon Mobil Corp,Energy - Traditional,Energy Base - Integrated Energy Majors,Primary
XOM,Exxon Mobil Corp,Energy - Traditional,Energy Base - Oil & Gas Exploration & Production,Secondary
XPEV,Xpeng Inc.,Electric Vehicles & Mobility,EVs - Manufacturers,Primary
XPO,"Xpo, Inc.",Transportation & Logistics,"Transportation - Trucking, LTL & Ground Freight",Primary
XRAY,Dentsply Sirona Inc.,Healthcare & Biotech,Healthcare - Medical Devices & HealthTech Hardware,Primary
XRX,Xerox Holdings Corp,Hardware,Hardware - Printing & Imaging,Primary
XYL,Xylem Inc.,Nanotechnology,NanoTech - Energy & Environment,Primary
XYL,Xylem Inc.,Environmental Sustainability,Environmental - Water Infrastructure & Treatment,Secondary
XYZ,"Block, Inc.",FinTech & Digital Finance,"FinTech - Crypto, Blockchain & Tokenization",Primary
XYZ,"Block, Inc.",FinTech & Digital Finance,FinTech - Digital Banking & Neobanks,Secondary
YETI,"Yeti Holdings, Inc.",Consumer Goods & Retail,Consumer - Modern Luxury & Lifestyle,Primary
YOU,"Clear Secure, Inc.",Cybersecurity,"Cybersecurity - Identity, Biometrics & Access Management",Primary
YUM,"Yum! Brands, Inc.",Consumer Goods & Retail,Consumer - Restaurants & Dining,Primary
YYGH,Yy Group Holding Ltd.,Industrial Automation & Robotics,"Robotics - Autonomous Vehicles, Service & Mobility",Primary
ZBH,"Zimmer Biomet Holdings, Inc.",Industrial Automation & Robotics,Robotics - Medical & Surgical Robotics,Primary
ZBH,"Zimmer Biomet Holdings, Inc.",Healthcare & Biotech,Healthcare - Senior Care & Longevity,Secondary
ZBRA,Zebra Technologies Corp,Hardware,Hardware - Industrial & IoT,Primary
ZBRA,Zebra Technologies Corp,Industrial Automation & Robotics,"Automation - Industrial IoT, Connectivity",Secondary
ZIM,Zim Integrated Shipping Services Ltd.,Transportation & Logistics,Transportation - Marine Shipping & Ports,Primary
ZION,"Zions Bancorporation, N.A.",Financials - Traditional,"Fin Trad - Banks, Lending & Mortgage Finance",Primary
ZM,"Zoom Communications, Inc.",Telecommunications,Telecom - Enterprise & Unified Communications,Primary
ZM,"Zoom Communications, Inc.",Cloud Computing,Cloud - Horizontal SaaS & Cloud Applications,Secondary
ZS,"Zscaler, Inc.",Cybersecurity,Cybersecurity - Application Security,Primary
ZS,"Zscaler, Inc.",Cybersecurity,Cybersecurity - Cloud Security,Secondary
ZTS,Zoetis Inc.,Healthcare & Biotech,Healthcare - Animal Health & Veterinary,Primary
ZTS,Zoetis Inc.,Commodities - Agriculture,Comm Agri - Livestock & Animal Protein,Secondary
