Ticker,Company Name,Theme,Sub Theme,Assignment,Market Cap,1W Price Change %,1M Price Change %,3M Price Change %,Sub Market Cap,Last Bar Date,Stale,Return Status,Pct vs 30W EMA,Above 30W EMA,30W EMA Rising,Weekly PPO,Weekly PPO Hist,Weekly Hist Improving,Daily PPO,Daily PPO Hist,Daily PPO Near Zero,Daily PPO Turning Up,Daily PPO Above Signal,RS 1M Change %,RS Improving,Vol Ratio 20/60,Down Day Capture,Down Day Green Rate %,Data As Of
A,"Agilent Technologies, Inc.",Nanotechnology,NanoTech - Research Tools & Advanced Instruments,Primary,48720.8714,0.1043,0.1164,0.3152,48720.8714,2026-09-25,False,ok,24.08,True,True,6.448,1.988,True,3.627,1.368,False,True,True,10.58,True,1.2,-1.59,50.0,2026-09-25
AA,Alcoa Corp,Commodities - Metals,Comm Metals - Industrial & Base Metals,Primary,11308.5194,-0.0356,-0.1644,-0.1791,11308.5194,2026-09-25,False,ok,-18.4,False,False,-6.161,-2.298,False,-3.739,-1.283,False,True,False,-17.23,False,0.76,3.35,20.0,2026-09-25
AAL,American Airlines Group Inc.,Transportation & Logistics,Transportation - Air Travel & Passenger Transportation,Primary,9181.5229,0.0702,-0.0057,-0.2047,9181.5229,2026-09-25,False,ok,-0.86,False,False,-0.077,-2.165,True,-1.383,1.194,False,True,True,-1.52,False,0.75,1.18,40.0,2026-09-25
AAON,"AAON, Inc.",Industrials & Construction,Industrials - Building Products & HVAC,Primary,7346.6194,0.1608,0.1709,-0.3221,4407.9716,2026-09-25,False,ok,-8.14,False,False,-6.82,-3.518,True,-0.739,2.44,True,True,True,15.98,True,0.88,-0.72,50.0,2026-09-25
AAON,"AAON, Inc.",Cloud Computing,Cloud - Data Centers & Infrastructure,Secondary,7346.6194,0.1608,0.1709,-0.3221,2938.6478,2026-09-25,False,ok,-8.14,False,False,-6.82,-3.518,True,-0.739,2.44,True,True,True,15.98,True,0.88,-0.72,50.0,2026-09-25
AAPL,Apple Inc.,Hardware,"Hardware - Consumer Electronics, PCs & Peripherals",Primary,4977636.9336,0.0147,0.1006,0.1647,2986582.1602,2026-09-25,False,ok,12.37,True,True,4.722,0.384,True,1.899,0.228,False,False,True,9.01,True,0.93,0.3,40.0,2026-09-25
AAPL,Apple Inc.,Hardware,Hardware - Next-Gen & Specialty,Secondary,4977636.9336,0.0147,0.1006,0.1647,1991054.7734,2026-09-25,False,ok,12.37,True,True,4.722,0.384,True,1.899,0.228,False,False,True,9.01,True,0.93,0.3,40.0,2026-09-25
ABAT,American Battery Technology Co,Commodities - Metals,Comm Metals - Recycling & Circular Materials,Primary,322.2257,0.0367,-0.1274,-0.163,193.3354,2026-09-25,False,ok,-21.81,False,False,-10.464,-0.279,False,-3.123,-0.932,False,True,False,-13.57,False,1.02,5.79,30.0,2026-09-25
ABAT,American Battery Technology Co,Electric Vehicles & Mobility,EVs - Batteries & Materials,Secondary,322.2257,0.0367,-0.1274,-0.163,128.8903,2026-09-25,False,ok,-21.81,False,False,-10.464,-0.279,False,-3.123,-0.932,False,True,False,-13.57,False,1.02,5.79,30.0,2026-09-25
ABBV,Abbvie Inc.,Healthcare & Biotech,Healthcare - Oncology & Precision Cancer Therapeutics,Primary,467119.7676,0.0014,-0.0055,0.1334,467119.7676,2026-09-25,False,ok,10.08,True,True,4.723,0.424,False,1.016,0.111,False,False,True,-1.49,False,0.83,-0.09,60.0,2026-09-25
ABNB,"Airbnb, Inc.",Consumer Goods & Retail,Consumer - Resale & Sharing Platforms,Primary,94290.7802,-0.0526,-0.1734,0.0905,94290.7802,2026-09-25,False,ok,3.01,True,True,6.636,-0.176,False,-2.852,-1.595,False,True,False,-18.12,False,1.12,4.99,20.0,2026-09-25
ABT,Abbott Laboratories,Healthcare & Biotech,"Healthcare - Digital Health, Telemedicine & Remote Care",Primary,175270.527,-0.0129,-0.1278,0.1273,105162.3162,2026-09-25,False,ok,-2.15,False,False,0.697,0.996,False,-1.614,-0.405,False,True,False,-13.61,False,0.91,1.56,30.0,2026-09-25
ABT,Abbott Laboratories,Healthcare & Biotech,Healthcare - Medical Devices & HealthTech Hardware,Secondary,175270.527,-0.0129,-0.1278,0.1273,70108.2108,2026-09-25,False,ok,-2.15,False,False,0.697,0.996,False,-1.614,-0.405,False,True,False,-13.61,False,0.91,1.56,30.0,2026-09-25
ACA,"Arcosa, Inc.",Industrials & Construction,Industrials - Construction Materials & Aggregates,Primary,7200.0399,0.0053,0.0094,0.0161,4320.0239,2026-09-25,False,ok,9.63,True,True,5.586,-0.688,False,0.298,0.061,True,True,True,-0.02,False,1.0,-0.03,40.0,2026-09-25
ACA,"Arcosa, Inc.",Energy - Renewable,Energy Clean - Wind,Secondary,7200.0399,0.0053,0.0094,0.0161,2880.016,2026-09-25,False,ok,9.63,True,True,5.586,-0.688,False,0.298,0.061,True,True,True,-0.02,False,1.0,-0.03,40.0,2026-09-25
ACGL,Arch Capital Group Ltd.,Financials - Traditional,Fin Trad - Insurance & Reinsurance,Primary,32300.7488,-0.023,-0.0587,-0.0027,32300.7488,2026-09-25,False,ok,-2.09,False,False,0.55,-0.534,False,-1.054,-0.206,False,False,False,-6.76,False,1.66,0.84,40.0,2026-09-25
ACHR,Archer Aviation Inc.,Transportation & Logistics,Transportation - Air Travel & Passenger Transportation,Primary,4319.8505,0.0665,-0.0587,0.1109,4319.8505,2026-09-25,False,ok,-5.67,False,False,-4.505,1.938,False,-0.675,0.241,True,True,True,-6.77,False,0.74,1.62,30.0,2026-09-25
ACI,"Albertsons Companies, Inc.",E-commerce,E-commerce - Grocery & Local Commerce Platforms,Primary,5663.7507,-0.0551,-0.0574,-0.1616,3398.2504,2026-09-25,False,ok,-16.66,False,False,-8.023,-0.552,False,-1.188,-0.475,False,False,False,-6.63,False,0.98,1.09,30.0,2026-09-25
ACI,"Albertsons Companies, Inc.",Consumer Goods & Retail,"Consumer - Health, Food & Beverages",Secondary,5663.7507,-0.0551,-0.0574,-0.1616,2265.5003,2026-09-25,False,ok,-16.66,False,False,-8.023,-0.552,False,-1.188,-0.475,False,False,False,-6.63,False,0.98,1.09,30.0,2026-09-25
ACIW,"Aci Worldwide, Inc.",FinTech & Digital Finance,FinTech - Digital Payments & Merchant Infrastructure,Primary,4998.294,-0.0151,-0.0552,0.0673,4998.294,2026-09-25,False,ok,-0.22,False,True,3.334,-0.964,False,-1.97,-0.409,False,True,False,-6.41,False,0.76,0.64,60.0,2026-09-25
ACLS,Axcelis Technologies Inc,Semiconductors,"Semis - Equipment, Lithography & Deposition",Primary,3801.8199,0.1261,-0.0183,-0.2712,3801.8199,2026-09-25,False,ok,-2.39,False,False,-0.814,-4.193,True,-2.234,1.853,False,True,True,-2.76,False,0.76,0.75,40.0,2026-09-25
ACM,Aecom,Business Services & Consulting,Consulting,Primary,7836.3254,-0.0177,-0.0301,-0.1243,7836.3254,2026-09-25,False,ok,-18.92,False,False,-8.92,0.084,False,-2.589,-0.5,False,True,False,-3.93,False,1.05,3.42,10.0,2026-09-25
ACN,Accenture Plc,Business Services & Consulting,Consulting,Primary,107769.1187,-0.0286,-0.0579,0.38,107769.1187,2026-09-25,False,ok,-2.9,False,True,-2.099,2.972,False,0.585,-1.109,True,False,False,-6.68,False,0.87,2.28,20.0,2026-09-25
ADBE,Adobe Inc.,Cloud Computing,Cloud - Horizontal SaaS & Cloud Applications,Primary,93599.3262,-0.054,-0.1404,0.1979,56159.5957,2026-09-25,False,ok,-8.36,False,False,-1.153,1.227,False,-2.609,-1.329,False,True,False,-14.85,False,1.1,4.37,20.0,2026-09-25
ADBE,Adobe Inc.,E-commerce,E-commerce - Platforms,Secondary,93599.3262,-0.054,-0.1404,0.1979,37439.7305,2026-09-25,False,ok,-8.36,False,False,-1.153,1.227,False,-2.609,-1.329,False,True,False,-14.85,False,1.1,4.37,20.0,2026-09-25
ADC,Agree Realty Corp,Real Estate & REITs,Real Estate - Retail & Consumer Real Estate,Primary,8416.5734,-0.0084,-0.0887,-0.0946,8416.5734,2026-09-25,False,ok,-8.38,False,False,-1.524,-1.509,False,-2.684,-0.334,False,True,False,-9.74,False,1.02,1.5,20.0,2026-09-25
ADI,Analog Devices Inc,Semiconductors,"Semis - Analog, Mixed-Signal & Power Management",Primary,190724.9807,0.0476,0.0566,-0.0444,114434.9884,2026-09-25,False,ok,7.54,True,True,2.411,-1.183,True,1.044,0.953,False,True,True,4.65,True,0.9,0.75,60.0,2026-09-25
ADI,Analog Devices Inc,Hardware,Hardware - Industrial & IoT,Secondary,190724.9807,0.0476,0.0566,-0.0444,76289.9923,2026-09-25,False,ok,7.54,True,True,2.411,-1.183,True,1.044,0.953,False,True,True,4.65,True,0.9,0.75,60.0,2026-09-25
ADM,Archer-Daniels-Midland Co,Agriculture & FoodTech,Agriculture - Agri-Food Processing & Distribution,Primary,39096.5617,-0.0477,0.0248,0.0873,23457.937,2026-09-25,False,ok,5.19,True,True,4.557,-0.364,False,0.264,-0.822,True,False,False,1.5,True,1.08,0.19,40.0,2026-09-25
ADM,Archer-Daniels-Midland Co,Agriculture & FoodTech,Agriculture - Alternative Proteins,Secondary,39096.5617,-0.0477,0.0248,0.0873,15638.6247,2026-09-25,False,ok,5.19,True,True,4.557,-0.364,False,0.264,-0.822,True,False,False,1.5,True,1.08,0.19,40.0,2026-09-25
ADP,"Automatic Data Processing, Inc.",Cloud Computing,Cloud - Horizontal SaaS & Cloud Applications,Primary,104479.6539,-0.0278,-0.0616,0.2069,62687.7923,2026-09-25,False,ok,5.88,True,True,4.876,0.894,False,-0.46,-0.646,True,True,False,-7.05,False,1.01,1.55,20.0,2026-09-25
ADP,"Automatic Data Processing, Inc.",Business Services & Consulting,"Business Services - Outsourcing, Facilities & Testing",Secondary,104479.6539,-0.0278,-0.0616,0.2069,41791.8616,2026-09-25,False,ok,5.88,True,True,4.876,0.894,False,-0.46,-0.646,True,True,False,-7.05,False,1.01,1.55,20.0,2026-09-25
ADSK,"Autodesk, Inc.",Industrial Automation & Robotics,Automation - Industrial Software & Digital Twin,Primary,43764.5967,-0.0348,-0.1664,0.0872,26258.758,2026-09-25,False,ok,-10.83,False,False,-2.89,0.166,False,-3.072,-0.559,False,False,False,-17.44,False,1.08,2.53,30.0,2026-09-25
ADSK,"Autodesk, Inc.",Software,Software - Vertical SaaS Platforms,Secondary,43764.5967,-0.0348,-0.1664,0.0872,17505.8387,2026-09-25,False,ok,-10.83,False,False,-2.89,0.166,False,-3.072,-0.559,False,False,False,-17.44,False,1.08,2.53,30.0,2026-09-25
ADT,Adt Inc.,Smart Home & IoT,"Smart Home - Automation, Control & Energy",Primary,4675.5794,-0.0725,-0.1319,-0.0152,4675.5794,2026-09-25,False,ok,-10.09,False,False,-0.813,-0.161,False,-3.189,-1.262,False,True,False,-14.01,False,1.0,2.46,40.0,2026-09-25
ADTN,"Adtran Holdings, Inc.",Hardware,Hardware - Communications & Telecom,Primary,580.9624,-0.0097,-0.111,-0.4893,580.9624,2026-09-25,False,ok,-31.51,False,False,-14.427,-5.85,True,-4.68,0.866,False,True,True,-11.94,False,0.69,2.14,40.0,2026-09-25
AEE,Ameren Corp,Energy - Traditional,Energy Base - Utilities & Conventional Power Operators,Primary,27515.4514,-0.0278,-0.063,-0.1167,27515.4514,2026-09-25,False,ok,-6.87,False,False,-1.005,-1.263,False,-1.881,-0.424,False,True,False,-7.2,False,1.04,1.21,30.0,2026-09-25
AEIS,Advanced Energy Industries Inc,Semiconductors,"Semis - Equipment, Lithography & Deposition",Primary,11201.3066,0.0667,0.0154,-0.222,6720.784,2026-09-25,False,ok,-5.83,False,False,-2.051,-2.57,True,-2.027,1.034,False,True,True,0.58,True,0.81,1.58,50.0,2026-09-25
AEIS,Advanced Energy Industries Inc,Hardware,Hardware - Industrial & IoT,Secondary,11201.3066,0.0667,0.0154,-0.222,4480.5226,2026-09-25,False,ok,-5.83,False,False,-2.051,-2.57,True,-2.027,1.034,False,True,True,0.58,True,0.81,1.58,50.0,2026-09-25
AEM,Agnico Eagle Mines Ltd,Commodities - Metals,Comm Metals - Gold,Primary,98477.8342,-0.0251,-0.1303,0.2701,98477.8342,2026-09-25,False,ok,6.05,True,True,2.492,2.539,False,0.965,-1.046,True,True,False,-13.86,False,0.87,2.22,20.0,2026-09-25
AEP,American Electric Power Co Inc,Energy - Traditional,Energy Base - Utilities & Conventional Power Operators,Primary,64429.4287,-0.0138,-0.036,-0.1164,38657.6572,2026-09-25,False,ok,-5.51,False,False,-1.003,-1.304,False,-1.48,-0.263,False,True,False,-4.52,False,0.96,1.25,30.0,2026-09-25
AEP,American Electric Power Co Inc,Energy - Traditional,Energy Base - Coal & Thermal Power Generation,Secondary,64429.4287,-0.0138,-0.036,-0.1164,25771.7715,2026-09-25,False,ok,-5.51,False,False,-1.003,-1.304,False,-1.48,-0.263,False,True,False,-4.52,False,0.96,1.25,30.0,2026-09-25
AES,Aes Corp,Energy - Renewable,Energy Clean - Wind,Primary,10608.8325,0.0027,0.0095,0.0251,6365.2995,2026-09-25,False,ok,2.56,True,True,1.177,0.005,True,0.217,0.002,True,True,True,-0.01,False,0.99,-0.1,50.0,2026-09-25
AES,Aes Corp,Cloud Computing,Cloud - Data Centers & Infrastructure,Secondary,10608.8325,0.0027,0.0095,0.0251,4243.533,2026-09-25,False,ok,2.56,True,True,1.177,0.005,True,0.217,0.002,True,True,True,-0.01,False,0.99,-0.1,50.0,2026-09-25
AEVA,"Aeva Technologies, Inc.",Industrial Automation & Robotics,"Robotics - Autonomous Vehicles, Service & Mobility",Primary,1069.9834,0.0372,-0.0501,-0.234,1069.9834,2026-09-25,False,ok,-14.4,False,False,-2.41,-4.964,True,-4.918,1.272,False,True,True,-5.92,False,0.74,1.6,50.0,2026-09-25
AFG,"American Financial Group, Inc.",Financials - Traditional,Fin Trad - Insurance & Reinsurance,Primary,11461.4047,-0.0287,-0.0379,0.0062,11461.4047,2026-09-25,False,ok,0.28,True,True,1.942,-0.27,False,-0.686,-0.351,True,False,False,-4.7,False,0.97,0.76,30.0,2026-09-25
AFL,Aflac Inc,Financials - Traditional,Fin Trad - Insurance & Reinsurance,Primary,57012.7606,-0.0224,-0.0212,-0.0294,57012.7606,2026-09-25,False,ok,-2.12,False,False,0.769,-0.962,False,-1.025,-0.054,False,False,False,-3.05,False,1.1,0.72,30.0,2026-09-25
AFRM,"Affirm Holdings, Inc.",FinTech & Digital Finance,FinTech - Digital Payments & Merchant Infrastructure,Primary,24132.3663,0.0044,-0.0824,-0.0791,24132.3663,2026-09-25,False,ok,1.27,True,True,2.923,-1.051,False,-1.52,0.088,False,True,True,-9.12,False,1.39,1.79,30.0,2026-09-25
AG,First Majestic Silver Corp,Commodities - Metals,Comm Metals - Precious Metals,Primary,9370.1499,-0.0418,-0.105,0.1846,9370.1499,2026-09-25,False,ok,0.24,True,True,0.884,0.997,False,-0.45,-0.98,True,True,False,-11.35,False,1.01,3.54,20.0,2026-09-25
AGCO,Agco Corp /De,Agriculture & FoodTech,Agriculture - Precision Agriculture & Farm Automation,Primary,8265.1443,-0.0148,0.0638,0.0331,4959.0866,2026-09-25,False,ok,2.73,True,True,0.916,0.944,False,1.384,-0.926,False,False,False,5.37,True,1.34,1.62,50.0,2026-09-25
AGCO,Agco Corp /De,Industrial Automation & Robotics,"Robotics - Autonomous Vehicles, Service & Mobility",Secondary,8265.1443,-0.0148,0.0638,0.0331,3306.0577,2026-09-25,False,ok,2.73,True,True,0.916,0.944,False,1.384,-0.926,False,False,False,5.37,True,1.34,1.62,50.0,2026-09-25
AGRO,Adecoagro S.A.,Commodities - Agriculture,"Comm Agri - Grains, Oilseeds & Softs",Primary,1505.1322,-0.0899,-0.0544,0.1449,1505.1322,2026-09-25,False,ok,-2.41,False,True,0.774,0.172,False,0.113,-1.902,True,False,False,-6.34,False,1.06,-0.07,40.0,2026-09-25
AHR,"American Healthcare REIT, Inc.",Real Estate & REITs,Real Estate - Healthcare & Senior Living,Primary,11340.2962,-0.0025,-0.0882,0.0433,11340.2962,2026-09-25,False,ok,0.31,True,True,2.471,-0.842,False,-1.598,-0.387,False,True,False,-9.68,False,1.05,0.93,40.0,2026-09-25
AI,"C3.Ai, Inc.",Big Data & Analytics,"Big Data - Analytics, AI Platforms & BI",Primary,1712.3054,0.0162,0.0878,0.1427,1027.3832,2026-09-25,False,ok,2.77,True,True,-0.812,2.758,False,1.785,-0.304,False,False,False,7.75,True,1.18,1.01,50.0,2026-09-25
AI,"C3.Ai, Inc.",Artificial Intelligence,"AI - Apps, Domain-Specific AI",Secondary,1712.3054,0.0162,0.0878,0.1427,684.9222,2026-09-25,False,ok,2.77,True,True,-0.812,2.758,False,1.785,-0.304,False,False,False,7.75,True,1.18,1.01,50.0,2026-09-25
AIG,"American International Group, Inc.",Financials - Traditional,Fin Trad - Insurance & Reinsurance,Primary,38782.9883,-0.0154,-0.0225,-0.0194,38782.9883,2026-09-25,False,ok,-2.58,False,False,-0.299,-0.397,False,-0.545,-0.021,True,False,False,-3.18,False,1.19,0.08,50.0,2026-09-25
AIOT,"Powerfleet, Inc.",Electric Vehicles & Mobility,EVs - Autonomous Driving & Fleet,Primary,375.8326,-0.0278,-0.0476,-0.2612,375.8326,2026-09-25,False,ok,-22.96,False,False,-8.187,-2.619,False,-3.758,0.229,False,False,True,-5.67,False,0.73,0.6,40.0,2026-09-25
AIR,AAR Corp.,Defense & Aerospace,Defense - Next-Generation Aircraft & Maintenance,Primary,4674.454,0.0296,-0.1422,-0.1266,2804.6724,2026-09-25,False,ok,-4.87,False,False,2.562,-2.942,False,-3.891,0.076,False,True,True,-15.04,False,0.86,0.9,60.0,2026-09-25
AIR,AAR Corp.,Defense & Aerospace,Defense - Secure Defense Supply Chains,Secondary,4674.454,0.0296,-0.1422,-0.1266,1869.7816,2026-09-25,False,ok,-4.87,False,False,2.562,-2.942,False,-3.891,0.076,False,True,True,-15.04,False,0.86,0.9,60.0,2026-09-25
AIT,"Applied Industrial Technologies, Inc.",Industrials & Construction,Industrials - Distribution & Rental Services,Primary,12246.7144,0.0359,-0.0067,0.0003,12246.7144,2026-09-25,False,ok,5.26,True,True,3.369,-1.239,True,-0.583,0.689,True,True,True,-1.62,False,1.05,0.06,40.0,2026-09-25
AIZ,"Assurant, Inc.",Financials - Traditional,Fin Trad - Insurance & Reinsurance,Primary,13070.7988,-0.061,-0.0678,0.0076,13070.7988,2026-09-25,False,ok,1.38,True,True,4.327,-0.785,False,-1.327,-0.879,False,False,False,-7.67,False,1.02,1.84,30.0,2026-09-25
AJG,Arthur J. Gallagher & Co.,Financials - Traditional,Fin Trad - Insurance & Reinsurance,Primary,59240.4029,-0.035,-0.137,0.0496,59240.4029,2026-09-25,False,ok,-3.65,False,True,1.702,0.018,False,-2.683,-1.002,False,True,False,-14.52,False,0.99,2.69,10.0,2026-09-25
AKAM,Akamai Technologies Inc,Telecommunications,Telecom - Cloud & Edge Connectivity,Primary,16375.0707,0.0901,0.0775,-0.0464,9825.0424,2026-09-25,False,ok,1.34,True,False,-0.443,-2.253,True,0.272,1.191,True,False,True,6.73,True,1.19,1.76,40.0,2026-09-25
AKAM,Akamai Technologies Inc,Cloud Computing,Cloud - Data Centers & Infrastructure,Secondary,16375.0707,0.0901,0.0775,-0.0464,6550.0283,2026-09-25,False,ok,1.34,True,False,-0.443,-2.253,True,0.272,1.191,True,False,True,6.73,True,1.19,1.76,40.0,2026-09-25
ALB,Albemarle Corp,Energy - Renewable,Energy Clean - Materials & Critical Metals,Primary,12948.695,-0.0106,-0.1733,-0.2553,7769.217,2026-09-25,False,ok,-20.69,False,False,-7.54,-2.531,False,-4.431,-0.891,False,True,False,-18.12,False,1.11,4.49,20.0,2026-09-25
ALB,Albemarle Corp,Commodities - Metals,Comm Metals - Battery & Energy Transition Metals,Secondary,12948.695,-0.0106,-0.1733,-0.2553,5179.478,2026-09-25,False,ok,-20.69,False,False,-7.54,-2.531,False,-4.431,-0.891,False,True,False,-18.12,False,1.11,4.49,20.0,2026-09-25
ALGM,"Allegro Microsystems, Inc.",Semiconductors,"Semis - Analog, Mixed-Signal & Power Management",Primary,6852.139,0.078,-0.0182,-0.3367,4111.2834,2026-09-25,False,ok,-10.1,False,False,-2.829,-4.729,True,-3.449,1.396,False,True,True,-2.75,False,0.81,2.65,30.0,2026-09-25
ALGM,"Allegro Microsystems, Inc.",Electric Vehicles & Mobility,EVs - Key Suppliers & Autonomy Tech,Secondary,6852.139,0.078,-0.0182,-0.3367,2740.8556,2026-09-25,False,ok,-10.1,False,False,-2.829,-4.729,True,-3.449,1.396,False,True,True,-2.75,False,0.81,2.65,30.0,2026-09-25
ALGN,"Align Technology, Inc.",Healthcare & Biotech,Healthcare - Medical Devices & HealthTech Hardware,Primary,10427.2302,-0.0056,-0.0804,-0.1411,10427.2302,2026-09-25,False,ok,-11.1,False,False,-2.688,-2.306,False,-3.005,0.028,False,True,True,-8.91,False,0.93,1.59,30.0,2026-09-25
ALGT,Allegiant Travel Co,Transportation & Logistics,Transportation - Air Travel & Passenger Transportation,Primary,2162.143,0.0119,-0.0392,-0.263,2162.143,2026-09-25,False,ok,-9.23,False,False,-2.472,-3.19,True,-2.187,0.909,False,True,True,-4.84,False,0.85,0.87,50.0,2026-09-25
ALK,"Alaska Air Group, Inc.",Transportation & Logistics,Transportation - Air Travel & Passenger Transportation,Primary,4569.0317,0.0099,-0.0552,-0.206,4569.0317,2026-09-25,False,ok,-8.35,False,False,-2.564,-1.486,True,-2.158,0.505,False,True,True,-6.41,False,0.85,2.68,30.0,2026-09-25
ALL,Allstate Corp,Financials - Traditional,Fin Trad - Insurance & Reinsurance,Primary,57550.4712,-0.089,-0.1129,-0.0214,57550.4712,2026-09-25,False,ok,-3.34,False,True,3.943,-1.108,False,-2.88,-1.383,False,True,False,-12.13,False,1.11,2.5,30.0,2026-09-25
ALLE,Allegion Plc,Smart Home & IoT,"Smart Home - Automation, Control & Energy",Primary,13135.6324,0.0144,-0.0334,0.1569,13135.6324,2026-09-25,False,ok,2.59,True,True,1.578,0.972,False,-0.551,0.0,True,True,True,-4.26,False,1.08,0.47,40.0,2026-09-25
ALLY,Ally Financial Inc.,FinTech & Digital Finance,FinTech - Digital Banking & Neobanks,Primary,11799.9063,-0.0302,-0.0894,-0.1427,11799.9063,2026-09-25,False,ok,-8.41,False,False,-0.534,-1.543,False,-2.818,-0.683,False,True,False,-9.81,False,1.05,2.49,30.0,2026-09-25
ALNY,"Alnylam Pharmaceuticals, Inc.",Healthcare & Biotech,Healthcare - Next-Gen Biotech Platforms,Primary,34249.7833,0.0685,0.0661,-0.1296,34249.7833,2026-09-25,False,ok,-9.98,False,False,-8.467,0.745,True,0.382,0.25,True,True,True,5.6,True,0.86,1.93,50.0,2026-09-25
ALRM,"Alarm.Com Holdings, Inc.",Smart Home & IoT,"Smart Home - Automation, Control & Energy",Primary,2620.4365,-0.0107,-0.0595,0.2004,2620.4365,2026-09-25,False,ok,3.75,True,True,4.053,0.418,False,-1.077,-0.586,False,True,False,-6.85,False,1.1,0.48,60.0,2026-09-25
ALT,"Altimmune, Inc.",Healthcare & Biotech,Healthcare - Metabolic & Cardiometabolic,Primary,595.2241,-0.0585,-0.0438,0.0373,595.2241,2026-09-25,False,ok,-5.41,False,True,-2.568,2.314,False,0.522,-1.062,True,False,False,-5.28,False,0.97,1.38,40.0,2026-09-25
ALV,"Autoliv, Inc.",Electric Vehicles & Mobility,EVs - Key Suppliers & Autonomy Tech,Primary,8606.8378,0.0046,-0.0453,-0.0046,8606.8378,2026-09-25,False,ok,-1.43,False,True,0.684,-0.327,False,-1.132,-0.304,False,True,False,-5.44,False,1.0,2.57,30.0,2026-09-25
AM,Antero Midstream Corp,Energy - Traditional,Energy Base - Refining & Midstream Infrastructure,Primary,9934.9268,-0.0123,-0.0447,-0.0452,5960.9561,2026-09-25,False,ok,-2.25,False,True,1.233,-0.988,False,-1.427,-0.459,False,False,False,-5.38,False,1.04,0.97,40.0,2026-09-25
AM,Antero Midstream Corp,Commodities - Energy,Comm Energy - Natural Gas & LNG,Secondary,9934.9268,-0.0123,-0.0447,-0.0452,3973.9707,2026-09-25,False,ok,-2.25,False,True,1.233,-0.988,False,-1.427,-0.459,False,False,False,-5.38,False,1.04,0.97,40.0,2026-09-25
AMAT,Applied Materials Inc /De,Semiconductors,"Semis - Equipment, Lithography & Deposition",Primary,384894.763,0.0909,0.0103,-0.1756,230936.8578,2026-09-25,False,ok,6.25,True,True,4.195,-3.957,True,-1.328,1.673,False,True,True,0.07,True,0.75,0.65,40.0,2026-09-25
AMAT,Applied Materials Inc /De,Artificial Intelligence,"AI - Compute, Edge & Acceleration",Secondary,384894.763,0.0909,0.0103,-0.1756,153957.9052,2026-09-25,False,ok,6.25,True,True,4.195,-3.957,True,-1.328,1.673,False,True,True,0.07,True,0.75,0.65,40.0,2026-09-25
AMBA,Ambarella Inc,Industrial Automation & Robotics,Automation - Industrial Sensors & Machine Vision,Primary,3208.1659,0.0987,0.0268,0.1538,1924.8995,2026-09-25,False,ok,2.25,True,False,0.299,-0.911,True,-1.154,1.396,False,True,True,1.71,True,1.09,-0.28,50.0,2026-09-25
AMBA,Ambarella Inc,Industrial Automation & Robotics,Robotics - Sensors & Vision Systems,Secondary,3208.1659,0.0987,0.0268,0.1538,1283.2664,2026-09-25,False,ok,2.25,True,False,0.299,-0.911,True,-1.154,1.396,False,True,True,1.71,True,1.09,-0.28,50.0,2026-09-25
AMCR,Amcor Plc,Industrials & Construction,Industrials - Packaging & Containers,Primary,19654.314,0.0146,-0.0878,0.0338,19654.314,2026-09-25,False,ok,0.39,True,True,2.221,-0.5,False,-1.734,-0.14,False,True,False,-9.65,False,0.92,1.42,20.0,2026-09-25
AMD,Advanced Micro Devices Inc,Semiconductors,Semis - Emerging Technologies,Primary,1029487.7225,0.1265,0.3161,0.2134,617692.6335,2026-09-25,False,ok,42.43,True,True,12.88,-1.202,True,6.768,2.539,False,False,True,30.35,True,0.94,-2.87,70.0,2026-09-25
AMD,Advanced Micro Devices Inc,Semiconductors,"Semis - Logic & CPUs, GPUs, Accelerators",Secondary,1029487.7225,0.1265,0.3161,0.2134,411795.089,2026-09-25,False,ok,42.43,True,True,12.88,-1.202,True,6.768,2.539,False,False,True,30.35,True,0.94,-2.87,70.0,2026-09-25
AME,Ametek Inc/,Hardware,Hardware - Industrial & IoT,Primary,57484.9679,0.0551,0.0386,0.0668,34490.9807,2026-09-25,False,ok,7.66,True,True,2.595,-0.239,True,0.572,0.797,True,True,True,2.87,True,1.15,0.28,60.0,2026-09-25
AME,Ametek Inc/,Industrial Automation & Robotics,Automation - Industrial Sensors & Machine Vision,Secondary,57484.9679,0.0551,0.0386,0.0668,22993.9872,2026-09-25,False,ok,7.66,True,True,2.595,-0.239,True,0.572,0.797,True,True,True,2.87,True,1.15,0.28,60.0,2026-09-25
AMG,"Affiliated Managers Group, Inc.",Financials - Traditional,"Fin Trad - Asset Management, Custody & Alternatives",Primary,9663.5976,0.0503,0.023,0.102,9663.5976,2026-09-25,False,ok,10.88,True,True,5.225,-0.617,True,0.32,0.586,True,True,True,1.33,True,1.07,1.24,30.0,2026-09-25
AMGN,Amgen Inc,Healthcare & Biotech,Healthcare - Metabolic & Cardiometabolic,Primary,224151.4209,0.0751,-0.0625,0.1867,134490.8525,2026-09-25,False,ok,11.14,True,True,5.128,0.143,False,-0.525,0.381,True,True,True,-7.14,False,1.16,2.71,30.0,2026-09-25
AMGN,Amgen Inc,Healthcare & Biotech,Healthcare - Oncology & Precision Cancer Therapeutics,Secondary,224151.4209,0.0751,-0.0625,0.1867,89660.5684,2026-09-25,False,ok,11.14,True,True,5.128,0.143,False,-0.525,0.381,True,True,True,-7.14,False,1.16,2.71,30.0,2026-09-25
AMH,American Homes 4 Rent,Real Estate & REITs,"Real Estate - Housing, Urban Living & Demographics",Primary,12560.9288,-0.0123,-0.1041,-0.0549,12560.9288,2026-09-25,False,ok,-3.67,False,False,0.738,-1.17,False,-1.984,-0.208,False,True,False,-11.26,False,1.25,1.12,30.0,2026-09-25
AMKR,"Amkor Technology, Inc.",Semiconductors,"Semis - Testing, Packaging & Assembly",Primary,13319.5377,0.0658,0.1028,-0.351,13319.5377,2026-09-25,False,ok,-5.42,False,False,-3.066,-4.131,True,-0.109,1.935,True,False,True,9.24,True,0.74,0.95,40.0,2026-09-25
AMP,"Ameriprise Financial, Inc.",Financials - Traditional,"Fin Trad - Asset Management, Custody & Alternatives",Primary,43548.2747,-0.0943,-0.1201,0.0729,43548.2747,2026-09-25,False,ok,-2.83,False,True,3.73,-0.087,False,-2.337,-1.496,False,False,False,-12.84,False,1.16,3.55,30.0,2026-09-25
AMR,"Alpha Metallurgical Resources, Inc.",Energy - Traditional,Energy Base - Coal & Thermal Power Generation,Primary,2211.6058,0.0012,-0.1911,0.0676,2211.6058,2026-09-25,False,ok,-4.54,False,True,1.115,1.402,False,-2.275,-2.865,False,True,False,-19.88,False,1.18,2.6,40.0,2026-09-25
AMSC,American Superconductor Corp /De/,Energy - Renewable,Energy Clean - Wind,Primary,1453.7487,-0.006,0.0121,-0.2654,1453.7487,2026-09-25,False,ok,-16.14,False,False,-8.915,-1.837,True,-0.409,1.152,True,False,True,0.25,True,0.92,1.46,50.0,2026-09-25
AMT,American Tower Corp /Ma/,Telecommunications,Telecom - Infrastructure & Equipment,Primary,78761.2303,-0.0285,-0.0534,-0.0311,47256.7382,2026-09-25,False,ok,-3.71,False,False,-0.645,-0.041,False,-0.519,-0.576,True,False,False,-6.24,False,0.97,1.87,20.0,2026-09-25
AMT,American Tower Corp /Ma/,Real Estate & REITs,Real Estate - Digital Infrastructure,Secondary,78761.2303,-0.0285,-0.0534,-0.0311,31504.4921,2026-09-25,False,ok,-3.71,False,False,-0.645,-0.041,False,-0.519,-0.576,True,False,False,-6.24,False,0.97,1.87,20.0,2026-09-25
AMTX,"Aemetis, Inc",Commodities - Energy,Comm Energy - Biofuels & Renewable Fuels,Primary,129.1836,-0.1713,-0.0628,0.0783,77.5102,2026-09-25,False,ok,-9.92,False,False,-3.257,0.9,False,1.325,-1.16,False,False,False,-7.17,False,1.04,2.47,30.0,2026-09-25
AMTX,"Aemetis, Inc",Energy - Renewable,Energy Clean - Fuels & Bioenergy,Secondary,129.1836,-0.1713,-0.0628,0.0783,51.6734,2026-09-25,False,ok,-9.92,False,False,-3.257,0.9,False,1.325,-1.16,False,False,False,-7.17,False,1.04,2.47,30.0,2026-09-25
AMWL,American Well Corp,Healthcare & Biotech,"Healthcare - Digital Health, Telemedicine & Remote Care",Primary,228.4276,-0.0233,0.1518,0.5819,228.4276,2026-09-25,False,ok,34.54,True,True,16.914,-0.267,False,2.859,-0.318,False,False,False,14.08,True,0.91,-0.02,40.0,2026-09-25
AMZN,Amazon Com Inc,Cloud Computing,Cloud - Hyperscalers & Platforms,Primary,2693018.6813,-0.0159,-0.0436,0.0657,1615811.2088,2026-09-25,False,ok,0.49,True,True,2.074,-0.532,False,-0.786,-0.165,True,False,False,-5.27,False,0.89,2.53,10.0,2026-09-25
AMZN,Amazon Com Inc,E-commerce,"E-commerce - Omnichannel Retailers, Online & Physical Stores",Secondary,2693018.6813,-0.0159,-0.0436,0.0657,1077207.4725,2026-09-25,False,ok,0.49,True,True,2.074,-0.532,False,-0.786,-0.165,True,False,False,-5.27,False,0.89,2.53,10.0,2026-09-25
AN,"Autonation, Inc.",E-commerce,"E-commerce - Omnichannel Retailers, Online & Physical Stores",Primary,5520.4931,-0.0078,-0.1515,-0.143,5520.4931,2026-09-25,False,ok,-15.45,False,False,-1.877,-1.468,False,-5.471,-2.057,False,True,False,-15.96,False,1.22,1.8,30.0,2026-09-25
ANDE,"Andersons, Inc.",Agriculture & FoodTech,Agriculture - Agri-Food Processing & Distribution,Primary,2275.3439,-0.0376,0.0159,-0.0494,1365.2063,2026-09-25,False,ok,-1.26,False,True,1.037,-1.389,False,-0.468,-0.592,True,False,False,0.63,True,1.11,-0.38,60.0,2026-09-25
ANDE,"Andersons, Inc.",Commodities - Agriculture,"Comm Agri - Grains, Oilseeds & Softs",Secondary,2275.3439,-0.0376,0.0159,-0.0494,910.1376,2026-09-25,False,ok,-1.26,False,True,1.037,-1.389,False,-0.468,-0.592,True,False,False,0.63,True,1.11,-0.38,60.0,2026-09-25
ANET,"Arista Networks, Inc.",Hardware,Hardware - Communications & Telecom,Primary,260505.9604,0.0359,0.0818,0.277,156303.5762,2026-09-25,False,ok,19.68,True,True,8.137,0.842,True,2.138,0.442,False,True,True,7.15,True,0.75,0.45,50.0,2026-09-25
ANET,"Arista Networks, Inc.",Hardware,Hardware - Networking Equipment,Secondary,260505.9604,0.0359,0.0818,0.277,104202.3842,2026-09-25,False,ok,19.68,True,True,8.137,0.842,True,2.138,0.442,False,True,True,7.15,True,0.75,0.45,50.0,2026-09-25
ANF,Abercrombie & Fitch Co /De/,Consumer Goods & Retail,Consumer - Apparel & E-Commerce Retail,Primary,5758.7697,-0.0004,0.2462,0.5277,5758.7697,2026-09-25,False,ok,26.3,True,True,12.196,4.062,False,2.711,-1.859,False,True,False,23.43,True,1.12,1.31,50.0,2026-09-25
AON,Aon Plc,Financials - Traditional,Fin Trad - Insurance & Reinsurance,Primary,58968.748,-0.0597,-0.2166,-0.144,58968.748,2026-09-25,False,ok,-16.24,False,False,-2.087,-2.241,False,-5.437,-0.848,False,True,False,-22.4,False,1.38,2.82,20.0,2026-09-25
AOS,Smith A O Corp,Environmental Sustainability,Environmental - Water Infrastructure & Treatment,Primary,7971.0382,0.0299,-0.0563,-0.0195,7971.0382,2026-09-25,False,ok,-4.85,False,False,-2.388,0.042,False,-1.401,0.249,False,True,True,-6.53,False,0.93,1.44,10.0,2026-09-25
APA,Apa Corp,Energy - Traditional,Energy Base - Oil & Gas Exploration & Production,Primary,14974.0247,,,,14974.0247,,True,no_data,,,,,,,,,,,,,,,,,2026-09-25
APD,"Air Products & Chemicals, Inc.",Energy - Renewable,Energy Clean - Hydrogen & Fuel Cells,Primary,62743.8797,-0.0085,-0.0727,0.0172,62743.8797,2026-09-25,False,ok,-2.52,False,True,1.164,-0.933,False,-1.649,-0.361,False,True,False,-8.15,False,1.05,0.76,20.0,2026-09-25
APG,APi Group Corp,Industrials & Construction,Industrials - Engineering & Construction,Primary,16620.884,0.0286,-0.0475,-0.0832,9972.5304,2026-09-25,False,ok,-5.41,False,False,-1.892,-1.215,True,-2.03,0.321,False,True,True,-5.66,False,1.2,2.07,50.0,2026-09-25
APG,APi Group Corp,Industrials & Construction,Industrials - Building Products & HVAC,Secondary,16620.884,0.0286,-0.0475,-0.0832,6648.3536,2026-09-25,False,ok,-5.41,False,False,-1.892,-1.215,True,-2.03,0.321,False,True,True,-5.66,False,1.2,2.07,50.0,2026-09-25
APH,Amphenol Corp /De/,Hardware,Hardware - Communications & Telecom,Primary,207363.1457,0.086,0.0608,0.0348,207363.1457,2026-09-25,False,ok,10.22,True,True,4.047,-0.073,True,0.648,0.575,True,True,True,5.08,True,0.97,1.73,30.0,2026-09-25
APO,"Apollo Global Management, Inc.",Financials - Traditional,"Fin Trad - Asset Management, Custody & Alternatives",Primary,71863.1977,-0.0335,-0.0863,-0.0032,71863.1977,2026-09-25,False,ok,-4.12,False,True,0.625,-0.149,False,-1.736,-0.755,False,True,False,-9.5,False,0.78,3.41,10.0,2026-09-25
APP,Applovin Corp,Artificial Intelligence,"AI - Ads, Search & Recommendations",Primary,104393.2037,0.0087,0.0007,-0.3317,62635.9222,2026-09-25,False,ok,-26.03,False,False,-13.156,-2.722,True,-2.129,0.573,False,False,True,-0.88,False,0.72,0.99,30.0,2026-09-25
APP,Applovin Corp,Digital Entertainment & Media,Entertainment - Advertising & Social Platforms,Secondary,104393.2037,0.0087,0.0007,-0.3317,41757.2815,2026-09-25,False,ok,-26.03,False,False,-13.156,-2.722,True,-2.129,0.573,False,False,True,-0.88,False,0.72,0.99,30.0,2026-09-25
APPF,Appfolio Inc,Software,Software - Vertical SaaS Platforms,Primary,7232.8581,-0.0485,-0.0844,0.3724,7232.8581,2026-09-25,False,ok,5.32,True,True,4.019,2.698,False,0.009,-1.251,True,False,False,-9.31,False,0.9,1.09,40.0,2026-09-25
APTV,Aptiv Plc,Industrial Automation & Robotics,"Robotics - Autonomous Vehicles, Service & Mobility",Primary,9299.8973,0.0275,-0.0395,-0.2587,5579.9384,2026-09-25,False,ok,-22.54,False,False,-11.358,-1.715,True,-2.932,0.626,False,True,True,-4.86,False,1.16,1.53,40.0,2026-09-25
APTV,Aptiv Plc,Transportation & Logistics,Transportation - Infrastructure & Equipment,Secondary,9299.8973,0.0275,-0.0395,-0.2587,3719.9589,2026-09-25,False,ok,-22.54,False,False,-11.358,-1.715,True,-2.932,0.626,False,True,True,-4.86,False,1.16,1.53,40.0,2026-09-25
AR,Antero Resources Corp,Commodities - Energy,Comm Energy - Natural Gas & LNG,Primary,10760.3651,0.004,-0.0777,0.0084,10760.3651,2026-09-25,False,ok,-3.59,False,True,0.308,0.001,False,-1.7,-1.064,False,True,False,-8.65,False,1.0,0.53,60.0,2026-09-25
ARAY,Accuray Inc,Industrial Automation & Robotics,Robotics - Medical & Surgical Robotics,Primary,25.6914,-0.0435,-0.1852,-0.3333,25.6914,2026-09-25,False,ok,-44.79,False,False,-26.322,1.676,False,-5.134,-0.868,False,False,False,-19.29,False,0.46,6.74,0.0,2026-09-25
ARCB,Arcbest Corp /De/,Transportation & Logistics,"Transportation - Trucking, LTL & Ground Freight",Primary,2797.4956,-0.0277,-0.0767,-0.1371,2797.4956,2026-09-25,False,ok,-2.43,False,True,4.253,-3.604,False,-2.403,-0.406,False,False,False,-8.55,False,0.74,1.71,30.0,2026-09-25
ARCT,Arcturus Therapeutics Holdings Inc.,Nanotechnology,NanoTech - Nanomedicine & Drug Delivery,Primary,393.6595,-0.136,-0.103,0.9757,393.6595,2026-09-25,False,ok,34.1,True,True,15.523,9.897,False,5.246,-4.019,False,True,False,-11.15,False,1.34,1.91,40.0,2026-09-25
ARE,"Alexandria Real Estate Equities, Inc.",Real Estate & REITs,Real Estate - Office & Commercial Workspaces,Primary,8592.7178,-0.0632,-0.0561,-0.0128,8592.7178,2026-09-25,False,ok,-2.73,False,True,0.126,0.751,False,0.37,-0.598,True,False,False,-6.51,False,0.99,1.65,40.0,2026-09-25
AREC,American Resources Corp,Commodities - Metals,Comm Metals - Rare Earth & Strategic Materials,Primary,203.2454,-0.0404,-0.3015,-0.0206,203.2454,2026-09-25,False,ok,-17.6,False,False,-4.006,0.571,False,-5.949,-1.717,False,True,False,-30.81,False,0.73,5.8,30.0,2026-09-25
ARES,Ares Management Corp,Financials - Traditional,"Fin Trad - Asset Management, Custody & Alternatives",Primary,40479.9816,-0.0145,-0.1363,0.0828,40479.9816,2026-09-25,False,ok,-5.09,False,False,0.763,0.192,False,-2.862,-0.955,False,True,False,-14.45,False,1.0,4.29,0.0,2026-09-25
ARLO,"Arlo Technologies, Inc.",Smart Home & IoT,"Smart Home - Connectivity, Devices & Appliances",Primary,1381.7549,-0.0302,-0.036,0.0338,1381.7549,2026-09-25,False,ok,-6.0,False,False,-1.323,-0.102,False,-0.836,-0.157,True,False,False,-4.52,False,1.03,0.92,50.0,2026-09-25
ARLP,Alliance Resource Partners Lp,Energy - Traditional,Energy Base - Coal & Thermal Power Generation,Primary,3235.7688,-0.0278,-0.0499,0.0627,3235.7688,2026-09-25,False,ok,1.35,True,True,2.01,0.339,False,-0.317,-0.727,True,False,False,-5.89,False,0.82,0.64,50.0,2026-09-25
ARM,Arm Holdings Plc /Uk,Semiconductors,Semis - EDA Tools & Design Software,Primary,331421.3192,0.1259,0.2846,-0.1358,198852.7915,2026-09-25,False,ok,23.57,True,True,6.878,-2.853,True,5.315,2.901,False,False,True,27.24,True,1.01,1.84,60.0,2026-09-25
ARM,Arm Holdings Plc /Uk,Semiconductors,"Semis - Logic & CPUs, GPUs, Accelerators",Secondary,331421.3192,0.1259,0.2846,-0.1358,132568.5277,2026-09-25,False,ok,23.57,True,True,6.878,-2.853,True,5.315,2.901,False,False,True,27.24,True,1.01,1.84,60.0,2026-09-25
ARMK,Aramark,Business Services & Consulting,"Business Services - Outsourcing, Facilities & Testing",Primary,14478.2868,-0.0271,-0.0704,0.0204,14478.2868,2026-09-25,False,ok,4.82,True,True,6.024,-1.558,False,-1.21,-0.557,False,False,False,-7.93,False,0.93,1.53,20.0,2026-09-25
ARQQ,Arqit Quantum Inc.,Semiconductors,Semis - Emerging Technologies,Primary,428.0993,0.2221,0.2047,-0.1411,428.0993,2026-09-25,False,ok,20.07,True,True,2.579,3.192,True,3.018,2.342,False,True,True,19.32,True,1.01,0.96,50.0,2026-09-25
ARW,"Arrow Electronics, Inc.",Industrials & Construction,Industrials - Distribution & Rental Services,Primary,11850.7827,0.0615,0.1493,0.0357,7110.4696,2026-09-25,False,ok,18.13,True,True,7.247,-0.95,True,1.987,0.809,False,True,True,13.84,True,0.98,0.56,50.0,2026-09-25
ARW,"Arrow Electronics, Inc.",Hardware,Hardware - Data Center Infrastructure & Servers,Secondary,11850.7827,0.0615,0.1493,0.0357,4740.3131,2026-09-25,False,ok,18.13,True,True,7.247,-0.95,True,1.987,0.809,False,True,True,13.84,True,0.98,0.56,50.0,2026-09-25
ARWR,"Arrowhead Pharmaceuticals, Inc.",Healthcare & Biotech,Healthcare - Genomics & Personalized Medicine,Primary,9311.4941,-0.0084,-0.2583,-0.174,9311.4941,2026-09-25,False,ok,-11.22,False,True,3.428,-3.498,False,-6.622,-1.664,False,True,False,-26.54,False,1.09,7.2,20.0,2026-09-25
ASAN,"Asana, Inc.",Cloud Computing,Cloud - Horizontal SaaS & Cloud Applications,Primary,2065.3105,-0.0515,-0.0445,0.3564,2065.3105,2026-09-25,False,ok,4.44,True,True,2.346,3.358,False,0.569,-0.756,True,False,False,-5.36,False,1.51,2.17,40.0,2026-09-25
ASB,Associated Banc-Corp,Financials - Traditional,"Fin Trad - Banks, Lending & Mortgage Finance",Primary,5546.5149,-0.0098,-0.0395,-0.0275,5546.5149,2026-09-25,False,ok,1.21,True,True,2.886,-0.906,False,-1.417,-0.347,False,True,False,-4.87,False,1.18,0.89,40.0,2026-09-25
ASH,Ashland Inc.,Industrials & Construction,Industrials - Chemicals & Advanced Materials,Primary,3162.4899,0.0,-0.0583,0.0949,3162.4899,2026-09-25,False,ok,6.47,True,True,5.747,-0.56,False,-1.125,-0.449,False,True,False,-6.73,False,1.0,0.96,40.0,2026-09-25
ASML,Asml Holding Nv,Semiconductors,"Semis - Equipment, Lithography & Deposition",Primary,669847.3226,0.0381,-0.0001,-0.0094,401908.3936,2026-09-25,False,ok,8.07,True,True,4.66,-1.688,True,-0.093,0.7,True,True,True,-0.96,False,0.83,0.53,50.0,2026-09-25
ASML,Asml Holding Nv,Hardware,Hardware - Next-Gen & Specialty,Secondary,669847.3226,0.0381,-0.0001,-0.0094,267938.929,2026-09-25,False,ok,8.07,True,True,4.66,-1.688,True,-0.093,0.7,True,True,True,-0.96,False,0.83,0.53,50.0,2026-09-25
ASPN,Aspen Aerogels Inc,Nanotechnology,"NanoTech - Materials, Industrial & Environment",Primary,433.2014,0.0296,-0.0019,-0.089,433.2014,2026-09-25,False,ok,3.72,True,True,2.267,-1.321,True,0.584,1.282,True,False,True,-1.14,False,0.69,-0.63,40.0,2026-09-25
ASTS,"Ast Spacemobile, Inc.",Telecommunications,Telecom - Satellite & Space Communication,Primary,24054.442,0.0562,-0.0032,-0.0912,14432.6652,2026-09-25,False,ok,-14.2,False,False,-8.251,-1.96,True,-1.441,0.568,False,True,True,-1.27,False,0.77,1.27,60.0,2026-09-25
ASTS,"Ast Spacemobile, Inc.",Space Tech,"Space - Infrastructure, Exploration & Launch",Secondary,24054.442,0.0562,-0.0032,-0.0912,9621.7768,2026-09-25,False,ok,-14.2,False,False,-8.251,-1.96,True,-1.441,0.568,False,True,True,-1.27,False,0.77,1.27,60.0,2026-09-25
ASX,"Ase Technology Holding Co., Ltd.",Semiconductors,"Semis - Testing, Packaging & Assembly",Primary,115368.4193,0.0644,0.195,0.0826,115368.4193,2026-09-25,False,ok,29.47,True,True,10.691,-1.509,True,4.025,1.44,False,False,True,18.36,True,0.86,-0.59,60.0,2026-09-25
ATAI,Atai Life Sciences N.V.,Healthcare & Biotech,"Healthcare - Regenerative Medicine, Psychedelics, Cannabis",Primary,2725.8553,,,,2725.8553,2026-09-11,True,stale_14d,,,,,,,,,,,,,,,,,2026-09-25
ATI,Ati Inc,Defense & Aerospace,Defense - Secure Defense Supply Chains,Primary,25256.8822,-0.0321,-0.1382,-0.0613,25256.8822,2026-09-25,False,ok,3.06,True,True,7.165,-2.5,False,-3.07,-0.594,False,True,False,-14.64,False,1.2,2.09,30.0,2026-09-25
ATKR,Atkore Inc.,Energy - Renewable,Energy Clean - Smart Grid & Electrification,Primary,3193.9187,0.0027,0.0101,0.2184,1916.3512,2026-09-25,False,ok,17.27,True,True,8.261,1.038,False,1.292,-0.405,False,True,False,0.05,True,0.93,-0.24,70.0,2026-09-25
ATKR,Atkore Inc.,Industrials & Construction,Industrials - Building Products & HVAC,Secondary,3193.9187,0.0027,0.0101,0.2184,1277.5675,2026-09-25,False,ok,17.27,True,True,8.261,1.038,False,1.292,-0.405,False,True,False,0.05,True,0.93,-0.24,70.0,2026-09-25
ATLX,Atlas Lithium Corp,Commodities - Metals,Comm Metals - Battery & Energy Transition Metals,Primary,81.2695,-0.069,-0.2151,-0.2458,81.2695,2026-09-25,False,ok,-27.25,False,False,-12.157,-0.856,False,-3.698,-1.413,False,False,False,-22.26,False,0.88,5.06,30.0,2026-09-25
ATO,Atmos Energy Corp,Energy - Traditional,Energy Base - Utilities & Conventional Power Operators,Primary,26566.6929,-0.0193,-0.0618,-0.0836,15940.0157,2026-09-25,False,ok,-7.71,False,False,-2.079,-0.992,False,-2.004,-0.391,False,True,False,-7.07,False,0.94,1.08,30.0,2026-09-25
ATO,Atmos Energy Corp,Commodities - Energy,Comm Energy - Natural Gas & LNG,Secondary,26566.6929,-0.0193,-0.0618,-0.0836,10626.6772,2026-09-25,False,ok,-7.71,False,False,-2.079,-0.992,False,-2.004,-0.391,False,True,False,-7.07,False,0.94,1.08,30.0,2026-09-25
ATOM,Atomera Inc,Nanotechnology,NanoTech - Research Tools & Advanced Instruments,Primary,169.7546,0.0558,-0.0481,-0.413,169.7546,2026-09-25,False,ok,-20.83,False,False,-8.582,-6.768,True,-3.461,2.231,False,False,True,-5.72,False,0.62,1.09,50.0,2026-09-25
ATR,"Aptargroup, Inc.",Industrials & Construction,Industrials - Packaging & Containers,Primary,7875.7944,-0.0046,-0.0805,0.0002,4725.4766,2026-09-25,False,ok,-2.22,False,False,0.533,-0.365,False,-1.482,-0.026,False,True,False,-8.93,False,0.93,1.02,40.0,2026-09-25
ATR,"Aptargroup, Inc.",Nanotechnology,NanoTech - Nanomedicine & Drug Delivery,Secondary,7875.7944,-0.0046,-0.0805,0.0002,3150.3178,2026-09-25,False,ok,-2.22,False,False,0.533,-0.365,False,-1.482,-0.026,False,True,False,-8.93,False,0.93,1.02,40.0,2026-09-25
ATRO,Astronics Corporation,Defense & Aerospace,Defense - Secure Defense Supply Chains,Primary,2977.0875,0.0534,-0.0709,-0.1843,1786.2525,2026-09-25,False,ok,1.7,True,True,5.141,-2.597,False,-2.991,-0.146,False,True,False,-7.97,False,0.96,2.71,30.0,2026-09-25
ATRO,Astronics Corporation,Defense & Aerospace,Defense - Next-Generation Aircraft & Maintenance,Secondary,2977.0875,0.0534,-0.0709,-0.1843,1190.835,2026-09-25,False,ok,1.7,True,True,5.141,-2.597,False,-2.991,-0.146,False,True,False,-7.97,False,0.96,2.71,30.0,2026-09-25
AU,Anglogold Ashanti Plc,Commodities - Metals,Comm Metals - Gold,Primary,50086.3263,-0.0412,-0.1974,0.268,50086.3263,2026-09-25,False,ok,4.74,True,True,4.258,1.393,False,-0.614,-1.34,True,True,False,-20.51,False,1.01,3.57,30.0,2026-09-25
AUID,Authid Inc.,Cybersecurity,"Cybersecurity - Identity, Biometrics & Access Management",Primary,7.7566,0.0545,-0.0128,-0.5451,7.7566,2026-09-25,False,ok,-51.66,False,False,-30.947,-5.277,True,-6.844,2.215,False,True,True,-2.22,False,0.59,0.68,40.0,2026-09-25
AUR,"Aurora Innovation, Inc.",Industrial Automation & Robotics,"Robotics - Autonomous Vehicles, Service & Mobility",Primary,12105.0972,-0.0428,0.0468,-0.0305,7263.0583,2026-09-25,False,ok,0.57,True,True,3.558,-1.747,False,-0.146,-0.308,True,False,False,3.68,True,1.16,1.9,30.0,2026-09-25
AUR,"Aurora Innovation, Inc.",Transportation & Logistics,Transportation - Urban Mobility & Emerging Transport Tech,Secondary,12105.0972,-0.0428,0.0468,-0.0305,4842.0389,2026-09-25,False,ok,0.57,True,True,3.558,-1.747,False,-0.146,-0.308,True,False,False,3.68,True,1.16,1.9,30.0,2026-09-25
AVAV,Aerovironment Inc,Defense & Aerospace,Defense - Drones & Anti-Drone Systems,Primary,7727.2883,-0.0494,0.0314,0.0694,7727.2883,2026-09-25,False,ok,-16.7,False,False,-9.943,1.028,True,-0.307,0.571,True,False,True,2.16,True,1.27,-1.29,50.0,2026-09-25
AVGO,Broadcom Inc.,Semiconductors,"Semis - Logic & CPUs, GPUs, Accelerators",Primary,1684184.3671,-0.0116,-0.0092,-0.0749,1010510.6203,2026-09-25,False,ok,-5.23,False,False,-0.583,-1.626,False,-1.732,0.318,False,False,True,-1.86,False,1.16,2.07,40.0,2026-09-25
AVGO,Broadcom Inc.,Semiconductors,Semis - Wireless & Connectivity,Secondary,1684184.3671,-0.0116,-0.0092,-0.0749,673673.7468,2026-09-25,False,ok,-5.23,False,False,-0.583,-1.626,False,-1.732,0.318,False,False,True,-1.86,False,1.16,2.07,40.0,2026-09-25
AVNT,Avient Corp,Industrials & Construction,Industrials - Chemicals & Advanced Materials,Primary,3786.1829,0.0228,-0.0687,0.1286,3786.1829,2026-09-25,False,ok,6.89,True,True,4.892,0.09,False,-0.791,-0.353,True,True,False,-7.76,False,0.88,0.74,20.0,2026-09-25
AVT,"Avnet, Inc.",Industrials & Construction,Industrials - Distribution & Rental Services,Primary,8459.6716,0.0724,0.1818,0.1729,5075.803,2026-09-25,False,ok,23.33,True,True,8.719,-0.313,True,2.777,1.043,False,True,True,17.06,True,1.14,-0.36,70.0,2026-09-25
AVT,"Avnet, Inc.",Hardware,Hardware - Data Center Infrastructure & Servers,Secondary,8459.6716,0.0724,0.1818,0.1729,3383.8686,2026-09-25,False,ok,23.33,True,True,8.719,-0.313,True,2.777,1.043,False,True,True,17.06,True,1.14,-0.36,70.0,2026-09-25
AVTR,"Avantor, Inc.",Nanotechnology,NanoTech - Research Tools & Advanced Instruments,Primary,10314.4724,-0.0174,0.0576,0.5738,6188.6834,2026-09-25,False,ok,27.26,True,True,12.328,3.249,False,2.587,-0.696,False,True,False,4.75,True,1.05,-1.26,50.0,2026-09-25
AVTR,"Avantor, Inc.",Healthcare & Biotech,Healthcare - Next-Gen Biotech Platforms,Secondary,10314.4724,-0.0174,0.0576,0.5738,4125.789,2026-09-25,False,ok,27.26,True,True,12.328,3.249,False,2.587,-0.696,False,True,False,4.75,True,1.05,-1.26,50.0,2026-09-25
AVY,Avery Dennison Corp,Industrials & Construction,Industrials - Packaging & Containers,Primary,12909.7523,0.0157,-0.0479,0.0501,7745.8514,2026-09-25,False,ok,0.9,True,True,0.794,0.414,False,-0.496,-0.135,True,True,False,-5.7,False,1.32,0.22,60.0,2026-09-25
AVY,Avery Dennison Corp,Industrial Automation & Robotics,"Automation - Industrial IoT, Connectivity",Secondary,12909.7523,0.0157,-0.0479,0.0501,5163.9009,2026-09-25,False,ok,0.9,True,True,0.794,0.414,False,-0.496,-0.135,True,True,False,-5.7,False,1.32,0.22,60.0,2026-09-25
AWK,"American Water Works Company, Inc.",Environmental Sustainability,Environmental - Water Infrastructure & Treatment,Primary,26015.6129,-0.0367,-0.0486,0.0165,26015.6129,2026-09-25,False,ok,-1.23,False,True,1.28,0.143,False,-0.792,-0.774,True,False,False,-5.77,False,0.91,0.61,10.0,2026-09-25
AWR,American States Water Co,Environmental Sustainability,Environmental - Water Infrastructure & Treatment,Primary,3281.8299,-0.0324,-0.0824,0.0431,3281.8299,2026-09-25,False,ok,1.32,True,True,3.503,-0.551,False,-1.344,-0.746,False,True,False,-9.12,False,0.9,1.07,30.0,2026-09-25
AWRE,Aware Inc /Ma/,Cybersecurity,"Cybersecurity - Identity, Biometrics & Access Management",Primary,25.7389,-0.0328,-0.0709,-0.1449,25.7389,2026-09-25,False,ok,-14.51,False,False,-7.48,1.076,False,-1.458,-0.58,False,True,False,-7.97,False,0.93,2.69,20.0,2026-09-25
AXON,"Axon Enterprise, Inc.",Defense & Aerospace,Defense - Cyber Defense & Electronic Warfare,Primary,34941.0222,-0.0394,-0.2986,-0.0583,20964.6133,2026-09-25,False,ok,-15.67,False,False,-0.274,-1.408,False,-6.605,-0.862,False,False,False,-30.53,False,1.01,3.51,30.0,2026-09-25
AXON,"Axon Enterprise, Inc.",Defense & Aerospace,Defense - Secure Defense Supply Chains,Secondary,34941.0222,-0.0394,-0.2986,-0.0583,13976.4089,2026-09-25,False,ok,-15.67,False,False,-0.274,-1.408,False,-6.605,-0.862,False,False,False,-30.53,False,1.01,3.51,30.0,2026-09-25
AXP,American Express Co,FinTech & Digital Finance,FinTech - Digital Payments & Merchant Infrastructure,Primary,208596.4677,-0.0086,-0.0805,-0.0958,208596.4677,2026-09-25,False,ok,-6.24,False,False,-0.804,-0.81,False,-2.402,-0.383,False,True,False,-8.93,False,1.01,2.18,20.0,2026-09-25
AXTA,Axalta Coating Systems Ltd.,Industrials & Construction,Industrials - Chemicals & Advanced Materials,Primary,7039.1178,0.0214,-0.0964,-0.0511,7039.1178,2026-09-25,False,ok,-0.35,False,True,2.914,-0.943,False,-2.564,-0.453,False,True,False,-10.5,False,1.16,1.62,10.0,2026-09-25
AYI,Acuity Inc.,Industrials & Construction,Industrials - Building Products & HVAC,Primary,9562.0127,0.0543,-0.0604,0.0461,5737.2076,2026-09-25,False,ok,-1.08,False,False,0.972,-0.741,False,-2.366,0.276,False,True,True,-6.93,False,0.95,2.35,30.0,2026-09-25
AYI,Acuity Inc.,Smart Home & IoT,"Smart Home - Automation, Control & Energy",Secondary,9562.0127,0.0543,-0.0604,0.0461,3824.8051,2026-09-25,False,ok,-1.08,False,False,0.972,-0.741,False,-2.366,0.276,False,True,True,-6.93,False,0.95,2.35,30.0,2026-09-25
AZN,Astrazeneca Plc,Healthcare & Biotech,Healthcare - Oncology & Precision Cancer Therapeutics,Primary,258348.2368,0.003,-0.0182,-0.0898,258348.2368,2026-09-25,False,ok,-4.08,False,False,-3.221,-0.507,True,0.272,0.346,True,True,True,-2.75,False,0.87,0.83,50.0,2026-09-25
AZO,Autozone Inc,E-commerce,"E-commerce - Omnichannel Retailers, Online & Physical Stores",Primary,46451.4417,0.0059,-0.0513,-0.0698,46451.4417,2026-09-25,False,ok,-9.7,False,False,-4.956,-0.121,True,-1.361,0.023,False,True,True,-6.03,False,1.47,0.4,40.0,2026-09-25
AZZ,AZZ Inc.,Industrials & Construction,Industrials - Chemicals & Advanced Materials,Primary,4122.1642,0.0335,-0.0097,-0.1016,2473.2985,2026-09-25,False,ok,-0.81,False,False,1.097,-1.879,True,-1.308,0.512,False,True,True,-1.91,False,0.86,0.15,50.0,2026-09-25
AZZ,AZZ Inc.,Energy - Renewable,Energy Clean - Smart Grid & Electrification,Secondary,4122.1642,0.0335,-0.0097,-0.1016,1648.8657,2026-09-25,False,ok,-0.81,False,False,1.097,-1.879,True,-1.308,0.512,False,True,True,-1.91,False,0.86,0.15,50.0,2026-09-25
B,Barrick Mining Corporation,Commodities - Metals,Comm Metals - Gold,Primary,70575.5218,-0.0104,-0.1192,0.1806,70575.5218,2026-09-25,False,ok,3.65,True,True,2.13,1.147,False,-0.054,-0.682,True,True,False,-12.76,False,0.97,2.03,30.0,2026-09-25
BA,Boeing Co,Defense & Aerospace,Defense - Next-Generation Aircraft & Maintenance,Primary,156548.5957,-0.0007,-0.0616,-0.1007,93929.1574,2026-09-25,False,ok,-8.55,False,False,-1.959,-1.177,False,-2.446,-0.228,False,True,False,-7.06,False,1.05,2.14,20.0,2026-09-25
BA,Boeing Co,Defense & Aerospace,Defense - Secure Defense Supply Chains,Secondary,156548.5957,-0.0007,-0.0616,-0.1007,62619.4383,2026-09-25,False,ok,-8.55,False,False,-1.959,-1.177,False,-2.446,-0.228,False,True,False,-7.06,False,1.05,2.14,20.0,2026-09-25
BABA,Alibaba Group Holding Ltd,Cloud Computing,Cloud - Hyperscalers & Platforms,Primary,272854.0406,-0.0309,-0.0812,0.0996,272854.0406,2026-09-25,False,ok,-10.91,False,False,-4.953,0.53,False,-1.616,0.239,False,False,True,-9.0,False,0.74,2.2,30.0,2026-09-25
BAC,Bank Of America Corp,Financials - Traditional,"Fin Trad - Banks, Lending & Mortgage Finance",Primary,396488.8351,-0.0178,-0.0871,-0.0128,396488.8351,2026-09-25,False,ok,-0.85,False,True,3.524,-0.821,False,-2.501,-0.844,False,True,False,-9.58,False,1.12,2.73,30.0,2026-09-25
BAH,Booz Allen Hamilton Holding Corp,Defense & Aerospace,Defense - Cyber Defense & Electronic Warfare,Primary,8774.7891,-0.0535,-0.0119,0.1727,8774.7891,2026-09-25,False,ok,-3.37,False,False,-1.422,1.428,False,0.466,-0.676,True,False,False,-2.13,False,0.88,-0.3,40.0,2026-09-25
BALL,Ball Corp,Environmental Sustainability,Environmental - Waste Management & Recycling,Primary,15043.0925,-0.0552,-0.1103,-0.0651,15043.0925,2026-09-25,False,ok,-4.91,False,False,1.136,-1.033,False,-1.976,-0.728,False,False,False,-11.88,False,1.05,1.93,40.0,2026-09-25
BALY,Bally'S Corp,Digital Entertainment & Media,"Entertainment - Betting, iGaming & Wagering",Primary,706.5733,0.3449,0.4752,-0.0318,706.5733,2026-09-25,False,ok,10.81,True,False,-5.437,-1.129,True,4.686,5.768,False,True,True,46.12,True,1.26,-8.18,50.0,2026-09-25
BAX,Baxter International Inc,Healthcare & Biotech,Healthcare - Senior Care & Longevity,Primary,12082.1965,0.025,-0.1107,0.1112,12082.1965,2026-09-25,False,ok,4.5,True,True,5.873,-0.62,False,-2.451,-0.34,False,True,False,-11.92,False,0.95,1.01,30.0,2026-09-25
BB,Blackberry Ltd,Smart Home & IoT,"Smart Home - Connectivity, Devices & Appliances",Primary,4819.5348,0.0275,0.0539,-0.0476,4819.5348,2026-09-25,False,ok,9.53,True,True,7.429,-4.567,True,0.152,1.456,True,False,True,4.39,True,0.84,-0.01,50.0,2026-09-25
BBAI,"Bigbear.Ai Holdings, Inc.",Industrial Automation & Robotics,"Robotics - Autonomous Vehicles, Service & Mobility",Primary,1342.5846,0.0,-0.0939,-0.2045,805.5508,2026-09-25,False,ok,-23.36,False,False,-12.518,-0.328,True,-2.397,0.076,False,False,True,-10.25,False,0.7,3.33,10.0,2026-09-25
BBAI,"Bigbear.Ai Holdings, Inc.",Artificial Intelligence,"AI - Apps, Domain-Specific AI",Secondary,1342.5846,0.0,-0.0939,-0.2045,537.0338,2026-09-25,False,ok,-23.36,False,False,-12.518,-0.328,True,-2.397,0.076,False,False,True,-10.25,False,0.7,3.33,10.0,2026-09-25
BBWI,"Bath & Body Works, Inc.",Consumer Goods & Retail,Consumer - Household & Personal Care,Primary,3317.0655,-0.0546,-0.0643,-0.238,3317.0655,2026-09-25,False,ok,-15.79,False,False,-3.154,-1.394,False,-3.595,-0.483,False,False,False,-7.32,False,1.01,4.52,30.0,2026-09-25
BBY,Best Buy Co Inc,E-commerce,"E-commerce - Omnichannel Retailers, Online & Physical Stores",Primary,18982.4532,-0.0252,0.0723,0.1781,11389.4719,2026-09-25,False,ok,15.88,True,True,7.675,1.014,False,2.27,-0.167,False,False,False,6.21,True,1.12,-0.09,50.0,2026-09-25
BBY,Best Buy Co Inc,E-commerce,E-commerce - Retail Media & Advertising,Secondary,18982.4532,-0.0252,0.0723,0.1781,7592.9813,2026-09-25,False,ok,15.88,True,True,7.675,1.014,False,2.27,-0.167,False,False,False,6.21,True,1.12,-0.09,50.0,2026-09-25
BC,Brunswick Corp,Consumer Goods & Retail,Consumer - Modern Luxury & Lifestyle,Primary,4353.7393,-0.0053,-0.1636,-0.2038,4353.7393,2026-09-25,False,ok,-11.92,False,False,-2.08,-2.372,False,-4.374,-0.239,False,True,False,-17.15,False,1.03,1.92,20.0,2026-09-25
BCO,Brink's Co,Business Services & Consulting,"Business Services - Outsourcing, Facilities & Testing",Primary,4398.9576,0.0066,-0.0377,0.1123,4398.9576,2026-09-25,False,ok,-2.86,False,False,-0.219,0.019,False,-1.201,-0.107,False,True,False,-4.68,False,0.85,0.35,50.0,2026-09-25
BDC,Belden Inc.,Hardware,Hardware - Networking Equipment,Primary,4394.3424,0.0138,-0.0381,-0.0505,2636.6054,2026-09-25,False,ok,-4.77,False,False,-0.302,-0.125,False,-1.944,-0.235,False,True,False,-4.73,False,0.95,2.58,40.0,2026-09-25
BDC,Belden Inc.,Industrial Automation & Robotics,Automation - Industrial Software & Digital Twin,Secondary,4394.3424,0.0138,-0.0381,-0.0505,1757.737,2026-09-25,False,ok,-4.77,False,False,-0.302,-0.125,False,-1.944,-0.235,False,True,False,-4.73,False,0.95,2.58,40.0,2026-09-25
BDX,Becton Dickinson & Co,Healthcare & Biotech,Healthcare - Medical Devices & HealthTech Hardware,Primary,50070.1471,0.0159,-0.0257,0.2513,50070.1471,2026-09-25,False,ok,11.28,True,True,5.158,1.238,False,0.515,-0.325,True,True,False,-3.5,False,1.08,0.96,40.0,2026-09-25
BE,Bloom Energy Corp,Energy - Renewable,Energy Clean - Hydrogen & Fuel Cells,Primary,85030.0518,0.0869,0.3277,-0.1149,85030.0518,2026-09-25,False,ok,29.17,True,True,8.056,-0.204,True,5.464,0.445,False,True,True,31.5,True,1.2,-1.46,50.0,2026-09-25
BEAM,Beam Therapeutics Inc.,Healthcare & Biotech,Healthcare - Next-Gen Biotech Platforms,Primary,2506.7917,-0.0273,-0.2179,-0.2841,2506.7917,2026-09-25,False,ok,-12.91,False,False,-2.446,-2.515,False,-3.817,-0.201,False,True,False,-22.53,False,0.88,5.79,40.0,2026-09-25
BEEM,Beam Global,Electric Vehicles & Mobility,EVs - Charging & Infrastructure,Primary,26.9336,-0.0985,-0.125,-0.048,16.1602,2026-09-25,False,ok,-16.73,False,False,-6.04,2.016,False,-1.489,-2.406,False,False,False,-13.33,False,0.35,4.45,10.0,2026-09-25
BEEM,Beam Global,Electric Vehicles & Mobility,EVs - Autonomous Driving & Fleet,Secondary,26.9336,-0.0985,-0.125,-0.048,10.7734,2026-09-25,False,ok,-16.73,False,False,-6.04,2.016,False,-1.489,-2.406,False,False,False,-13.33,False,0.35,4.45,10.0,2026-09-25
BEN,"Franklin Resources, Inc.",Financials - Traditional,"Fin Trad - Asset Management, Custody & Alternatives",Primary,16776.6989,0.0003,-0.0574,0.0271,16776.6989,2026-09-25,False,ok,6.36,True,True,5.458,-1.249,False,-0.829,-0.291,True,True,False,-6.63,False,0.92,1.36,10.0,2026-09-25
BEP,Brookfield Renewable Partners L.P.,Energy - Renewable,Energy Clean - Solar,Primary,13791.4378,-0.0496,-0.1251,-0.1873,8274.8627,2026-09-25,False,ok,-10.23,False,False,-1.105,-2.183,False,-3.028,-0.462,False,False,False,-13.34,False,1.05,2.65,40.0,2026-09-25
BEP,Brookfield Renewable Partners L.P.,Energy - Renewable,Energy Clean - Wind,Secondary,13791.4378,-0.0496,-0.1251,-0.1873,5516.5751,2026-09-25,False,ok,-10.23,False,False,-1.105,-2.183,False,-3.028,-0.462,False,False,False,-13.34,False,1.05,2.65,40.0,2026-09-25
BEPC,Brookfield Renewable Corp,Environmental Sustainability,"Environmental - Climate, Carbon & Land Resources",Primary,5285.2541,-0.0488,-0.1369,-0.2345,5285.2541,2026-09-25,False,ok,-17.74,False,False,-5.99,-1.714,False,-3.477,-0.445,False,False,False,-14.51,False,0.95,2.95,40.0,2026-09-25
BF.B,Brown-Forman Corp,Consumer Goods & Retail,"Consumer - Health, Food & Beverages",Primary,12003.8892,0.0085,-0.0638,-0.051,12003.8892,2026-09-25,False,ok,-2.04,False,False,-0.03,-0.369,False,-1.09,-0.003,False,True,False,-7.27,False,1.11,1.37,30.0,2026-09-25
BG,Bunge Global Sa,Agriculture & FoodTech,Agriculture - Agri-Food Processing & Distribution,Primary,20940.9843,-0.0569,-0.0243,0.0064,12564.5906,2026-09-25,False,ok,-4.14,False,True,0.469,-0.616,False,-1.05,-1.325,False,False,False,-3.35,False,1.33,0.64,40.0,2026-09-25
BG,Bunge Global Sa,Commodities - Agriculture,"Comm Agri - Grains, Oilseeds & Softs",Secondary,20940.9843,-0.0569,-0.0243,0.0064,8376.3937,2026-09-25,False,ok,-4.14,False,True,0.469,-0.616,False,-1.05,-1.325,False,False,False,-3.35,False,1.33,0.64,40.0,2026-09-25
BHE,"Benchmark Electronics, Inc.",Hardware,Hardware - Industrial & IoT,Primary,2964.1126,0.0944,0.1483,-0.1003,1778.4676,2026-09-25,False,ok,11.54,True,True,3.918,-2.47,True,1.732,1.797,False,False,True,13.74,True,0.98,-1.3,70.0,2026-09-25
BHE,"Benchmark Electronics, Inc.",Hardware,Hardware - Data Center Infrastructure & Servers,Secondary,2964.1126,0.0944,0.1483,-0.1003,1185.645,2026-09-25,False,ok,11.54,True,True,3.918,-2.47,True,1.732,1.797,False,False,True,13.74,True,0.98,-1.3,70.0,2026-09-25
BHF,"Brighthouse Financial, Inc.",Financials - Traditional,Fin Trad - Insurance & Reinsurance,Primary,3061.9156,0.0659,0.0264,-0.1561,3061.9156,2026-09-25,False,ok,-9.3,False,False,-4.56,-2.185,True,-2.055,1.239,False,True,True,1.66,True,1.07,0.23,30.0,2026-09-25
BHP,Bhp Group Ltd,Energy - Renewable,Energy Clean - Materials & Critical Metals,Primary,215949.2956,-0.0151,-0.1202,0.0756,129569.5774,2026-09-25,False,ok,5.0,True,True,5.027,-0.986,False,-1.088,-0.56,False,True,False,-12.86,False,0.96,1.97,50.0,2026-09-25
BHP,Bhp Group Ltd,Commodities - Metals,Comm Metals - Industrial & Base Metals,Secondary,215949.2956,-0.0151,-0.1202,0.0756,86379.7182,2026-09-25,False,ok,5.0,True,True,5.027,-0.986,False,-1.088,-0.56,False,True,False,-12.86,False,0.96,1.97,50.0,2026-09-25
BIDU,"Baidu, Inc.",Artificial Intelligence,"AI - Ads, Search & Recommendations",Primary,29748.4083,-0.0289,-0.0653,-0.19,17849.045,2026-09-25,False,ok,-20.97,False,False,-8.378,-2.003,False,-3.126,0.073,False,False,True,-7.42,False,0.9,3.04,30.0,2026-09-25
BIDU,"Baidu, Inc.",Artificial Intelligence,"AI - Apps, Domain-Specific AI",Secondary,29748.4083,-0.0289,-0.0653,-0.19,11899.3633,2026-09-25,False,ok,-20.97,False,False,-8.378,-2.003,False,-3.126,0.073,False,False,True,-7.42,False,0.9,3.04,30.0,2026-09-25
BIIB,Biogen Inc.,Healthcare & Biotech,Healthcare - Metabolic & Cardiometabolic,Primary,33628.8113,0.0561,0.0309,0.1403,33628.8113,2026-09-25,False,ok,12.92,True,True,4.757,0.228,True,1.499,0.361,False,True,True,2.11,True,0.92,0.29,40.0,2026-09-25
BILL,"Bill Holdings, Inc.",FinTech & Digital Finance,FinTech - Digital Payments & Merchant Infrastructure,Primary,3773.4976,-0.0698,-0.0725,0.3225,3773.4976,2026-09-25,False,ok,-0.24,False,True,3.097,1.531,False,-1.099,-1.23,False,False,False,-8.13,False,0.85,1.72,30.0,2026-09-25
BIO,"Bio-Rad Laboratories, Inc.",Healthcare & Biotech,"Healthcare - Diagnostics, Biomarkers & Liquid Biopsy",Primary,10187.2456,0.0122,-0.0239,0.3605,10187.2456,2026-09-25,False,ok,16.89,True,True,7.73,1.759,False,1.436,-0.367,False,True,False,-3.32,False,1.05,-0.07,40.0,2026-09-25
BIOX,Bioceres Crop Solutions Corp.,Agriculture & FoodTech,Agriculture - Agricultural Inputs & Crop Science,Primary,23.8863,0.0389,-0.1095,0.0872,23.8863,2026-09-25,False,ok,-27.89,False,False,-17.627,3.892,False,-2.34,-1.408,False,True,False,-11.8,False,1.99,0.73,50.0,2026-09-25
BIRD,"Allbirds, Inc.",E-commerce,E-commerce - Direct-to-Consumer,Primary,27.3973,0.0087,-0.0211,-0.4552,27.3973,2026-09-25,False,ok,-25.2,False,False,-14.307,-1.539,True,-0.65,-0.382,True,False,False,-3.04,False,0.64,0.82,50.0,2026-09-25
BJ,"BJ's Wholesale Club Holdings, Inc.",E-commerce,"E-commerce - Omnichannel Retailers, Online & Physical Stores",Primary,11847.0543,0.0191,-0.0061,0.0718,7108.2326,2026-09-25,False,ok,1.03,True,False,0.005,0.188,True,-0.247,0.081,True,True,True,-1.56,False,0.9,0.61,30.0,2026-09-25
BJ,"BJ's Wholesale Club Holdings, Inc.",E-commerce,E-commerce - Grocery & Local Commerce Platforms,Secondary,11847.0543,0.0191,-0.0061,0.0718,4738.8217,2026-09-25,False,ok,1.03,True,False,0.005,0.188,True,-0.247,0.081,True,True,True,-1.56,False,0.9,0.61,30.0,2026-09-25
BKD,Brookdale Senior Living Inc.,Healthcare & Biotech,Healthcare - Senior Care & Longevity,Primary,2653.2595,-0.0297,-0.0893,-0.2437,2653.2595,2026-09-25,False,ok,-13.96,False,False,-3.203,-3.183,False,-3.584,-0.169,False,False,False,-9.8,False,0.78,1.07,40.0,2026-09-25
BKH,Black Hills Corp,Energy - Traditional,Energy Base - Utilities & Conventional Power Operators,Primary,5372.7964,0.0001,-0.0351,-0.046,3223.6778,2026-09-25,False,ok,-1.56,False,False,0.316,-0.784,False,-0.835,-0.175,True,True,False,-4.42,False,1.15,1.28,20.0,2026-09-25
BKH,Black Hills Corp,Commodities - Energy,Comm Energy - Natural Gas & LNG,Secondary,5372.7964,0.0001,-0.0351,-0.046,2149.1186,2026-09-25,False,ok,-1.56,False,False,0.316,-0.784,False,-0.835,-0.175,True,True,False,-4.42,False,1.15,1.28,20.0,2026-09-25
BKKT,"Bakkt Holdings, Inc.",Crypto & Blockchain,"Blockchain - Platforms, Tokenization & Financial Services",Primary,383.0904,-0.0128,-0.0151,0.0253,383.0904,2026-09-25,False,ok,-9.66,False,False,-8.864,2.932,True,3.294,1.011,False,False,True,-2.44,False,1.09,4.33,30.0,2026-09-25
BKNG,Booking Holdings Inc.,Consumer Goods & Retail,Consumer - Resale & Sharing Platforms,Primary,123188.8302,-0.0235,-0.2312,-0.0933,73913.2981,2026-09-25,False,ok,-10.93,False,False,-0.213,-0.989,False,-5.482,-1.004,False,True,False,-23.86,False,1.19,4.57,40.0,2026-09-25
BKNG,Booking Holdings Inc.,Real Estate & REITs,"Real Estate - Travel, Leisure & Entertainment Properties",Secondary,123188.8302,-0.0235,-0.2312,-0.0933,49275.5321,2026-09-25,False,ok,-10.93,False,False,-0.213,-0.989,False,-5.482,-1.004,False,True,False,-23.86,False,1.19,4.57,40.0,2026-09-25
BKR,Baker Hughes Co,Energy - Traditional,Energy Base - Oilfield Services & Equipment,Primary,57406.3411,0.0101,-0.0645,0.0295,57406.3411,2026-09-25,False,ok,-2.39,False,True,0.649,-0.842,False,-2.097,-0.377,False,True,False,-7.34,False,1.02,2.94,20.0,2026-09-25
BKSY,Blacksky Technology Inc.,Defense & Aerospace,Defense - Space Technology & Satellite Services,Primary,951.5027,0.0729,-0.0777,-0.0777,570.9016,2026-09-25,False,ok,-12.18,False,False,-6.404,-3.584,True,-2.505,1.541,False,True,True,-8.65,False,0.82,-1.32,60.0,2026-09-25
BKSY,Blacksky Technology Inc.,Space Tech,Space - Data Analytics & Earth Observation,Secondary,951.5027,0.0729,-0.0777,-0.0777,380.6011,2026-09-25,False,ok,-12.18,False,False,-6.404,-3.584,True,-2.505,1.541,False,True,True,-8.65,False,0.82,-1.32,60.0,2026-09-25
BKYI,Bio Key International Inc,Cybersecurity,"Cybersecurity - Identity, Biometrics & Access Management",Primary,2.5711,-0.2782,-0.4073,-0.6232,2.5711,2026-09-25,False,ok,-58.13,False,False,-21.746,-5.316,False,-12.33,-1.925,False,False,False,-41.29,False,0.39,5.48,40.0,2026-09-25
BLD,Topbuild Corp,Industrials & Construction,Industrials - Building Products & HVAC,Primary,,,,,,,True,no_data,,,,,,,,,,,,,,,,,2026-09-25
BLDP,Ballard Power Systems Inc.,Energy - Renewable,Energy Clean - Hydrogen & Fuel Cells,Primary,747.8233,-0.0184,-0.0779,-0.4228,747.8233,2026-09-25,False,ok,-27.21,False,False,-10.694,-5.464,True,-4.424,0.577,False,False,True,-8.67,False,0.54,2.89,30.0,2026-09-25
BLDR,"Builders Firstsource, Inc.",Industrials & Construction,Industrials - Building Products & HVAC,Primary,6366.4819,0.0181,-0.1469,-0.3072,3819.8891,2026-09-25,False,ok,-23.92,False,False,-10.898,-1.388,False,-4.393,0.223,False,True,True,-15.5,False,1.3,2.33,20.0,2026-09-25
BLDR,"Builders Firstsource, Inc.",Industrials & Construction,Industrials - Distribution & Rental Services,Secondary,6366.4819,0.0181,-0.1469,-0.3072,2546.5928,2026-09-25,False,ok,-23.92,False,False,-10.898,-1.388,False,-4.393,0.223,False,True,True,-15.5,False,1.3,2.33,20.0,2026-09-25
BLK,"Blackrock, Inc.",Financials - Traditional,"Fin Trad - Asset Management, Custody & Alternatives",Primary,176499.5236,0.0155,-0.072,0.1112,105899.7142,2026-09-25,False,ok,1.48,True,True,1.638,0.153,False,-1.124,0.0,False,True,True,-8.09,False,0.89,2.59,10.0,2026-09-25
BLK,"Blackrock, Inc.",Crypto & Blockchain,"Blockchain - Platforms, Tokenization & Financial Services",Secondary,176499.5236,0.0155,-0.072,0.1112,70599.8094,2026-09-25,False,ok,1.48,True,True,1.638,0.153,False,-1.124,0.0,False,True,True,-8.09,False,0.89,2.59,10.0,2026-09-25
BLKB,Blackbaud Inc,Software,Software - Vertical SaaS Platforms,Primary,1960.3982,0.0079,-0.0892,0.5643,1960.3982,2026-09-25,False,ok,3.01,True,True,1.866,4.181,False,-0.76,-1.137,True,True,False,-9.79,False,0.86,2.37,40.0,2026-09-25
BLNK,Blink Charging Co.,Electric Vehicles & Mobility,EVs - Charging & Infrastructure,Primary,83.963,-0.0334,-0.0236,-0.0285,83.963,2026-09-25,False,ok,-14.75,False,False,-10.027,1.491,True,0.28,0.648,True,True,True,-3.29,False,1.03,3.99,20.0,2026-09-25
BMBL,Bumble Inc.,Digital Entertainment & Media,Entertainment - Advertising & Social Platforms,Primary,407.5566,-0.0466,-0.0634,-0.0221,407.5566,2026-09-25,False,ok,-16.02,False,False,-7.242,0.497,False,-1.083,-1.064,False,False,False,-7.23,False,0.88,0.45,50.0,2026-09-25
BMI,"Badger Meter, Inc.",Environmental Sustainability,Environmental - Water Infrastructure & Treatment,Primary,3753.217,-0.0247,-0.0474,-0.0276,2251.9302,2026-09-25,False,ok,-6.11,False,False,-2.931,0.368,False,-0.505,0.296,True,False,True,-5.65,False,0.89,1.71,40.0,2026-09-25
BMI,"Badger Meter, Inc.",Industrials & Construction,"Industrials - Machinery, Flow Control & Components",Secondary,3753.217,-0.0247,-0.0474,-0.0276,1501.2868,2026-09-25,False,ok,-6.11,False,False,-2.931,0.368,False,-0.505,0.296,True,False,True,-5.65,False,0.89,1.71,40.0,2026-09-25
BMRN,Biomarin Pharmaceutical Inc.,Healthcare & Biotech,Healthcare - Genomics & Personalized Medicine,Primary,11664.7547,-0.0576,-0.0886,0.0511,11664.7547,2026-09-25,False,ok,0.24,True,True,3.503,0.172,False,-1.175,-0.992,False,False,False,-9.73,False,1.02,1.69,40.0,2026-09-25
BMY,Bristol Myers Squibb Co,Healthcare & Biotech,Healthcare - Oncology & Precision Cancer Therapeutics,Primary,128405.0452,-0.0032,-0.0745,0.1558,77043.0271,2026-09-25,False,ok,4.82,True,True,4.076,-0.223,False,-1.213,-0.579,False,True,False,-8.33,False,0.99,2.01,20.0,2026-09-25
BMY,Bristol Myers Squibb Co,Healthcare & Biotech,Healthcare - Metabolic & Cardiometabolic,Secondary,128405.0452,-0.0032,-0.0745,0.1558,51362.0181,2026-09-25,False,ok,4.82,True,True,4.076,-0.223,False,-1.213,-0.579,False,True,False,-8.33,False,0.99,2.01,20.0,2026-09-25
BNED,"Barnes & Noble Education, Inc.",Education Technology,Education - Digital Curriculum,Primary,392.7542,0.0648,-0.1015,0.0198,392.7542,2026-09-25,False,ok,2.38,True,True,4.008,-2.026,False,-2.487,0.311,False,True,True,-11.01,False,0.92,3.24,40.0,2026-09-25
BNTX,Biontech Se,Healthcare & Biotech,Healthcare - Next-Gen Biotech Platforms,Primary,24748.6525,0.0256,-0.1362,0.0921,14849.1915,2026-09-25,False,ok,1.43,True,True,0.74,0.737,False,-0.405,-0.228,True,True,False,-14.44,False,0.84,1.42,40.0,2026-09-25
BNTX,Biontech Se,Healthcare & Biotech,Healthcare - Oncology & Precision Cancer Therapeutics,Secondary,24748.6525,0.0256,-0.1362,0.0921,9899.461,2026-09-25,False,ok,1.43,True,True,0.74,0.737,False,-0.405,-0.228,True,True,False,-14.44,False,0.84,1.42,40.0,2026-09-25
BNY,BNY Mellon Corp,Financials - Traditional,"Fin Trad - Asset Management, Custody & Alternatives",Primary,101877.3914,-0.0237,-0.0825,0.0501,101877.3914,2026-09-25,False,ok,3.79,True,True,5.598,-1.018,False,-1.669,-0.76,False,True,False,-9.12,False,1.14,2.21,30.0,2026-09-25
BODI,"Beachbody Company, Inc.",Consumer Goods & Retail,"Consumer - Health, Food & Beverages",Primary,33.2184,-0.076,-0.2585,-0.5294,33.2184,2026-09-25,False,ok,-46.46,False,False,-16.35,-8.087,False,-11.689,0.468,False,False,True,-26.56,False,0.51,2.81,10.0,2026-09-25
BP,Bp Plc,Energy - Traditional,Energy Base - Integrated Energy Majors,Primary,113704.1162,-0.0096,0.0301,0.1805,68222.4697,2026-09-25,False,ok,5.76,True,True,2.947,0.336,False,0.643,-0.528,True,True,False,2.03,True,1.16,-1.69,60.0,2026-09-25
BP,Bp Plc,Commodities - Energy,Comm Energy - Crude Oil,Secondary,113704.1162,-0.0096,0.0301,0.1805,45481.6465,2026-09-25,False,ok,5.76,True,True,2.947,0.336,False,0.643,-0.528,True,True,False,2.03,True,1.16,-1.69,60.0,2026-09-25
BR,"Broadridge Financial Solutions, Inc.",FinTech & Digital Finance,FinTech - Exchanges & Market Infrastructure,Primary,18673.3507,0.0039,-0.1084,0.1762,11204.0104,2026-09-25,False,ok,-1.74,False,False,-0.513,2.024,False,-1.076,-0.799,False,True,False,-11.69,False,0.97,1.81,30.0,2026-09-25
BR,"Broadridge Financial Solutions, Inc.",Big Data & Analytics,"Big Data - Data Generation, Sourcing & Providers",Secondary,18673.3507,0.0039,-0.1084,0.1762,7469.3403,2026-09-25,False,ok,-1.74,False,False,-0.513,2.024,False,-1.076,-0.799,False,True,False,-11.69,False,0.97,1.81,30.0,2026-09-25
BRBR,"Bellring Brands, Inc.",Consumer Goods & Retail,"Consumer - Health, Food & Beverages",Primary,919.7605,-0.1192,-0.2649,-0.3359,919.7605,2026-09-25,False,ok,-41.23,False,False,-18.778,-0.197,False,-7.632,-1.314,False,False,False,-27.19,False,0.72,6.25,20.0,2026-09-25
BRK-B,Berkshire Hathaway Inc.,Conglomerates & Diversified Holdings,Diversified Holdings & Multi-Industry Conglomerates,Primary,1082085.9986,-0.0084,0.0023,0.0216,1082085.9986,2026-09-25,False,ok,1.53,True,True,1.019,0.198,False,0.046,-0.146,True,False,False,-0.72,False,1.08,-0.54,70.0,2026-09-25
BRKR,Bruker Corp,Nanotechnology,NanoTech - Research Tools & Advanced Instruments,Primary,9778.4207,0.0463,0.1299,0.0991,9778.4207,2026-09-25,False,ok,20.96,True,True,7.602,-0.642,True,2.316,1.287,False,True,True,11.91,True,1.02,-1.75,30.0,2026-09-25
BRO,"Brown & Brown, Inc.",Financials - Traditional,Fin Trad - Insurance & Reinsurance,Primary,20351.0026,-0.0646,-0.1707,-0.0136,20351.0026,2026-09-25,False,ok,-10.73,False,False,-0.878,0.047,False,-3.617,-1.235,False,True,False,-17.86,False,0.91,3.73,10.0,2026-09-25
BROS,Dutch Bros Inc.,Consumer Goods & Retail,Consumer - Restaurants & Dining,Primary,6645.7708,-0.0535,-0.2582,-0.4357,6645.7708,2026-09-25,False,ok,-30.07,False,False,-7.408,-5.348,False,-8.642,-0.558,False,True,False,-26.53,False,0.92,3.27,30.0,2026-09-25
BRX,Brixmor Property Group Inc.,Real Estate & REITs,Real Estate - Retail & Consumer Real Estate,Primary,8613.9064,0.0014,-0.0485,-0.1127,8613.9064,2026-09-25,False,ok,-4.69,False,False,-0.351,-1.696,False,-1.891,-0.035,False,True,False,-5.75,False,1.21,1.34,10.0,2026-09-25
BRZE,"Braze, Inc.",Software,"Software - Collaboration, CRM & Communications",Primary,2768.0525,-0.0025,-0.2088,0.251,2768.0525,2026-09-25,False,ok,-4.38,False,True,3.315,0.047,False,-4.237,-1.216,False,True,False,-21.63,False,1.07,6.54,40.0,2026-09-25
BSX,Boston Scientific Corp,Healthcare & Biotech,Healthcare - Medical Devices & HealthTech Hardware,Primary,63650.1606,0.0134,-0.1191,-0.0121,38190.0964,2026-09-25,False,ok,-19.97,False,False,-11.631,1.215,False,-2.206,0.052,False,True,True,-12.75,False,1.02,0.91,50.0,2026-09-25
BSX,Boston Scientific Corp,Healthcare & Biotech,Healthcare - Senior Care & Longevity,Secondary,63650.1606,0.0134,-0.1191,-0.0121,25460.0642,2026-09-25,False,ok,-19.97,False,False,-11.631,1.215,False,-2.206,0.052,False,True,True,-12.75,False,1.02,0.91,50.0,2026-09-25
BSY,Bentley Systems Inc,Industrial Automation & Robotics,Automation - Industrial Software & Digital Twin,Primary,9497.8007,-0.0329,-0.1461,0.0994,5698.6804,2026-09-25,False,ok,-8.97,False,False,-2.465,0.437,False,-2.52,-0.133,False,False,False,-15.42,False,0.99,3.12,30.0,2026-09-25
BSY,Bentley Systems Inc,Software,Software - Vertical SaaS Platforms,Secondary,9497.8007,-0.0329,-0.1461,0.0994,3799.1203,2026-09-25,False,ok,-8.97,False,False,-2.465,0.437,False,-2.52,-0.133,False,False,False,-15.42,False,0.99,3.12,30.0,2026-09-25
BTDR,Bitdeer Technologies Group,Crypto & Blockchain,Blockchain - Cryptocurrency Mining & Staking,Primary,3128.2138,-0.1126,0.0195,-0.343,3128.2138,2026-09-25,False,ok,-8.02,False,False,-3.273,-0.624,False,2.672,0.122,False,False,True,0.98,True,0.92,4.41,30.0,2026-09-25
BTU,Peabody Energy Corp,Energy - Traditional,Energy Base - Coal & Thermal Power Generation,Primary,3101.1361,0.0087,-0.0736,0.0957,3101.1361,2026-09-25,False,ok,-4.63,False,True,-1.774,1.61,False,-0.682,-1.555,True,True,False,-8.24,False,1.16,-1.13,40.0,2026-09-25
BURL,"Burlington Stores, Inc.",E-commerce,"E-commerce - Omnichannel Retailers, Online & Physical Stores",Primary,15998.4026,0.0741,-0.1922,-0.246,9599.0416,2026-09-25,False,ok,-16.25,False,False,-4.545,-4.137,True,-5.922,1.705,False,True,True,-19.98,False,1.32,2.45,40.0,2026-09-25
BURL,"Burlington Stores, Inc.",Consumer Goods & Retail,Consumer - Apparel & E-Commerce Retail,Secondary,15998.4026,0.0741,-0.1922,-0.246,6399.361,2026-09-25,False,ok,-16.25,False,False,-4.545,-4.137,True,-5.922,1.705,False,True,True,-19.98,False,1.32,2.45,40.0,2026-09-25
BVN,Buenaventura Mining Co Inc,Commodities - Metals,Comm Metals - Precious Metals,Primary,8424.7439,-0.0338,-0.0771,0.115,8424.7439,2026-09-25,False,ok,1.7,True,True,1.783,0.169,False,-0.247,-0.523,True,False,False,-8.59,False,1.14,1.79,40.0,2026-09-25
BWA,Borgwarner Inc,Electric Vehicles & Mobility,EVs - Key Suppliers & Autonomy Tech,Primary,12488.8207,-0.0316,-0.0556,-0.0984,12488.8207,2026-09-25,False,ok,-1.24,False,True,3.202,-1.881,False,-2.071,-0.731,False,True,False,-6.45,False,0.97,3.48,20.0,2026-09-25
BWXT,"Bwx Technologies, Inc.",Energy - Traditional,Energy Base - Nuclear Power & Advanced Reactors,Primary,12686.8961,-0.0613,-0.0752,-0.3256,7612.1377,2026-09-25,False,ok,-21.9,False,False,-7.926,-2.508,False,-3.922,-0.503,False,False,False,-8.4,False,1.0,3.35,10.0,2026-09-25
BWXT,"Bwx Technologies, Inc.",Commodities - Energy,Comm Energy - Uranium & Nuclear Fuels,Secondary,12686.8961,-0.0613,-0.0752,-0.3256,5074.7584,2026-09-25,False,ok,-21.9,False,False,-7.926,-2.508,False,-3.922,-0.503,False,False,False,-8.4,False,1.0,3.35,10.0,2026-09-25
BX,Blackstone Inc.,Financials - Traditional,"Fin Trad - Asset Management, Custody & Alternatives",Primary,141547.1596,-0.0523,-0.1743,0.0587,141547.1596,2026-09-25,False,ok,-8.08,False,False,0.468,-0.025,False,-3.529,-1.06,False,True,False,-18.21,False,0.88,4.96,0.0,2026-09-25
BXP,"Bxp, Inc.",Real Estate & REITs,Real Estate - Office & Commercial Workspaces,Primary,11467.6285,0.0036,-0.121,-0.0011,11467.6285,2026-09-25,False,ok,-2.05,False,False,1.535,-0.77,False,-2.06,-0.243,False,True,False,-12.94,False,0.98,2.57,20.0,2026-09-25
BYD,Boyd Gaming Corp,Digital Entertainment & Media,"Entertainment - Betting, iGaming & Wagering",Primary,5175.2453,-0.0238,-0.1195,-0.1782,5175.2453,2026-09-25,False,ok,-12.84,False,False,-2.952,-1.906,False,-3.337,-0.333,False,True,False,-12.79,False,0.99,1.03,40.0,2026-09-25
BYND,"Beyond Meat, Inc.",Agriculture & FoodTech,Agriculture - Alternative Proteins,Primary,143.5696,-0.2745,-0.4116,-0.5919,86.1418,2026-09-25,False,ok,-58.86,False,False,-25.928,-3.902,False,-10.168,-1.014,False,False,False,-41.72,False,0.73,5.86,30.0,2026-09-25
BYND,"Beyond Meat, Inc.",Consumer Goods & Retail,"Consumer - Health, Food & Beverages",Secondary,143.5696,-0.2745,-0.4116,-0.5919,57.4278,2026-09-25,False,ok,-58.86,False,False,-25.928,-3.902,False,-10.168,-1.014,False,False,False,-41.72,False,0.73,5.86,30.0,2026-09-25
C,Citigroup Inc,Financials - Traditional,"Fin Trad - Banks, Lending & Mortgage Finance",Primary,225246.2162,0.019,0.0077,-0.0601,225246.2162,2026-09-25,False,ok,4.18,True,True,3.096,-0.847,False,-0.359,-0.231,True,True,False,-0.19,False,0.94,1.49,30.0,2026-09-25
CACI,Caci International Inc /De/,Defense & Aerospace,Defense - Cyber Defense & Electronic Warfare,Primary,13664.6226,-0.0136,0.0102,0.3382,13664.6226,2026-09-25,False,ok,9.08,True,True,4.363,2.091,False,0.691,-0.674,True,True,False,0.06,True,1.01,0.42,50.0,2026-09-25
CAH,"Cardinal Health, Inc.",Healthcare & Biotech,"Healthcare - IT, Services & Data Infrastructure",Primary,50993.9999,-0.0229,-0.0744,-0.0528,50993.9999,2026-09-25,False,ok,-0.13,False,True,2.931,-0.76,False,-1.591,-0.819,False,True,False,-8.32,False,0.91,1.78,20.0,2026-09-25
CALM,Cal-Maine Foods Inc,Commodities - Agriculture,Comm Agri - Livestock & Animal Protein,Primary,3149.385,-0.0749,-0.1986,-0.1468,3149.385,2026-09-25,False,ok,-15.73,False,False,-2.701,-1.896,False,-4.026,-0.631,False,False,False,-20.62,False,0.93,1.98,40.0,2026-09-25
CAMT,Camtek Ltd,Semiconductors,"Semis - Testing, Packaging & Assembly",Primary,6862.5556,-0.0139,0.0027,-0.1189,6862.5556,2026-09-25,False,ok,-3.2,False,False,-1.581,-1.312,True,-0.069,0.723,True,False,True,-0.69,False,0.79,1.22,60.0,2026-09-25
CAR,"Avis Budget Group, Inc.",Transportation & Logistics,Transportation - Urban Mobility & Emerging Transport Tech,Primary,3825.4257,-0.08,-0.2538,-0.3822,3825.4257,2026-09-25,False,ok,-28.22,False,False,-8.304,-4.163,False,-7.696,-1.372,False,True,False,-26.09,False,0.92,5.94,10.0,2026-09-25
CARR,Carrier Global Corp,Smart Home & IoT,"Smart Home - Automation, Control & Energy",Primary,46467.2031,0.0462,-0.0367,-0.2361,46467.2031,2026-09-25,False,ok,-8.69,False,False,-2.23,-2.551,True,-2.9,0.29,False,True,True,-4.59,False,0.98,2.25,20.0,2026-09-25
CART,Maplebear Inc.,E-commerce,E-commerce - Grocery & Local Commerce Platforms,Primary,9998.4876,-0.048,-0.1615,-0.0732,5999.0926,2026-09-25,False,ok,-3.2,False,True,3.675,-0.753,False,-3.033,-1.38,False,True,False,-16.95,False,0.97,4.25,40.0,2026-09-25
CART,Maplebear Inc.,E-commerce,E-commerce - Retail Media & Advertising,Secondary,9998.4876,-0.048,-0.1615,-0.0732,3999.395,2026-09-25,False,ok,-3.2,False,True,3.675,-0.753,False,-3.033,-1.38,False,True,False,-16.95,False,0.97,4.25,40.0,2026-09-25
CASY,"Casey's General Stores, Inc.",E-commerce,E-commerce - Grocery & Local Commerce Platforms,Primary,22119.1823,0.0016,-0.2745,-0.2526,22119.1823,2026-09-25,False,ok,-19.17,False,False,-2.27,-4.782,False,-8.269,-0.225,False,True,False,-28.14,False,1.4,4.73,40.0,2026-09-25
CAT,Caterpillar Inc,Transportation & Logistics,Transportation - Infrastructure & Equipment,Primary,377659.6869,0.0156,0.0127,-0.1723,226595.8121,2026-09-25,False,ok,0.92,True,True,1.615,-2.414,True,-0.734,0.53,True,True,True,0.31,True,0.84,1.23,30.0,2026-09-25
CAT,Caterpillar Inc,Industrial Automation & Robotics,"Robotics - Autonomous Vehicles, Service & Mobility",Secondary,377659.6869,0.0156,0.0127,-0.1723,151063.8748,2026-09-25,False,ok,0.92,True,True,1.615,-2.414,True,-0.734,0.53,True,True,True,0.31,True,0.84,1.23,30.0,2026-09-25
CAVA,"Cava Group, Inc.",Consumer Goods & Retail,Consumer - Restaurants & Dining,Primary,6024.8643,-0.0012,-0.2556,-0.3728,6024.8643,2026-09-25,False,ok,-25.24,False,False,-7.533,-4.153,False,-6.578,-0.069,False,True,False,-26.27,False,0.89,5.11,30.0,2026-09-25
CB,Chubb Limited,Financials - Traditional,Fin Trad - Insurance & Reinsurance,Primary,128614.1051,-0.0213,-0.0255,-0.0023,128614.1051,2026-09-25,False,ok,0.31,True,True,1.593,-0.702,False,-0.579,-0.138,True,False,False,-3.47,False,0.9,0.6,40.0,2026-09-25
CBOE,"Cboe Global Markets, Inc.",FinTech & Digital Finance,FinTech - Exchanges & Market Infrastructure,Primary,26946.3347,-0.0544,-0.1621,0.0367,26946.3347,2026-09-25,False,ok,-9.38,False,False,-0.562,-1.137,False,-2.813,-0.936,False,False,False,-17.01,False,0.99,2.13,20.0,2026-09-25
CBRE,"CBRE Group, Inc.",Real Estate & REITs,Real Estate - Office & Commercial Workspaces,Primary,38962.3562,-0.0355,-0.1133,0.0046,38962.3562,2026-09-25,False,ok,-6.35,False,False,-0.489,-0.024,False,-1.763,-0.45,False,False,False,-12.17,False,1.14,3.24,20.0,2026-09-25
CBSH,"Commerce Bancshares, Inc.",Financials - Traditional,"Fin Trad - Banks, Lending & Mortgage Finance",Primary,8095.3119,-0.0114,-0.0262,0.0015,8095.3119,2026-09-25,False,ok,1.4,True,True,2.517,-0.429,False,-1.038,-0.359,False,True,False,-3.54,False,1.0,0.65,40.0,2026-09-25
CBT,Cabot Corp,Industrials & Construction,Industrials - Chemicals & Advanced Materials,Primary,4066.4584,0.017,-0.053,-0.1381,2439.875,2026-09-25,False,ok,-3.04,False,False,0.986,-2.041,False,-1.958,0.165,False,True,True,-6.21,False,0.89,0.42,30.0,2026-09-25
CBT,Cabot Corp,Electric Vehicles & Mobility,EVs - Batteries & Materials,Secondary,4066.4584,0.017,-0.053,-0.1381,1626.5834,2026-09-25,False,ok,-3.04,False,False,0.986,-2.041,False,-1.958,0.165,False,True,True,-6.21,False,0.89,0.42,30.0,2026-09-25
CBUS,"Cibus, Inc.",Agriculture & FoodTech,Agriculture - Agricultural Inputs & Crop Science,Primary,116.172,-0.0559,-0.0952,0.1095,116.172,2026-09-25,False,ok,-9.64,False,False,-2.577,-0.184,False,-2.765,0.001,False,False,True,-10.38,False,0.36,1.67,40.0,2026-09-25
CCI,Crown Castle Inc.,Telecommunications,Telecom - Infrastructure & Equipment,Primary,29646.078,-0.0714,-0.0978,-0.1621,17787.6468,2026-09-25,False,ok,-14.21,False,False,-4.478,-0.963,False,-1.932,-0.845,False,False,False,-10.64,False,0.94,3.37,20.0,2026-09-25
CCI,Crown Castle Inc.,Real Estate & REITs,Real Estate - Digital Infrastructure,Secondary,29646.078,-0.0714,-0.0978,-0.1621,11858.4312,2026-09-25,False,ok,-14.21,False,False,-4.478,-0.963,False,-1.932,-0.845,False,False,False,-10.64,False,0.94,3.37,20.0,2026-09-25
CCJ,Cameco Corp,Energy - Traditional,Energy Base - Nuclear Power & Advanced Reactors,Primary,38357.3893,-0.0387,-0.1766,-0.1741,23014.4336,2026-09-25,False,ok,-11.57,False,False,-3.205,-0.767,False,-2.335,-0.99,False,False,False,-18.44,False,0.91,3.54,30.0,2026-09-25
CCJ,Cameco Corp,Commodities - Energy,Comm Energy - Uranium & Nuclear Fuels,Secondary,38357.3893,-0.0387,-0.1766,-0.1741,15342.9557,2026-09-25,False,ok,-11.57,False,False,-3.205,-0.767,False,-2.335,-0.99,False,False,False,-18.44,False,0.91,3.54,30.0,2026-09-25
CCK,"Crown Holdings, Inc.",Industrials & Construction,Industrials - Packaging & Containers,Primary,11752.661,-0.0104,-0.1027,-0.0054,11752.661,2026-09-25,False,ok,-0.85,False,True,2.547,-0.721,False,-2.06,-0.488,False,True,False,-11.13,False,0.97,1.33,30.0,2026-09-25
CCL,Carnival Corp,Real Estate & REITs,"Real Estate - Travel, Leisure & Entertainment Properties",Primary,30474.6947,0.0188,-0.1488,-0.2263,30474.6947,2026-09-25,False,ok,-15.32,False,False,-4.878,-2.286,False,-4.358,0.265,False,True,True,-15.69,False,1.05,2.03,20.0,2026-09-25
CDE,"Coeur Mining, Inc.",Commodities - Metals,Comm Metals - Precious Metals,Primary,19756.9085,-0.0273,-0.1098,0.2424,19756.9085,2026-09-25,False,ok,2.78,True,True,1.904,2.275,False,0.02,-1.358,True,True,False,-11.82,False,1.1,4.02,30.0,2026-09-25
CDLR,Cadeler A/S,Energy - Renewable,Energy Clean - Wind,Primary,2268.0376,-0.078,-0.0972,0.0799,2268.0376,2026-09-25,False,ok,-1.37,False,True,1.224,0.299,False,0.232,-1.131,True,False,False,-10.57,False,0.88,2.86,30.0,2026-09-25
CDNA,"Caredx, Inc.",Healthcare & Biotech,Healthcare - Genomics & Personalized Medicine,Primary,3294.4353,0.183,0.2535,1.3472,3294.4353,2026-09-25,False,ok,76.64,True,True,24.7,2.747,True,6.701,1.198,False,True,True,24.16,True,1.23,-4.78,60.0,2026-09-25
CDNS,Cadence Design Systems Inc,Semiconductors,Semis - EDA Tools & Design Software,Primary,89813.9177,0.1528,-0.0174,-0.1242,53888.3506,2026-09-25,False,ok,-0.9,False,False,-2.242,-1.973,True,-1.12,1.903,False,True,True,-2.67,False,1.04,0.22,60.0,2026-09-25
CDNS,Cadence Design Systems Inc,Industrial Automation & Robotics,Automation - Industrial Software & Digital Twin,Secondary,89813.9177,0.1528,-0.0174,-0.1242,35925.5671,2026-09-25,False,ok,-0.9,False,False,-2.242,-1.973,True,-1.12,1.903,False,True,True,-2.67,False,1.04,0.22,60.0,2026-09-25
CDP,COPT Defense Properties,Real Estate & REITs,Real Estate - Office & Commercial Workspaces,Primary,3924.8102,-0.0145,-0.0977,-0.0226,2354.8861,2026-09-25,False,ok,-0.8,False,True,2.782,-1.46,False,-1.978,-0.252,False,True,False,-10.63,False,1.04,1.19,30.0,2026-09-25
CDP,COPT Defense Properties,Defense & Aerospace,Defense - Secure Defense Supply Chains,Secondary,3924.8102,-0.0145,-0.0977,-0.0226,1569.9241,2026-09-25,False,ok,-0.8,False,True,2.782,-1.46,False,-1.978,-0.252,False,True,False,-10.63,False,1.04,1.19,30.0,2026-09-25
CDW,CDW Corp,Industrials & Construction,Industrials - Distribution & Rental Services,Primary,16931.1089,-0.0736,-0.0469,0.045,10158.6653,2026-09-25,False,ok,-0.78,False,True,3.033,0.77,False,0.006,-1.175,True,False,False,-5.59,False,0.93,3.53,30.0,2026-09-25
CDW,CDW Corp,Hardware,Hardware - Data Center Infrastructure & Servers,Secondary,16931.1089,-0.0736,-0.0469,0.045,6772.4436,2026-09-25,False,ok,-0.78,False,True,3.033,0.77,False,0.006,-1.175,True,False,False,-5.59,False,0.93,3.53,30.0,2026-09-25
CECO,Ceco Environmental Corp,Environmental Sustainability,Environmental - Clean Technologies & Pollution Control,Primary,4304.8827,0.0579,0.046,-0.2296,4304.8827,2026-09-25,False,ok,0.46,True,True,1.074,-2.051,True,-0.437,0.315,True,True,True,3.6,True,0.87,1.87,40.0,2026-09-25
CEG,Constellation Energy Corp,Energy - Traditional,Energy Base - Nuclear Power & Advanced Reactors,Primary,93278.5029,0.0336,-0.0544,-0.016,55967.1017,2026-09-25,False,ok,-6.29,False,False,-2.378,0.69,False,-1.443,-0.693,False,True,False,-6.34,False,1.06,2.09,40.0,2026-09-25
CEG,Constellation Energy Corp,Energy - Traditional,Energy Base - Utilities & Conventional Power Operators,Secondary,93278.5029,0.0336,-0.0544,-0.016,37311.4012,2026-09-25,False,ok,-6.29,False,False,-2.378,0.69,False,-1.443,-0.693,False,True,False,-6.34,False,1.06,2.09,40.0,2026-09-25
CELH,"Celsius Holdings, Inc.",Consumer Goods & Retail,"Consumer - Health, Food & Beverages",Primary,7082.4509,-0.0011,-0.208,-0.0186,7082.4509,2026-09-25,False,ok,-16.15,False,False,-8.543,0.956,False,-1.936,-0.168,False,False,False,-21.55,False,0.77,2.7,30.0,2026-09-25
CENX,Century Aluminum Co,Commodities - Metals,Comm Metals - Industrial & Base Metals,Primary,3800.3525,-0.0159,-0.1314,-0.1373,3800.3525,2026-09-25,False,ok,-18.78,False,False,-5.028,-3.09,False,-4.915,-1.173,False,True,False,-13.97,False,0.81,4.55,30.0,2026-09-25
CEVA,Ceva Inc,Artificial Intelligence,"AI - Compute, Edge & Acceleration",Primary,1019.1774,0.1959,0.3368,-0.1963,1019.1774,2026-09-25,False,ok,12.1,True,False,0.741,-3.49,True,2.949,3.758,False,True,True,32.41,True,0.73,-2.0,60.0,2026-09-25
CF,"Cf Industries Holdings, Inc.",Agriculture & FoodTech,Agriculture - Agricultural Inputs & Crop Science,Primary,17353.943,-0.102,-0.0989,0.1181,10412.3658,2026-09-25,False,ok,-1.42,False,True,4.198,-0.423,False,-1.322,-1.985,False,False,False,-10.75,False,1.16,1.57,40.0,2026-09-25
CF,"Cf Industries Holdings, Inc.",Commodities - Agriculture,"Comm Agri - Fertilizers, Crop Inputs & Seeds",Secondary,17353.943,-0.102,-0.0989,0.1181,6941.5772,2026-09-25,False,ok,-1.42,False,True,4.198,-0.423,False,-1.322,-1.985,False,False,False,-10.75,False,1.16,1.57,40.0,2026-09-25
CFG,"Citizens Financial Group, Inc.",Financials - Traditional,"Fin Trad - Banks, Lending & Mortgage Finance",Primary,27599.7143,-0.0225,-0.0616,-0.0505,27599.7143,2026-09-25,False,ok,-1.22,False,True,2.906,-1.342,False,-2.153,-0.617,False,True,False,-7.05,False,0.95,2.6,30.0,2026-09-25
CFR,"Cullen/Frost Bankers, Inc.",Financials - Traditional,"Fin Trad - Banks, Lending & Mortgage Finance",Primary,9783.4619,-0.0149,-0.0303,0.0499,9783.4619,2026-09-25,False,ok,4.27,True,True,4.241,-0.554,False,-0.959,-0.388,True,True,False,-3.95,False,0.95,0.9,40.0,2026-09-25
CG,Carlyle Group Inc.,Financials - Traditional,"Fin Trad - Asset Management, Custody & Alternatives",Primary,14264.0015,-0.0017,-0.1817,-0.0181,14264.0015,2026-09-25,False,ok,-14.75,False,False,-4.056,-0.585,False,-4.66,-0.759,False,True,False,-18.95,False,0.88,4.64,0.0,2026-09-25
CGC,Canopy Growth Corp,Healthcare & Biotech,"Healthcare - Regenerative Medicine, Psychedelics, Cannabis",Primary,423.0151,0.0086,-0.1196,0.0217,423.0151,2026-09-25,False,ok,-7.74,False,False,-3.913,0.265,False,-1.341,-0.053,False,True,False,-12.8,False,0.69,1.21,20.0,2026-09-25
CGNX,Cognex Corp,Industrial Automation & Robotics,Automation - Industrial Sensors & Machine Vision,Primary,9868.0105,-0.0471,-0.0194,-0.077,5920.8063,2026-09-25,False,ok,-1.37,False,True,3.271,-2.202,False,-1.575,-0.39,False,True,False,-2.87,False,0.74,2.86,20.0,2026-09-25
CGNX,Cognex Corp,Industrial Automation & Robotics,Automation - Smart Logistics & Warehouse Automation,Secondary,9868.0105,-0.0471,-0.0194,-0.077,3947.2042,2026-09-25,False,ok,-1.37,False,True,3.271,-2.202,False,-1.575,-0.39,False,True,False,-2.87,False,0.74,2.86,20.0,2026-09-25
CHD,Church & Dwight Co Inc /De/,Consumer Goods & Retail,"Consumer - Health, Food & Beverages",Primary,22861.7114,0.0172,-0.0603,-0.0202,22861.7114,2026-09-25,False,ok,0.14,True,False,0.821,-0.661,False,-1.008,0.116,False,True,True,-6.92,False,0.99,0.84,30.0,2026-09-25
CHDN,Churchill Downs Inc,Digital Entertainment & Media,"Entertainment - Betting, iGaming & Wagering",Primary,5559.9877,-0.0261,-0.1004,-0.0572,5559.9877,2026-09-25,False,ok,-10.18,False,False,-2.653,-0.494,False,-2.506,-0.539,False,True,False,-10.89,False,1.06,3.12,20.0,2026-09-25
CHE,Chemed Corp,Healthcare & Biotech,Healthcare - Senior Care & Longevity,Primary,6693.911,0.0161,-0.0585,0.1465,6693.911,2026-09-25,False,ok,6.65,True,True,4.835,-0.16,False,-1.18,-0.222,False,True,False,-6.75,False,0.91,0.93,20.0,2026-09-25
CHGG,"Chegg, Inc",Education Technology,Education - Digital Curriculum,Primary,81.5719,0.0429,-0.0759,-0.3113,81.5719,2026-09-25,False,ok,-20.21,False,False,-7.397,-3.258,True,-4.275,0.072,False,True,True,-8.47,False,1.04,6.36,20.0,2026-09-25
CHH,"Choice Hotels International, Inc.",Real Estate & REITs,"Real Estate - Travel, Leisure & Entertainment Properties",Primary,4631.8961,0.0512,-0.0766,-0.0889,4631.8961,2026-09-25,False,ok,-3.76,False,False,-1.43,-1.462,True,-1.409,0.65,False,True,True,-8.53,False,0.97,-0.54,50.0,2026-09-25
CHKP,Check Point Software Technologies Ltd,Cybersecurity,"Cybersecurity - Platform, Cloud & Application Security",Primary,13399.6872,-0.0111,0.0133,0.0526,8039.8123,2026-09-25,False,ok,-6.22,False,False,-3.699,1.413,False,0.667,-0.21,True,False,False,0.36,True,1.05,-0.29,40.0,2026-09-25
CHKP,Check Point Software Technologies Ltd,Cybersecurity,Cybersecurity - IAM & Zero Trust,Secondary,13399.6872,-0.0111,0.0133,0.0526,5359.8749,2026-09-25,False,ok,-6.22,False,False,-3.699,1.413,False,0.667,-0.21,True,False,False,0.36,True,1.05,-0.29,40.0,2026-09-25
CHPT,"Chargepoint Holdings, Inc.",Electric Vehicles & Mobility,EVs - Charging & Infrastructure,Primary,239.7734,-0.1347,0.5291,0.6004,239.7734,2026-09-25,False,ok,23.77,True,True,7.208,6.648,False,9.32,-1.28,False,False,False,51.46,True,2.67,1.68,30.0,2026-09-25
CHRD,Chord Energy Corp,Energy - Traditional,Energy Base - Oil & Gas Exploration & Production,Primary,7453.6791,-0.0569,-0.0319,0.1463,7453.6791,2026-09-25,False,ok,4.35,True,True,5.164,-0.061,False,-0.535,-1.397,True,False,False,-4.11,False,1.02,-0.0,60.0,2026-09-25
CHRW,"C. H. Robinson Worldwide, Inc.",Transportation & Logistics,"Transportation - Logistics, Warehousing & Supply Chain Solutions",Primary,17188.821,-0.0385,0.0284,-0.1667,17188.821,2026-09-25,False,ok,-10.07,False,False,-3.81,-2.015,True,-0.876,-0.032,True,False,False,1.86,True,0.74,-0.1,70.0,2026-09-25
CHTR,"Charter Communications, Inc. /Mo/",Telecommunications,"Telecom - 5G, Wireless & Carriers",Primary,14673.5135,-0.1191,-0.2722,-0.1408,14673.5135,2026-09-25,False,ok,-29.3,False,False,-9.652,0.204,False,-6.112,-2.409,False,False,False,-27.91,False,1.01,4.59,30.0,2026-09-25
CHWY,"Chewy, Inc.",E-commerce,E-commerce - Direct-to-Consumer,Primary,7343.2115,-0.114,-0.26,-0.0389,7343.2115,2026-09-25,False,ok,-22.01,False,False,-6.386,0.419,False,-5.114,-1.921,False,False,False,-26.71,False,1.23,4.99,20.0,2026-09-25
CI,The Cigna Group,Healthcare & Biotech,"Healthcare - IT, Services & Data Infrastructure",Primary,71876.0591,-0.0119,-0.0208,-0.0213,71876.0591,2026-09-25,False,ok,-2.4,False,False,-0.088,-0.458,False,-0.86,-0.486,True,True,False,-3.01,False,0.91,1.11,30.0,2026-09-25
CIEN,Ciena Corp,Hardware,Hardware - Communications & Telecom,Primary,50612.8835,0.0233,-0.0793,-0.23,30367.7301,2026-09-25,False,ok,-8.05,False,False,-2.453,-4.252,True,-2.108,1.208,False,False,True,-8.81,False,1.14,-0.32,60.0,2026-09-25
CIEN,Ciena Corp,Telecommunications,Telecom - Infrastructure & Equipment,Secondary,50612.8835,0.0233,-0.0793,-0.23,20245.1534,2026-09-25,False,ok,-8.05,False,False,-2.453,-4.252,True,-2.108,1.208,False,False,True,-8.81,False,1.14,-0.32,60.0,2026-09-25
CIFR,Cipher Mining Inc.,Crypto & Blockchain,Blockchain - Cryptocurrency Mining & Staking,Primary,7358.4947,-0.0333,0.0871,-0.3238,7358.4947,2026-09-25,False,ok,-4.69,False,False,-1.648,-3.02,True,0.816,1.71,True,False,True,7.67,True,0.96,2.89,40.0,2026-09-25
CINF,Cincinnati Financial Corp,Financials - Traditional,Fin Trad - Insurance & Reinsurance,Primary,24946.3214,-0.0327,-0.0464,-0.084,24946.3214,2026-09-25,False,ok,-3.37,False,False,0.668,-1.045,False,-1.36,-0.38,False,False,False,-5.55,False,0.87,1.09,30.0,2026-09-25
CL,Colgate Palmolive Co,Consumer Goods & Retail,Consumer - Household & Personal Care,Primary,68604.6904,-0.0161,-0.0577,-0.058,68604.6904,2026-09-25,False,ok,-2.62,False,False,0.452,-0.991,False,-1.444,-0.161,False,True,False,-6.67,False,1.11,0.78,30.0,2026-09-25
CLF,Cleveland-Cliffs Inc.,Commodities - Metals,Comm Metals - Industrial & Base Metals,Primary,6949.1779,-0.0256,0.0573,0.1523,6949.1779,2026-09-25,False,ok,5.62,True,True,2.257,1.297,False,1.743,0.061,False,False,True,4.72,True,0.74,-0.2,50.0,2026-09-25
CLH,Clean Harbors Inc,Environmental Sustainability,Environmental - Waste Management & Recycling,Primary,16524.5204,-0.0087,0.0148,0.0477,16524.5204,2026-09-25,False,ok,4.96,True,True,3.429,-0.266,False,-0.006,-0.257,True,False,False,0.51,True,0.91,-0.25,70.0,2026-09-25
CLMT,"Calumet, Inc. /De",Commodities - Energy,Comm Energy - Biofuels & Renewable Fuels,Primary,4715.7402,-0.0907,0.1408,0.6387,2829.4441,2026-09-25,False,ok,32.52,True,True,16.191,1.655,False,3.837,-1.464,False,False,False,12.99,True,1.34,-0.01,50.0,2026-09-25
CLMT,"Calumet, Inc. /De",Energy - Renewable,Energy Clean - Fuels & Bioenergy,Secondary,4715.7402,-0.0907,0.1408,0.6387,1886.2961,2026-09-25,False,ok,32.52,True,True,16.191,1.655,False,3.837,-1.464,False,False,False,12.99,True,1.34,-0.01,50.0,2026-09-25
CLNE,Clean Energy Fuels Corp.,Commodities - Energy,Comm Energy - Biofuels & Renewable Fuels,Primary,352.712,-0.0533,0.0191,-0.0751,211.6272,2026-09-25,False,ok,-18.86,False,False,-8.82,-1.294,True,-1.327,0.079,False,False,True,0.94,True,0.91,0.43,30.0,2026-09-25
CLNE,Clean Energy Fuels Corp.,Energy - Renewable,Energy Clean - Fuels & Bioenergy,Secondary,352.712,-0.0533,0.0191,-0.0751,141.0848,2026-09-25,False,ok,-18.86,False,False,-8.82,-1.294,True,-1.327,0.079,False,False,True,0.94,True,0.91,0.43,30.0,2026-09-25
CLNN,Clene Inc.,Nanotechnology,NanoTech - Nanomedicine & Drug Delivery,Primary,61.1201,-0.0115,-0.0315,-0.2509,61.1201,2026-09-25,False,ok,-18.32,False,False,-10.541,-2.851,True,-1.372,2.244,False,False,True,-4.07,False,1.36,1.4,20.0,2026-09-25
CLS,Celestica Inc.,Hardware,Hardware - Data Center Infrastructure & Servers,Primary,46086.0498,0.0986,0.1909,0.0088,27651.6299,2026-09-25,False,ok,10.75,True,True,0.606,-0.026,True,3.372,1.792,False,False,True,17.96,True,0.9,-1.67,80.0,2026-09-25
CLS,Celestica Inc.,Hardware,Hardware - Industrial & IoT,Secondary,46086.0498,0.0986,0.1909,0.0088,18434.4199,2026-09-25,False,ok,10.75,True,True,0.606,-0.026,True,3.372,1.792,False,False,True,17.96,True,0.9,-1.67,80.0,2026-09-25
CLSK,"Cleanspark, Inc.",FinTech & Digital Finance,"FinTech - Crypto, Blockchain & Tokenization",Primary,3582.5981,-0.0359,0.0941,-0.1405,2149.5589,2026-09-25,False,ok,5.28,True,True,0.888,-0.2,True,3.429,1.131,False,False,True,8.37,True,0.85,1.87,40.0,2026-09-25
CLSK,"Cleanspark, Inc.",Crypto & Blockchain,Blockchain - Cryptocurrency Mining & Staking,Secondary,3582.5981,-0.0359,0.0941,-0.1405,1433.0392,2026-09-25,False,ok,5.28,True,True,0.888,-0.2,True,3.429,1.131,False,False,True,8.37,True,0.85,1.87,40.0,2026-09-25
CLX,Clorox Co,Consumer Goods & Retail,Consumer - Household & Personal Care,Primary,10134.0191,0.0084,-0.2014,-0.1111,10134.0191,2026-09-25,False,ok,-13.89,False,False,-3.387,-1.19,False,-4.789,-0.492,False,True,False,-20.9,False,1.2,3.08,20.0,2026-09-25
CMC,Commercial Metals Co,Commodities - Metals,Comm Metals - Industrial & Base Metals,Primary,7271.3379,0.0191,-0.0168,-0.0749,4362.8027,2026-09-25,False,ok,-3.44,False,False,-0.521,-0.826,False,-1.663,-0.209,False,True,False,-2.61,False,0.91,1.11,50.0,2026-09-25
CMC,Commercial Metals Co,Commodities - Metals,Comm Metals - Recycling & Circular Materials,Secondary,7271.3379,0.0191,-0.0168,-0.0749,2908.5352,2026-09-25,False,ok,-3.44,False,False,-0.521,-0.826,False,-1.663,-0.209,False,True,False,-2.61,False,0.91,1.11,50.0,2026-09-25
CMCSA,Comcast Corp,Telecommunications,"Telecom - 5G, Wireless & Carriers",Primary,77750.6324,-0.0365,-0.1915,-0.0191,77750.6324,2026-09-25,False,ok,-13.35,False,False,-2.459,-0.254,False,-3.889,-1.499,False,True,False,-19.92,False,1.04,3.58,20.0,2026-09-25
CME,Cme Group Inc.,FinTech & Digital Finance,FinTech - Exchanges & Market Infrastructure,Primary,95101.526,-0.0418,-0.0418,0.1469,95101.526,2026-09-25,False,ok,-1.83,False,True,-0.052,0.822,False,-0.111,-0.698,True,False,False,-5.09,False,0.93,1.41,20.0,2026-09-25
CMG,"Chipotle Mexican Grill, Inc.",Consumer Goods & Retail,Consumer - Restaurants & Dining,Primary,39645.5444,-0.0628,-0.163,-0.0114,39645.5444,2026-09-25,False,ok,-9.61,False,False,-0.299,-0.041,False,-2.743,-1.614,False,False,False,-17.09,False,0.79,3.42,30.0,2026-09-25
CMI,Cummins Inc,Energy - Renewable,Energy Clean - Hydrogen & Fuel Cells,Primary,72282.112,-0.0135,-0.0831,-0.2416,43369.2672,2026-09-25,False,ok,-11.55,False,False,-1.952,-3.242,False,-3.626,0.111,False,True,True,-9.19,False,1.05,1.69,20.0,2026-09-25
CMI,Cummins Inc,Transportation & Logistics,Transportation - Infrastructure & Equipment,Secondary,72282.112,-0.0135,-0.0831,-0.2416,28912.8448,2026-09-25,False,ok,-11.55,False,False,-1.952,-3.242,False,-3.626,0.111,False,True,True,-9.19,False,1.05,1.69,20.0,2026-09-25
CMPS,Compass Pathways Plc,Healthcare & Biotech,"Healthcare - Regenerative Medicine, Psychedelics, Cannabis",Primary,1808.5073,-0.1402,-0.1223,0.0382,1808.5073,2026-09-25,False,ok,13.49,True,True,11.799,-1.685,False,0.576,-1.278,True,False,False,-13.07,False,0.91,2.31,30.0,2026-09-25
CMS,CMS Energy Corp,Energy - Traditional,Energy Base - Utilities & Conventional Power Operators,Primary,19739.6828,-0.0366,-0.0842,-0.1704,19739.6828,2026-09-25,False,ok,-11.28,False,False,-2.851,-1.524,False,-2.633,-0.502,False,True,False,-9.29,False,0.9,1.46,20.0,2026-09-25
CNC,Centene Corp,Healthcare & Biotech,"Healthcare - IT, Services & Data Infrastructure",Primary,30538.7704,-0.0505,-0.0489,-0.0183,30538.7704,2026-09-25,False,ok,6.12,True,True,7.548,-2.119,False,-1.076,-0.911,False,False,False,-5.8,False,1.06,2.18,20.0,2026-09-25
CNH,Cnh Industrial N.V.,Agriculture & FoodTech,Agriculture - Precision Agriculture & Farm Automation,Primary,21050.7981,-0.0268,0.1324,0.2696,21050.7981,2026-09-25,False,ok,14.44,True,True,5.894,2.61,False,3.62,-1.157,False,False,False,12.16,True,1.58,0.95,60.0,2026-09-25
CNI,Canadian National Railway Co,Transportation & Logistics,Transportation - Freight Rail & Infrastructure,Primary,73053.8066,0.0166,-0.0436,0.0489,73053.8066,2026-09-25,False,ok,3.29,True,True,3.387,-1.16,False,-1.108,0.001,False,True,True,-5.27,False,1.0,0.32,40.0,2026-09-25
CNM,"Core & Main, Inc.",Industrials & Construction,Industrials - Distribution & Rental Services,Primary,7864.6707,0.0007,-0.0327,-0.0953,4718.8024,2026-09-25,False,ok,-8.81,False,False,-4.556,-0.554,True,-1.15,0.289,False,True,True,-4.19,False,1.26,1.25,40.0,2026-09-25
CNM,"Core & Main, Inc.",Environmental Sustainability,Environmental - Water Infrastructure & Treatment,Secondary,7864.6707,0.0007,-0.0327,-0.0953,3145.8683,2026-09-25,False,ok,-8.81,False,False,-4.556,-0.554,True,-1.15,0.289,False,True,True,-4.19,False,1.26,1.25,40.0,2026-09-25
CNO,"CNO Financial Group, Inc.",Financials - Traditional,Fin Trad - Insurance & Reinsurance,Primary,4994.3035,-0.0223,-0.0006,0.0387,4994.3035,2026-09-25,False,ok,7.61,True,True,5.724,-0.482,False,-0.126,-0.454,True,True,False,-1.01,False,1.42,0.76,50.0,2026-09-25
CNP,Centerpoint Energy Inc,Energy - Traditional,Energy Base - Utilities & Conventional Power Operators,Primary,24267.2538,-0.0361,-0.0537,-0.155,14560.3523,2026-09-25,False,ok,-9.5,False,False,-2.078,-1.623,False,-2.194,-0.391,False,False,False,-6.27,False,0.99,1.74,20.0,2026-09-25
CNP,Centerpoint Energy Inc,Commodities - Energy,Comm Energy - Natural Gas & LNG,Secondary,24267.2538,-0.0361,-0.0537,-0.155,9706.9015,2026-09-25,False,ok,-9.5,False,False,-2.078,-1.623,False,-2.194,-0.391,False,False,False,-6.27,False,0.99,1.74,20.0,2026-09-25
CNR,"Core Natural Resources, Inc.",Energy - Traditional,Energy Base - Coal & Thermal Power Generation,Primary,4418.6194,-0.0226,-0.0812,0.1024,4418.6194,2026-09-25,False,ok,-1.1,False,True,1.596,0.755,False,-1.06,-1.332,False,True,False,-8.99,False,1.01,1.08,30.0,2026-09-25
CNX,CNX Resources Corp,Energy - Traditional,Energy Base - Oil & Gas Exploration & Production,Primary,4851.072,-0.003,-0.0892,-0.0276,2910.6432,2026-09-25,False,ok,-7.47,False,False,-1.464,-0.135,False,-2.316,-1.011,False,True,False,-9.78,False,1.16,1.74,30.0,2026-09-25
CNX,CNX Resources Corp,Commodities - Energy,Comm Energy - Natural Gas & LNG,Secondary,4851.072,-0.003,-0.0892,-0.0276,1940.4288,2026-09-25,False,ok,-7.47,False,False,-1.464,-0.135,False,-2.316,-1.011,False,True,False,-9.78,False,1.16,1.74,30.0,2026-09-25
CNXC,Concentrix Corp,Business Services & Consulting,"Business Services - Outsourcing, Facilities & Testing",Primary,1652.377,-0.0283,0.0078,0.1358,1652.377,2026-09-25,False,ok,-3.62,False,True,-2.251,3.118,False,1.639,-0.898,False,False,False,-0.18,False,1.34,1.99,20.0,2026-09-25
COF,Capital One Financial Corp,Financials - Traditional,"Fin Trad - Banks, Lending & Mortgage Finance",Primary,122819.6659,-0.011,-0.0742,0.0021,73691.7995,2026-09-25,False,ok,-2.56,False,True,1.077,0.051,False,-2.016,-0.593,False,True,False,-8.3,False,0.96,3.07,20.0,2026-09-25
COF,Capital One Financial Corp,FinTech & Digital Finance,FinTech - Digital Payments & Merchant Infrastructure,Secondary,122819.6659,-0.011,-0.0742,0.0021,49127.8664,2026-09-25,False,ok,-2.56,False,True,1.077,0.051,False,-2.016,-0.593,False,True,False,-8.3,False,0.96,3.07,20.0,2026-09-25
COHR,Coherent Corp.,Hardware,Hardware - Next-Gen & Specialty,Primary,57933.0499,-0.0678,0.0267,-0.2463,57933.0499,2026-09-25,False,ok,-0.27,False,True,2.011,-2.934,True,0.137,0.596,True,False,True,1.69,True,0.98,0.76,50.0,2026-09-25
COHU,Cohu Inc,Semiconductors,"Semis - Testing, Packaging & Assembly",Primary,3171.6749,0.1602,0.3238,0.0525,3171.6749,2026-09-25,False,ok,35.93,True,True,10.019,-1.05,True,5.723,2.87,False,True,True,31.13,True,0.97,-3.17,50.0,2026-09-25
COIN,"Coinbase Global, Inc.",FinTech & Digital Finance,"FinTech - Crypto, Blockchain & Tokenization",Primary,51477.2214,0.0044,0.0425,0.2998,30886.3328,2026-09-25,False,ok,5.48,True,True,-2.409,3.759,True,4.037,0.668,False,False,True,3.26,True,1.21,4.13,30.0,2026-09-25
COIN,"Coinbase Global, Inc.",FinTech & Digital Finance,FinTech - Exchanges & Market Infrastructure,Secondary,51477.2214,0.0044,0.0425,0.2998,20590.8886,2026-09-25,False,ok,5.48,True,True,-2.409,3.759,True,4.037,0.668,False,False,True,3.26,True,1.21,4.13,30.0,2026-09-25
COKE,"Coca-Cola Consolidated, Inc.",Consumer Goods & Retail,"Consumer - Health, Food & Beverages",Primary,12666.5196,-0.0093,-0.0318,0.0733,12666.5196,2026-09-25,False,ok,3.76,True,True,2.478,-0.375,False,0.054,-0.477,True,True,False,-4.1,False,1.11,0.31,50.0,2026-09-25
COLB,"Columbia Banking System, Inc.",Financials - Traditional,"Fin Trad - Banks, Lending & Mortgage Finance",Primary,8385.2232,-0.0097,-0.0173,-0.0485,8385.2232,2026-09-25,False,ok,-0.29,False,True,1.582,-1.003,False,-1.169,-0.129,False,True,False,-2.67,False,0.99,1.2,40.0,2026-09-25
COLD,Americold Realty Trust,Transportation & Logistics,"Transportation - Logistics, Warehousing & Supply Chain Solutions",Primary,4228.1229,0.0229,-0.0484,0.0575,2536.8737,2026-09-25,False,ok,4.7,True,True,3.132,-1.168,True,-0.367,0.1,True,True,True,-5.75,False,0.95,0.71,40.0,2026-09-25
COLD,Americold Realty Trust,Real Estate & REITs,"Real Estate - E-Commerce, Warehousing & Logistics",Secondary,4228.1229,0.0229,-0.0484,0.0575,1691.2492,2026-09-25,False,ok,4.7,True,True,3.132,-1.168,True,-0.367,0.1,True,True,True,-5.75,False,0.95,0.71,40.0,2026-09-25
COLM,Columbia Sportswear Co,Consumer Goods & Retail,Consumer - Apparel & E-Commerce Retail,Primary,2948.7278,0.0134,-0.0227,-0.1027,2948.7278,2026-09-25,False,ok,-2.46,False,False,-0.705,-1.295,True,-0.619,0.258,True,True,True,-3.2,False,0.97,0.36,50.0,2026-09-25
COO,"The Cooper Companies, Inc.",Healthcare & Biotech,Healthcare - Medical Devices & HealthTech Hardware,Primary,10530.8006,0.0016,-0.2418,-0.1954,10530.8006,2026-09-25,False,ok,-18.91,False,False,-4.18,-2.505,False,-7.233,-0.199,False,True,False,-24.9,False,1.51,5.15,40.0,2026-09-25
COP,Conocophillips,Energy - Traditional,Energy Base - Oil & Gas Exploration & Production,Primary,152930.2712,-0.0344,-0.0344,0.1986,91758.1627,2026-09-25,False,ok,6.89,True,True,4.902,0.751,False,0.084,-1.169,True,True,False,-4.36,False,1.1,0.21,60.0,2026-09-25
COP,Conocophillips,Commodities - Energy,Comm Energy - Crude Oil,Secondary,152930.2712,-0.0344,-0.0344,0.1986,61172.1085,2026-09-25,False,ok,6.89,True,True,4.902,0.751,False,0.084,-1.169,True,True,False,-4.36,False,1.1,0.21,60.0,2026-09-25
COR,"Cencora, Inc.",Healthcare & Biotech,"Healthcare - IT, Services & Data Infrastructure",Primary,58568.6753,-0.006,-0.0644,0.081,58568.6753,2026-09-25,False,ok,-1.35,False,True,0.351,0.813,False,-0.75,-0.677,True,False,False,-7.33,False,0.93,1.91,10.0,2026-09-25
CORZ,"Core Scientific, Inc./Tx",Crypto & Blockchain,Blockchain - Cryptocurrency Mining & Staking,Primary,5572.0433,-0.0361,-0.0383,-0.376,5572.0433,2026-09-25,False,ok,-13.57,False,False,-3.83,-3.889,True,-1.846,1.12,False,False,True,-4.74,False,0.84,2.31,40.0,2026-09-25
COST,Costco Wholesale Corp /New,E-commerce,"E-commerce - Omnichannel Retailers, Online & Physical Stores",Primary,409030.3283,0.0307,-0.0388,-0.0383,245418.197,2026-09-25,False,ok,-2.58,False,False,-1.453,-0.604,True,-1.078,0.183,False,True,True,-4.79,False,1.07,0.94,30.0,2026-09-25
COST,Costco Wholesale Corp /New,Consumer Goods & Retail,"Consumer - Health, Food & Beverages",Secondary,409030.3283,0.0307,-0.0388,-0.0383,163612.1313,2026-09-25,False,ok,-2.58,False,False,-1.453,-0.604,True,-1.078,0.183,False,True,True,-4.79,False,1.07,0.94,30.0,2026-09-25
COTY,Coty Inc.,Consumer Goods & Retail,Consumer - Household & Personal Care,Primary,2333.8191,0.0905,-0.0075,0.359,2333.8191,2026-09-25,False,ok,1.47,True,True,1.208,1.826,False,-1.323,-0.293,False,True,False,-1.69,False,0.68,1.99,20.0,2026-09-25
COUR,"Coursera, Inc.",Software,Software - Vertical SaaS Platforms,Primary,1446.1111,0.002,-0.1842,-0.1708,867.6667,2026-09-25,False,ok,-15.11,False,False,-5.071,0.277,False,-3.845,-0.789,False,True,False,-19.19,False,0.91,3.62,10.0,2026-09-25
COUR,"Coursera, Inc.",Education Technology,Education - Digital Curriculum,Secondary,1446.1111,0.002,-0.1842,-0.1708,578.4444,2026-09-25,False,ok,-15.11,False,False,-5.071,0.277,False,-3.845,-0.789,False,True,False,-19.19,False,0.91,3.62,10.0,2026-09-25
CP,Canadian Pacific Kansas City Ltd/Cn,Transportation & Logistics,Transportation - Freight Rail & Infrastructure,Primary,76400.7793,-0.0043,-0.0767,0.0296,76400.7793,2026-09-25,False,ok,-0.17,False,True,2.321,-1.068,False,-1.384,-0.247,False,True,False,-8.55,False,0.89,0.92,40.0,2026-09-25
CPAY,"Corpay, Inc.",FinTech & Digital Finance,FinTech - Digital Payments & Merchant Infrastructure,Primary,26139.7422,0.0009,-0.0346,0.1564,26139.7422,2026-09-25,False,ok,9.02,True,True,5.988,0.166,False,-0.253,-0.508,True,True,False,-4.38,False,0.92,0.8,40.0,2026-09-25
CPNG,"Coupang, Inc.",E-commerce,E-commerce - Grocery & Local Commerce Platforms,Primary,24949.463,-0.0287,-0.1684,-0.2185,14969.6778,2026-09-25,False,ok,-21.52,False,False,-8.742,-0.533,False,-3.574,-0.485,False,False,False,-17.63,False,0.86,3.71,0.0,2026-09-25
CPNG,"Coupang, Inc.",Software,Software - Vertical SaaS Platforms,Secondary,24949.463,-0.0287,-0.1684,-0.2185,9979.7852,2026-09-25,False,ok,-21.52,False,False,-8.742,-0.533,False,-3.574,-0.485,False,False,False,-17.63,False,0.86,3.71,0.0,2026-09-25
CPRI,Capri Holdings Ltd,Consumer Goods & Retail,Consumer - Modern Luxury & Lifestyle,Primary,1733.4212,0.0237,0.1353,-0.2107,1733.4212,2026-09-25,False,ok,-12.35,False,False,-9.311,-0.925,True,1.182,1.813,False,False,True,12.45,True,1.25,-2.3,60.0,2026-09-25
CPRT,Copart Inc,Consumer Goods & Retail,Consumer - Resale & Sharing Platforms,Primary,25543.1373,-0.0577,-0.1722,-0.0924,25543.1373,2026-09-25,False,ok,-14.56,False,False,-4.272,0.453,False,-2.856,-1.558,False,False,False,-18.01,False,0.95,2.07,30.0,2026-09-25
CPT,Camden Property Trust,Real Estate & REITs,"Real Estate - Housing, Urban Living & Demographics",Primary,11355.6808,-0.0101,-0.0938,-0.11,11355.6808,2026-09-25,False,ok,-7.62,False,False,-0.817,-1.629,False,-2.659,-0.36,False,True,False,-10.25,False,1.08,1.45,30.0,2026-09-25
CQP,"Cheniere Energy Partners, L.P.",Commodities - Energy,Comm Energy - Natural Gas & LNG,Primary,30703.7798,-0.022,-0.0665,0.1256,30703.7798,2026-09-25,False,ok,0.95,True,True,3.155,-0.403,False,-1.226,-0.85,False,False,False,-7.54,False,1.08,1.43,50.0,2026-09-25
CR,Crane Co,Industrials & Construction,"Industrials - Machinery, Flow Control & Components",Primary,11954.8477,0.0466,0.0047,-0.0317,7172.9086,2026-09-25,False,ok,2.77,True,True,1.995,-0.979,True,-0.841,0.634,True,True,True,-0.48,False,0.9,0.51,50.0,2026-09-25
CR,Crane Co,Defense & Aerospace,Defense - Next-Generation Aircraft & Maintenance,Secondary,11954.8477,0.0466,0.0047,-0.0317,4781.9391,2026-09-25,False,ok,2.77,True,True,1.995,-0.979,True,-0.841,0.634,True,True,True,-0.48,False,0.9,0.51,50.0,2026-09-25
CRBG,"Corebridge Financial, Inc.",Financials - Traditional,Fin Trad - Insurance & Reinsurance,Primary,15543.9514,0.0017,0.1034,0.2552,15543.9514,2026-09-25,False,ok,13.58,True,True,5.849,1.418,False,1.554,-0.18,False,True,False,9.29,True,1.03,0.58,70.0,2026-09-25
CRH,CRH Plc,Industrials & Construction,Industrials - Construction Materials & Aggregates,Primary,56575.7911,-0.0129,-0.116,-0.2378,56575.7911,2026-09-25,False,ok,-16.46,False,False,-6.147,-1.56,False,-3.196,-0.197,False,True,False,-12.44,False,1.04,2.52,30.0,2026-09-25
CRL,"Charles River Laboratories International, Inc.",Healthcare & Biotech,"Healthcare - IT, Services & Data Infrastructure",Primary,14105.4372,0.0532,-0.0161,0.449,8463.2623,2026-09-25,False,ok,27.04,True,True,12.258,1.459,False,1.318,0.006,False,True,True,-2.55,False,1.11,0.78,30.0,2026-09-25
CRL,"Charles River Laboratories International, Inc.",Healthcare & Biotech,Healthcare - Next-Gen Biotech Platforms,Secondary,14105.4372,0.0532,-0.0161,0.449,5642.1749,2026-09-25,False,ok,27.04,True,True,12.258,1.459,False,1.318,0.006,False,True,True,-2.55,False,1.11,0.78,30.0,2026-09-25
CRM,"Salesforce, Inc.",Cloud Computing,Cloud - Horizontal SaaS & Cloud Applications,Primary,192598.4584,-0.0164,0.1397,0.5346,115559.075,2026-09-25,False,ok,14.13,True,True,6.045,4.432,False,2.436,-1.83,False,True,False,12.89,True,1.25,1.51,30.0,2026-09-25
CRM,"Salesforce, Inc.",Cloud Computing,Cloud - Hyperscalers & Platforms,Secondary,192598.4584,-0.0164,0.1397,0.5346,77039.3834,2026-09-25,False,ok,14.13,True,True,6.045,4.432,False,2.436,-1.83,False,True,False,12.89,True,1.25,1.51,30.0,2026-09-25
CRNC,Cerence Inc.,Artificial Intelligence,"AI - Apps, Domain-Specific AI",Primary,359.5805,0.0285,-0.0087,-0.1953,359.5805,2026-09-25,False,ok,-13.45,False,False,-4.986,-1.834,True,-1.921,0.023,False,False,True,-1.82,False,0.83,3.55,30.0,2026-09-25
CRON,Cronos Group Inc.,Healthcare & Biotech,"Healthcare - Regenerative Medicine, Psychedelics, Cannabis",Primary,1230.4989,-0.003,-0.0484,0.2325,1230.4989,2026-09-25,False,ok,13.96,True,True,5.926,1.274,False,1.629,-0.063,False,False,False,-5.75,False,0.78,-0.35,40.0,2026-09-25
CROX,"Crocs, Inc.",Consumer Goods & Retail,Consumer - Apparel & E-Commerce Retail,Primary,6047.7916,0.0319,0.0264,0.039,6047.7916,2026-09-25,False,ok,9.57,True,True,5.0,-2.032,True,0.049,1.441,True,True,True,1.67,True,1.03,0.92,40.0,2026-09-25
CRS,Carpenter Technology Corp,Defense & Aerospace,Defense - Secure Defense Supply Chains,Primary,19666.8211,-0.0276,-0.1836,-0.3166,11800.0927,2026-09-25,False,ok,-14.44,False,False,1.067,-5.265,False,-6.682,-0.361,False,True,False,-19.14,False,1.04,2.83,20.0,2026-09-25
CRS,Carpenter Technology Corp,Industrial Automation & Robotics,"Automation - Additive Manufacturing, 3D Printing",Secondary,19666.8211,-0.0276,-0.1836,-0.3166,7866.7284,2026-09-25,False,ok,-14.44,False,False,1.067,-5.265,False,-6.682,-0.361,False,True,False,-19.14,False,1.04,2.83,20.0,2026-09-25
CRSP,Crispr Therapeutics Ag,Healthcare & Biotech,Healthcare - Genomics & Personalized Medicine,Primary,5243.6429,-0.0412,-0.1095,0.0127,3146.1857,2026-09-25,False,ok,0.76,True,True,0.788,0.734,False,0.519,-0.035,True,False,False,-11.8,False,1.02,2.68,30.0,2026-09-25
CRSP,Crispr Therapeutics Ag,Healthcare & Biotech,Healthcare - Next-Gen Biotech Platforms,Secondary,5243.6429,-0.0412,-0.1095,0.0127,2097.4572,2026-09-25,False,ok,0.76,True,True,0.788,0.734,False,0.519,-0.035,True,False,False,-11.8,False,1.02,2.68,30.0,2026-09-25
CRSR,"Corsair Gaming, Inc.",Hardware,"Hardware - Consumer Electronics, PCs & Peripherals",Primary,1477.6973,0.0209,0.1537,0.5774,1477.6973,2026-09-25,False,ok,35.53,True,True,15.639,1.329,False,4.009,0.026,False,False,True,14.27,True,0.75,0.96,50.0,2026-09-25
CRTO,Criteo S.A.,E-commerce,E-commerce - Retail Media & Advertising,Primary,797.6803,-0.0251,-0.059,-0.1015,478.6082,2026-09-25,False,ok,-12.39,False,False,-2.813,-1.702,False,-2.834,-0.166,False,False,False,-6.79,False,0.43,1.88,40.0,2026-09-25
CRTO,Criteo S.A.,Digital Entertainment & Media,Entertainment - Advertising & Social Platforms,Secondary,797.6803,-0.0251,-0.059,-0.1015,319.0721,2026-09-25,False,ok,-12.39,False,False,-2.813,-1.702,False,-2.834,-0.166,False,False,False,-6.79,False,0.43,1.88,40.0,2026-09-25
CRUS,"Cirrus Logic, Inc.",Semiconductors,"Semis - Analog, Mixed-Signal & Power Management",Primary,6010.0977,0.0093,0.0762,-0.2394,6010.0977,2026-09-25,False,ok,-10.82,False,False,-6.237,-2.269,True,-0.069,0.914,True,False,True,6.6,True,1.11,-0.39,50.0,2026-09-25
CRWD,"Crowdstrike Holdings, Inc.",Cybersecurity,"Cybersecurity - Platform, Cloud & Application Security",Primary,258164.7032,0.0609,0.3601,0.4985,258164.7032,2026-09-25,False,ok,40.67,True,True,14.142,0.886,True,5.808,1.103,False,False,True,34.71,True,1.35,-4.26,50.0,2026-09-25
CSAN,Cosan S.A.,Commodities - Agriculture,"Comm Agri - Grains, Oilseeds & Softs",Primary,2712.0932,0.0436,,,2712.0932,2026-09-25,False,partial,,,,,,,,,,,,,,,,,2026-09-25
CSCO,"Cisco Systems, Inc.",Hardware,Hardware - Communications & Telecom,Primary,420674.0111,-0.0257,-0.0397,-0.1055,252404.4067,2026-09-25,False,ok,2.15,True,True,4.366,-2.396,False,-1.324,-0.121,False,False,False,-4.88,False,0.87,2.17,40.0,2026-09-25
CSCO,"Cisco Systems, Inc.",Hardware,Hardware - Networking Equipment,Secondary,420674.0111,-0.0257,-0.0397,-0.1055,168269.6044,2026-09-25,False,ok,2.15,True,True,4.366,-2.396,False,-1.324,-0.121,False,False,False,-4.88,False,0.87,2.17,40.0,2026-09-25
CSGP,"Costar Group, Inc.",Big Data & Analytics,"Big Data - Data Generation, Sourcing & Providers",Primary,11382.0006,-0.0344,-0.1439,-0.0577,11382.0006,2026-09-25,False,ok,-22.85,False,False,-12.211,1.955,False,-2.56,-1.05,False,True,False,-15.2,False,1.08,2.74,20.0,2026-09-25
CSIQ,Canadian Solar Inc.,Energy - Renewable,Energy Clean - Solar,Primary,733.2849,-0.0526,-0.2437,-0.279,733.2849,2026-09-25,False,ok,-28.62,False,False,-9.38,-2.761,False,-6.801,-1.06,False,False,False,-25.09,False,0.89,5.28,20.0,2026-09-25
CSL,Carlisle Companies Inc,Industrials & Construction,Industrials - Building Products & HVAC,Primary,12961.5012,0.0371,-0.1016,-0.1348,7776.9007,2026-09-25,False,ok,-6.04,False,False,-0.834,-1.263,False,-2.796,-0.076,False,True,False,-11.01,False,1.24,2.61,20.0,2026-09-25
CSL,Carlisle Companies Inc,Conglomerates & Diversified Holdings,Diversified Holdings & Multi-Industry Conglomerates,Secondary,12961.5012,0.0371,-0.1016,-0.1348,5184.6005,2026-09-25,False,ok,-6.04,False,False,-0.834,-1.263,False,-2.796,-0.076,False,True,False,-11.01,False,1.24,2.61,20.0,2026-09-25
CSWI,"CSW Industrials, Inc.",Industrials & Construction,Industrials - Building Products & HVAC,Primary,,,,,,,True,no_data,,,,,,,,,,,,,,,,,2026-09-25
CSWI,"CSW Industrials, Inc.",Industrials & Construction,"Industrials - Machinery, Flow Control & Components",Secondary,,,,,,,True,no_data,,,,,,,,,,,,,,,,,2026-09-25
CSX,Csx Corp,Transportation & Logistics,Transportation - Freight Rail & Infrastructure,Primary,86658.7689,-0.0068,-0.0893,0.0184,51995.2613,2026-09-25,False,ok,0.98,True,True,3.748,-1.613,False,-1.807,-0.362,False,True,False,-9.8,False,0.92,-0.01,40.0,2026-09-25
CSX,Csx Corp,Transportation & Logistics,Transportation - Infrastructure & Equipment,Secondary,86658.7689,-0.0068,-0.0893,0.0184,34663.5076,2026-09-25,False,ok,0.98,True,True,3.748,-1.613,False,-1.807,-0.362,False,True,False,-9.8,False,0.92,-0.01,40.0,2026-09-25
CTAS,Cintas Corp,Business Services & Consulting,"Business Services - Outsourcing, Facilities & Testing",Primary,79867.4452,0.0115,-0.0237,0.1726,79867.4452,2026-09-25,False,ok,4.43,True,True,2.67,0.571,False,-0.453,-0.153,True,True,False,-3.3,False,0.94,0.43,40.0,2026-09-25
CTGO,"Contango Ore, Inc.",Commodities - Metals,Comm Metals - Rare Earth & Strategic Materials,Primary,620.3248,-0.0096,-0.0911,0.2508,620.3248,2026-09-25,False,ok,-7.05,False,False,-4.781,1.781,False,-0.563,-0.693,True,True,False,-9.98,False,1.07,2.66,40.0,2026-09-25
CTRE,"Caretrust REIT, Inc.",Real Estate & REITs,Real Estate - Healthcare & Senior Living,Primary,8839.7281,-0.0035,-0.0624,-0.0413,8839.7281,2026-09-25,False,ok,-3.87,False,False,0.087,-1.302,False,-1.749,-0.219,False,True,False,-7.13,False,0.92,1.11,30.0,2026-09-25
CTSH,Cognizant Technology Solutions Corp,Business Services & Consulting,Consulting,Primary,25823.9672,-0.0424,-0.0909,0.3916,25823.9672,2026-09-25,False,ok,0.03,True,True,0.334,3.147,False,-0.026,-1.425,True,False,False,-9.95,False,0.87,2.53,30.0,2026-09-25
CTVA,"Corteva, Inc.",Agriculture & FoodTech,Agriculture - Agricultural Inputs & Crop Science,Primary,52388.2291,-0.025,-0.0525,-0.0175,31432.9375,2026-09-25,False,ok,-1.59,False,True,1.657,-0.766,False,-1.041,-0.809,False,False,False,-6.15,False,1.12,1.86,30.0,2026-09-25
CTVA,"Corteva, Inc.",Commodities - Agriculture,"Comm Agri - Fertilizers, Crop Inputs & Seeds",Secondary,52388.2291,-0.025,-0.0525,-0.0175,20955.2916,2026-09-25,False,ok,-1.59,False,True,1.657,-0.766,False,-1.041,-0.809,False,False,False,-6.15,False,1.12,1.86,30.0,2026-09-25
CUBE,Cubesmart,Real Estate & REITs,Real Estate - Retail & Consumer Real Estate,Primary,8560.8202,-0.0437,-0.0689,-0.0557,8560.8202,2026-09-25,False,ok,-4.45,False,False,0.503,-1.06,False,-1.578,-0.421,False,False,False,-7.78,False,1.18,1.61,40.0,2026-09-25
CUZ,Cousins Properties Inc,Real Estate & REITs,Real Estate - Office & Commercial Workspaces,Primary,4716.565,0.0127,-0.0513,0.009,4716.565,2026-09-25,False,ok,2.55,True,True,3.032,-1.262,False,-0.987,0.32,True,True,True,-6.03,False,0.94,1.15,40.0,2026-09-25
CVLT,"Commvault Systems, Inc.",Cloud Computing,"Cloud - DevOps, Observability & Multi-Cloud",Primary,6031.8418,0.0069,0.1096,0.113,6031.8418,2026-09-25,False,ok,12.42,True,True,5.053,0.533,True,2.289,0.741,False,False,True,9.91,True,0.92,-2.44,60.0,2026-09-25
CVNA,Carvana Co.,Consumer Goods & Retail,Consumer - Resale & Sharing Platforms,Primary,72116.65,-0.0008,-0.1413,-0.042,72116.65,2026-09-25,False,ok,-6.35,False,False,-0.97,0.084,False,-2.506,-1.056,False,True,False,-14.95,False,0.77,3.4,40.0,2026-09-25
CVS,Cvs Health Corp,Healthcare & Biotech,"Healthcare - IT, Services & Data Infrastructure",Primary,113994.6291,0.0033,-0.0406,-0.1196,68396.7775,2026-09-25,False,ok,-2.64,False,True,2.212,-2.302,False,-2.882,-0.628,False,True,False,-4.97,False,0.93,1.93,10.0,2026-09-25
CVS,Cvs Health Corp,E-commerce,"E-commerce - Omnichannel Retailers, Online & Physical Stores",Secondary,113994.6291,0.0033,-0.0406,-0.1196,45597.8516,2026-09-25,False,ok,-2.64,False,True,2.212,-2.302,False,-2.882,-0.628,False,True,False,-4.97,False,0.93,1.93,10.0,2026-09-25
CVSA,Covista Inc.,Education Technology,Education - Digital Curriculum,Primary,4110.1875,-0.0471,-0.1146,-0.0168,2466.1125,2026-09-25,False,ok,-2.55,False,True,1.846,-0.635,False,-1.428,-0.505,False,False,False,-12.3,False,1.0,0.66,70.0,2026-09-25
CVSA,Covista Inc.,Education Technology,Education - Workforce Training,Secondary,4110.1875,-0.0471,-0.1146,-0.0168,1644.075,2026-09-25,False,ok,-2.55,False,True,1.846,-0.635,False,-1.428,-0.505,False,False,False,-12.3,False,1.0,0.66,70.0,2026-09-25
CVX,Chevron Corp,Energy - Traditional,Energy Base - Integrated Energy Majors,Primary,401049.7802,-0.0242,0.0228,0.2029,240629.8681,2026-09-25,False,ok,8.07,True,True,4.463,0.827,False,0.704,-0.8,True,True,False,1.31,True,1.25,-0.14,50.0,2026-09-25
CVX,Chevron Corp,Energy - Traditional,Energy Base - Oil & Gas Exploration & Production,Secondary,401049.7802,-0.0242,0.0228,0.2029,160419.9121,2026-09-25,False,ok,8.07,True,True,4.463,0.827,False,0.704,-0.8,True,True,False,1.31,True,1.25,-0.14,50.0,2026-09-25
CW,Curtiss Wright Corp,Defense & Aerospace,Defense - Secure Defense Supply Chains,Primary,19934.6258,-0.0498,-0.1144,-0.2922,19934.6258,2026-09-25,False,ok,-17.92,False,False,-4.692,-3.787,False,-4.618,0.335,False,False,True,-12.28,False,1.12,0.91,30.0,2026-09-25
CWCO,Consolidated Water Co. Ltd.,Environmental Sustainability,Environmental - Water Infrastructure & Treatment,Primary,446.1184,-0.0121,-0.0753,-0.0495,446.1184,2026-09-25,False,ok,-8.92,False,False,-3.709,-0.118,False,-1.496,-0.094,False,False,False,-8.41,False,0.97,1.11,40.0,2026-09-25
CWEN,"Clearway Energy, Inc.",Energy - Renewable,Energy Clean - Utilities & Clean Power Operators,Primary,7342.3539,-0.0341,-0.0698,-0.1783,4405.4123,2026-09-25,False,ok,-11.22,False,False,-3.999,-1.419,False,-2.036,-0.361,False,True,False,-7.86,False,1.04,2.12,30.0,2026-09-25
CWEN,"Clearway Energy, Inc.",Energy - Renewable,Energy Clean - Wind,Secondary,7342.3539,-0.0341,-0.0698,-0.1783,2936.9416,2026-09-25,False,ok,-11.22,False,False,-3.999,-1.419,False,-2.036,-0.361,False,True,False,-7.86,False,1.04,2.12,30.0,2026-09-25
CWST,Casella Waste Systems Inc,Environmental Sustainability,Environmental - Waste Management & Recycling,Primary,5233.7572,-0.0767,-0.1198,-0.0986,5233.7572,2026-09-25,False,ok,-8.79,False,False,-0.491,-0.606,False,-2.346,-1.043,False,False,False,-12.81,False,0.87,2.4,10.0,2026-09-25
CWT,California Water Service Group,Environmental Sustainability,Environmental - Water Infrastructure & Treatment,Primary,2855.1112,-0.0255,-0.0877,-0.0174,2855.1112,2026-09-25,False,ok,-2.37,False,True,1.819,-0.831,False,-1.916,-0.604,False,True,False,-9.64,False,1.04,1.53,30.0,2026-09-25
CXDO,"Crexendo, Inc.",Telecommunications,Telecom - Enterprise & Unified Communications,Primary,202.5156,0.0817,-0.0349,-0.1506,202.5156,2026-09-25,False,ok,-10.84,False,False,-5.256,-2.907,True,-2.653,1.081,False,True,True,-4.4,False,0.72,0.85,50.0,2026-09-25
CXT,"Crane NXT, Co.",Hardware,Hardware - Industrial & IoT,Primary,2746.8255,0.0463,-0.045,0.051,2746.8255,2026-09-25,False,ok,-2.29,False,False,0.769,0.086,False,-1.64,-0.16,False,True,False,-5.41,False,0.94,1.25,30.0,2026-09-25
CYTK,"Cytokinetics, Inc.",Healthcare & Biotech,Healthcare - Metabolic & Cardiometabolic,Primary,8989.2547,-0.0599,-0.1652,-0.2037,8989.2547,2026-09-25,False,ok,-9.99,False,False,0.654,-2.711,False,-3.873,-0.849,False,False,False,-17.32,False,1.04,2.21,30.0,2026-09-25
CZR,"Caesars Entertainment, Inc.",Digital Entertainment & Media,"Entertainment - Betting, iGaming & Wagering",Primary,6029.8542,-0.0017,-0.0024,-0.0003,6029.8542,2026-09-25,False,ok,3.74,True,True,2.871,-0.808,False,-0.104,-0.01,True,False,False,-1.18,False,1.12,0.05,40.0,2026-09-25
D,"Dominion Energy, Inc",Energy - Traditional,Energy Base - Utilities & Conventional Power Operators,Primary,53369.6348,-0.0456,-0.0842,-0.115,32021.7809,2026-09-25,False,ok,-6.03,False,False,0.451,-1.544,False,-2.307,-0.563,False,False,False,-9.29,False,1.14,1.64,20.0,2026-09-25
D,"Dominion Energy, Inc",Energy - Renewable,Energy Clean - Wind,Secondary,53369.6348,-0.0456,-0.0842,-0.115,21347.8539,2026-09-25,False,ok,-6.03,False,False,0.451,-1.544,False,-2.307,-0.563,False,False,False,-9.29,False,1.14,1.64,20.0,2026-09-25
DAC,Danaos Corp,Transportation & Logistics,Transportation - Marine Shipping & Ports,Primary,2805.8978,-0.0437,0.0102,0.239,2805.8978,2026-09-25,False,ok,16.21,True,True,8.724,0.738,False,1.752,-0.747,False,False,False,0.06,True,1.15,0.34,50.0,2026-09-25
DAL,"Delta Air Lines, Inc.",Transportation & Logistics,Transportation - Air Travel & Passenger Transportation,Primary,55858.5037,0.0668,0.0158,-0.0607,55858.5037,2026-09-25,False,ok,7.65,True,True,3.619,-1.613,True,-0.195,1.069,True,True,True,0.61,True,1.07,0.68,30.0,2026-09-25
DAN,Dana Inc,Electric Vehicles & Mobility,EVs - Key Suppliers & Autonomy Tech,Primary,2919.6311,-0.0896,-0.1001,-0.0361,2919.6311,2026-09-25,False,ok,-8.44,False,True,-0.401,-0.605,False,-1.194,-1.414,False,False,False,-10.87,False,1.05,3.64,30.0,2026-09-25
DAR,Darling Ingredients Inc.,Commodities - Energy,Comm Energy - Biofuels & Renewable Fuels,Primary,9671.7404,-0.0623,-0.0206,0.1641,5803.0442,2026-09-25,False,ok,4.6,True,True,5.369,-0.909,False,-0.844,-1.09,True,False,False,-2.99,False,1.05,0.16,40.0,2026-09-25
DAR,Darling Ingredients Inc.,Energy - Renewable,Energy Clean - Fuels & Bioenergy,Secondary,9671.7404,-0.0623,-0.0206,0.1641,3868.6962,2026-09-25,False,ok,4.6,True,True,5.369,-0.909,False,-0.844,-1.09,True,False,False,-2.99,False,1.05,0.16,40.0,2026-09-25
DASH,"Doordash, Inc.",E-commerce,E-commerce - Grocery & Local Commerce Platforms,Primary,83782.4922,0.0022,-0.1719,0.0867,50269.4953,2026-09-25,False,ok,-0.72,False,True,2.794,0.834,False,-2.967,-0.959,False,True,False,-17.98,False,0.96,3.72,20.0,2026-09-25
DASH,"Doordash, Inc.",E-commerce,"E-commerce - Omnichannel Retailers, Online & Physical Stores",Secondary,83782.4922,0.0022,-0.1719,0.0867,33512.9969,2026-09-25,False,ok,-0.72,False,True,2.794,0.834,False,-2.967,-0.959,False,True,False,-17.98,False,0.96,3.72,20.0,2026-09-25
DAVE,Dave Inc./De,FinTech & Digital Finance,FinTech - Digital Banking & Neobanks,Primary,4144.0092,-0.0383,-0.0704,0.0051,4144.0092,2026-09-25,False,ok,4.26,True,True,8.52,-2.79,False,-2.184,-1.183,False,False,False,-7.92,False,0.79,2.28,40.0,2026-09-25
DBRG,"Digitalbridge Group, Inc.",Cloud Computing,Cloud - Data Centers & Infrastructure,Primary,2996.1746,0.0063,0.0006,0.0165,2996.1746,2026-09-25,False,ok,3.17,True,True,1.765,-0.483,True,0.104,0.042,True,True,True,-0.89,False,1.38,-0.03,40.0,2026-09-25
DBX,"Dropbox, Inc.",Cloud Computing,Cloud - Horizontal SaaS & Cloud Applications,Primary,7027.7458,-0.114,-0.0707,0.2275,7027.7458,2026-09-25,False,ok,5.64,True,True,7.048,1.03,False,-0.072,-1.595,True,False,False,-7.96,False,1.2,1.23,60.0,2026-09-25
DCBO,Docebo Inc.,Education Technology,Education - Workforce Training,Primary,569.8031,-0.0108,-0.0749,0.3326,569.8031,2026-09-25,False,ok,7.46,True,True,5.518,2.135,False,-0.456,-1.431,True,True,False,-8.37,False,0.65,3.02,20.0,2026-09-25
DCI,Donaldson Co Inc,Environmental Sustainability,Environmental - Clean Technologies & Pollution Control,Primary,10131.7048,0.0112,-0.0627,0.019,10131.7048,2026-09-25,False,ok,-2.26,False,False,0.414,-0.444,False,-1.749,-0.049,False,True,False,-7.16,False,0.98,1.29,20.0,2026-09-25
DCO,Ducommun Incorporated,Defense & Aerospace,Defense - Secure Defense Supply Chains,Primary,2599.4268,0.0355,-0.0508,0.0414,1559.6561,2026-09-25,False,ok,8.06,True,True,6.889,-2.411,False,-1.607,0.611,False,True,True,-5.98,False,0.92,-0.89,70.0,2026-09-25
DCO,Ducommun Incorporated,Defense & Aerospace,Defense - Next-Generation Aircraft & Maintenance,Secondary,2599.4268,0.0355,-0.0508,0.0414,1039.7707,2026-09-25,False,ok,8.06,True,True,6.889,-2.411,False,-1.607,0.611,False,True,True,-5.98,False,0.92,-0.89,70.0,2026-09-25
DD,"Dupont De Nemours, Inc.",Nanotechnology,"NanoTech - Materials, Industrial & Environment",Primary,17786.5114,0.0209,-0.0276,-0.0401,17786.5114,2026-09-25,False,ok,-1.99,False,False,-0.34,-1.369,True,-1.229,0.484,False,True,True,-3.68,False,0.84,0.49,30.0,2026-09-25
DDD,3D Systems Corp,Hardware,Hardware - Next-Gen & Specialty,Primary,593.1449,-0.0165,0.1087,0.186,355.8869,2026-09-25,False,ok,18.92,True,True,8.305,0.851,False,1.952,0.462,False,True,True,9.81,True,0.87,1.97,20.0,2026-09-25
DDD,3D Systems Corp,Industrial Automation & Robotics,"Automation - Additive Manufacturing, 3D Printing",Secondary,593.1449,-0.0165,0.1087,0.186,237.258,2026-09-25,False,ok,18.92,True,True,8.305,0.851,False,1.952,0.462,False,True,True,9.81,True,0.87,1.97,20.0,2026-09-25
DDI,"Doubledown Interactive Co., Ltd.",Digital Entertainment & Media,Entertainment - Game Publishers & Developers,Primary,644.1947,0.0196,0.0156,0.1818,386.5168,2026-09-25,False,ok,13.83,True,True,6.689,0.01,False,1.224,-0.047,False,False,False,0.6,True,1.54,0.31,20.0,2026-09-25
DDI,"Doubledown Interactive Co., Ltd.",Software,Software - Gaming & Platforms,Secondary,644.1947,0.0196,0.0156,0.1818,257.6779,2026-09-25,False,ok,13.83,True,True,6.689,0.01,False,1.224,-0.047,False,False,False,0.6,True,1.54,0.31,20.0,2026-09-25
DDOG,"Datadog, Inc.",Cloud Computing,"Cloud - DevOps, Observability & Multi-Cloud",Primary,96278.782,0.1662,0.2024,0.2043,96278.782,2026-09-25,False,ok,26.05,True,True,8.743,-2.075,True,2.031,2.242,False,True,True,19.1,True,0.8,-3.01,70.0,2026-09-25
DE,Deere & Co,Agriculture & FoodTech,Agriculture - Precision Agriculture & Farm Automation,Primary,186165.5593,0.0095,0.0948,0.1523,111699.3356,2026-09-25,False,ok,13.95,True,True,5.444,0.97,False,2.432,-0.136,False,False,False,8.44,True,1.22,0.42,50.0,2026-09-25
DE,Deere & Co,Transportation & Logistics,Transportation - Infrastructure & Equipment,Secondary,186165.5593,0.0095,0.0948,0.1523,74466.2237,2026-09-25,False,ok,13.95,True,True,5.444,0.97,False,2.432,-0.136,False,False,False,8.44,True,1.22,0.42,50.0,2026-09-25
DECK,Deckers Outdoor Corp,Consumer Goods & Retail,Consumer - Apparel & E-Commerce Retail,Primary,10713.4259,0.0031,-0.1135,-0.2557,10713.4259,2026-09-25,False,ok,-18.54,False,False,-6.526,-2.806,False,-4.051,0.354,False,True,True,-12.19,False,1.11,2.77,30.0,2026-09-25
DELL,Dell Technologies Inc.,Hardware,"Hardware - Consumer Electronics, PCs & Peripherals",Primary,357892.6531,-0.0091,0.2467,0.2989,214735.5919,2026-09-25,False,ok,47.43,True,True,21.057,-0.775,False,4.922,-0.461,False,True,False,23.49,True,1.59,2.19,60.0,2026-09-25
DELL,Dell Technologies Inc.,Hardware,Hardware - Data Center Infrastructure & Servers,Secondary,357892.6531,-0.0091,0.2467,0.2989,143157.0612,2026-09-25,False,ok,47.43,True,True,21.057,-0.775,False,4.922,-0.461,False,True,False,23.49,True,1.59,2.19,60.0,2026-09-25
DFTX,"Definium Therapeutics, Inc.  -",Healthcare & Biotech,"Healthcare - Regenerative Medicine, Psychedelics, Cannabis",Primary,4860.052,-0.068,-0.1928,-0.1415,4860.052,2026-09-25,False,ok,10.12,True,True,13.681,-4.911,False,-2.998,-0.275,False,False,False,-20.05,False,0.99,2.25,50.0,2026-09-25
DG,Dollar General Corp,E-commerce,"E-commerce - Omnichannel Retailers, Online & Physical Stores",Primary,27541.7989,0.0199,0.0184,0.0529,27541.7989,2026-09-25,False,ok,2.58,True,True,1.18,0.597,False,-0.353,-0.363,True,True,False,0.87,True,1.1,1.67,40.0,2026-09-25
DGII,Digi International Inc,Industrial Automation & Robotics,"Automation - Industrial IoT, Connectivity",Primary,2971.3382,0.0855,0.0313,0.1559,1782.8029,2026-09-25,False,ok,19.25,True,True,7.999,-1.354,True,0.751,1.351,True,True,True,2.15,True,0.99,-1.2,60.0,2026-09-25
DGII,Digi International Inc,Smart Home & IoT,"Smart Home - Connectivity, Devices & Appliances",Secondary,2971.3382,0.0855,0.0313,0.1559,1188.5353,2026-09-25,False,ok,19.25,True,True,7.999,-1.354,True,0.751,1.351,True,True,True,2.15,True,0.99,-1.2,60.0,2026-09-25
DGX,Quest Diagnostics Inc,Healthcare & Biotech,"Healthcare - Diagnostics, Biomarkers & Liquid Biopsy",Primary,26083.4324,-0.0411,-0.0335,0.1682,26083.4324,2026-09-25,False,ok,9.16,True,True,5.791,0.464,False,0.279,-0.473,True,False,False,-4.27,False,1.13,0.42,30.0,2026-09-25
DHI,"D.R. Horton, Inc.",Real Estate & REITs,"Real Estate - Housing, Urban Living & Demographics",Primary,39580.5286,0.0253,-0.0616,-0.1476,39580.5286,2026-09-25,False,ok,-4.1,False,False,-1.635,-0.75,True,-1.038,0.321,False,True,True,-7.05,False,1.07,1.21,50.0,2026-09-25
DHR,Danaher Corp /De/,Healthcare & Biotech,"Healthcare - Diagnostics, Biomarkers & Liquid Biopsy",Primary,157813.3422,0.0599,0.0394,0.1911,94688.0053,2026-09-25,False,ok,11.91,True,True,2.716,1.502,True,2.002,0.747,False,True,True,2.96,True,0.9,-0.64,50.0,2026-09-25
DHR,Danaher Corp /De/,Nanotechnology,NanoTech - Research Tools & Advanced Instruments,Secondary,157813.3422,0.0599,0.0394,0.1911,63125.3369,2026-09-25,False,ok,11.91,True,True,2.716,1.502,True,2.002,0.747,False,True,True,2.96,True,0.9,-0.64,50.0,2026-09-25
DINO,Hf Sinclair Corp,Energy - Traditional,Energy Base - Refining & Midstream Infrastructure,Primary,18990.8705,-0.0783,0.1456,0.6345,18990.8705,2026-09-25,False,ok,30.71,True,True,15.007,1.8,False,3.328,-1.24,False,False,False,13.47,True,1.19,-0.95,30.0,2026-09-25
DIS,Walt Disney Co,Digital Entertainment & Media,Entertainment - Video Streaming,Primary,183287.808,0.0339,-0.0458,0.0578,183287.808,2026-09-25,False,ok,2.75,True,True,0.675,0.8,False,0.053,-0.281,True,True,False,-5.49,False,0.88,-0.12,40.0,2026-09-25
DKNG,Draftkings Inc.,Digital Entertainment & Media,"Entertainment - Betting, iGaming & Wagering",Primary,10931.9188,0.0124,-0.1462,-0.1023,10931.9188,2026-09-25,False,ok,-13.83,False,False,-4.23,-0.419,False,-3.398,-1.075,False,True,False,-15.43,False,1.03,1.65,30.0,2026-09-25
DKS,"Dick's Sporting Goods, Inc.",E-commerce,"E-commerce - Omnichannel Retailers, Online & Physical Stores",Primary,13441.9784,0.1261,0.1079,-0.4187,13441.9784,2026-09-25,False,ok,-27.5,False,False,-11.1,-5.301,True,-7.078,2.036,False,True,True,9.74,True,0.99,1.32,30.0,2026-09-25
DLB,"Dolby Laboratories, Inc.",Hardware,Hardware - Next-Gen & Specialty,Primary,5485.2444,0.0158,-0.1143,0.1189,3291.1466,2026-09-25,False,ok,-0.73,False,True,0.61,1.467,False,-1.189,-0.876,False,True,False,-12.28,False,1.12,1.83,40.0,2026-09-25
DLB,"Dolby Laboratories, Inc.",Digital Entertainment & Media,Entertainment - Video Streaming,Secondary,5485.2444,0.0158,-0.1143,0.1189,2194.0978,2026-09-25,False,ok,-0.73,False,True,0.61,1.467,False,-1.189,-0.876,False,True,False,-12.28,False,1.12,1.83,40.0,2026-09-25
DLO,Dlocal Ltd,FinTech & Digital Finance,FinTech - Digital Payments & Merchant Infrastructure,Primary,4143.3093,-0.0091,-0.0934,0.1466,4143.3093,2026-09-25,False,ok,1.41,True,True,3.21,0.065,False,-1.318,-0.73,False,True,False,-10.2,False,0.79,2.96,10.0,2026-09-25
DLR,"Digital Realty Trust, Inc.",Cloud Computing,Cloud - Data Centers & Infrastructure,Primary,67454.5172,-0.0193,-0.0649,-0.0683,40472.7103,2026-09-25,False,ok,-2.33,False,True,0.915,-0.837,False,-0.983,-0.186,True,False,False,-7.38,False,0.86,1.78,40.0,2026-09-25
DLR,"Digital Realty Trust, Inc.",Big Data & Analytics,"Big Data - Analytics, AI Platforms & BI",Secondary,67454.5172,-0.0193,-0.0649,-0.0683,26981.8069,2026-09-25,False,ok,-2.33,False,True,0.915,-0.837,False,-0.983,-0.186,True,False,False,-7.38,False,0.86,1.78,40.0,2026-09-25
DLTR,"Dollar Tree, Inc.",E-commerce,"E-commerce - Omnichannel Retailers, Online & Physical Stores",Primary,21402.9885,0.0188,-0.1518,-0.0442,21402.9885,2026-09-25,False,ok,-3.13,False,True,2.036,-1.055,False,-3.299,-0.442,False,True,False,-15.98,False,1.05,3.23,50.0,2026-09-25
DNA,"Ginkgo Bioworks Holdings, Inc.",Agriculture & FoodTech,Agriculture - Alternative Proteins,Primary,717.8474,0.3528,0.4138,0.0956,717.8474,2026-09-25,False,ok,28.13,True,False,-1.761,1.884,True,7.248,5.218,False,True,True,40.03,True,1.27,-7.34,40.0,2026-09-25
DNN,Denison Mines Corp.,Commodities - Energy,Comm Energy - Uranium & Nuclear Fuels,Primary,2398.9327,-0.0734,-0.2876,-0.164,2398.9327,2026-09-25,False,ok,-17.11,False,False,-3.078,-1.363,False,-4.729,-1.715,False,False,False,-29.44,False,0.95,5.09,20.0,2026-09-25
DOC,"Healthpeak Properties, Inc.",Real Estate & REITs,Real Estate - Healthcare & Senior Living,Primary,14398.719,-0.001,-0.0576,-0.0103,14398.719,2026-09-25,False,ok,3.43,True,True,3.585,-1.226,False,-0.735,0.058,True,False,True,-6.66,False,0.91,1.1,20.0,2026-09-25
DOCN,"Digitalocean Holdings, Inc.",Cloud Computing,Cloud - Hyperscalers & Platforms,Primary,16431.742,0.0738,0.2414,-0.0595,16431.742,2026-09-25,False,ok,20.9,True,True,6.398,-2.97,True,4.191,1.834,False,False,True,22.96,True,0.95,-4.0,50.0,2026-09-25
DOCS,"Doximity, Inc.",Healthcare & Biotech,"Healthcare - Digital Health, Telemedicine & Remote Care",Primary,4696.7818,0.0092,0.0651,0.265,2818.0691,2026-09-25,False,ok,-3.26,False,False,-4.904,4.911,False,1.85,-0.244,False,False,False,5.49,True,0.64,2.5,40.0,2026-09-25
DOCS,"Doximity, Inc.",Healthcare & Biotech,"Healthcare - IT, Services & Data Infrastructure",Secondary,4696.7818,0.0092,0.0651,0.265,1878.7127,2026-09-25,False,ok,-3.26,False,False,-4.904,4.911,False,1.85,-0.244,False,False,False,5.49,True,0.64,2.5,40.0,2026-09-25
DOCU,"Docusign, Inc.",Cloud Computing,Cloud - Horizontal SaaS & Cloud Applications,Primary,12615.9155,-0.0227,0.115,0.5258,7569.5493,2026-09-25,False,ok,17.37,True,True,6.767,3.942,False,3.254,-0.717,False,False,False,10.44,True,1.31,-1.9,50.0,2026-09-25
DOCU,"Docusign, Inc.",Software,"Software - Collaboration, CRM & Communications",Secondary,12615.9155,-0.0227,0.115,0.5258,5046.3662,2026-09-25,False,ok,17.37,True,True,6.767,3.942,False,3.254,-0.717,False,False,False,10.44,True,1.31,-1.9,50.0,2026-09-25
DOLE,Dole Plc,Commodities - Agriculture,"Comm Agri - Grains, Oilseeds & Softs",Primary,1226.0753,,,,1226.0753,,True,no_data,,,,,,,,,,,,,,,,,2026-09-25
DOMO,"Domo, Inc.",Big Data & Analytics,"Big Data - Analytics, AI Platforms & BI",Primary,166.9784,,,,100.187,2026-09-25,False,partial,,,,,,,,,,,,,,,,,2026-09-25
DOMO,"Domo, Inc.",Software,"Software - Data, Analytics & DevOps",Secondary,166.9784,,,,66.7914,2026-09-25,False,partial,,,,,,,,,,,,,,,,,2026-09-25
DOV,Dover Corp,Industrials & Construction,"Industrials - Machinery, Flow Control & Components",Primary,25842.4422,0.0238,-0.0479,-0.1423,15505.4653,2026-09-25,False,ok,-5.68,False,False,-2.105,-1.562,True,-1.739,0.331,False,True,True,-5.69,False,1.1,0.31,50.0,2026-09-25
DOV,Dover Corp,Conglomerates & Diversified Holdings,Diversified Holdings & Multi-Industry Conglomerates,Secondary,25842.4422,0.0238,-0.0479,-0.1423,10336.9769,2026-09-25,False,ok,-5.68,False,False,-2.105,-1.562,True,-1.739,0.331,False,True,True,-5.69,False,1.1,0.31,50.0,2026-09-25
DOW,Dow Inc.,Industrials & Construction,Industrials - Chemicals & Advanced Materials,Primary,20239.9887,-0.0247,-0.0602,-0.0352,20239.9887,2026-09-25,False,ok,-7.72,False,False,-2.139,-1.416,False,-1.741,-0.492,False,False,False,-6.91,False,0.94,-0.55,50.0,2026-09-25
DPZ,"Domino's Pizza, Inc.",Consumer Goods & Retail,Consumer - Restaurants & Dining,Primary,9664.4987,-0.007,-0.1599,0.022,9664.4987,2026-09-25,False,ok,-13.2,False,False,-3.732,-0.25,False,-3.781,-0.791,False,True,False,-16.79,False,0.95,2.97,20.0,2026-09-25
DQ,Daqo New Energy Corp.,Energy - Renewable,Energy Clean - Solar,Primary,776.1306,-0.0497,-0.1928,-0.1428,776.1306,2026-09-25,False,ok,-29.3,False,False,-15.979,0.172,False,-3.56,-0.073,False,False,False,-20.05,False,0.83,3.22,30.0,2026-09-25
DRI,"Darden Restaurants, Inc.",Consumer Goods & Retail,Consumer - Restaurants & Dining,Primary,22679.9657,-0.0455,-0.0937,-0.0566,22679.9657,2026-09-25,False,ok,-2.38,False,True,1.661,-0.477,False,-0.916,-0.481,True,False,False,-10.24,False,1.04,1.8,30.0,2026-09-25
DSP,Viant Technology Inc.,Digital Entertainment & Media,Entertainment - Advertising & Social Platforms,Primary,810.9253,0.0261,-0.0093,0.0943,810.9253,2026-09-25,False,ok,2.8,True,True,3.425,-0.562,False,-0.863,-0.354,True,True,False,-1.88,False,1.46,2.23,40.0,2026-09-25
DT,"Dynatrace, Inc.",Cloud Computing,"Cloud - DevOps, Observability & Multi-Cloud",Primary,16818.7628,0.051,0.1574,0.427,10091.2577,2026-09-25,False,ok,25.66,True,True,7.922,2.676,True,4.262,0.566,False,False,True,14.64,True,1.22,-2.26,80.0,2026-09-25
DT,"Dynatrace, Inc.",Software,"Software - Data, Analytics & DevOps",Secondary,16818.7628,0.051,0.1574,0.427,6727.5051,2026-09-25,False,ok,25.66,True,True,7.922,2.676,True,4.262,0.566,False,False,True,14.64,True,1.22,-2.26,80.0,2026-09-25
DTE,Dte Energy Co,Energy - Traditional,Energy Base - Coal & Thermal Power Generation,Primary,25270.2147,-0.0464,-0.0998,-0.1889,25270.2147,2026-09-25,False,ok,-12.09,False,False,-2.407,-1.895,False,-3.058,-0.677,False,False,False,-10.84,False,1.12,1.77,20.0,2026-09-25
DTM,"DT Midstream, Inc.",Energy - Traditional,Energy Base - Refining & Midstream Infrastructure,Primary,12474.4305,-0.0216,-0.0284,-0.1628,7484.6583,2026-09-25,False,ok,-7.68,False,False,-1.451,-1.967,False,-1.713,-0.025,False,False,False,-3.76,False,0.94,0.61,30.0,2026-09-25
DTM,"DT Midstream, Inc.",Commodities - Energy,Comm Energy - Natural Gas & LNG,Secondary,12474.4305,-0.0216,-0.0284,-0.1628,4989.7722,2026-09-25,False,ok,-7.68,False,False,-1.451,-1.967,False,-1.713,-0.025,False,False,False,-3.76,False,0.94,0.61,30.0,2026-09-25
DUK,Duke Energy Corp,Energy - Traditional,Energy Base - Utilities & Conventional Power Operators,Primary,88379.2445,-0.0356,-0.0678,-0.0963,53027.5467,2026-09-25,False,ok,-7.13,False,False,-1.281,-1.004,False,-1.78,-0.441,False,False,False,-7.66,False,0.92,1.46,10.0,2026-09-25
DUK,Duke Energy Corp,Energy - Traditional,Energy Base - Coal & Thermal Power Generation,Secondary,88379.2445,-0.0356,-0.0678,-0.0963,35351.6978,2026-09-25,False,ok,-7.13,False,False,-1.281,-1.004,False,-1.78,-0.441,False,False,False,-7.66,False,0.92,1.46,10.0,2026-09-25
DUOL,"Duolingo, Inc.",Education Technology,Education - Digital Curriculum,Primary,6686.5777,0.0113,-0.0173,0.086,6686.5777,2026-09-25,False,ok,2.78,True,True,0.887,3.449,False,0.813,-0.704,True,False,False,-2.67,False,1.06,1.54,40.0,2026-09-25
DV,"Doubleverify Holdings, Inc.",Artificial Intelligence,"AI - Ads, Search & Recommendations",Primary,2078.3835,-0.0037,0.0068,0.2957,1247.0301,2026-09-25,False,ok,13.74,True,True,6.673,1.617,False,1.165,-0.462,False,True,False,-0.28,False,1.0,-0.05,30.0,2026-09-25
DV,"Doubleverify Holdings, Inc.",Digital Entertainment & Media,Entertainment - Advertising & Social Platforms,Secondary,2078.3835,-0.0037,0.0068,0.2957,831.3534,2026-09-25,False,ok,13.74,True,True,6.673,1.617,False,1.165,-0.462,False,True,False,-0.28,False,1.0,-0.05,30.0,2026-09-25
DVA,Davita Inc.,Healthcare & Biotech,"Healthcare - IT, Services & Data Infrastructure",Primary,11386.3864,-0.0293,0.0038,-0.1623,11386.3864,2026-09-25,False,ok,-2.61,False,False,2.288,-3.619,True,-1.437,0.093,False,False,True,-0.58,False,0.81,-0.56,60.0,2026-09-25
DVN,Devon Energy Corp/De,Energy - Traditional,Energy Base - Oil & Gas Exploration & Production,Primary,51754.9998,-0.0321,0.0095,0.108,31052.9999,2026-09-25,False,ok,5.01,True,True,3.168,0.515,False,0.766,-0.689,True,False,False,-0.01,False,1.22,-0.62,60.0,2026-09-25
DVN,Devon Energy Corp/De,Commodities - Energy,Comm Energy - Crude Oil,Secondary,51754.9998,-0.0321,0.0095,0.108,20701.9999,2026-09-25,False,ok,5.01,True,True,3.168,0.515,False,0.766,-0.689,True,False,False,-0.01,False,1.22,-0.62,60.0,2026-09-25
DXCM,Dexcom Inc,Healthcare & Biotech,"Healthcare - Digital Health, Telemedicine & Remote Care",Primary,32686.9914,-0.0306,-0.0285,0.2419,19612.1948,2026-09-25,False,ok,11.82,True,True,6.972,0.711,False,0.562,-0.222,True,False,False,-3.77,False,0.91,0.64,50.0,2026-09-25
DXCM,Dexcom Inc,Healthcare & Biotech,Healthcare - Medical Devices & HealthTech Hardware,Secondary,32686.9914,-0.0306,-0.0285,0.2419,13074.7966,2026-09-25,False,ok,11.82,True,True,6.972,0.711,False,0.562,-0.222,True,False,False,-3.77,False,0.91,0.64,50.0,2026-09-25
DY,"Dycom Industries, Inc.",Industrials & Construction,Industrials - Engineering & Construction,Primary,8189.3023,-0.0695,-0.2282,-0.4384,4913.5814,2026-09-25,False,ok,-27.47,False,False,-7.031,-5.412,False,-7.447,0.377,False,False,True,-23.55,False,0.96,3.13,40.0,2026-09-25
DY,"Dycom Industries, Inc.",Telecommunications,Telecom - Infrastructure & Equipment,Secondary,8189.3023,-0.0695,-0.2282,-0.4384,3275.7209,2026-09-25,False,ok,-27.47,False,False,-7.031,-5.412,False,-7.447,0.377,False,False,True,-23.55,False,0.96,3.13,40.0,2026-09-25
E,Eni Spa,Energy - Traditional,Energy Base - Integrated Energy Majors,Primary,78540.5379,0.0134,0.0241,0.1722,78540.5379,2026-09-25,False,ok,8.2,True,True,3.963,-0.251,True,0.441,-0.172,True,True,False,1.44,True,0.94,-1.0,60.0,2026-09-25
EBAY,Ebay Inc,E-commerce,E-commerce - Online Marketplaces & Recommerce,Primary,48015.4993,-0.0352,0.021,-0.0112,48015.4993,2026-09-25,False,ok,3.21,True,True,2.338,-0.925,True,0.653,0.154,True,False,True,1.13,True,1.21,-0.04,50.0,2026-09-25
ECHO,EchoStar Corp,Telecommunications,Telecom - Satellite & Space Communication,Primary,26205.4154,-0.0358,0.0415,-0.0976,26205.4154,2026-09-25,False,ok,-9.34,False,False,-5.415,-0.909,True,0.715,-0.11,True,False,False,3.16,True,0.78,0.61,60.0,2026-09-25
ECL,Ecolab Inc.,Nanotechnology,"NanoTech - Materials, Industrial & Environment",Primary,78349.0417,0.0372,-0.0321,0.0143,47009.425,2026-09-25,False,ok,2.4,True,True,0.91,0.099,True,-0.338,0.134,True,True,True,-4.14,False,0.93,0.28,30.0,2026-09-25
ECL,Ecolab Inc.,Environmental Sustainability,Environmental - Clean Technologies & Pollution Control,Secondary,78349.0417,0.0372,-0.0321,0.0143,31339.6167,2026-09-25,False,ok,2.4,True,True,0.91,0.099,True,-0.338,0.134,True,True,True,-4.14,False,0.93,0.28,30.0,2026-09-25
ED,"Consolidated Edison, Inc.",Energy - Traditional,Energy Base - Utilities & Conventional Power Operators,Primary,38129.3322,-0.0221,-0.0373,-0.0612,38129.3322,2026-09-25,False,ok,-3.31,False,False,-0.072,-0.76,False,-1.175,-0.348,False,True,False,-4.64,False,0.93,0.95,30.0,2026-09-25
EEFT,"Euronet Worldwide, Inc.",FinTech & Digital Finance,FinTech - Digital Payments & Merchant Infrastructure,Primary,2454.05,-0.0064,-0.0786,-0.028,2454.05,2026-09-25,False,ok,-8.84,False,False,-1.467,-0.816,False,-2.692,-0.711,False,True,False,-8.74,False,0.9,2.56,20.0,2026-09-25
EFX,Equifax Inc,Big Data & Analytics,"Big Data - Data Generation, Sourcing & Providers",Primary,17400.6886,-0.0677,-0.2259,-0.0576,17400.6886,2026-09-25,False,ok,-16.9,False,False,-3.309,-0.365,False,-4.67,-1.492,False,False,False,-23.33,False,0.97,5.0,20.0,2026-09-25
EG,"Everest Group, Ltd.",Financials - Traditional,Fin Trad - Insurance & Reinsurance,Primary,14203.2998,-0.0118,-0.0078,0.0772,14203.2998,2026-09-25,False,ok,3.82,True,True,2.838,-0.102,False,0.041,-0.214,True,False,False,-1.73,False,1.19,0.26,60.0,2026-09-25
EGHT,8X8 Inc /De/,Telecommunications,Telecom - Enterprise & Unified Communications,Primary,332.2017,0.2994,0.1795,0.3372,332.2017,2026-09-25,False,ok,14.85,True,False,-0.532,0.76,True,2.737,3.091,False,True,True,16.83,True,0.98,-3.28,40.0,2026-09-25
EGP,Eastgroup Properties Inc,Real Estate & REITs,"Real Estate - E-Commerce, Warehousing & Logistics",Primary,10836.3991,-0.0042,-0.0062,-0.0025,10836.3991,2026-09-25,False,ok,1.51,True,True,1.313,-0.906,True,-0.04,0.329,True,False,True,-1.57,False,1.05,0.25,40.0,2026-09-25
EHC,Encompass Health Corp,Healthcare & Biotech,Healthcare - Senior Care & Longevity,Primary,12180.734,0.0141,0.0277,0.2098,12180.734,2026-09-25,False,ok,8.89,True,True,3.897,1.127,False,0.768,-0.134,True,True,False,1.79,True,0.96,-0.22,40.0,2026-09-25
EIX,Edison International,Energy - Traditional,Energy Base - Utilities & Conventional Power Operators,Primary,20260.4564,-0.0481,-0.2959,-0.2822,20260.4564,2026-09-25,False,ok,-20.62,False,False,-3.906,-4.204,False,-6.708,-0.032,False,True,False,-30.26,False,1.48,1.34,50.0,2026-09-25
EL,Estee Lauder Companies Inc,E-commerce,E-commerce - Direct-to-Consumer,Primary,34179.1109,0.0111,-0.0959,0.1384,34179.1109,2026-09-25,False,ok,4.57,True,True,2.618,1.717,False,0.496,-0.815,True,False,False,-10.45,False,1.09,1.61,30.0,2026-09-25
ELAN,Elanco Animal Health Inc,Healthcare & Biotech,Healthcare - Animal Health & Veterinary,Primary,11142.7195,-0.0049,-0.1108,-0.0689,6685.6317,2026-09-25,False,ok,-5.19,False,False,-0.177,-1.193,False,-2.046,-0.344,False,True,False,-11.93,False,0.86,1.96,20.0,2026-09-25
ELAN,Elanco Animal Health Inc,Commodities - Agriculture,Comm Agri - Livestock & Animal Protein,Secondary,11142.7195,-0.0049,-0.1108,-0.0689,4457.0878,2026-09-25,False,ok,-5.19,False,False,-0.177,-1.193,False,-2.046,-0.344,False,True,False,-11.93,False,0.86,1.96,20.0,2026-09-25
ELF,"E.L.F. Beauty, Inc.",Consumer Goods & Retail,Consumer - Household & Personal Care,Primary,5871.8858,0.0318,-0.0592,0.5418,5871.8858,2026-09-25,False,ok,16.75,True,True,8.029,3.742,False,0.905,-0.494,True,True,False,-6.81,False,0.81,2.86,20.0,2026-09-25
ELS,Equity Lifestyle Properties Inc,Real Estate & REITs,"Real Estate - Housing, Urban Living & Demographics",Primary,11876.2609,-0.0103,-0.0853,-0.0475,11876.2609,2026-09-25,False,ok,-5.04,False,False,-0.639,-1.033,False,-1.848,-0.154,False,True,False,-9.4,False,1.02,0.93,10.0,2026-09-25
ELV,"Elevance Health, Inc.",Healthcare & Biotech,"Healthcare - IT, Services & Data Infrastructure",Primary,85899.7555,-0.0362,-0.0026,0.036,85899.7555,2026-09-25,False,ok,4.41,True,True,3.782,-0.301,False,0.276,-0.591,True,False,False,-1.21,False,1.02,0.75,20.0,2026-09-25
EME,"Emcor Group, Inc.",Industrials & Construction,Industrials - Engineering & Construction,Primary,33621.0084,0.0162,0.0302,-0.0998,20172.605,2026-09-25,False,ok,-1.52,False,False,-0.166,-1.137,True,-0.789,0.353,True,True,True,2.04,True,0.86,1.22,40.0,2026-09-25
EME,"Emcor Group, Inc.",Cloud Computing,Cloud - Data Centers & Infrastructure,Secondary,33621.0084,0.0162,0.0302,-0.0998,13448.4034,2026-09-25,False,ok,-1.52,False,False,-0.166,-1.137,True,-0.789,0.353,True,True,True,2.04,True,0.86,1.22,40.0,2026-09-25
EMR,Emerson Electric Co,Hardware,Hardware - Industrial & IoT,Primary,88260.6899,0.0554,0.0211,0.1225,52956.4139,2026-09-25,False,ok,8.19,True,True,3.08,0.29,True,0.333,0.606,True,True,True,1.14,True,0.89,0.61,40.0,2026-09-25
EMR,Emerson Electric Co,Industrial Automation & Robotics,Automation - Factory & Process Automation Systems,Secondary,88260.6899,0.0554,0.0211,0.1225,35304.276,2026-09-25,False,ok,8.19,True,True,3.08,0.29,True,0.333,0.606,True,True,True,1.14,True,0.89,0.61,40.0,2026-09-25
ENB,Enbridge Inc,Energy - Traditional,Energy Base - Refining & Midstream Infrastructure,Primary,104176.1485,-0.0408,-0.0603,-0.143,62505.6891,2026-09-25,False,ok,-8.77,False,False,-1.72,-1.826,False,-2.032,-0.199,False,False,False,-6.93,False,1.14,1.22,30.0,2026-09-25
ENB,Enbridge Inc,Energy - Renewable,Energy Clean - Wind,Secondary,104176.1485,-0.0408,-0.0603,-0.143,41670.4594,2026-09-25,False,ok,-8.77,False,False,-1.72,-1.826,False,-2.032,-0.199,False,False,False,-6.93,False,1.14,1.22,30.0,2026-09-25
ENLT,Enlight Renewable Energy Ltd.,Energy - Renewable,Energy Clean - Wind,Primary,9719.1506,-0.0737,-0.1388,-0.2378,9719.1506,2026-09-25,False,ok,-9.82,False,False,0.899,-4.171,False,-3.55,-0.293,False,False,False,-14.7,False,0.89,4.03,20.0,2026-09-25
ENPH,"Enphase Energy, Inc.",Energy - Renewable,Energy Clean - Batteries & Storage,Primary,4281.4868,-0.0647,-0.1325,-0.3225,2568.8921,2026-09-25,False,ok,-19.88,False,False,-5.124,-3.711,False,-4.154,-0.817,False,False,False,-14.08,False,0.95,1.42,50.0,2026-09-25
ENPH,"Enphase Energy, Inc.",Energy - Renewable,Energy Clean - Solar,Secondary,4281.4868,-0.0647,-0.1325,-0.3225,1712.5947,2026-09-25,False,ok,-19.88,False,False,-5.124,-3.711,False,-4.154,-0.817,False,False,False,-14.08,False,0.95,1.42,50.0,2026-09-25
ENS,Enersys,Energy - Renewable,Energy Clean - Batteries & Storage,Primary,6451.7079,0.0043,-0.0778,-0.1816,6451.7079,2026-09-25,False,ok,-5.25,False,False,-0.804,-2.734,True,-1.693,0.476,False,True,True,-8.65,False,1.06,1.32,40.0,2026-09-25
ENSG,"Ensign Group, Inc",Healthcare & Biotech,Healthcare - Senior Care & Longevity,Primary,10209.9159,0.0073,-0.0215,0.0682,10209.9159,2026-09-25,False,ok,-0.9,False,False,-1.01,0.419,True,-0.16,0.11,True,True,True,-3.08,False,0.91,-0.48,50.0,2026-09-25
ENTG,"Entegris, Inc.",Semiconductors,"Semis - Equipment, Lithography & Deposition",Primary,23208.7921,0.0678,0.0938,-0.1134,23208.7921,2026-09-25,False,ok,11.25,True,True,3.543,-0.977,True,1.478,1.479,False,True,True,8.34,True,0.86,-0.5,60.0,2026-09-25
ENVX,Enovix Corp,Electric Vehicles & Mobility,EVs - Batteries & Materials,Primary,629.8173,-0.0401,-0.1509,-0.5168,629.8173,2026-09-25,False,ok,-44.07,False,False,-20.86,-4.609,True,-7.52,0.544,False,False,True,-15.9,False,0.68,3.13,30.0,2026-09-25
EOG,Eog Resources Inc,Energy - Traditional,Energy Base - Oil & Gas Exploration & Production,Primary,73617.6701,-0.0269,-0.0441,0.0516,44170.6021,2026-09-25,False,ok,3.14,True,True,3.531,-0.448,False,-0.598,-0.628,True,False,False,-5.32,False,1.12,-0.16,70.0,2026-09-25
EOG,Eog Resources Inc,Commodities - Energy,Comm Energy - Crude Oil,Secondary,73617.6701,-0.0269,-0.0441,0.0516,29447.068,2026-09-25,False,ok,3.14,True,True,3.531,-0.448,False,-0.598,-0.628,True,False,False,-5.32,False,1.12,-0.16,70.0,2026-09-25
EOSE,"Eos Energy Enterprises, Inc.",Energy - Renewable,Energy Clean - Batteries & Storage,Primary,1144.7404,-0.2008,-0.1059,-0.4777,1144.7404,2026-09-25,False,ok,-46.03,False,False,-24.604,-1.212,False,-2.346,-1.555,False,False,False,-11.44,False,0.99,1.72,30.0,2026-09-25
EPD,Enterprise Products Partners L.P.,Energy - Traditional,Energy Base - Refining & Midstream Infrastructure,Primary,79360.7864,-0.055,-0.0397,0.0335,79360.7864,2026-09-25,False,ok,-0.29,False,True,2.307,-0.497,False,-0.678,-0.67,True,False,False,-4.89,False,0.91,1.16,30.0,2026-09-25
EPR,EPR Properties,Real Estate & REITs,"Real Estate - Travel, Leisure & Entertainment Properties",Primary,4353.685,0.0019,-0.0531,-0.0209,4353.685,2026-09-25,False,ok,-1.04,False,True,1.808,-1.069,False,-1.469,-0.277,False,True,False,-6.21,False,1.15,1.6,10.0,2026-09-25
EPRT,"Essential Properties Realty Trust, Inc.",Real Estate & REITs,Real Estate - Retail & Consumer Real Estate,Primary,5752.919,-0.0082,-0.1386,-0.1189,5752.919,2026-09-25,False,ok,-11.97,False,False,-2.313,-1.773,False,-3.78,-0.577,False,True,False,-14.68,False,1.18,2.44,20.0,2026-09-25
EQH,"Equitable Holdings, Inc.",Financials - Traditional,Fin Trad - Insurance & Reinsurance,Primary,14685.7103,-0.002,0.1008,0.251,8811.4262,2026-09-25,False,ok,13.38,True,True,5.798,1.513,False,1.526,-0.251,False,True,False,9.03,True,1.17,0.73,60.0,2026-09-25
EQH,"Equitable Holdings, Inc.",Financials - Traditional,"Fin Trad - Asset Management, Custody & Alternatives",Secondary,14685.7103,-0.002,0.1008,0.251,5874.2841,2026-09-25,False,ok,13.38,True,True,5.798,1.513,False,1.526,-0.251,False,True,False,9.03,True,1.17,0.73,60.0,2026-09-25
EQIX,Equinix Inc,Telecommunications,Telecom - Cloud & Edge Connectivity,Primary,99468.9597,-0.013,-0.0609,-0.075,59681.3758,2026-09-25,False,ok,-0.17,False,True,1.813,-1.305,False,-0.499,-0.005,True,False,False,-6.98,False,0.96,1.39,50.0,2026-09-25
EQIX,Equinix Inc,Cloud Computing,Cloud - Data Centers & Infrastructure,Secondary,99468.9597,-0.013,-0.0609,-0.075,39787.5839,2026-09-25,False,ok,-0.17,False,True,1.813,-1.305,False,-0.499,-0.005,True,False,False,-6.98,False,0.96,1.39,50.0,2026-09-25
EQNR,Equinor Asa,Energy - Traditional,Energy Base - Integrated Energy Majors,Primary,100013.3509,-0.0431,0.0238,0.3481,100013.3509,2026-09-25,False,ok,13.19,True,True,7.641,0.482,False,0.988,-0.947,True,False,False,1.4,True,1.08,-1.47,50.0,2026-09-25
EQT,Eqt Corp,Commodities - Energy,Comm Energy - Natural Gas & LNG,Primary,31782.4696,0.0162,-0.0591,-0.0099,31782.4696,2026-09-25,False,ok,-5.97,False,False,-1.948,-0.078,False,-1.504,-0.554,False,True,False,-6.8,False,1.04,1.1,40.0,2026-09-25
ERIC,Ericsson Lm Telephone Co,Hardware,Hardware - Communications & Telecom,Primary,31099.564,-0.0629,-0.0819,-0.1461,31099.564,2026-09-25,False,ok,-9.49,False,False,-2.679,-1.367,False,-1.191,-0.603,False,False,False,-9.06,False,0.65,2.71,0.0,2026-09-25
ERIE,Erie Indemnity Co,Financials - Traditional,Fin Trad - Insurance & Reinsurance,Primary,11653.3197,-0.0677,-0.1361,-0.0235,11653.3197,2026-09-25,False,ok,-9.57,False,False,-1.01,0.259,False,-2.768,-1.381,False,True,False,-14.44,False,1.08,3.4,20.0,2026-09-25
ERII,"Energy Recovery, Inc.",Environmental Sustainability,Environmental - Clean Technologies & Pollution Control,Primary,347.6156,-0.0258,-0.1325,-0.2235,347.6156,2026-09-25,False,ok,-26.42,False,False,-11.983,-0.644,False,-4.128,-0.349,False,True,False,-14.07,False,1.1,3.29,40.0,2026-09-25
ERO,Ero Copper Corp.,Commodities - Metals,Comm Metals - Industrial & Base Metals,Primary,3949.9405,,,,3949.9405,,True,no_data,,,,,,,,,,,,,,,,,2026-09-25
ES,Eversource Energy,Energy - Traditional,Energy Base - Utilities & Conventional Power Operators,Primary,23982.8808,-0.0487,-0.0931,-0.1017,23982.8808,2026-09-25,False,ok,-7.91,False,False,-0.535,-1.226,False,-2.359,-0.621,False,False,False,-10.17,False,1.03,2.19,20.0,2026-09-25
ESAB,ESAB Corp,Industrials & Construction,"Industrials - Machinery, Flow Control & Components",Primary,4468.1979,0.1073,-0.1063,-0.2566,4468.1979,2026-09-25,False,ok,-19.87,False,False,-9.899,-2.135,True,-4.707,0.736,False,True,True,-11.48,False,1.08,2.9,30.0,2026-09-25
ESE,ESCO Technologies Inc.,Industrial Automation & Robotics,Automation - Industrial Sensors & Machine Vision,Primary,6945.5601,0.0082,-0.0315,-0.2261,4167.3361,2026-09-25,False,ok,-6.55,False,False,-0.579,-3.069,True,-2.615,0.657,False,True,True,-4.07,False,1.06,1.05,30.0,2026-09-25
ESE,ESCO Technologies Inc.,Defense & Aerospace,Defense - Secure Defense Supply Chains,Secondary,6945.5601,0.0082,-0.0315,-0.2261,2778.224,2026-09-25,False,ok,-6.55,False,False,-0.579,-3.069,True,-2.615,0.657,False,True,True,-4.07,False,1.06,1.05,30.0,2026-09-25
ESNT,Essent Group Ltd.,Financials - Traditional,Fin Trad - Insurance & Reinsurance,Primary,5727.829,-0.0515,-0.0717,0.0382,5727.829,2026-09-25,False,ok,-0.59,False,True,2.671,0.009,False,-1.098,-0.867,False,False,False,-8.05,False,1.26,1.38,20.0,2026-09-25
ESS,"Essex Property Trust, Inc.",Real Estate & REITs,"Real Estate - Housing, Urban Living & Demographics",Primary,18722.8611,0.0058,-0.0698,-0.0271,18722.8611,2026-09-25,False,ok,-0.75,False,False,1.394,-1.142,False,-1.206,0.036,False,True,True,-7.87,False,1.15,0.74,30.0,2026-09-25
ESTC,Elastic N.V.,Cloud Computing,Cloud - Hyperscalers & Platforms,Primary,9251.8318,0.0133,0.096,0.5009,9251.8318,2026-09-25,False,ok,22.6,True,True,10.467,3.68,False,2.671,-0.561,False,False,False,8.56,True,1.38,2.43,30.0,2026-09-25
ET,Energy Transfer Lp,Energy - Traditional,Energy Base - Refining & Midstream Infrastructure,Primary,69520.2202,-0.0449,-0.0395,0.0838,41712.1321,2026-09-25,False,ok,3.16,True,True,4.007,-0.09,False,-0.598,-0.874,True,False,False,-4.86,False,0.96,0.83,50.0,2026-09-25
ET,Energy Transfer Lp,Commodities - Energy,Comm Energy - Natural Gas & LNG,Secondary,69520.2202,-0.0449,-0.0395,0.0838,27808.0881,2026-09-25,False,ok,3.16,True,True,4.007,-0.09,False,-0.598,-0.874,True,False,False,-4.86,False,0.96,0.83,50.0,2026-09-25
ETN,Eaton Corp Plc,Energy - Renewable,Energy Clean - Smart Grid & Electrification,Primary,170888.233,0.0358,0.0752,0.0901,102532.9398,2026-09-25,False,ok,8.9,True,True,3.201,-0.016,True,1.324,1.053,False,False,True,6.5,True,0.98,0.53,50.0,2026-09-25
ETN,Eaton Corp Plc,Hardware,Hardware - Data Center Infrastructure & Servers,Secondary,170888.233,0.0358,0.0752,0.0901,68355.2932,2026-09-25,False,ok,8.9,True,True,3.201,-0.016,True,1.324,1.053,False,False,True,6.5,True,0.98,0.53,50.0,2026-09-25
ETOR,eToro Group Ltd. - Class A,FinTech & Digital Finance,FinTech - Trading Platforms & WealthTech,Primary,2098.7197,-0.0602,-0.1462,-0.2776,2098.7197,2026-09-25,False,ok,-22.45,False,False,-5.927,-3.292,False,-4.714,-0.791,False,False,False,-15.44,False,0.88,5.34,0.0,2026-09-25
ETR,Entergy Corp /De/,Energy - Traditional,Energy Base - Utilities & Conventional Power Operators,Primary,47094.526,-0.0337,-0.0722,-0.1354,47094.526,2026-09-25,False,ok,-7.17,False,False,-0.649,-1.622,False,-2.154,-0.581,False,True,False,-8.1,False,1.11,1.96,10.0,2026-09-25
ETSY,Etsy Inc,E-commerce,E-commerce - Online Marketplaces & Recommerce,Primary,6281.5427,-0.0573,-0.1894,-0.1228,6281.5427,2026-09-25,False,ok,-4.01,False,True,4.404,-2.382,False,-3.364,-0.596,False,False,False,-19.71,False,1.01,4.4,30.0,2026-09-25
EVER,"Everquote, Inc.",FinTech & Digital Finance,FinTech - InsurTech & Embedded Insurance,Primary,656.8689,-0.1945,-0.3058,-0.1358,656.8689,2026-09-25,False,ok,-16.14,False,True,3.356,-1.763,False,-6.855,-3.059,False,True,False,-31.24,False,1.07,7.58,50.0,2026-09-25
EVGO,Evgo Inc.,Electric Vehicles & Mobility,EVs - Charging & Infrastructure,Primary,434.0317,-0.0921,-0.0738,-0.2333,434.0317,2026-09-25,False,ok,-28.57,False,False,-15.419,-0.015,False,-2.077,0.248,False,False,True,-8.26,False,1.11,3.87,20.0,2026-09-25
EVH,"Evolent Health, Inc.",Healthcare & Biotech,"Healthcare - IT, Services & Data Infrastructure",Primary,408.1442,-0.0217,-0.2618,-0.2823,408.1442,2026-09-25,False,ok,-16.59,False,False,-1.686,-2.062,False,-5.436,-1.144,False,True,False,-26.88,False,0.69,4.21,30.0,2026-09-25
EVLV,"Evolv Technologies Holdings, Inc.",Cybersecurity,"Cybersecurity - Identity, Biometrics & Access Management",Primary,861.5841,-0.0439,-0.0928,-0.1275,861.5841,2026-09-25,False,ok,-16.46,False,False,-6.001,-1.499,False,-2.865,-0.029,False,False,False,-10.14,False,0.99,-0.35,50.0,2026-09-25
EVR,Evercore Inc.,Financials - Traditional,Fin Trad - Capital Markets & Investment Banking,Primary,10110.934,0.0012,-0.0892,-0.2533,10110.934,2026-09-25,False,ok,-16.1,False,False,-4.897,-2.472,False,-3.988,-0.292,False,True,False,-9.79,False,0.91,3.88,10.0,2026-09-25
EVRG,"Evergy, Inc.",Energy - Traditional,Energy Base - Utilities & Conventional Power Operators,Primary,17993.4618,-0.0218,-0.0414,-0.0831,17993.4618,2026-09-25,False,ok,-3.57,False,False,0.222,-1.078,False,-1.319,-0.333,False,True,False,-5.05,False,1.03,1.01,40.0,2026-09-25
EW,Edwards Lifesciences Corp,Healthcare & Biotech,Healthcare - Medical Devices & HealthTech Hardware,Primary,49737.556,-0.0223,-0.0504,-0.0376,49737.556,2026-09-25,False,ok,0.16,True,True,1.37,-0.505,False,-0.786,-0.139,True,False,False,-5.94,False,0.85,0.13,60.0,2026-09-25
EWBC,"East West Bancorp, Inc.",Financials - Traditional,"Fin Trad - Banks, Lending & Mortgage Finance",Primary,17432.0189,0.0024,-0.017,-0.0205,17432.0189,2026-09-25,False,ok,2.26,True,True,2.684,-0.903,False,-0.944,-0.12,True,True,False,-2.63,False,1.05,1.18,40.0,2026-09-25
EXC,Exelon Corp,Energy - Renewable,Energy Clean - Smart Grid & Electrification,Primary,41560.4449,-0.0411,-0.0809,-0.1317,24936.2669,2026-09-25,False,ok,-9.46,False,False,-1.893,-1.272,False,-2.299,-0.553,False,False,False,-8.97,False,0.96,1.82,20.0,2026-09-25
EXC,Exelon Corp,Energy - Renewable,Energy Clean - Utilities & Clean Power Operators,Secondary,41560.4449,-0.0411,-0.0809,-0.1317,16624.178,2026-09-25,False,ok,-9.46,False,False,-1.893,-1.272,False,-2.299,-0.553,False,False,False,-8.97,False,0.96,1.82,20.0,2026-09-25
EXE,Expand Energy Corp,Commodities - Energy,Comm Energy - Natural Gas & LNG,Primary,20103.7885,-0.0074,-0.0826,-0.014,20103.7885,2026-09-25,False,ok,-8.59,False,False,-2.198,0.167,False,-2.365,-0.991,False,True,False,-9.13,False,0.96,1.81,50.0,2026-09-25
EXEL,"Exelixis, Inc.",Healthcare & Biotech,Healthcare - Oncology & Precision Cancer Therapeutics,Primary,14410.9834,-0.0034,0.0254,0.1001,14410.9834,2026-09-25,False,ok,12.23,True,True,5.597,-0.01,True,1.253,-0.099,False,True,False,1.56,True,0.94,0.09,50.0,2026-09-25
EXK,Endeavour Silver Corp,Commodities - Metals,Comm Metals - Precious Metals,Primary,2780.7967,-0.0803,-0.1533,0.2179,2780.7967,2026-09-25,False,ok,-1.45,False,True,2.031,1.628,False,-1.46,-1.799,False,True,False,-16.13,False,1.17,5.8,30.0,2026-09-25
EXLS,"Exlservice Holdings, Inc.",Business Services & Consulting,"Business Services - Outsourcing, Facilities & Testing",Primary,5268.5343,-0.0114,-0.0721,0.3193,3161.1206,2026-09-25,False,ok,4.28,True,True,2.563,2.58,False,-0.103,-0.805,True,True,False,-8.09,False,0.94,1.44,20.0,2026-09-25
EXLS,"Exlservice Holdings, Inc.",Artificial Intelligence,"AI - Apps, Domain-Specific AI",Secondary,5268.5343,-0.0114,-0.0721,0.3193,2107.4137,2026-09-25,False,ok,4.28,True,True,2.563,2.58,False,-0.103,-0.805,True,True,False,-8.09,False,0.94,1.44,20.0,2026-09-25
EXP,Eagle Materials Inc.,Industrials & Construction,Industrials - Construction Materials & Aggregates,Primary,5475.2389,0.0094,-0.1013,-0.235,5475.2389,2026-09-25,False,ok,-12.59,False,False,-3.505,-1.837,False,-3.392,-0.004,False,True,False,-10.98,False,0.91,2.16,20.0,2026-09-25
EXPD,Expeditors International Of Washington Inc,Transportation & Logistics,"Transportation - Logistics, Warehousing & Supply Chain Solutions",Primary,24368.044,-0.0182,-0.0084,0.1705,24368.044,2026-09-25,False,ok,10.48,True,True,6.186,0.34,False,0.51,-0.523,True,True,False,-1.78,False,0.97,1.23,60.0,2026-09-25
EXPE,"Expedia Group, Inc.",Consumer Goods & Retail,Consumer - Resale & Sharing Platforms,Primary,31706.2349,-0.0543,-0.2172,0.0092,19023.7409,2026-09-25,False,ok,-1.68,False,True,4.752,-0.661,False,-3.558,-1.094,False,True,False,-22.47,False,1.28,3.18,40.0,2026-09-25
EXPE,"Expedia Group, Inc.",Real Estate & REITs,"Real Estate - Travel, Leisure & Entertainment Properties",Secondary,31706.2349,-0.0543,-0.2172,0.0092,12682.494,2026-09-25,False,ok,-1.68,False,True,4.752,-0.661,False,-3.558,-1.094,False,True,False,-22.47,False,1.28,3.18,40.0,2026-09-25
EXPO,"Exponent, Inc.",Business Services & Consulting,Consulting,Primary,3051.5077,-0.0603,-0.0806,0.1126,3051.5077,2026-09-25,False,ok,-1.75,False,True,1.125,0.971,False,-0.905,-0.902,True,False,False,-8.94,False,1.05,1.5,20.0,2026-09-25
EXR,Extra Space Storage Inc.,Real Estate & REITs,Real Estate - Retail & Consumer Real Estate,Primary,29430.6857,-0.0246,-0.0687,-0.075,29430.6857,2026-09-25,False,ok,-4.82,False,False,-0.195,-1.166,False,-1.701,-0.154,False,False,False,-7.76,False,1.21,1.63,20.0,2026-09-25
EXTR,Extreme Networks Inc,Hardware,Hardware - Networking Equipment,Primary,2844.3133,-0.0354,-0.049,-0.3042,2844.3133,2026-09-25,False,ok,-8.66,False,False,0.802,-4.854,True,-2.943,0.731,False,False,True,-5.81,False,0.69,2.28,10.0,2026-09-25
F,Ford Motor Co,Electric Vehicles & Mobility,EVs - Manufacturers,Primary,50682.3434,-0.0379,-0.0889,-0.0717,50682.3434,2026-09-25,False,ok,-6.3,False,True,1.007,-1.38,False,-2.399,-0.86,False,True,False,-9.76,False,0.99,2.98,20.0,2026-09-25
FAF,First American Financial Corp,Financials - Traditional,Fin Trad - Insurance & Reinsurance,Primary,6766.1665,-0.0477,-0.0957,-0.0146,6766.1665,2026-09-25,False,ok,-3.9,False,True,1.982,-0.997,False,-2.17,-0.977,False,False,False,-10.43,False,1.14,3.2,20.0,2026-09-25
FANG,"Diamondback Energy, Inc.",Energy - Traditional,Energy Base - Oil & Gas Exploration & Production,Primary,52271.2924,-0.0299,-0.0661,0.023,31362.7754,2026-09-25,False,ok,-0.77,False,True,2.697,-0.868,False,-1.741,-1.005,False,True,False,-7.5,False,1.44,0.89,70.0,2026-09-25
FANG,"Diamondback Energy, Inc.",Commodities - Energy,Comm Energy - Crude Oil,Secondary,52271.2924,-0.0299,-0.0661,0.023,20908.517,2026-09-25,False,ok,-0.77,False,True,2.697,-0.868,False,-1.741,-1.005,False,True,False,-7.5,False,1.44,0.89,70.0,2026-09-25
FAST,Fastenal Co,Industrials & Construction,Industrials - Distribution & Rental Services,Primary,57868.3044,0.029,0.0024,0.0961,57868.3044,2026-09-25,False,ok,6.44,True,True,2.919,0.244,False,0.42,0.278,True,False,True,-0.71,False,0.91,-0.28,50.0,2026-09-25
FATE,Fate Therapeutics Inc,Healthcare & Biotech,"Healthcare - Regenerative Medicine, Psychedelics, Cannabis",Primary,281.5782,-0.0711,-0.0784,0.1408,281.5782,2026-09-25,False,ok,9.41,True,True,9.525,-3.481,False,-1.028,-0.069,False,False,False,-8.72,False,0.66,1.45,60.0,2026-09-25
FBIN,"Fortune Brands Innovations, Inc.",Industrials & Construction,Industrials - Building Products & HVAC,Primary,4697.7751,-0.0005,-0.1377,-0.1129,4697.7751,2026-09-25,False,ok,-12.29,False,False,-2.297,-1.704,False,-4.4,-0.015,False,True,False,-14.59,False,0.81,3.09,30.0,2026-09-25
FCEL,Fuelcell Energy Inc,Energy - Renewable,Energy Clean - Hydrogen & Fuel Cells,Primary,1318.4445,-0.0895,-0.1452,-0.2352,1318.4445,2026-09-25,False,ok,-1.15,False,False,6.368,-6.351,True,-3.21,1.204,False,False,True,-15.33,False,0.64,0.79,30.0,2026-09-25
FCFS,"Firstcash Holdings, Inc.",Financials - Traditional,"Fin Trad - Banks, Lending & Mortgage Finance",Primary,9431.1977,-0.007,-0.0525,-0.0046,9431.1977,2026-09-25,False,ok,4.02,True,True,3.098,-0.586,False,0.019,-0.457,True,True,False,-6.16,False,0.95,0.49,50.0,2026-09-25
FCN,"FTI Consulting, Inc.",Business Services & Consulting,Consulting,Primary,3707.9583,-0.0488,-0.1146,-0.0697,3707.9583,2026-09-25,False,ok,-14.07,False,False,-3.671,-1.091,False,-3.576,-1.098,False,True,False,-12.31,False,0.98,2.74,10.0,2026-09-25
FCPT,"Four Corners Property Trust, Inc.",Real Estate & REITs,Real Estate - Retail & Consumer Real Estate,Primary,2436.5924,-0.0186,-0.12,-0.0957,2436.5924,2026-09-25,False,ok,-8.46,False,False,-0.554,-1.461,False,-3.112,-0.731,False,True,False,-12.84,False,1.31,2.22,10.0,2026-09-25
FCX,Freeport-Mcmoran Inc,Energy - Renewable,Energy Clean - Materials & Critical Metals,Primary,103838.4251,0.0108,-0.0951,0.1721,62303.0551,2026-09-25,False,ok,11.88,True,True,5.984,0.216,False,0.536,-0.316,True,True,False,-10.37,False,0.92,0.99,40.0,2026-09-25
FCX,Freeport-Mcmoran Inc,Commodities - Metals,Comm Metals - Industrial & Base Metals,Secondary,103838.4251,0.0108,-0.0951,0.1721,41535.37,2026-09-25,False,ok,11.88,True,True,5.984,0.216,False,0.536,-0.316,True,True,False,-10.37,False,0.92,0.99,40.0,2026-09-25
FDS,Factset Research Systems Inc,Big Data & Analytics,"Big Data - Data Generation, Sourcing & Providers",Primary,9712.2386,-0.0379,-0.0742,0.2664,9712.2386,2026-09-25,False,ok,4.92,True,True,4.551,0.819,False,-0.941,-0.632,True,True,False,-8.3,False,1.01,3.63,30.0,2026-09-25
FDX,Fedex Corp,Transportation & Logistics,"Transportation - Logistics, Warehousing & Supply Chain Solutions",Primary,67652.2435,-0.0586,-0.1401,-0.0942,40591.3461,2026-09-25,False,ok,-5.37,False,True,1.929,-1.928,False,-2.886,-0.992,False,True,False,-14.82,False,1.05,2.97,30.0,2026-09-25
FDX,Fedex Corp,Industrial Automation & Robotics,Automation - Smart Logistics & Warehouse Automation,Secondary,67652.2435,-0.0586,-0.1401,-0.0942,27060.8974,2026-09-25,False,ok,-5.37,False,True,1.929,-1.928,False,-2.886,-0.992,False,True,False,-14.82,False,1.05,2.97,30.0,2026-09-25
FDXF,FedEx Freight Corp,Transportation & Logistics,"Transportation - Trucking, LTL & Ground Freight",Primary,16922.4622,-0.0579,-0.1209,-0.2946,16922.4622,2026-09-25,False,ok,,,,,,,-4.595,-0.597,False,False,False,-12.93,False,1.15,2.59,40.0,2026-09-25
FE,Firstenergy Corp,Energy - Traditional,Energy Base - Utilities & Conventional Power Operators,Primary,25055.1091,-0.0433,-0.0712,-0.0855,25055.1091,2026-09-25,False,ok,-6.9,False,False,-0.853,-0.887,False,-1.827,-0.566,False,False,False,-8.0,False,0.95,1.76,20.0,2026-09-25
FELE,"Franklin Electric Co., Inc.",Industrials & Construction,"Industrials - Machinery, Flow Control & Components",Primary,4291.6068,0.0163,-0.0467,-0.0721,2574.9641,2026-09-25,False,ok,-3.32,False,False,-0.036,-1.191,False,-1.737,0.213,False,True,True,-5.57,False,1.06,0.53,50.0,2026-09-25
FELE,"Franklin Electric Co., Inc.",Environmental Sustainability,Environmental - Water Infrastructure & Treatment,Secondary,4291.6068,0.0163,-0.0467,-0.0721,1716.6427,2026-09-25,False,ok,-3.32,False,False,-0.036,-1.191,False,-1.737,0.213,False,True,True,-5.57,False,1.06,0.53,50.0,2026-09-25
FERG,Ferguson Enterprises Inc.,Industrials & Construction,Industrials - Distribution & Rental Services,Primary,43089.662,0.0388,-0.0427,-0.0554,25853.7972,2026-09-25,False,ok,-4.4,False,False,-1.424,-0.789,True,-1.715,0.353,False,True,True,-5.18,False,0.54,0.67,20.0,2026-09-25
FERG,Ferguson Enterprises Inc.,Industrials & Construction,Industrials - Building Products & HVAC,Secondary,43089.662,0.0388,-0.0427,-0.0554,17235.8648,2026-09-25,False,ok,-4.4,False,False,-1.424,-0.789,True,-1.715,0.353,False,True,True,-5.18,False,0.54,0.67,20.0,2026-09-25
FF,Futurefuel Corp.,Commodities - Agriculture,"Comm Agri - Grains, Oilseeds & Softs",Primary,224.5802,-0.0791,-0.0465,0.2331,224.5802,2026-09-25,False,ok,8.78,True,True,7.5,0.166,False,-0.272,-0.923,True,False,False,-5.56,False,0.88,1.24,40.0,2026-09-25
FFIN,"First Financial Bankshares, Inc.",Financials - Traditional,"Fin Trad - Banks, Lending & Mortgage Finance",Primary,4650.9778,-0.011,-0.0309,-0.0403,4650.9778,2026-09-25,False,ok,-1.41,False,False,0.991,-0.819,False,-1.175,-0.119,False,True,False,-4.02,False,1.01,0.34,50.0,2026-09-25
FFIV,"F5, Inc.",Cybersecurity,"Cybersecurity - Platform, Cloud & Application Security",Primary,25089.239,0.0255,0.1576,0.1515,15053.5434,2026-09-25,False,ok,18.06,True,True,6.65,-0.222,True,3.174,0.892,False,False,True,14.66,True,0.95,-0.93,40.0,2026-09-25
FFIV,"F5, Inc.",Cloud Computing,"Cloud - DevOps, Observability & Multi-Cloud",Secondary,25089.239,0.0255,0.1576,0.1515,10035.6956,2026-09-25,False,ok,18.06,True,True,6.65,-0.222,True,3.174,0.892,False,False,True,14.66,True,0.95,-0.93,40.0,2026-09-25
FHI,"Federated Hermes, Inc.",Financials - Traditional,"Fin Trad - Asset Management, Custody & Alternatives",Primary,4316.8573,0.0126,-0.1158,0.0317,4316.8573,2026-09-25,False,ok,-0.14,False,True,2.476,-0.779,False,-2.225,-0.385,False,True,False,-12.42,False,1.12,1.96,20.0,2026-09-25
FHN,First Horizon Corp,Financials - Traditional,"Fin Trad - Banks, Lending & Mortgage Finance",Primary,11114.8114,-0.0201,-0.0327,-0.0656,11114.8114,2026-09-25,False,ok,-3.38,False,False,0.628,-1.036,False,-1.67,-0.359,False,True,False,-4.19,False,0.9,1.48,30.0,2026-09-25
FICO,Fair Isaac Corp,Big Data & Analytics,"Big Data - Analytics, AI Platforms & BI",Primary,18640.7035,-0.0912,-0.241,-0.2431,18640.7035,2026-09-25,False,ok,-25.37,False,False,-7.833,-1.867,False,-6.173,-1.204,False,True,False,-24.82,False,1.1,4.9,40.0,2026-09-25
FIG,"Figma, Inc. Class A",Software,Software - Vertical SaaS Platforms,Primary,11113.2559,-0.0811,-0.2354,0.1186,11113.2559,2026-09-25,False,ok,-16.39,False,False,-3.906,1.725,False,-4.362,-1.408,False,False,False,-24.27,False,0.75,4.25,20.0,2026-09-25
FIS,"Fidelity National Information Services, Inc.",FinTech & Digital Finance,FinTech - Digital Banking & Neobanks,Primary,18261.1456,-0.0059,-0.1149,-0.0735,10956.6874,2026-09-25,False,ok,-18.18,False,False,-6.756,-0.32,False,-4.206,-0.696,False,True,False,-12.33,False,0.95,3.13,30.0,2026-09-25
FIS,"Fidelity National Information Services, Inc.",FinTech & Digital Finance,FinTech - Digital Payments & Merchant Infrastructure,Secondary,18261.1456,-0.0059,-0.1149,-0.0735,7304.4582,2026-09-25,False,ok,-18.18,False,False,-6.756,-0.32,False,-4.206,-0.696,False,True,False,-12.33,False,0.95,3.13,30.0,2026-09-25
FISV,"Fiserv, Inc. -",FinTech & Digital Finance,FinTech - Digital Payments & Merchant Infrastructure,Primary,24716.5174,-0.015,-0.1137,-0.0355,24716.5174,2026-09-25,False,ok,-18.21,False,False,-7.305,0.545,False,-3.294,-0.866,False,True,False,-12.21,False,0.96,3.01,30.0,2026-09-25
FITB,Fifth Third Bancorp,Financials - Traditional,"Fin Trad - Banks, Lending & Mortgage Finance",Primary,47249.1008,-0.0153,-0.0508,-0.0453,47249.1008,2026-09-25,False,ok,-0.99,False,True,2.409,-1.336,False,-1.752,-0.32,False,True,False,-5.99,False,0.96,2.09,20.0,2026-09-25
FIVE,"Five Below, Inc.",E-commerce,"E-commerce - Omnichannel Retailers, Online & Physical Stores",Primary,12255.0292,-0.0493,-0.1419,0.1856,12255.0292,2026-09-25,False,ok,2.07,True,True,4.332,0.335,False,-1.141,-1.405,False,False,False,-15.01,False,1.23,1.9,40.0,2026-09-25
FIX,"Comfort Systems USA, Inc.",Industrials & Construction,Industrials - Engineering & Construction,Primary,58384.2243,0.0046,0.0621,-0.1508,35030.5346,2026-09-25,False,ok,2.95,True,True,2.532,-2.452,True,-0.399,0.657,True,True,True,5.2,True,0.74,1.13,50.0,2026-09-25
FIX,"Comfort Systems USA, Inc.",Cloud Computing,Cloud - Data Centers & Infrastructure,Secondary,58384.2243,0.0046,0.0621,-0.1508,23353.6897,2026-09-25,False,ok,2.95,True,True,2.532,-2.452,True,-0.399,0.657,True,True,True,5.2,True,0.74,1.13,50.0,2026-09-25
FLEX,Flex Ltd.,Hardware,Hardware - Data Center Infrastructure & Servers,Primary,42363.134,0.0569,0.0497,-0.2391,25417.8804,2026-09-25,False,ok,4.45,True,True,3.966,-4.069,True,-0.836,0.897,True,True,True,3.97,True,0.8,1.38,40.0,2026-09-25
FLEX,Flex Ltd.,Industrial Automation & Robotics,Automation - Factory & Process Automation Systems,Secondary,42363.134,0.0569,0.0497,-0.2391,16945.2536,2026-09-25,False,ok,4.45,True,True,3.966,-4.069,True,-0.836,0.897,True,True,True,3.97,True,0.8,1.38,40.0,2026-09-25
FLG,"Flagstar Financial, Inc.",Financials - Traditional,"Fin Trad - Banks, Lending & Mortgage Finance",Primary,5134.6985,-0.0143,-0.0789,-0.1791,5134.6985,2026-09-25,False,ok,-8.86,False,False,-1.164,-2.044,False,-2.851,-0.322,False,True,False,-8.77,False,0.97,1.85,30.0,2026-09-25
FLNC,"Fluence Energy, Inc.",Energy - Renewable,Energy Clean - Batteries & Storage,Primary,1459.3885,0.0724,-0.3016,-0.6025,1459.3885,2026-09-25,False,ok,-46.16,False,False,-17.831,-7.003,False,-13.387,-1.134,False,True,False,-30.82,False,0.76,3.0,30.0,2026-09-25
FLO,"Flowers Foods, Inc.",Consumer Goods & Retail,"Consumer - Health, Food & Beverages",Primary,1217.2096,-0.0337,-0.1758,-0.234,1217.2096,2026-09-25,False,ok,-24.78,False,False,-9.875,-1.835,False,-4.912,-0.142,False,False,False,-18.37,False,1.16,1.65,30.0,2026-09-25
FLR,Fluor Corp,Industrials & Construction,Industrials - Engineering & Construction,Primary,6737.8749,-0.0823,-0.0172,-0.0525,6737.8749,2026-09-25,False,ok,-0.05,False,True,3.417,-0.246,False,-0.51,-1.057,True,False,False,-2.65,False,1.01,4.06,20.0,2026-09-25
FLS,Flowserve Corp,Industrials & Construction,"Industrials - Machinery, Flow Control & Components",Primary,9383.466,0.0021,-0.081,0.0181,9383.466,2026-09-25,False,ok,-0.86,False,True,0.861,-0.46,False,-0.843,0.159,True,False,True,-8.97,False,0.99,1.61,40.0,2026-09-25
FLUT,Flutter Entertainment Plc,Digital Entertainment & Media,"Entertainment - Betting, iGaming & Wagering",Primary,14443.6603,-0.0707,-0.1845,-0.1551,14443.6603,2026-09-25,False,ok,-27.38,False,False,-10.98,0.762,False,-4.42,-1.795,False,True,False,-19.23,False,1.02,2.96,30.0,2026-09-25
FLY,Firefly Aerospace Inc. -,Space Tech,"Space - Infrastructure, Exploration & Launch",Primary,4077.9771,0.1617,0.0943,-0.0248,4077.9771,2026-09-25,False,ok,-8.83,False,False,-8.753,-1.987,True,-0.148,1.769,True,True,True,8.39,True,0.89,0.68,50.0,2026-09-25
FMC,Fmc Corp,Agriculture & FoodTech,Agriculture - Agricultural Inputs & Crop Science,Primary,1490.1307,-0.0505,-0.1423,-0.1478,894.0784,2026-09-25,False,ok,-25.53,False,False,-10.458,0.539,False,-3.701,-2.249,False,True,False,-15.05,False,1.06,4.55,20.0,2026-09-25
FMC,Fmc Corp,Commodities - Agriculture,"Comm Agri - Fertilizers, Crop Inputs & Seeds",Secondary,1490.1307,-0.0505,-0.1423,-0.1478,596.0523,2026-09-25,False,ok,-25.53,False,False,-10.458,0.539,False,-3.701,-2.249,False,True,False,-15.05,False,1.06,4.55,20.0,2026-09-25
FN,Fabrinet,Hardware,Hardware - Communications & Telecom,Primary,14957.1144,0.0742,-0.0328,-0.2654,8974.2686,2026-09-25,False,ok,-16.28,False,False,-7.577,-3.463,True,-3.817,1.213,False,True,True,-4.2,False,0.78,0.82,50.0,2026-09-25
FN,Fabrinet,Hardware,Hardware - Data Center Infrastructure & Servers,Secondary,14957.1144,0.0742,-0.0328,-0.2654,5982.8458,2026-09-25,False,ok,-16.28,False,False,-7.577,-3.463,True,-3.817,1.213,False,True,True,-4.2,False,0.78,0.82,50.0,2026-09-25
FNB,F.N.B. Corp,Financials - Traditional,"Fin Trad - Banks, Lending & Mortgage Finance",Primary,6279.2038,-0.0162,-0.0328,-0.0639,6279.2038,2026-09-25,False,ok,-1.67,False,True,1.427,-0.963,False,-1.482,-0.33,False,True,False,-4.2,False,0.84,1.45,30.0,2026-09-25
FND,"Floor & Decor Holdings, Inc.",E-commerce,"E-commerce - Omnichannel Retailers, Online & Physical Stores",Primary,5011.4181,-0.0047,-0.1335,-0.1735,3006.8509,2026-09-25,False,ok,-14.46,False,False,-4.493,-1.243,False,-3.673,0.392,False,True,True,-14.17,False,0.95,2.29,30.0,2026-09-25
FND,"Floor & Decor Holdings, Inc.",Industrials & Construction,Industrials - Building Products & HVAC,Secondary,5011.4181,-0.0047,-0.1335,-0.1735,2004.5672,2026-09-25,False,ok,-14.46,False,False,-4.493,-1.243,False,-3.673,0.392,False,True,True,-14.17,False,0.95,2.29,30.0,2026-09-25
FNF,"Fidelity National Financial, Inc.",Financials - Traditional,Fin Trad - Insurance & Reinsurance,Primary,11108.5466,-0.0254,-0.1152,-0.0954,11108.5466,2026-09-25,False,ok,-13.11,False,False,-3.331,-1.408,False,-3.484,-0.338,False,True,False,-12.37,False,1.31,2.99,20.0,2026-09-25
FNV,Franco Nevada Corp,Commodities - Metals,Comm Metals - Gold,Primary,49736.3681,-0.0303,-0.0496,0.2314,49736.3681,2026-09-25,False,ok,8.41,True,True,3.877,2.0,False,1.472,-0.82,False,False,False,-5.86,False,1.08,1.58,30.0,2026-09-25
FORM,Formfactor Inc,Semiconductors,"Semis - Testing, Packaging & Assembly",Primary,10131.4775,0.0955,0.204,-0.0829,10131.4775,2026-09-25,False,ok,16.58,True,True,3.483,-1.621,True,3.641,2.619,False,False,True,19.25,True,0.88,-3.54,60.0,2026-09-25
FOUR,"Shift4 Payments, Inc.",FinTech & Digital Finance,FinTech - Digital Payments & Merchant Infrastructure,Primary,3036.0166,-0.0136,-0.199,-0.1305,3036.0166,2026-09-25,False,ok,-19.37,False,False,-5.814,-0.528,False,-4.708,-0.914,False,True,False,-20.66,False,1.12,2.83,30.0,2026-09-25
FOXA,Fox Corp,Digital Entertainment & Media,Entertainment - Video Streaming,Primary,26594.9553,-0.0214,-0.0993,0.2721,15956.9732,2026-09-25,False,ok,0.95,True,True,1.546,0.995,False,-0.304,-0.857,True,False,False,-10.78,False,1.03,1.14,20.0,2026-09-25
FOXA,Fox Corp,Digital Entertainment & Media,Entertainment - Advertising & Social Platforms,Secondary,26594.9553,-0.0214,-0.0993,0.2721,10637.9821,2026-09-25,False,ok,0.95,True,True,1.546,0.995,False,-0.304,-0.857,True,False,False,-10.78,False,1.03,1.14,20.0,2026-09-25
FR,"First Industrial Realty Trust, Inc.",Real Estate & REITs,"Real Estate - E-Commerce, Warehousing & Logistics",Primary,8381.4508,-0.0102,-0.0365,-0.0277,8381.4508,2026-09-25,False,ok,-0.61,False,False,0.981,-1.031,False,-0.701,0.092,True,False,True,-4.57,False,0.9,0.6,30.0,2026-09-25
FROG,Jfrog Ltd,Cloud Computing,"Cloud - DevOps, Observability & Multi-Cloud",Primary,10996.011,-0.0391,-0.0034,0.1633,6597.6066,2026-09-25,False,ok,14.29,True,True,10.082,-1.536,False,0.506,-0.262,True,False,False,-1.28,False,0.92,-1.6,60.0,2026-09-25
FROG,Jfrog Ltd,Software,"Software - Data, Analytics & DevOps",Secondary,10996.011,-0.0391,-0.0034,0.1633,4398.4044,2026-09-25,False,ok,14.29,True,True,10.082,-1.536,False,0.506,-0.262,True,False,False,-1.28,False,0.92,-1.6,60.0,2026-09-25
FRSH,Freshworks Inc.,Software,"Software - Collaboration, CRM & Communications",Primary,3271.9465,0.0237,-0.0249,0.3383,3271.9465,2026-09-25,False,ok,13.95,True,True,7.175,1.652,False,0.573,-0.301,True,False,False,-3.42,False,0.51,0.39,40.0,2026-09-25
FRT,Federal Realty Investment Trust,Real Estate & REITs,Real Estate - Retail & Consumer Real Estate,Primary,9661.4738,-0.0035,-0.0614,-0.105,9661.4738,2026-09-25,False,ok,-3.23,False,False,0.97,-1.761,False,-1.962,-0.244,False,True,False,-7.03,False,1.02,0.94,30.0,2026-09-25
FSLR,"First Solar, Inc.",Energy - Renewable,Energy Clean - Solar,Primary,19098.4581,-0.0931,-0.1408,-0.2845,11459.0749,2026-09-25,False,ok,-19.33,False,False,-4.223,-2.354,False,-4.07,-1.122,False,False,False,-14.89,False,0.98,5.5,30.0,2026-09-25
FSLR,"First Solar, Inc.",Nanotechnology,"NanoTech - Materials, Industrial & Environment",Secondary,19098.4581,-0.0931,-0.1408,-0.2845,7639.3832,2026-09-25,False,ok,-19.33,False,False,-4.223,-2.354,False,-4.07,-1.122,False,False,False,-14.89,False,0.98,5.5,30.0,2026-09-25
FSLY,"Fastly, Inc.",Telecommunications,Telecom - Cloud & Edge Connectivity,Primary,3976.1277,0.0461,0.0852,0.5238,2385.6766,2026-09-25,False,ok,19.97,True,True,7.741,-0.136,True,3.612,1.423,False,False,True,7.49,True,1.32,-1.99,40.0,2026-09-25
FSLY,"Fastly, Inc.",Cloud Computing,Cloud - Data Centers & Infrastructure,Secondary,3976.1277,0.0461,0.0852,0.5238,1590.4511,2026-09-25,False,ok,19.97,True,True,7.741,-0.136,True,3.612,1.423,False,False,True,7.49,True,1.32,-1.99,40.0,2026-09-25
FTEK,"Fuel Tech, Inc.",Environmental Sustainability,Environmental - Clean Technologies & Pollution Control,Primary,53.5368,-0.0227,0.2464,-0.1088,53.5368,2026-09-25,False,ok,6.89,True,True,0.412,2.394,True,4.199,-0.208,False,False,False,23.45,True,1.45,-2.14,60.0,2026-09-25
FTI,Technipfmc Plc,Energy - Traditional,Energy Base - Oilfield Services & Equipment,Primary,27839.7481,-0.0143,-0.056,0.1049,27839.7481,2026-09-25,False,ok,2.52,True,True,4.529,-1.165,False,-1.691,-0.889,False,True,False,-6.5,False,0.94,2.6,20.0,2026-09-25
FTNT,"Fortinet, Inc.",Industrial Automation & Robotics,"Automation - Industrial IoT, Connectivity",Primary,127269.9781,0.0213,0.1289,0.194,76361.9869,2026-09-25,False,ok,25.88,True,True,11.701,-1.257,True,2.819,0.63,False,False,True,11.81,True,0.97,-3.25,50.0,2026-09-25
FTNT,"Fortinet, Inc.",Cybersecurity,"Cybersecurity - Platform, Cloud & Application Security",Secondary,127269.9781,0.0213,0.1289,0.194,50907.9912,2026-09-25,False,ok,25.88,True,True,11.701,-1.257,True,2.819,0.63,False,False,True,11.81,True,0.97,-3.25,50.0,2026-09-25
FTV,Fortive Corp,Industrial Automation & Robotics,Automation - Industrial Sensors & Machine Vision,Primary,16940.1364,0.0198,-0.0562,-0.0701,10164.0818,2026-09-25,False,ok,-3.56,False,False,-0.36,-1.608,True,-1.706,0.306,False,True,True,-6.51,False,0.9,0.84,40.0,2026-09-25
FTV,Fortive Corp,Hardware,Hardware - Industrial & IoT,Secondary,16940.1364,0.0198,-0.0562,-0.0701,6776.0546,2026-09-25,False,ok,-3.56,False,False,-0.36,-1.608,True,-1.706,0.306,False,True,True,-6.51,False,0.9,0.84,40.0,2026-09-25
FWRD,Forward Air Corp,Transportation & Logistics,"Transportation - Logistics, Warehousing & Supply Chain Solutions",Primary,496.2409,-0.0094,-0.1562,0.0971,496.2409,2026-09-25,False,ok,-13.62,False,False,-4.114,2.075,False,-3.549,-1.283,False,True,False,-16.43,False,0.92,1.06,40.0,2026-09-25
G,Genpact Limited,Business Services & Consulting,"Business Services - Outsourcing, Facilities & Testing",Primary,5561.9384,-0.0305,-0.1066,0.1665,3337.163,2026-09-25,False,ok,-4.86,False,False,-0.942,1.664,False,-1.304,-1.119,False,False,False,-11.51,False,0.93,2.65,10.0,2026-09-25
G,Genpact Limited,Artificial Intelligence,"AI - Apps, Domain-Specific AI",Secondary,5561.9384,-0.0305,-0.1066,0.1665,2224.7754,2026-09-25,False,ok,-4.86,False,False,-0.942,1.664,False,-1.304,-1.119,False,False,False,-11.51,False,0.93,2.65,10.0,2026-09-25
GAP,"Gap, Inc.",Consumer Goods & Retail,Consumer - Apparel & E-Commerce Retail,Primary,7664.7142,0.0623,0.0829,0.0527,7664.7142,2026-09-25,False,ok,-0.52,False,False,-2.391,1.18,True,0.68,0.083,True,True,True,7.26,True,1.14,2.56,30.0,2026-09-25
GATX,GATX Corp,Transportation & Logistics,Transportation - Freight Rail & Infrastructure,Primary,6486.5976,0.0328,0.0288,0.0277,6486.5976,2026-09-25,False,ok,3.34,True,True,0.398,0.128,True,0.888,0.483,True,False,True,1.91,True,1.08,-0.32,50.0,2026-09-25
GBCI,"Glacier Bancorp, Inc.",Financials - Traditional,"Fin Trad - Banks, Lending & Mortgage Finance",Primary,5826.985,0.0018,-0.0549,-0.1052,5826.985,2026-09-25,False,ok,-5.97,False,False,-0.895,-1.488,False,-2.101,0.014,False,True,True,-6.39,False,0.9,0.94,30.0,2026-09-25
GD,General Dynamics Corp,Defense & Aerospace,Defense - Cyber Defense & Electronic Warfare,Primary,91102.0114,-0.0463,-0.1058,-0.0178,54661.2068,2026-09-25,False,ok,-6.02,False,False,0.853,-1.223,False,-2.645,-0.53,False,False,False,-11.44,False,1.09,1.7,40.0,2026-09-25
GD,General Dynamics Corp,Defense & Aerospace,Defense - Secure Defense Supply Chains,Secondary,91102.0114,-0.0463,-0.1058,-0.0178,36440.8046,2026-09-25,False,ok,-6.02,False,False,0.853,-1.223,False,-2.645,-0.53,False,False,False,-11.44,False,1.09,1.7,40.0,2026-09-25
GDDY,Godaddy Inc.,E-commerce,E-commerce - Platforms,Primary,12302.5582,-0.0033,-0.0266,0.1944,12302.5582,2026-09-25,False,ok,2.27,True,True,0.565,2.192,False,0.821,-0.412,True,False,False,-3.58,False,1.29,2.17,40.0,2026-09-25
GDRX,"Goodrx Holdings, Inc.",Healthcare & Biotech,"Healthcare - IT, Services & Data Infrastructure",Primary,1142.837,-0.0089,-0.036,0.2138,1142.837,2026-09-25,False,ok,9.11,True,True,6.586,0.832,False,-0.532,-0.519,True,True,False,-4.51,False,0.75,1.37,50.0,2026-09-25
GE,General Electric Co,Defense & Aerospace,Defense - Next-Generation Aircraft & Maintenance,Primary,339376.3082,0.0408,-0.0642,-0.1049,203625.7849,2026-09-25,False,ok,-1.24,False,False,1.313,-1.592,False,-2.306,0.419,False,True,True,-7.31,False,1.0,1.4,40.0,2026-09-25
GE,General Electric Co,Defense & Aerospace,Defense - Secure Defense Supply Chains,Secondary,339376.3082,0.0408,-0.0642,-0.1049,135750.5233,2026-09-25,False,ok,-1.24,False,False,1.313,-1.592,False,-2.306,0.419,False,True,True,-7.31,False,1.0,1.4,40.0,2026-09-25
GEF,"Greif, Inc.",Industrials & Construction,Industrials - Packaging & Containers,Primary,4699.0689,-0.0006,-0.0159,0.1459,4699.0689,2026-09-25,False,ok,9.52,True,True,6.084,0.088,False,-0.096,-0.025,True,False,False,-2.53,False,1.29,0.36,30.0,2026-09-25
GEHC,Ge Healthcare Technologies Inc.,Healthcare & Biotech,Healthcare - Medical Devices & HealthTech Hardware,Primary,30095.8536,0.039,-0.0985,0.0276,18057.5122,2026-09-25,False,ok,-2.99,False,False,-1.363,0.376,False,-1.648,0.223,False,True,True,-10.71,False,0.84,1.53,30.0,2026-09-25
GEHC,Ge Healthcare Technologies Inc.,Healthcare & Biotech,Healthcare - Senior Care & Longevity,Secondary,30095.8536,0.039,-0.0985,0.0276,12038.3414,2026-09-25,False,ok,-2.99,False,False,-1.363,0.376,False,-1.648,0.223,False,True,True,-10.71,False,0.84,1.53,30.0,2026-09-25
GEN,Gen Digital Inc.,Cybersecurity,Cybersecurity - IAM & Zero Trust,Primary,12941.4513,-0.2547,-0.2624,-0.0783,12941.4513,2026-09-25,False,ok,-16.95,False,True,4.053,-0.71,False,-3.86,-3.622,False,False,False,-26.94,False,1.48,6.08,20.0,2026-09-25
GENI,Genius Sports Ltd,Digital Entertainment & Media,"Entertainment - Betting, iGaming & Wagering",Primary,1723.5177,0.1418,-0.1899,0.1378,1723.5177,2026-09-25,False,ok,-6.68,False,False,-0.041,0.84,False,-5.548,-1.109,False,True,False,-19.76,False,1.06,3.46,30.0,2026-09-25
GERN,Geron Corp,Healthcare & Biotech,Healthcare - Metabolic & Cardiometabolic,Primary,809.5165,-0.0308,-0.1871,-0.0935,809.5165,2026-09-25,False,ok,-10.02,False,False,-0.637,-0.805,False,-4.387,-1.095,False,True,False,-19.48,False,1.02,4.0,40.0,2026-09-25
GEV,Ge Vernova Inc.,Energy - Traditional,Energy Base - Nuclear Power & Advanced Reactors,Primary,255049.0235,0.0184,0.0333,-0.0946,153029.4141,2026-09-25,False,ok,1.27,True,True,1.81,-2.315,True,-0.662,0.748,True,True,True,2.35,True,0.87,0.91,70.0,2026-09-25
GEV,Ge Vernova Inc.,Energy - Renewable,Energy Clean - Smart Grid & Electrification,Secondary,255049.0235,0.0184,0.0333,-0.0946,102019.6094,2026-09-25,False,ok,1.27,True,True,1.81,-2.315,True,-0.662,0.748,True,True,True,2.35,True,0.87,0.91,70.0,2026-09-25
GEVO,"Gevo, Inc.",Commodities - Energy,Comm Energy - Biofuels & Renewable Fuels,Primary,346.1319,-0.1083,-0.1716,-0.021,207.6791,2026-09-25,False,ok,-17.41,False,False,-5.808,0.332,False,-2.517,-1.503,False,False,False,-17.95,False,0.9,3.84,40.0,2026-09-25
GEVO,"Gevo, Inc.",Energy - Renewable,Energy Clean - Fuels & Bioenergy,Secondary,346.1319,-0.1083,-0.1716,-0.021,138.4528,2026-09-25,False,ok,-17.41,False,False,-5.808,0.332,False,-2.517,-1.503,False,False,False,-17.95,False,0.9,3.84,40.0,2026-09-25
GFI,Gold Fields Ltd,Commodities - Metals,Comm Metals - Gold,Primary,35974.402,-0.0501,-0.155,0.2954,35974.402,2026-09-25,False,ok,-0.79,False,True,1.096,2.306,False,-0.422,-1.836,True,True,False,-16.3,False,1.07,4.14,10.0,2026-09-25
GFL,Gfl Environmental Inc.,Environmental Sustainability,Environmental - Waste Management & Recycling,Primary,15254.8342,-0.0061,0.0381,0.1353,15254.8342,2026-09-25,False,ok,3.31,True,True,1.489,1.465,False,0.544,-0.302,True,True,False,2.82,True,1.2,2.59,10.0,2026-09-25
GFS,Globalfoundries Inc.,Semiconductors,"Semis - Logic & CPUs, GPUs, Accelerators",Primary,27313.5124,0.0272,0.0698,-0.4131,27313.5124,2026-09-25,False,ok,-10.21,False,False,-4.581,-4.668,True,-1.212,1.691,False,True,True,5.96,True,0.9,1.95,50.0,2026-09-25
GGG,Graco Inc.,Industrials & Construction,"Industrials - Machinery, Flow Control & Components",Primary,12609.7244,0.021,-0.0107,0.0423,12609.7244,2026-09-25,False,ok,-1.91,False,False,-1.168,0.235,False,-0.589,0.242,True,True,True,-2.01,False,1.38,0.54,30.0,2026-09-25
GGRP,"The Glimpse Group, Inc.",Hardware,Hardware - Next-Gen & Specialty,Primary,20.2016,,,,20.2016,2026-08-28,True,stale_28d,,,,,,,,,,,,,,,,,2026-09-25
GH,"Guardant Health, Inc.",Healthcare & Biotech,"Healthcare - Diagnostics, Biomarkers & Liquid Biopsy",Primary,23786.2707,-0.0119,0.0748,0.2942,14271.7624,2026-09-25,False,ok,27.35,True,True,12.345,-0.422,True,2.64,0.346,False,False,True,6.45,True,0.94,-2.68,60.0,2026-09-25
GH,"Guardant Health, Inc.",Healthcare & Biotech,Healthcare - Genomics & Personalized Medicine,Secondary,23786.2707,-0.0119,0.0748,0.2942,9514.5083,2026-09-25,False,ok,27.35,True,True,12.345,-0.422,True,2.64,0.346,False,False,True,6.45,True,0.94,-2.68,60.0,2026-09-25
GHC,Graham Holdings Co,Education Technology,Education - Digital Curriculum,Primary,4890.8759,0.01,-0.0201,-0.0138,4890.8759,2026-09-25,False,ok,1.09,True,True,0.856,-0.372,True,-0.239,0.254,True,True,True,-2.95,False,1.26,-0.21,40.0,2026-09-25
GHRS,Gh Research Plc,Healthcare & Biotech,"Healthcare - Regenerative Medicine, Psychedelics, Cannabis",Primary,1636.4321,-0.1564,-0.1757,-0.0309,1636.4321,2026-09-25,False,ok,-0.11,False,True,9.214,-2.905,False,-2.572,-1.484,False,False,False,-18.35,False,0.71,3.16,30.0,2026-09-25
GILD,"Gilead Sciences, Inc.",Healthcare & Biotech,Healthcare - Oncology & Precision Cancer Therapeutics,Primary,187146.4366,0.0055,0.0202,0.2127,112287.862,2026-09-25,False,ok,11.05,True,True,3.602,1.392,True,1.827,-0.084,False,False,False,1.05,True,0.99,0.37,40.0,2026-09-25
GILD,"Gilead Sciences, Inc.",Healthcare & Biotech,"Healthcare - Regenerative Medicine, Psychedelics, Cannabis",Secondary,187146.4366,0.0055,0.0202,0.2127,74858.5746,2026-09-25,False,ok,11.05,True,True,3.602,1.392,True,1.827,-0.084,False,False,False,1.05,True,0.99,0.37,40.0,2026-09-25
GIS,General Mills Inc,Consumer Goods & Retail,"Consumer - Health, Food & Beverages",Primary,17986.8754,-0.0738,-0.1543,-0.0166,17986.8754,2026-09-25,False,ok,-10.32,False,False,-1.368,0.309,False,-2.649,-1.041,False,False,False,-16.24,False,1.07,1.83,50.0,2026-09-25
GL,Globe Life Inc.,Financials - Traditional,Fin Trad - Insurance & Reinsurance,Primary,12836.9316,-0.0368,-0.0302,-0.0472,12836.9316,2026-09-25,False,ok,1.24,True,True,3.424,-1.247,False,-1.1,-0.228,False,False,False,-3.94,False,0.74,1.21,30.0,2026-09-25
GLPI,"Gaming & Leisure Properties, Inc.",Real Estate & REITs,"Real Estate - Travel, Leisure & Entertainment Properties",Primary,11617.6527,-0.0202,-0.0801,-0.1276,11617.6527,2026-09-25,False,ok,-9.57,False,False,-2.64,-1.37,False,-2.068,-0.312,False,False,False,-8.89,False,1.33,1.41,20.0,2026-09-25
GLW,Corning Inc /Ny,Telecommunications,Telecom - Infrastructure & Equipment,Primary,135014.015,0.044,0.0671,-0.2371,135014.015,2026-09-25,False,ok,1.07,True,True,1.48,-2.842,True,-0.162,0.476,True,True,True,5.7,True,0.78,1.14,50.0,2026-09-25
GM,General Motors Co,Transportation & Logistics,Transportation - Urban Mobility & Emerging Transport Tech,Primary,74734.8296,0.0052,-0.0351,0.0488,44840.8978,2026-09-25,False,ok,2.2,True,True,2.791,-0.303,False,-0.881,-0.548,True,True,False,-4.42,False,1.13,1.57,40.0,2026-09-25
GM,General Motors Co,Electric Vehicles & Mobility,EVs - Manufacturers,Secondary,74734.8296,0.0052,-0.0351,0.0488,29893.9318,2026-09-25,False,ok,2.2,True,True,2.791,-0.303,False,-0.881,-0.548,True,True,False,-4.42,False,1.13,1.57,40.0,2026-09-25
GME,Gamestop Corp,E-commerce,"E-commerce - Omnichannel Retailers, Online & Physical Stores",Primary,11800.278,0.0331,0.293,0.091,11800.278,2026-09-25,False,ok,7.87,True,True,-2.224,1.385,True,5.89,1.726,False,False,True,28.07,True,1.47,-4.71,70.0,2026-09-25
GMED,Globus Medical Inc,Industrial Automation & Robotics,Robotics - Medical & Surgical Robotics,Primary,10005.1978,0.0059,-0.1017,-0.0925,10005.1978,2026-09-25,False,ok,-7.47,False,False,-2.095,-1.106,False,-2.493,-0.011,False,True,False,-11.03,False,0.96,1.07,50.0,2026-09-25
GNK,Genco Shipping & Trading Ltd,Transportation & Logistics,Transportation - Marine Shipping & Ports,Primary,1137.1745,-0.0669,-0.045,0.1137,1137.1745,2026-09-25,False,ok,8.72,True,True,6.175,0.036,False,0.845,-0.81,True,False,False,-5.41,False,1.38,1.12,40.0,2026-09-25
GNRC,Generac Holdings Inc.,Energy - Renewable,Energy Clean - Batteries & Storage,Primary,12293.5675,0.0034,0.0315,-0.2675,7376.1405,2026-09-25,False,ok,-2.6,False,False,-2.494,-2.418,True,0.015,1.667,True,True,True,2.17,True,1.18,2.51,40.0,2026-09-25
GNRC,Generac Holdings Inc.,Smart Home & IoT,"Smart Home - Automation, Control & Energy",Secondary,12293.5675,0.0034,0.0315,-0.2675,4917.427,2026-09-25,False,ok,-2.6,False,False,-2.494,-2.418,True,0.015,1.667,True,True,True,2.17,True,1.18,2.51,40.0,2026-09-25
GNTX,Gentex Corp,Electric Vehicles & Mobility,EVs - Key Suppliers & Autonomy Tech,Primary,4757.2296,0.0153,-0.0452,-0.0937,4757.2296,2026-09-25,False,ok,-4.04,False,False,-1.161,-0.765,True,-1.333,0.071,False,True,True,-5.43,False,0.91,0.77,30.0,2026-09-25
GOOGL,Alphabet Inc.,Artificial Intelligence,"AI - Ads, Search & Recommendations",Primary,4206119.3544,-0.0161,-0.0081,-0.0033,2523671.6126,2026-09-25,False,ok,1.05,True,True,1.011,-0.958,True,0.039,0.131,True,False,True,-1.76,False,0.98,1.2,30.0,2026-09-25
GOOGL,Alphabet Inc.,Cloud Computing,Cloud - Hyperscalers & Platforms,Secondary,4206119.3544,-0.0161,-0.0081,-0.0033,1682447.7418,2026-09-25,False,ok,1.05,True,True,1.011,-0.958,True,0.039,0.131,True,False,True,-1.76,False,0.98,1.2,30.0,2026-09-25
GPC,Genuine Parts Co,Industrials & Construction,Industrials - Distribution & Rental Services,Primary,17868.0033,0.0119,-0.0531,0.1796,10720.802,2026-09-25,False,ok,5.64,True,True,4.167,0.966,False,-0.608,-0.544,True,True,False,-6.21,False,0.7,0.45,40.0,2026-09-25
GPC,Genuine Parts Co,E-commerce,"E-commerce - Omnichannel Retailers, Online & Physical Stores",Secondary,17868.0033,0.0119,-0.0531,0.1796,7147.2013,2026-09-25,False,ok,5.64,True,True,4.167,0.966,False,-0.608,-0.544,True,True,False,-6.21,False,0.7,0.45,40.0,2026-09-25
GPCR,Structure Therapeutics Inc.,Healthcare & Biotech,Healthcare - Metabolic & Cardiometabolic,Primary,2562.1632,0.0266,-0.2802,-0.2539,2562.1632,2026-09-25,False,ok,-22.89,False,False,-5.235,-3.047,False,-8.453,-0.62,False,True,False,-28.71,False,1.36,6.46,40.0,2026-09-25
GPK,Graphic Packaging Holding Co,Industrials & Construction,Industrials - Packaging & Containers,Primary,2777.1515,0.0075,-0.169,-0.1189,2777.1515,2026-09-25,False,ok,-14.91,False,False,-4.661,-0.432,False,-4.093,-0.097,False,True,False,-17.69,False,1.16,2.13,40.0,2026-09-25
GPN,Global Payments Inc,FinTech & Digital Finance,FinTech - Digital Payments & Merchant Infrastructure,Primary,22886.8444,0.0168,-0.0755,0.293,22886.8444,2026-09-25,False,ok,7.76,True,True,5.396,0.906,False,-1.008,-0.628,False,True,False,-8.43,False,0.87,1.3,40.0,2026-09-25
GPRE,Green Plains Inc.,Energy - Renewable,Energy Clean - Fuels & Bioenergy,Primary,1045.8223,-0.0152,0.0184,0.0191,627.4934,2026-09-25,False,ok,-1.31,False,False,1.3,-2.084,True,-0.962,0.19,True,False,True,0.87,True,1.1,-1.15,60.0,2026-09-25
GPRE,Green Plains Inc.,Commodities - Agriculture,"Comm Agri - Grains, Oilseeds & Softs",Secondary,1045.8223,-0.0152,0.0184,0.0191,418.3289,2026-09-25,False,ok,-1.31,False,False,1.3,-2.084,True,-0.962,0.19,True,False,True,0.87,True,1.1,-1.15,60.0,2026-09-25
GRC,Gorman-Rupp Co,Industrials & Construction,"Industrials - Machinery, Flow Control & Components",Primary,1959.9041,0.0131,-0.0332,-0.1333,1175.9425,2026-09-25,False,ok,1.04,True,True,3.054,-2.711,True,-1.428,0.525,False,False,True,-4.24,False,0.99,1.04,50.0,2026-09-25
GRC,Gorman-Rupp Co,Environmental Sustainability,Environmental - Water Infrastructure & Treatment,Secondary,1959.9041,0.0131,-0.0332,-0.1333,783.9616,2026-09-25,False,ok,1.04,True,True,3.054,-2.711,True,-1.428,0.525,False,False,True,-4.24,False,0.99,1.04,50.0,2026-09-25
GRMN,Garmin Ltd,Hardware,"Hardware - Consumer Electronics, PCs & Peripherals",Primary,56725.6515,0.0733,0.0237,0.2302,34035.3909,2026-09-25,False,ok,13.48,True,True,5.661,0.416,True,0.595,0.672,True,True,True,1.39,True,0.96,-0.32,40.0,2026-09-25
GRMN,Garmin Ltd,Smart Home & IoT,"Smart Home - Connectivity, Devices & Appliances",Secondary,56725.6515,0.0733,0.0237,0.2302,22690.2606,2026-09-25,False,ok,13.48,True,True,5.661,0.416,True,0.595,0.672,True,True,True,1.39,True,0.96,-0.32,40.0,2026-09-25
GS,"Goldman Sachs Group, Inc.",Financials - Traditional,Fin Trad - Capital Markets & Investment Banking,Primary,272376.2831,-0.007,-0.1122,-0.1271,272376.2831,2026-09-25,False,ok,-4.09,False,True,1.857,-1.73,False,-2.645,-0.645,False,True,False,-12.07,False,1.0,3.53,10.0,2026-09-25
GSAT,"Globalstar, Inc.",Telecommunications,Telecom - Satellite & Space Communication,Primary,10738.2139,0.0005,0.0104,0.0342,6442.9283,2026-09-25,False,ok,7.64,True,True,4.521,-1.222,True,0.249,0.061,True,True,True,0.08,True,0.72,0.34,30.0,2026-09-25
GSAT,"Globalstar, Inc.",Space Tech,"Space - Infrastructure, Exploration & Launch",Secondary,10738.2139,0.0005,0.0104,0.0342,4295.2856,2026-09-25,False,ok,7.64,True,True,4.521,-1.222,True,0.249,0.061,True,True,True,0.08,True,0.72,0.34,30.0,2026-09-25
GSL,"Global Ship Lease, Inc.",Transportation & Logistics,Transportation - Marine Shipping & Ports,Primary,1597.4509,-0.0329,-0.0214,0.1625,1597.4509,2026-09-25,False,ok,9.67,True,True,5.845,0.551,False,0.799,-0.682,True,False,False,-3.07,False,0.94,1.09,30.0,2026-09-25
GT,Goodyear Tire & Rubber Co,Electric Vehicles & Mobility,EVs - Key Suppliers & Autonomy Tech,Primary,1475.4811,0.0158,-0.1726,-0.1844,1475.4811,2026-09-25,False,ok,-21.58,False,False,-7.429,-1.91,False,-5.272,-0.254,False,True,False,-18.05,False,0.87,2.85,20.0,2026-09-25
GTLB,Gitlab Inc.,Cloud Computing,"Cloud - DevOps, Observability & Multi-Cloud",Primary,7805.0801,-0.0484,0.1245,0.6571,4683.0481,2026-09-25,False,ok,27.27,True,True,12.609,4.736,False,3.967,-1.253,False,False,False,11.38,True,1.46,0.6,40.0,2026-09-25
GTLB,Gitlab Inc.,Software,"Software - Data, Analytics & DevOps",Secondary,7805.0801,-0.0484,0.1245,0.6571,3122.032,2026-09-25,False,ok,27.27,True,True,12.609,4.736,False,3.967,-1.253,False,False,False,11.38,True,1.46,0.6,40.0,2026-09-25
GVA,Granite Construction Incorporated,Industrials & Construction,Industrials - Engineering & Construction,Primary,5112.6467,-0.0077,-0.0563,-0.2417,3067.588,2026-09-25,False,ok,-8.26,False,False,-2.114,-1.973,True,-2.227,-0.061,False,True,False,-6.53,False,0.68,2.58,10.0,2026-09-25
GVA,Granite Construction Incorporated,Industrials & Construction,Industrials - Construction Materials & Aggregates,Secondary,5112.6467,-0.0077,-0.0563,-0.2417,2045.0587,2026-09-25,False,ok,-8.26,False,False,-2.114,-1.973,True,-2.227,-0.061,False,True,False,-6.53,False,0.68,2.58,10.0,2026-09-25
GWH,"Ess Tech, Inc.",Energy - Renewable,Energy Clean - Batteries & Storage,Primary,8.4576,-0.4183,-0.4444,-0.7518,8.4576,2026-09-25,False,ok,-75.61,False,False,-35.897,-6.566,False,-14.014,-0.128,False,False,False,-44.97,False,0.73,1.78,40.0,2026-09-25
GWRE,"Guidewire Software, Inc.",FinTech & Digital Finance,FinTech - InsurTech & Embedded Insurance,Primary,11934.8531,0.0088,-0.2271,0.3193,7160.9119,2026-09-25,False,ok,-6.75,False,False,0.267,0.766,False,-4.192,-0.695,False,True,False,-23.45,False,1.26,6.9,30.0,2026-09-25
GWRE,"Guidewire Software, Inc.",Software,Software - Vertical SaaS Platforms,Secondary,11934.8531,0.0088,-0.2271,0.3193,4773.9412,2026-09-25,False,ok,-6.75,False,False,0.267,0.766,False,-4.192,-0.695,False,True,False,-23.45,False,1.26,6.9,30.0,2026-09-25
GWW,"W.W. Grainger, Inc.",Industrials & Construction,Industrials - Distribution & Rental Services,Primary,58549.7682,-0.0186,-0.045,-0.0723,58549.7682,2026-09-25,False,ok,-0.45,False,True,2.593,-1.686,False,-1.093,-0.07,False,False,False,-5.41,False,0.99,1.14,30.0,2026-09-25
GXO,"Gxo Logistics, Inc.",Industrial Automation & Robotics,Automation - Smart Logistics & Warehouse Automation,Primary,5183.743,-0.0157,-0.0468,-0.0956,3110.2458,2026-09-25,False,ok,-9.95,False,False,-3.914,-0.792,False,-1.675,-0.156,False,True,False,-5.59,False,0.9,1.36,30.0,2026-09-25
GXO,"Gxo Logistics, Inc.",Transportation & Logistics,"Transportation - Logistics, Warehousing & Supply Chain Solutions",Secondary,5183.743,-0.0157,-0.0468,-0.0956,2073.4972,2026-09-25,False,ok,-9.95,False,False,-3.914,-0.792,False,-1.675,-0.156,False,True,False,-5.59,False,0.9,1.36,30.0,2026-09-25
H,Hyatt Hotels Corp,Real Estate & REITs,"Real Estate - Travel, Leisure & Entertainment Properties",Primary,14934.6376,0.0222,-0.1039,-0.1962,14934.6376,2026-09-25,False,ok,-7.39,False,False,-0.729,-2.538,False,-2.85,0.215,False,True,True,-11.25,False,0.94,0.9,50.0,2026-09-25
HAE,Haemonetics Corp,Healthcare & Biotech,Healthcare - Medical Devices & HealthTech Hardware,Primary,4790.8398,-0.0286,-0.0279,0.445,4790.8398,2026-09-25,False,ok,27.48,True,True,12.913,2.128,False,2.702,-0.678,False,False,False,-3.71,False,0.96,0.19,40.0,2026-09-25
HAIN,Hain Celestial Group Inc,Consumer Goods & Retail,"Consumer - Health, Food & Beverages",Primary,45.2736,-0.1071,-0.4253,-0.1667,45.2736,2026-09-25,False,ok,-30.5,False,False,-10.494,1.117,False,-5.679,-2.95,False,False,False,-43.08,False,1.93,6.06,20.0,2026-09-25
HAL,Halliburton Co,Energy - Traditional,Energy Base - Oilfield Services & Equipment,Primary,27293.3499,-0.0262,-0.0263,-0.0291,27293.3499,2026-09-25,False,ok,-5.37,False,True,-0.284,-0.975,False,-1.545,-1.21,False,True,False,-3.55,False,1.0,2.13,30.0,2026-09-25
HALO,"Halozyme Therapeutics, Inc.",Healthcare & Biotech,Healthcare - Next-Gen Biotech Platforms,Primary,12927.4225,0.0129,0.0419,0.6008,7756.4535,2026-09-25,False,ok,31.15,True,True,12.733,2.952,False,3.401,-0.173,False,False,False,3.2,True,1.19,-0.29,40.0,2026-09-25
HALO,"Halozyme Therapeutics, Inc.",Nanotechnology,NanoTech - Nanomedicine & Drug Delivery,Secondary,12927.4225,0.0129,0.0419,0.6008,5170.969,2026-09-25,False,ok,31.15,True,True,12.733,2.952,False,3.401,-0.173,False,False,False,3.2,True,1.19,-0.29,40.0,2026-09-25
HAS,"Hasbro, Inc.",Consumer Goods & Retail,Consumer - Modern Luxury & Lifestyle,Primary,12424.6067,0.0059,-0.0894,0.0657,7454.764,2026-09-25,False,ok,-0.36,False,True,1.192,-0.086,False,-1.475,-0.485,False,True,False,-9.81,False,0.83,1.57,20.0,2026-09-25
HAS,"Hasbro, Inc.",Digital Entertainment & Media,Entertainment - Game Publishers & Developers,Secondary,12424.6067,0.0059,-0.0894,0.0657,4969.8427,2026-09-25,False,ok,-0.36,False,True,1.192,-0.086,False,-1.475,-0.485,False,True,False,-9.81,False,0.83,1.57,20.0,2026-09-25
HBAN,Huntington Bancshares Inc,Financials - Traditional,"Fin Trad - Banks, Lending & Mortgage Finance",Primary,31599.2883,-0.0151,-0.0682,-0.1015,31599.2883,2026-09-25,False,ok,-6.04,False,False,-0.175,-1.068,False,-2.421,-0.481,False,True,False,-7.7,False,1.1,3.06,10.0,2026-09-25
HCA,"HCA Healthcare, Inc.",Healthcare & Biotech,"Healthcare - IT, Services & Data Infrastructure",Primary,94310.2198,0.0185,0.0178,0.1255,94310.2198,2026-09-25,False,ok,2.78,True,True,-1.205,1.557,True,1.458,0.149,False,True,True,0.82,True,1.05,-0.85,30.0,2026-09-25
HCAT,"Health Catalyst, Inc.",Healthcare & Biotech,"Healthcare - IT, Services & Data Infrastructure",Primary,130.9461,-0.0279,0.1013,0.0116,130.9461,2026-09-25,False,ok,-4.42,False,False,-1.861,-0.04,True,-0.235,0.612,True,False,True,9.08,True,0.58,0.02,60.0,2026-09-25
HCC,"Warrior Met Coal, Inc.",Energy - Traditional,Energy Base - Coal & Thermal Power Generation,Primary,4726.315,0.018,-0.1499,0.0646,4726.315,2026-09-25,False,ok,-0.31,False,True,3.002,-0.006,False,-2.53,-1.521,False,True,False,-15.8,False,1.03,1.46,40.0,2026-09-25
HD,"Home Depot, Inc.",E-commerce,"E-commerce - Omnichannel Retailers, Online & Physical Stores",Primary,292522.5902,-0.0226,-0.1258,-0.1385,175513.5541,2026-09-25,False,ok,-11.25,False,False,-2.691,-0.999,False,-2.991,-0.331,False,True,False,-13.42,False,1.05,1.82,30.0,2026-09-25
HD,"Home Depot, Inc.",E-commerce,E-commerce - Retail Media & Advertising,Secondary,292522.5902,-0.0226,-0.1258,-0.1385,117009.0361,2026-09-25,False,ok,-11.25,False,False,-2.691,-0.999,False,-2.991,-0.331,False,True,False,-13.42,False,1.05,1.82,30.0,2026-09-25
HEI,Heico Corp,Defense & Aerospace,Defense - Next-Generation Aircraft & Maintenance,Primary,43119.3539,0.0346,-0.1211,-0.0795,25871.6123,2026-09-25,False,ok,-5.71,False,False,0.304,-1.799,False,-3.277,0.362,False,True,True,-12.95,False,0.96,1.98,40.0,2026-09-25
HEI,Heico Corp,Defense & Aerospace,Defense - Secure Defense Supply Chains,Secondary,43119.3539,0.0346,-0.1211,-0.0795,17247.7416,2026-09-25,False,ok,-5.71,False,False,0.304,-1.799,False,-3.277,0.362,False,True,True,-12.95,False,0.96,1.98,40.0,2026-09-25
HELP,Cybin Inc. -,Healthcare & Biotech,"Healthcare - Regenerative Medicine, Psychedelics, Cannabis",Primary,921.2888,0.0194,-0.0983,1.4774,921.2888,2026-09-25,False,ok,46.31,True,True,21.189,4.494,False,3.886,-1.663,False,False,False,-10.69,False,1.22,-1.33,60.0,2026-09-25
HGV,Hilton Grand Vacations Inc.,Real Estate & REITs,"Real Estate - Travel, Leisure & Entertainment Properties",Primary,2780.1928,0.0051,-0.2035,-0.3457,2780.1928,2026-09-25,False,ok,-20.31,False,False,-4.767,-3.731,False,-6.277,-0.529,False,True,False,-21.11,False,0.85,3.34,30.0,2026-09-25
HIG,"Hartford Insurance Group, Inc.",Financials - Traditional,Fin Trad - Insurance & Reinsurance,Primary,33650.43,-0.0581,-0.0973,-0.057,33650.43,2026-09-25,False,ok,-7.71,False,False,-0.177,-0.828,False,-2.285,-0.923,False,False,False,-10.59,False,1.0,1.73,30.0,2026-09-25
HII,"Huntington Ingalls Industries, Inc.",Defense & Aerospace,Defense - Secure Defense Supply Chains,Primary,10403.6024,-0.0324,-0.089,-0.0514,6242.1614,2026-09-25,False,ok,-14.92,False,False,-5.508,-0.792,False,-2.939,-0.458,False,False,False,-9.76,False,0.9,1.78,30.0,2026-09-25
HII,"Huntington Ingalls Industries, Inc.",Transportation & Logistics,Transportation - Marine Shipping & Ports,Secondary,10403.6024,-0.0324,-0.089,-0.0514,4161.441,2026-09-25,False,ok,-14.92,False,False,-5.508,-0.792,False,-2.939,-0.458,False,False,False,-9.76,False,0.9,1.78,30.0,2026-09-25
HIMS,"Hims & Hers Health, Inc.",Healthcare & Biotech,"Healthcare - Digital Health, Telemedicine & Remote Care",Primary,6864.0804,0.0511,-0.0734,-0.1003,6864.0804,2026-09-25,False,ok,-1.82,False,False,-1.123,-0.099,True,-0.714,0.799,True,True,True,-8.22,False,0.73,-0.17,50.0,2026-09-25
HIPO,Hippo Holdings Inc.,FinTech & Digital Finance,FinTech - InsurTech & Embedded Insurance,Primary,807.7789,-0.0202,-0.089,0.1486,807.7789,2026-09-25,False,ok,1.73,True,True,3.203,0.947,False,-1.404,-0.991,False,True,False,-9.77,False,1.09,2.57,30.0,2026-09-25
HIW,"Highwoods Properties, Inc.",Real Estate & REITs,Real Estate - Office & Commercial Workspaces,Primary,3379.8129,-0.0108,-0.057,0.0576,3379.8129,2026-09-25,False,ok,4.77,True,True,5.026,-0.843,False,-0.846,-0.204,True,False,False,-6.6,False,0.91,1.44,40.0,2026-09-25
HL,Hecla Mining Co/De/,Commodities - Metals,Comm Metals - Precious Metals,Primary,12219.4688,-0.0386,-0.1303,0.253,12219.4688,2026-09-25,False,ok,1.38,True,True,2.017,1.947,False,-0.733,-1.537,True,True,False,-13.86,False,1.03,4.09,20.0,2026-09-25
HLF,Herbalife Ltd.,Consumer Goods & Retail,"Consumer - Health, Food & Beverages",Primary,1301.0511,0.0555,-0.0286,0.0064,1301.0511,2026-09-25,False,ok,-2.31,False,False,-3.06,-0.049,True,-0.093,0.372,True,True,True,-3.79,False,1.13,-0.45,60.0,2026-09-25
HLI,"Houlihan Lokey, Inc.",Financials - Traditional,Fin Trad - Capital Markets & Investment Banking,Primary,9020.2501,-0.0113,0.0055,-0.0598,9020.2501,2026-09-25,False,ok,-9.4,False,False,-4.799,0.559,False,-0.452,-0.544,True,True,False,-0.41,False,0.97,2.2,30.0,2026-09-25
HLN,Haleon Plc,Consumer Goods & Retail,"Consumer - Health, Food & Beverages",Primary,40722.0019,-0.0022,-0.0904,0.0098,40722.0019,2026-09-25,False,ok,-3.14,False,False,-0.25,-0.447,False,-1.654,-0.127,False,True,False,-9.9,False,1.5,1.88,20.0,2026-09-25
HLNE,Hamilton Lane Inc,Financials - Traditional,"Fin Trad - Asset Management, Custody & Alternatives",Primary,5777.9722,-0.0107,-0.1875,0.1764,5777.9722,2026-09-25,False,ok,-10.63,False,False,-2.338,1.358,False,-3.788,-1.427,False,True,False,-19.52,False,0.94,4.19,10.0,2026-09-25
HLT,Hilton Worldwide Holdings Inc.,Real Estate & REITs,"Real Estate - Travel, Leisure & Entertainment Properties",Primary,70661.374,0.0269,-0.0466,-0.0854,70661.374,2026-09-25,False,ok,-0.71,False,False,0.074,-1.201,True,-0.95,0.33,True,True,True,-5.57,False,0.86,0.26,40.0,2026-09-25
HNRG,Hallador Energy Co,Energy - Traditional,Energy Base - Coal & Thermal Power Generation,Primary,693.9502,-0.0265,-0.1002,-0.1684,693.9502,2026-09-25,False,ok,-11.24,False,False,-4.311,-0.291,False,-2.246,-0.627,False,True,False,-10.88,False,0.92,2.45,50.0,2026-09-25
HOG,"Harley-Davidson, Inc.",Consumer Goods & Retail,Consumer - Modern Luxury & Lifestyle,Primary,2648.6454,-0.0185,-0.0679,0.0029,2648.6454,2026-09-25,False,ok,1.58,True,True,4.136,-0.297,False,-1.139,-0.868,False,False,False,-7.67,False,0.81,1.96,30.0,2026-09-25
HOMB,"Home Bancshares, Inc.",Financials - Traditional,"Fin Trad - Banks, Lending & Mortgage Finance",Primary,5839.4491,-0.0201,-0.0237,0.0236,5839.4491,2026-09-25,False,ok,1.27,True,True,2.362,-0.202,False,-0.846,-0.278,True,True,False,-3.3,False,0.95,0.89,50.0,2026-09-25
HON,Honeywell International Inc,Hardware,Hardware - Industrial & IoT,Primary,67365.5972,0.0295,-0.0145,-0.1062,40419.3583,2026-09-25,False,ok,-5.32,False,False,-2.159,-1.572,True,-1.418,0.832,False,True,True,-2.39,False,0.9,-0.61,50.0,2026-09-25
HON,Honeywell International Inc,Industrial Automation & Robotics,Automation - Factory & Process Automation Systems,Secondary,67365.5972,0.0295,-0.0145,-0.1062,26946.2389,2026-09-25,False,ok,-5.32,False,False,-2.159,-1.572,True,-1.418,0.832,False,True,True,-2.39,False,0.9,-0.61,50.0,2026-09-25
HONA,Honeywell Aerospace Inc.,Defense & Aerospace,Defense - Next-Generation Aircraft & Maintenance,Primary,50325.7539,-0.0295,-0.0099,-0.3519,30195.4523,2026-09-25,False,ok,,,,,,,-1.631,0.769,False,False,True,-1.93,False,0.92,0.75,40.0,2026-09-25
HONA,Honeywell Aerospace Inc.,Defense & Aerospace,Defense - Secure Defense Supply Chains,Secondary,50325.7539,-0.0295,-0.0099,-0.3519,20130.3016,2026-09-25,False,ok,,,,,,,-1.631,0.769,False,False,True,-1.93,False,0.92,0.75,40.0,2026-09-25
HOOD,"Robinhood Markets, Inc.",FinTech & Digital Finance,FinTech - Trading Platforms & WealthTech,Primary,107350.4256,-0.0035,0.0652,0.2285,64410.2554,2026-09-25,False,ok,17.8,True,True,6.006,2.915,False,4.092,0.201,False,False,True,5.51,True,1.17,4.5,20.0,2026-09-25
HOOD,"Robinhood Markets, Inc.",Crypto & Blockchain,"Blockchain - Platforms, Tokenization & Financial Services",Secondary,107350.4256,-0.0035,0.0652,0.2285,42940.1702,2026-09-25,False,ok,17.8,True,True,6.006,2.915,False,4.092,0.201,False,False,True,5.51,True,1.17,4.5,20.0,2026-09-25
HPE,Hewlett Packard Enterprise Co,Hardware,Hardware - Communications & Telecom,Primary,83550.634,0.0359,0.1807,0.2943,50130.3804,2026-09-25,False,ok,41.27,True,True,16.922,0.12,True,4.579,0.817,False,False,True,16.95,True,1.48,0.83,60.0,2026-09-25
HPE,Hewlett Packard Enterprise Co,Hardware,Hardware - Networking Equipment,Secondary,83550.634,0.0359,0.1807,0.2943,33420.2536,2026-09-25,False,ok,41.27,True,True,16.922,0.12,True,4.579,0.817,False,False,True,16.95,True,1.48,0.83,60.0,2026-09-25
HPQ,Hp Inc,Hardware,"Hardware - Consumer Electronics, PCs & Peripherals",Primary,28226.0562,-0.0901,0.0706,0.357,28226.0562,2026-09-25,False,ok,18.13,True,True,11.045,2.274,False,2.312,-1.372,False,False,False,6.04,True,1.21,2.37,40.0,2026-09-25
HQY,"Healthequity, Inc.",Healthcare & Biotech,"Healthcare - IT, Services & Data Infrastructure",Primary,7299.625,-0.0724,-0.1626,0.0382,7299.625,2026-09-25,False,ok,-4.87,False,True,2.273,-0.776,False,-2.695,-0.759,False,False,False,-17.06,False,1.08,2.63,20.0,2026-09-25
HR,Healthcare Realty Trust Inc,Real Estate & REITs,Real Estate - Healthcare & Senior Living,Primary,6263.3098,-0.0115,-0.0691,-0.1051,6263.3098,2026-09-25,False,ok,-4.86,False,False,0.384,-1.789,False,-2.177,-0.301,False,True,False,-7.8,False,1.04,1.58,10.0,2026-09-25
HRB,"H&R Block, Inc.",Business Services & Consulting,"Business Services - Outsourcing, Facilities & Testing",Primary,5200.5888,-0.0466,-0.1996,0.1719,5200.5888,2026-09-25,False,ok,0.8,True,True,6.154,0.134,False,-3.271,-1.287,False,True,False,-20.72,False,0.91,4.07,30.0,2026-09-25
HRL,Hormel Foods Corp /De/,Commodities - Agriculture,Comm Agri - Livestock & Animal Protein,Primary,10847.4132,-0.0538,-0.1712,-0.2193,10847.4132,2026-09-25,False,ok,-13.46,False,False,-2.168,-2.37,False,-4.247,-0.184,False,False,False,-17.9,False,1.04,1.43,10.0,2026-09-25
HSAI,Hesai Group,Electric Vehicles & Mobility,EVs - Autonomous Driving & Fleet,Primary,20428.4867,-0.0163,-0.112,0.041,20428.4867,2026-09-25,False,ok,-15.01,False,False,-6.699,0.683,False,-1.79,-0.702,False,False,False,-12.05,False,0.85,3.66,30.0,2026-09-25
HSIC,"Henry Schein, Inc.",Healthcare & Biotech,"Healthcare - IT, Services & Data Infrastructure",Primary,9625.6379,0.018,-0.0366,0.0429,9625.6379,2026-09-25,False,ok,4.64,True,True,3.664,-0.354,False,-0.831,-0.321,True,True,False,-4.58,False,0.92,1.28,30.0,2026-09-25
HST,"Host Hotels & Resorts, Inc.",Real Estate & REITs,"Real Estate - Travel, Leisure & Entertainment Properties",Primary,15575.767,0.0266,-0.0252,-0.0529,15575.767,2026-09-25,False,ok,3.22,True,True,2.951,-1.866,True,-0.813,0.402,True,True,True,-3.45,False,0.85,0.46,50.0,2026-09-25
HSY,Hershey Co,Consumer Goods & Retail,"Consumer - Health, Food & Beverages",Primary,33428.0008,-0.0201,-0.1112,-0.0839,33428.0008,2026-09-25,False,ok,-8.31,False,False,-2.769,-0.43,False,-1.899,-0.311,False,True,False,-11.96,False,0.93,0.59,50.0,2026-09-25
HTOO,Fusion Fuel Green Plc,Energy - Renewable,Energy Clean - Hydrogen & Fuel Cells,Primary,15.3332,0.0049,-0.0192,-0.2331,15.3332,2026-09-25,False,ok,-25.88,False,False,-11.669,-1.288,False,-3.519,-0.485,False,False,False,-2.86,False,2.66,1.43,30.0,2026-09-25
HUBB,Hubbell Inc,Energy - Renewable,Energy Clean - Smart Grid & Electrification,Primary,24652.7345,0.0441,0.0083,-0.0967,24652.7345,2026-09-25,False,ok,-2.35,False,False,-1.184,-1.03,True,-0.778,0.724,True,True,True,-0.12,False,0.88,1.08,60.0,2026-09-25
HUBG,"Hub Group, Inc.",Transportation & Logistics,"Transportation - Logistics, Warehousing & Supply Chain Solutions",Primary,1855.3975,-0.0692,-0.2236,-0.2917,1855.3975,2026-09-25,False,ok,-24.86,False,False,-4.43,-4.369,False,-7.59,-0.787,False,True,False,-23.1,False,1.02,3.81,30.0,2026-09-25
HUBS,Hubspot Inc,Cloud Computing,Cloud - Horizontal SaaS & Cloud Applications,Primary,10941.5025,-0.011,-0.1008,0.1826,6564.9015,2026-09-25,False,ok,-11.72,False,False,-4.79,2.488,False,-1.882,-1.278,False,False,False,-10.93,False,0.98,0.92,30.0,2026-09-25
HUBS,Hubspot Inc,Software,"Software - Collaboration, CRM & Communications",Secondary,10941.5025,-0.011,-0.1008,0.1826,4376.601,2026-09-25,False,ok,-11.72,False,False,-4.79,2.488,False,-1.882,-1.278,False,False,False,-10.93,False,0.98,0.92,30.0,2026-09-25
HUM,Humana Inc.,Healthcare & Biotech,"Healthcare - IT, Services & Data Infrastructure",Primary,47783.5551,0.0303,0.0211,0.1029,47783.5551,2026-09-25,False,ok,17.32,True,True,10.183,-1.277,False,-0.288,-0.406,True,True,False,1.14,True,0.82,1.72,40.0,2026-09-25
HUT,Hut 8 Corp.,Crypto & Blockchain,Blockchain - Cryptocurrency Mining & Staking,Primary,11933.9817,-0.0194,0.1324,-0.1661,11933.9817,2026-09-25,False,ok,10.37,True,True,5.688,-3.107,True,2.999,1.288,False,False,True,12.16,True,0.97,1.72,40.0,2026-09-25
HWC,Hancock Whitney Corp,Financials - Traditional,"Fin Trad - Banks, Lending & Mortgage Finance",Primary,5924.4723,-0.0147,-0.0043,0.0184,5924.4723,2026-09-25,False,ok,3.13,True,True,3.297,-0.635,False,-0.69,-0.184,True,True,False,-1.37,False,0.97,0.87,40.0,2026-09-25
HWM,Howmet Aerospace Inc.,Defense & Aerospace,Defense - Secure Defense Supply Chains,Primary,92713.3532,0.0122,-0.1195,-0.1575,92713.3532,2026-09-25,False,ok,-8.0,False,False,0.114,-2.869,False,-4.308,0.362,False,True,True,-12.79,False,1.37,3.03,40.0,2026-09-25
HXL,Hexcel Corp /De/,Defense & Aerospace,Defense - Secure Defense Supply Chains,Primary,6488.4925,-0.0267,-0.0836,-0.0998,6488.4925,2026-09-25,False,ok,-6.32,False,False,1.445,-2.549,False,-3.271,-0.287,False,True,False,-9.23,False,0.83,1.53,20.0,2026-09-25
HYFM,"Hydrofarm Holdings Group, Inc.",Agriculture & FoodTech,Agriculture - Precision Agriculture & Farm Automation,Primary,4.6902,0.0242,0.0351,0.1434,4.6902,2026-09-25,False,ok,-12.1,False,False,-8.13,3.276,False,-2.809,0.873,False,True,True,2.53,True,0.01,3.08,20.0,2026-09-25
IBKR,"Interactive Brokers Group, Inc.",FinTech & Digital Finance,FinTech - Trading Platforms & WealthTech,Primary,152048.5007,-0.016,-0.0903,-0.0374,152048.5007,2026-09-25,False,ok,4.21,True,True,4.408,-1.089,False,-0.486,-0.085,True,False,False,-9.9,False,0.89,3.04,0.0,2026-09-25
IBM,International Business Machines Corp,Hardware,Hardware - Data Center Infrastructure & Servers,Primary,212460.716,-0.0176,-0.0371,-0.1363,212460.716,2026-09-25,False,ok,-8.56,False,False,-3.241,-0.321,False,-0.675,-0.592,True,False,False,-4.62,False,0.67,1.1,40.0,2026-09-25
IBOC,International Bancshares Corp,Financials - Traditional,"Fin Trad - Banks, Lending & Mortgage Finance",Primary,4349.6745,-0.0043,-0.0123,-0.0761,4349.6745,2026-09-25,False,ok,-2.39,False,False,0.131,-0.971,False,-0.987,-0.064,True,True,False,-2.17,False,1.13,0.43,40.0,2026-09-25
ICE,"Intercontinental Exchange, Inc.",FinTech & Digital Finance,FinTech - Exchanges & Market Infrastructure,Primary,86628.7862,-0.0075,-0.043,0.1908,51977.2717,2026-09-25,False,ok,1.33,True,True,0.766,1.254,False,0.061,-0.361,True,False,False,-5.21,False,0.91,1.48,30.0,2026-09-25
ICE,"Intercontinental Exchange, Inc.",Big Data & Analytics,"Big Data - Data Generation, Sourcing & Providers",Secondary,86628.7862,-0.0075,-0.043,0.1908,34651.5145,2026-09-25,False,ok,1.33,True,True,0.766,1.254,False,0.061,-0.361,True,False,False,-5.21,False,0.91,1.48,30.0,2026-09-25
IDA,"Idacorp, Inc.",Energy - Traditional,Energy Base - Utilities & Conventional Power Operators,Primary,7506.7402,-0.0137,-0.0572,-0.1134,7506.7402,2026-09-25,False,ok,-6.57,False,False,-1.094,-1.507,False,-2.104,-0.261,False,True,False,-6.62,False,1.0,1.14,20.0,2026-09-25
IDCC,"Interdigital, Inc.",Semiconductors,Semis - Wireless & Connectivity,Primary,8624.6257,0.0345,-0.0328,0.2226,5174.7754,2026-09-25,False,ok,5.57,True,True,2.031,2.118,False,0.232,-0.486,True,True,False,-4.2,False,1.03,0.63,60.0,2026-09-25
IDCC,"Interdigital, Inc.",Telecommunications,"Telecom - 5G, Wireless & Carriers",Secondary,8624.6257,0.0345,-0.0328,0.2226,3449.8503,2026-09-25,False,ok,5.57,True,True,2.031,2.118,False,0.232,-0.486,True,True,False,-4.2,False,1.03,0.63,60.0,2026-09-25
IDN,"Intellicheck, Inc.",Cybersecurity,"Cybersecurity - Identity, Biometrics & Access Management",Primary,48.4375,0.017,-0.1643,-0.4185,48.4375,2026-09-25,False,ok,-41.66,False,False,-20.604,-4.321,True,-8.129,0.421,False,True,True,-17.23,False,0.73,3.96,20.0,2026-09-25
IDXX,"Idexx Laboratories, Inc.",Healthcare & Biotech,Healthcare - Animal Health & Veterinary,Primary,40907.8866,0.0149,-0.0559,-0.0544,24544.732,2026-09-25,False,ok,-8.12,False,False,-3.643,-0.418,True,-1.768,0.306,False,True,True,-6.49,False,0.84,0.7,60.0,2026-09-25
IDXX,"Idexx Laboratories, Inc.",Healthcare & Biotech,"Healthcare - Diagnostics, Biomarkers & Liquid Biopsy",Secondary,40907.8866,0.0149,-0.0559,-0.0544,16363.1546,2026-09-25,False,ok,-8.12,False,False,-3.643,-0.418,True,-1.768,0.306,False,True,True,-6.49,False,0.84,0.7,60.0,2026-09-25
IESC,"IES Holdings, Inc.",Industrials & Construction,Industrials - Engineering & Construction,Primary,12916.1636,0.0061,0.0348,-0.1328,7749.6982,2026-09-25,False,ok,3.5,True,True,4.618,-2.4,False,-1.23,0.276,False,True,True,2.5,True,0.76,1.04,40.0,2026-09-25
IESC,"IES Holdings, Inc.",Energy - Renewable,Energy Clean - Smart Grid & Electrification,Secondary,12916.1636,0.0061,0.0348,-0.1328,5166.4654,2026-09-25,False,ok,3.5,True,True,4.618,-2.4,False,-1.23,0.276,False,True,True,2.5,True,0.76,1.04,40.0,2026-09-25
IEX,IDEX Corp,Industrials & Construction,"Industrials - Machinery, Flow Control & Components",Primary,16961.4735,0.0284,-0.0008,0.039,16961.4735,2026-09-25,False,ok,6.4,True,True,3.522,-0.778,True,-0.248,0.401,True,True,True,-1.03,False,0.88,-0.18,50.0,2026-09-25
IFF,International Flavors & Fragrances Inc.,Industrials & Construction,Industrials - Chemicals & Advanced Materials,Primary,21863.8008,0.0329,-0.0122,0.1354,13118.2805,2026-09-25,False,ok,9.51,True,True,4.425,0.138,False,0.627,0.012,True,True,True,-2.16,False,1.02,-0.2,40.0,2026-09-25
IFF,International Flavors & Fragrances Inc.,Consumer Goods & Retail,"Consumer - Health, Food & Beverages",Secondary,21863.8008,0.0329,-0.0122,0.1354,8745.5203,2026-09-25,False,ok,9.51,True,True,4.425,0.138,False,0.627,0.012,True,True,True,-2.16,False,1.02,-0.2,40.0,2026-09-25
ILMN,"Illumina, Inc.",Healthcare & Biotech,"Healthcare - Diagnostics, Biomarkers & Liquid Biopsy",Primary,40769.9988,0.1268,0.2001,0.5421,24461.9993,2026-09-25,False,ok,48.63,True,True,14.095,2.004,True,6.589,2.04,False,True,True,18.86,True,1.65,-3.64,60.0,2026-09-25
ILMN,"Illumina, Inc.",Healthcare & Biotech,Healthcare - Genomics & Personalized Medicine,Secondary,40769.9988,0.1268,0.2001,0.5421,16307.9995,2026-09-25,False,ok,48.63,True,True,14.095,2.004,True,6.589,2.04,False,True,True,18.86,True,1.65,-3.64,60.0,2026-09-25
IMMR,Immersion Corp,Hardware,"Hardware - Consumer Electronics, PCs & Peripherals",Primary,241.74,0.0097,-0.0496,0.1328,241.74,2026-09-25,False,ok,5.88,True,True,4.379,0.292,False,-0.449,-0.257,True,True,False,-5.86,False,0.73,1.74,20.0,2026-09-25
INCY,Incyte Corp,Healthcare & Biotech,Healthcare - Oncology & Precision Cancer Therapeutics,Primary,25112.2237,-0.0113,-0.0449,0.1423,25112.2237,2026-09-25,False,ok,10.45,True,True,6.03,0.226,False,0.316,-0.222,True,False,False,-5.4,False,0.96,0.27,40.0,2026-09-25
INFY,Infosys Ltd,Business Services & Consulting,Consulting,Primary,42528.6083,-0.0296,-0.1272,-0.0393,42528.6083,2026-09-25,False,ok,-15.01,False,False,-5.791,0.184,False,-2.889,-0.677,False,True,False,-13.55,False,0.76,3.23,10.0,2026-09-25
INGR,Ingredion Inc,Agriculture & FoodTech,Agriculture - Alternative Proteins,Primary,6099.5482,-0.0063,-0.0791,-0.0056,3659.7289,2026-09-25,False,ok,-6.82,False,False,-2.152,-0.065,False,-1.697,-0.363,False,True,False,-8.79,False,0.96,0.74,40.0,2026-09-25
INGR,Ingredion Inc,Consumer Goods & Retail,"Consumer - Health, Food & Beverages",Secondary,6099.5482,-0.0063,-0.0791,-0.0056,2439.8193,2026-09-25,False,ok,-6.82,False,False,-2.152,-0.065,False,-1.697,-0.363,False,True,False,-8.79,False,0.96,0.74,40.0,2026-09-25
INOD,Innodata Inc,Artificial Intelligence,"AI - Apps, Domain-Specific AI",Primary,2379.6234,0.2112,0.2106,-0.1513,2379.6234,2026-09-25,False,ok,7.53,True,False,-2.23,-2.095,True,3.594,3.685,False,False,True,19.91,True,1.06,-4.32,60.0,2026-09-25
INSE,"Inspired Entertainment, Inc.",Digital Entertainment & Media,"Entertainment - Betting, iGaming & Wagering",Primary,121.9064,-0.0022,-0.2396,-0.4323,121.9064,2026-09-25,False,ok,-32.14,False,False,-11.431,-3.911,False,-8.106,-0.624,False,True,False,-24.68,False,1.05,1.92,20.0,2026-09-25
INTC,Intel Corp,Semiconductors,Semis - Emerging Technologies,Primary,650190.9135,0.1326,0.406,-0.0657,390114.5481,2026-09-25,False,ok,32.85,True,True,8.891,-1.939,True,6.715,2.657,False,False,True,39.27,True,1.02,-3.04,60.0,2026-09-25
INTC,Intel Corp,Semiconductors,"Semis - Logic & CPUs, GPUs, Accelerators",Secondary,650190.9135,0.1326,0.406,-0.0657,260076.3654,2026-09-25,False,ok,32.85,True,True,8.891,-1.939,True,6.715,2.657,False,False,True,39.27,True,1.02,-3.04,60.0,2026-09-25
INTU,Intuit Inc.,Cloud Computing,Cloud - Horizontal SaaS & Cloud Applications,Primary,73701.0156,-0.0904,-0.2285,0.0563,44220.6094,2026-09-25,False,ok,-23.82,False,False,-9.147,1.645,False,-4.289,-1.968,False,False,False,-23.58,False,0.9,4.66,10.0,2026-09-25
INTU,Intuit Inc.,Software,"Software - Collaboration, CRM & Communications",Secondary,73701.0156,-0.0904,-0.2285,0.0563,29480.4062,2026-09-25,False,ok,-23.82,False,False,-9.147,1.645,False,-4.289,-1.968,False,False,False,-23.58,False,0.9,4.66,10.0,2026-09-25
INVH,Invitation Homes Inc.,Real Estate & REITs,"Real Estate - Housing, Urban Living & Demographics",Primary,15722.3905,0.0004,-0.1089,-0.0825,15722.3905,2026-09-25,False,ok,-4.95,False,False,0.306,-1.54,False,-2.492,-0.165,False,True,False,-11.74,False,1.2,1.29,30.0,2026-09-25
INVZ,Innoviz Technologies Ltd.,Industrial Automation & Robotics,Robotics - Sensors & Vision Systems,Primary,114.7712,0.1424,0.1324,-0.3246,68.8627,2026-09-25,False,ok,-37.18,False,False,-25.835,-2.185,True,-1.705,3.701,False,True,True,12.16,True,0.74,-2.78,50.0,2026-09-25
INVZ,Innoviz Technologies Ltd.,Electric Vehicles & Mobility,EVs - Autonomous Driving & Fleet,Secondary,114.7712,0.1424,0.1324,-0.3246,45.9085,2026-09-25,False,ok,-37.18,False,False,-25.835,-2.185,True,-1.705,3.701,False,True,True,12.16,True,0.74,-2.78,50.0,2026-09-25
IONQ,"Ionq, Inc.",Semiconductors,Semis - Emerging Technologies,Primary,18425.5693,0.1623,0.0816,-0.1515,11055.3416,2026-09-25,False,ok,2.05,True,False,-4.113,-0.531,True,1.498,2.279,False,True,True,7.13,True,1.16,-1.32,60.0,2026-09-25
IONQ,"Ionq, Inc.",Hardware,Hardware - Next-Gen & Specialty,Secondary,18425.5693,0.1623,0.0816,-0.1515,7370.2277,2026-09-25,False,ok,2.05,True,False,-4.113,-0.531,True,1.498,2.279,False,True,True,7.13,True,1.16,-1.32,60.0,2026-09-25
IOT,Samsara Inc.,Hardware,Hardware - Industrial & IoT,Primary,22229.5716,-0.0402,-0.0301,0.2151,13337.743,2026-09-25,False,ok,5.16,True,True,4.818,0.608,False,-0.112,-0.683,True,False,False,-3.94,False,1.34,-2.2,50.0,2026-09-25
IOT,Samsara Inc.,Industrial Automation & Robotics,"Automation - Industrial IoT, Connectivity",Secondary,22229.5716,-0.0402,-0.0301,0.2151,8891.8286,2026-09-25,False,ok,5.16,True,True,4.818,0.608,False,-0.112,-0.683,True,False,False,-3.94,False,1.34,-2.2,50.0,2026-09-25
IP,International Paper Co,Industrials & Construction,Industrials - Packaging & Containers,Primary,18545.537,0.0142,-0.1456,-0.0752,18545.537,2026-09-25,False,ok,-6.37,False,False,-0.538,-0.88,False,-2.822,0.308,False,True,True,-15.38,False,0.99,1.93,30.0,2026-09-25
IPGP,IPG Photonics Corp,Hardware,Hardware - Next-Gen & Specialty,Primary,3322.7983,0.0205,0.0891,-0.2748,1993.679,2026-09-25,False,ok,-17.27,False,False,-8.639,-2.96,True,-1.728,0.816,False,True,True,7.87,True,0.87,0.37,70.0,2026-09-25
IPGP,IPG Photonics Corp,Industrial Automation & Robotics,Automation - Industrial Sensors & Machine Vision,Secondary,3322.7983,0.0205,0.0891,-0.2748,1329.1193,2026-09-25,False,ok,-17.27,False,False,-8.639,-2.96,True,-1.728,0.816,False,True,True,7.87,True,0.87,0.37,70.0,2026-09-25
IPX,Iperionx Ltd,Commodities - Metals,Comm Metals - Rare Earth & Strategic Materials,Primary,710.145,-0.0595,-0.1284,-0.2921,710.145,2026-09-25,False,ok,-30.92,False,False,-16.358,-1.822,True,-3.317,0.417,False,False,True,-13.67,False,1.02,3.4,50.0,2026-09-25
IQV,Iqvia Holdings Inc.,Healthcare & Biotech,"Healthcare - IT, Services & Data Infrastructure",Primary,44502.9007,0.0148,0.0422,0.4566,26701.7404,2026-09-25,False,ok,23.02,True,True,9.775,2.6,False,2.525,-0.315,False,False,False,3.23,True,1.24,0.18,50.0,2026-09-25
IQV,Iqvia Holdings Inc.,Big Data & Analytics,"Big Data - Data Generation, Sourcing & Providers",Secondary,44502.9007,0.0148,0.0422,0.4566,17801.1603,2026-09-25,False,ok,23.02,True,True,9.775,2.6,False,2.525,-0.315,False,False,False,3.23,True,1.24,0.18,50.0,2026-09-25
IR,Ingersoll Rand Inc.,Industrials & Construction,"Industrials - Machinery, Flow Control & Components",Primary,29518.9975,0.0592,-0.0317,-0.0284,29518.9975,2026-09-25,False,ok,-4.18,False,False,-1.804,-0.802,True,-1.834,0.785,False,True,True,-4.09,False,1.01,0.4,30.0,2026-09-25
IRDM,Iridium Communications Inc.,Defense & Aerospace,Defense - Space Technology & Satellite Services,Primary,5166.6007,0.0423,0.0384,0.1568,3099.9604,2026-09-25,False,ok,15.98,True,True,9.047,-3.065,True,0.455,0.518,True,True,True,2.85,True,0.81,-0.47,60.0,2026-09-25
IRDM,Iridium Communications Inc.,Telecommunications,Telecom - Satellite & Space Communication,Secondary,5166.6007,0.0423,0.0384,0.1568,2066.6403,2026-09-25,False,ok,15.98,True,True,9.047,-3.065,True,0.455,0.518,True,True,True,2.85,True,0.81,-0.47,60.0,2026-09-25
IREN,Iren Ltd,Crypto & Blockchain,Blockchain - Cryptocurrency Mining & Staking,Primary,17387.8374,-0.0547,0.0454,-0.1228,17387.8374,2026-09-25,False,ok,-1.38,False,True,-2.437,0.404,True,2.995,0.413,False,False,True,3.54,True,0.96,-0.07,40.0,2026-09-25
IRM,Iron Mountain Inc,Cloud Computing,Cloud - Data Centers & Infrastructure,Primary,33158.1379,-0.0259,-0.0716,-0.1405,19894.8827,2026-09-25,False,ok,-3.56,False,False,1.146,-2.027,False,-1.315,0.215,False,False,True,-8.04,False,0.9,1.45,40.0,2026-09-25
IRM,Iron Mountain Inc,Real Estate & REITs,Real Estate - Digital Infrastructure,Secondary,33158.1379,-0.0259,-0.0716,-0.1405,13263.2552,2026-09-25,False,ok,-3.56,False,False,1.146,-2.027,False,-1.315,0.215,False,False,True,-8.04,False,0.9,1.45,40.0,2026-09-25
IRT,"Independence Realty Trust, Inc.",Real Estate & REITs,"Real Estate - Housing, Urban Living & Demographics",Primary,3535.8692,-0.0108,-0.1234,-0.1043,3535.8692,2026-09-25,False,ok,-9.06,False,False,-1.323,-1.545,False,-3.178,-0.362,False,True,False,-13.18,False,1.19,1.83,30.0,2026-09-25
IRTC,"Irhythm Technologies, Inc.",Healthcare & Biotech,"Healthcare - Digital Health, Telemedicine & Remote Care",Primary,3638.4563,0.0096,-0.1033,-0.0186,2183.0738,2026-09-25,False,ok,-10.74,False,False,-4.124,0.436,False,-2.409,-0.402,False,True,False,-11.18,False,0.9,1.91,30.0,2026-09-25
IRTC,"Irhythm Technologies, Inc.",Healthcare & Biotech,Healthcare - Medical Devices & HealthTech Hardware,Secondary,3638.4563,0.0096,-0.1033,-0.0186,1455.3825,2026-09-25,False,ok,-10.74,False,False,-4.124,0.436,False,-2.409,-0.402,False,True,False,-11.18,False,0.9,1.91,30.0,2026-09-25
ISRG,Intuitive Surgical Inc,Industrial Automation & Robotics,Robotics - Medical & Surgical Robotics,Primary,145167.0897,0.0301,0.0897,0.0083,87100.2538,2026-09-25,False,ok,-2.05,False,False,-5.096,1.085,True,1.773,1.018,False,False,True,7.93,True,0.8,-0.14,60.0,2026-09-25
ISRG,Intuitive Surgical Inc,Hardware,Hardware - Next-Gen & Specialty,Secondary,145167.0897,0.0301,0.0897,0.0083,58066.8359,2026-09-25,False,ok,-2.05,False,False,-5.096,1.085,True,1.773,1.018,False,False,True,7.93,True,0.8,-0.14,60.0,2026-09-25
IT,"Gartner, Inc.",Business Services & Consulting,Consulting,Primary,11865.6922,0.0114,-0.0403,0.4402,7119.4153,2026-09-25,False,ok,7.78,True,True,2.009,3.621,False,0.411,-0.662,True,True,False,-4.94,False,0.88,2.02,30.0,2026-09-25
IT,"Gartner, Inc.",Big Data & Analytics,"Big Data - Data Generation, Sourcing & Providers",Secondary,11865.6922,0.0114,-0.0403,0.4402,4746.2769,2026-09-25,False,ok,7.78,True,True,2.009,3.621,False,0.411,-0.662,True,True,False,-4.94,False,0.88,2.02,30.0,2026-09-25
ITRI,"Itron, Inc.",Energy - Renewable,Energy Clean - Smart Grid & Electrification,Primary,3929.8611,-0.0076,-0.091,0.0997,2357.9167,2026-09-25,False,ok,-3.42,False,False,0.402,0.683,False,-1.638,-0.375,False,False,False,-9.96,False,0.72,1.09,40.0,2026-09-25
ITRI,"Itron, Inc.",Smart Home & IoT,"Smart Home - Automation, Control & Energy",Secondary,3929.8611,-0.0076,-0.091,0.0997,1571.9444,2026-09-25,False,ok,-3.42,False,False,0.402,0.683,False,-1.638,-0.375,False,False,False,-9.96,False,0.72,1.09,40.0,2026-09-25
ITT,ITT Inc.,Industrials & Construction,"Industrials - Machinery, Flow Control & Components",Primary,18530.3616,0.0088,0.0033,0.0619,18530.3616,2026-09-25,False,ok,3.79,True,True,1.808,0.088,False,0.63,0.565,True,False,True,-0.63,False,0.97,1.02,40.0,2026-09-25
ITW,Illinois Tool Works Inc.,Industrials & Construction,"Industrials - Machinery, Flow Control & Components",Primary,78126.3421,0.0182,-0.026,0.0467,46875.8053,2026-09-25,False,ok,1.7,True,True,1.379,-0.379,False,-0.761,0.379,True,True,True,-3.53,False,0.97,0.24,40.0,2026-09-25
ITW,Illinois Tool Works Inc.,Conglomerates & Diversified Holdings,Diversified Holdings & Multi-Industry Conglomerates,Secondary,78126.3421,0.0182,-0.026,0.0467,31250.5368,2026-09-25,False,ok,1.7,True,True,1.379,-0.379,False,-0.761,0.379,True,True,True,-3.53,False,0.97,0.24,40.0,2026-09-25
IVZ,Invesco Ltd.,Financials - Traditional,"Fin Trad - Asset Management, Custody & Alternatives",Primary,13651.1734,0.0128,-0.055,0.1986,13651.1734,2026-09-25,False,ok,7.46,True,True,5.635,-0.024,False,-0.733,-0.469,True,True,False,-6.4,False,0.97,2.79,10.0,2026-09-25
J,Jacobs Solutions Inc.,Industrials & Construction,Industrials - Engineering & Construction,Primary,16194.6317,-0.0351,-0.0829,0.1366,9716.779,2026-09-25,False,ok,1.93,True,True,2.807,0.918,False,-0.763,-0.739,True,True,False,-9.16,False,0.97,2.31,20.0,2026-09-25
J,Jacobs Solutions Inc.,Business Services & Consulting,Consulting,Secondary,16194.6317,-0.0351,-0.0829,0.1366,6477.8527,2026-09-25,False,ok,1.93,True,True,2.807,0.918,False,-0.763,-0.739,True,True,False,-9.16,False,0.97,2.31,20.0,2026-09-25
JAZZ,Jazz Pharmaceuticals Plc,Healthcare & Biotech,"Healthcare - Regenerative Medicine, Psychedelics, Cannabis",Primary,15446.4236,-0.0116,-0.0856,0.0352,15446.4236,2026-09-25,False,ok,5.47,True,True,5.56,-1.812,False,-1.205,-0.259,False,True,False,-9.43,False,0.9,1.41,40.0,2026-09-25
JBHT,Hunt J B Transport Services Inc,Transportation & Logistics,"Transportation - Trucking, LTL & Ground Freight",Primary,21174.0631,-0.0375,-0.1401,-0.1606,21174.0631,2026-09-25,False,ok,-10.23,False,False,2.03,-3.4,False,-4.303,-1.349,False,False,False,-14.82,False,1.1,3.52,50.0,2026-09-25
JBL,Jabil Inc.,Hardware,Hardware - Data Center Infrastructure & Servers,Primary,33190.2607,0.0573,0.0261,-0.1479,19914.1564,2026-09-25,False,ok,1.63,True,False,1.473,-2.231,True,-1.023,0.751,False,True,True,1.64,True,1.0,1.26,50.0,2026-09-25
JBL,Jabil Inc.,Industrial Automation & Robotics,Automation - Factory & Process Automation Systems,Secondary,33190.2607,0.0573,0.0261,-0.1479,13276.1043,2026-09-25,False,ok,1.63,True,False,1.473,-2.231,True,-1.023,0.751,False,True,True,1.64,True,1.0,1.26,50.0,2026-09-25
JBS,JBS N.V. Class A,Commodities - Agriculture,Comm Agri - Livestock & Animal Protein,Primary,12390.4379,-0.0326,-0.1765,-0.0509,12390.4379,2026-09-25,False,ok,-12.29,False,False,-2.745,-0.777,False,-3.69,-0.974,False,True,False,-18.43,False,0.93,3.03,10.0,2026-09-25
JCI,Johnson Controls International Plc,Smart Home & IoT,"Smart Home - Connectivity, Devices & Appliances",Primary,90982.359,0.0512,0.0621,0.0547,54589.4154,2026-09-25,False,ok,7.49,True,True,2.674,-0.405,True,0.422,0.661,True,True,True,5.2,True,0.98,0.75,50.0,2026-09-25
JCI,Johnson Controls International Plc,Environmental Sustainability,"Environmental - Climate, Carbon & Land Resources",Secondary,90982.359,0.0512,0.0621,0.0547,36392.9436,2026-09-25,False,ok,7.49,True,True,2.674,-0.405,True,0.422,0.661,True,True,True,5.2,True,0.98,0.75,50.0,2026-09-25
JD,"Jd.Com, Inc.",Software,Software - Vertical SaaS Platforms,Primary,35801.7556,-0.0152,-0.0971,0.0404,35801.7556,2026-09-25,False,ok,-8.02,False,False,-1.367,-1.167,False,-2.349,0.111,False,False,True,-10.57,False,0.75,1.22,40.0,2026-09-25
JEF,Jefferies Financial Group Inc.,Financials - Traditional,Fin Trad - Capital Markets & Investment Banking,Primary,9697.7306,-0.0046,-0.0909,-0.171,9697.7306,2026-09-25,False,ok,-9.25,False,False,-0.896,-1.156,False,-3.645,-0.795,False,True,False,-9.96,False,1.05,3.15,20.0,2026-09-25
JHG,Janus Henderson Group Plc,Financials - Traditional,"Fin Trad - Asset Management, Custody & Alternatives",Primary,,,,,,,True,no_data,,,,,,,,,,,,,,,,,2026-09-25
JKHY,"Jack Henry & Associates, Inc.",FinTech & Digital Finance,FinTech - Digital Banking & Neobanks,Primary,10361.942,-0.0456,-0.1457,0.1583,10361.942,2026-09-25,False,ok,-3.65,False,True,0.945,0.793,False,-1.909,-1.224,False,True,False,-15.38,False,1.0,1.76,30.0,2026-09-25
JKS,"Jinkosolar Holding Co., Ltd.",Energy - Renewable,Energy Clean - Solar,Primary,506.4197,-0.0693,-0.3761,-0.4401,506.4197,2026-09-25,False,ok,-43.05,False,False,-16.77,-4.313,False,-10.842,-0.883,False,True,False,-38.21,False,0.94,5.58,10.0,2026-09-25
JLL,Jones Lang Lasalle Inc,Real Estate & REITs,Real Estate - Office & Commercial Workspaces,Primary,14810.3404,-0.043,-0.1805,0.0738,14810.3404,2026-09-25,False,ok,-3.39,False,True,2.676,-0.349,False,-2.692,-0.881,False,True,False,-18.82,False,0.97,2.95,20.0,2026-09-25
JNJ,Johnson & Johnson,Healthcare & Biotech,Healthcare - Medical Devices & HealthTech Hardware,Primary,653612.6792,0.0046,-0.007,0.1309,392167.6075,2026-09-25,False,ok,9.57,True,True,4.809,0.102,False,0.564,-0.099,True,True,False,-1.65,False,0.93,0.8,40.0,2026-09-25
JNJ,Johnson & Johnson,Healthcare & Biotech,Healthcare - Oncology & Precision Cancer Therapeutics,Secondary,653612.6792,0.0046,-0.007,0.1309,261445.0717,2026-09-25,False,ok,9.57,True,True,4.809,0.102,False,0.564,-0.099,True,True,False,-1.65,False,0.93,0.8,40.0,2026-09-25
JOBY,"Joby Aviation, Inc.",Transportation & Logistics,Transportation - Air Travel & Passenger Transportation,Primary,6296.5801,0.0327,-0.1247,-0.319,3777.9481,2026-09-25,False,ok,-27.67,False,False,-14.038,-1.523,True,-4.496,0.53,False,True,True,-13.3,False,0.64,3.57,30.0,2026-09-25
JOBY,"Joby Aviation, Inc.",Transportation & Logistics,Transportation - Urban Mobility & Emerging Transport Tech,Secondary,6296.5801,0.0327,-0.1247,-0.319,2518.632,2026-09-25,False,ok,-27.67,False,False,-14.038,-1.523,True,-4.496,0.53,False,True,True,-13.3,False,0.64,3.57,30.0,2026-09-25
JPM,JPMorgan Chase & Co.,Financials - Traditional,"Fin Trad - Banks, Lending & Mortgage Finance",Primary,911917.3837,-0.0189,-0.0382,0.0335,547150.4302,2026-09-25,False,ok,3.19,True,True,3.586,-0.123,False,-0.961,-0.482,True,True,False,-4.74,False,1.02,1.98,30.0,2026-09-25
JPM,JPMorgan Chase & Co.,FinTech & Digital Finance,FinTech - Digital Banking & Neobanks,Secondary,911917.3837,-0.0189,-0.0382,0.0335,364766.9535,2026-09-25,False,ok,3.19,True,True,3.586,-0.123,False,-0.961,-0.482,True,True,False,-4.74,False,1.02,1.98,30.0,2026-09-25
KAI,Kadant Inc.,Industrials & Construction,"Industrials - Machinery, Flow Control & Components",Primary,3234.3992,0.0314,-0.0956,-0.1108,1940.6395,2026-09-25,False,ok,-9.51,False,False,-2.431,-1.79,False,-3.452,0.216,False,True,True,-10.42,False,1.15,-0.19,60.0,2026-09-25
KAI,Kadant Inc.,Environmental Sustainability,Environmental - Clean Technologies & Pollution Control,Secondary,3234.3992,0.0314,-0.0956,-0.1108,1293.7597,2026-09-25,False,ok,-9.51,False,False,-2.431,-1.79,False,-3.452,0.216,False,True,True,-10.42,False,1.15,-0.19,60.0,2026-09-25
KBH,KB Home,Real Estate & REITs,"Real Estate - Housing, Urban Living & Demographics",Primary,2919.008,0.0189,-0.1593,-0.2162,2919.008,2026-09-25,False,ok,-11.32,False,False,-2.816,-1.459,False,-3.669,-0.085,False,True,False,-16.73,False,1.31,2.48,30.0,2026-09-25
KBR,"KBR, Inc.",Industrials & Construction,Industrials - Engineering & Construction,Primary,4354.3803,-0.0281,-0.0794,0.0454,2612.6282,2026-09-25,False,ok,-6.39,False,False,-1.239,0.397,False,-1.485,-0.661,False,False,False,-8.82,False,0.89,1.04,50.0,2026-09-25
KBR,"KBR, Inc.",Defense & Aerospace,Defense - Cyber Defense & Electronic Warfare,Secondary,4354.3803,-0.0281,-0.0794,0.0454,1741.7521,2026-09-25,False,ok,-6.39,False,False,-1.239,0.397,False,-1.485,-0.661,False,False,False,-8.82,False,0.89,1.04,50.0,2026-09-25
KD,"Kyndryl Holdings, Inc.",Business Services & Consulting,Consulting,Primary,2526.6918,-0.0389,-0.1091,0.045,1516.0151,2026-09-25,False,ok,-17.92,False,False,-7.726,2.034,False,-2.323,-1.259,False,False,False,-11.75,False,0.91,2.65,30.0,2026-09-25
KD,"Kyndryl Holdings, Inc.",Cloud Computing,"Cloud - DevOps, Observability & Multi-Cloud",Secondary,2526.6918,-0.0389,-0.1091,0.045,1010.6767,2026-09-25,False,ok,-17.92,False,False,-7.726,2.034,False,-2.323,-1.259,False,False,False,-11.75,False,0.91,2.65,30.0,2026-09-25
KDP,Keurig Dr Pepper Inc.,Consumer Goods & Retail,"Consumer - Health, Food & Beverages",Primary,43478.3928,0.032,0.0035,0.0248,43478.3928,2026-09-25,False,ok,5.72,True,True,2.951,-0.356,True,-0.04,-0.191,True,True,False,-0.61,False,0.89,0.52,40.0,2026-09-25
KEX,Kirby Corp,Transportation & Logistics,Transportation - Marine Shipping & Ports,Primary,6804.8645,-0.0684,-0.0636,-0.0602,6804.8645,2026-09-25,False,ok,-4.21,False,True,1.243,-1.332,False,-1.526,-0.859,False,False,False,-7.26,False,0.83,2.17,40.0,2026-09-25
KEY,Keycorp,Financials - Traditional,"Fin Trad - Banks, Lending & Mortgage Finance",Primary,21993.5212,-0.0096,-0.0495,-0.1,21993.5212,2026-09-25,False,ok,-3.85,False,False,0.841,-1.424,False,-2.105,-0.454,False,True,False,-5.85,False,1.22,2.38,30.0,2026-09-25
KEYS,"Keysight Technologies, Inc.",Semiconductors,Semis - EDA Tools & Design Software,Primary,61654.1348,0.081,0.1313,0.0309,36992.4809,2026-09-25,False,ok,14.95,True,True,4.62,-0.87,True,2.046,1.25,False,True,True,12.05,True,0.87,-0.17,60.0,2026-09-25
KEYS,"Keysight Technologies, Inc.",Semiconductors,Semis - Emerging Technologies,Secondary,61654.1348,0.081,0.1313,0.0309,24661.6539,2026-09-25,False,ok,14.95,True,True,4.62,-0.87,True,2.046,1.25,False,True,True,12.05,True,0.87,-0.17,60.0,2026-09-25
KGC,Kinross Gold Corp,Commodities - Metals,Comm Metals - Gold,Primary,29715.3311,-0.1079,-0.2518,0.0584,29715.3311,2026-09-25,False,ok,-10.53,False,True,-0.58,0.608,False,-2.384,-2.148,False,False,False,-25.89,False,1.03,6.07,20.0,2026-09-25
KHC,Kraft Heinz Co,Consumer Goods & Retail,"Consumer - Health, Food & Beverages",Primary,28021.0145,-0.0327,-0.0518,0.0465,28021.0145,2026-09-25,False,ok,-1.44,False,True,1.707,-0.405,False,-1.192,-0.462,False,False,False,-6.08,False,1.35,0.98,30.0,2026-09-25
KIM,Kimco Realty Corp,Real Estate & REITs,Real Estate - Retail & Consumer Real Estate,Primary,15052.5143,-0.004,-0.0563,-0.1068,15052.5143,2026-09-25,False,ok,-3.85,False,False,0.502,-1.677,False,-1.99,-0.206,False,True,False,-6.53,False,1.22,1.29,40.0,2026-09-25
KKR,KKR & Co. Inc.,Financials - Traditional,"Fin Trad - Asset Management, Custody & Alternatives",Primary,89283.4939,-0.0217,-0.1014,0.0584,89283.4939,2026-09-25,False,ok,-5.95,False,False,-0.45,0.413,False,-2.346,-0.72,False,True,False,-11.0,False,0.9,4.27,10.0,2026-09-25
KLAC,Kla Corp,Semiconductors,"Semis - Equipment, Lithography & Deposition",Primary,245236.8097,0.0618,0.025,-0.2177,147142.0858,2026-09-25,False,ok,1.47,True,False,1.715,-3.422,True,-0.675,1.406,True,True,True,1.52,True,0.81,0.7,30.0,2026-09-25
KLAC,Kla Corp,Artificial Intelligence,"AI - Compute, Edge & Acceleration",Secondary,245236.8097,0.0618,0.025,-0.2177,98094.7239,2026-09-25,False,ok,1.47,True,False,1.715,-3.422,True,-0.675,1.406,True,True,True,1.52,True,0.81,0.7,30.0,2026-09-25
KMB,Kimberly-Clark Corp,Consumer Goods & Retail,Consumer - Household & Personal Care,Primary,32735.7542,0.0058,-0.1028,-0.0667,32735.7542,2026-09-25,False,ok,-4.56,False,False,0.027,-1.002,False,-2.407,-0.091,False,True,False,-11.13,False,1.15,2.03,20.0,2026-09-25
KMI,"Kinder Morgan, Inc.",Energy - Traditional,Energy Base - Refining & Midstream Infrastructure,Primary,68474.1673,-0.0342,-0.0061,-0.0476,41084.5004,2026-09-25,False,ok,-1.5,False,False,0.445,-0.713,False,-0.438,-0.055,True,False,False,-1.56,False,1.16,0.95,30.0,2026-09-25
KMI,"Kinder Morgan, Inc.",Commodities - Energy,Comm Energy - Natural Gas & LNG,Secondary,68474.1673,-0.0342,-0.0061,-0.0476,27389.6669,2026-09-25,False,ok,-1.5,False,False,0.445,-0.713,False,-0.438,-0.055,True,False,False,-1.56,False,1.16,0.95,30.0,2026-09-25
KNF,Knife River Corp,Industrials & Construction,Industrials - Construction Materials & Aggregates,Primary,3098.1476,0.0026,-0.1705,-0.3989,3098.1476,2026-09-25,False,ok,-24.27,False,False,-8.574,-3.849,False,-6.053,-0.064,False,True,False,-17.84,False,1.17,3.6,30.0,2026-09-25
KNSL,"Kinsale Capital Group, Inc.",Financials - Traditional,Fin Trad - Insurance & Reinsurance,Primary,7528.041,-0.0739,-0.1476,0.0655,7528.041,2026-09-25,False,ok,-6.98,False,False,0.337,0.433,False,-2.117,-1.139,False,False,False,-15.57,False,0.78,2.43,40.0,2026-09-25
KNX,Knight-Swift Transportation Holdings Inc.,Transportation & Logistics,"Transportation - Trucking, LTL & Ground Freight",Primary,10362.6742,-0.0451,-0.0678,-0.1431,10362.6742,2026-09-25,False,ok,-4.75,False,True,2.069,-2.689,False,-1.82,-0.399,False,False,False,-7.67,False,1.0,1.25,60.0,2026-09-25
KO,Coca Cola Co,Consumer Goods & Retail,"Consumer - Health, Food & Beverages",Primary,377806.8152,-0.005,-0.0361,0.096,377806.8152,2026-09-25,False,ok,6.99,True,True,4.131,-0.048,False,0.215,-0.14,True,False,False,-4.52,False,1.01,-0.04,50.0,2026-09-25
KOPN,Kopin Corp,Hardware,Hardware - Next-Gen & Specialty,Primary,927.5043,0.0527,0.0331,0.2961,927.5043,2026-09-25,False,ok,21.6,True,True,8.177,-0.692,True,2.456,1.093,False,True,True,2.33,True,0.92,0.28,40.0,2026-09-25
KR,Kroger Co,E-commerce,E-commerce - Grocery & Local Commerce Platforms,Primary,34691.1785,-0.021,0.005,0.0113,20814.7071,2026-09-25,False,ok,-3.59,False,False,-2.778,0.423,True,0.605,-0.231,True,False,False,-0.46,False,1.1,-0.16,50.0,2026-09-25
KR,Kroger Co,E-commerce,"E-commerce - Omnichannel Retailers, Online & Physical Stores",Secondary,34691.1785,-0.021,0.005,0.0113,13876.4714,2026-09-25,False,ok,-3.59,False,False,-2.778,0.423,True,0.605,-0.231,True,False,False,-0.46,False,1.1,-0.16,50.0,2026-09-25
KRC,Kilroy Realty Corp,Real Estate & REITs,Real Estate - Office & Commercial Workspaces,Primary,4020.0586,0.0,-0.0798,-0.0596,4020.0586,2026-09-25,False,ok,-4.23,False,False,0.563,-1.232,False,-2.111,-0.108,False,True,False,-8.86,False,1.05,2.1,40.0,2026-09-25
KRG,Kite Realty Group Trust,Real Estate & REITs,Real Estate - Retail & Consumer Real Estate,Primary,5084.7703,-0.0256,-0.0628,-0.1323,5084.7703,2026-09-25,False,ok,-5.14,False,False,0.238,-1.955,False,-1.947,-0.253,False,True,False,-7.17,False,0.84,0.82,30.0,2026-09-25
KTOS,"Kratos Defense & Security Solutions, Inc.",Hardware,Hardware - Next-Gen & Specialty,Primary,8563.8467,-0.0388,-0.1334,-0.0486,5138.308,2026-09-25,False,ok,-23.17,False,False,-11.027,-0.036,False,-3.617,-0.031,False,False,False,-14.16,False,0.92,0.86,50.0,2026-09-25
KTOS,"Kratos Defense & Security Solutions, Inc.",Defense & Aerospace,Defense - Drones & Anti-Drone Systems,Secondary,8563.8467,-0.0388,-0.1334,-0.0486,3425.5387,2026-09-25,False,ok,-23.17,False,False,-11.027,-0.036,False,-3.617,-0.031,False,False,False,-14.16,False,0.92,0.86,50.0,2026-09-25
KVHI,Kvh Industries Inc \De\,Industrial Automation & Robotics,"Robotics - Autonomous Vehicles, Service & Mobility",Primary,134.0617,0.025,-0.0186,-0.2054,134.0617,2026-09-25,False,ok,-8.66,False,False,-2.878,-3.364,True,-2.279,1.017,False,True,True,-2.79,False,0.6,-0.34,60.0,2026-09-25
KVUE,Kenvue Inc.,Consumer Goods & Retail,Consumer - Household & Personal Care,Primary,34189.7667,0.0114,-0.0682,-0.0312,34189.7667,2026-09-25,False,ok,-0.25,False,True,1.462,-0.991,False,-1.453,0.018,False,True,True,-7.7,False,1.17,1.51,40.0,2026-09-25
L,Loews Corp,Conglomerates & Diversified Holdings,Diversified Holdings & Multi-Industry Conglomerates,Primary,21428.1134,-0.0274,-0.0541,-0.0629,12856.868,2026-09-25,False,ok,-4.2,False,False,0.112,-0.995,False,-1.522,-0.261,False,False,False,-6.31,False,1.24,0.59,50.0,2026-09-25
L,Loews Corp,Financials - Traditional,Fin Trad - Insurance & Reinsurance,Secondary,21428.1134,-0.0274,-0.0541,-0.0629,8571.2454,2026-09-25,False,ok,-4.2,False,False,0.112,-0.995,False,-1.522,-0.261,False,False,False,-6.31,False,1.24,0.59,50.0,2026-09-25
LAC,Lithium Americas Corp.,Energy - Renewable,Energy Clean - Materials & Critical Metals,Primary,998.3681,-0.0385,-0.1538,-0.302,599.0209,2026-09-25,False,ok,-28.03,False,False,-14.129,-1.481,True,-2.593,-0.228,False,False,False,-16.19,False,0.95,1.66,30.0,2026-09-25
LAC,Lithium Americas Corp.,Commodities - Metals,Comm Metals - Battery & Energy Transition Metals,Secondary,998.3681,-0.0385,-0.1538,-0.302,399.3472,2026-09-25,False,ok,-28.03,False,False,-14.129,-1.481,True,-2.593,-0.228,False,False,False,-16.19,False,0.95,1.66,30.0,2026-09-25
LAD,"Lithia Motors, Inc.",E-commerce,"E-commerce - Omnichannel Retailers, Online & Physical Stores",Primary,6955.8979,0.0005,-0.1492,0.0384,6955.8979,2026-09-25,False,ok,-2.94,False,True,4.166,-0.683,False,-4.248,-1.518,False,True,False,-15.73,False,0.93,2.56,30.0,2026-09-25
LAES,Sealsq Corp,Semiconductors,Semis - Emerging Technologies,Primary,528.5868,0.0491,-0.0748,-0.2724,528.5868,2026-09-25,False,ok,-19.29,False,False,-10.368,-0.658,True,-2.61,0.36,False,True,True,-8.36,False,0.49,2.56,30.0,2026-09-25
LAMR,Lamar Advertising Co,Real Estate & REITs,Real Estate - Retail & Consumer Real Estate,Primary,14621.1226,-0.0081,-0.041,-0.0528,8772.6736,2026-09-25,False,ok,-0.51,False,True,2.1,-1.581,False,-1.338,-0.071,False,True,False,-5.02,False,0.8,1.26,10.0,2026-09-25
LAMR,Lamar Advertising Co,Digital Entertainment & Media,Entertainment - Advertising & Social Platforms,Secondary,14621.1226,-0.0081,-0.041,-0.0528,5848.449,2026-09-25,False,ok,-0.51,False,True,2.1,-1.581,False,-1.338,-0.071,False,True,False,-5.02,False,0.8,1.26,10.0,2026-09-25
LAR,Lithium Argentina Ag,Commodities - Metals,Comm Metals - Battery & Energy Transition Metals,Primary,905.832,-0.0433,-0.1786,-0.3235,905.832,2026-09-25,False,ok,-21.17,False,False,-6.163,-3.992,False,-4.286,-0.814,False,False,False,-18.64,False,0.94,3.6,30.0,2026-09-25
LAUR,"Laureate Education, Inc.",Education Technology,Education - Workforce Training,Primary,5151.8264,0.0352,-0.025,0.0149,5151.8264,2026-09-25,False,ok,4.57,True,True,2.575,-0.614,True,-0.254,0.522,True,True,True,-3.43,False,0.99,-1.14,50.0,2026-09-25
LCID,"Lucid Group, Inc.",Transportation & Logistics,Transportation - Urban Mobility & Emerging Transport Tech,Primary,1603.8657,-0.0049,-0.2262,-0.2097,962.3194,2026-09-25,False,ok,-42.84,False,False,-21.068,-1.438,False,-8.549,0.772,False,False,True,-23.36,False,0.53,4.09,20.0,2026-09-25
LCID,"Lucid Group, Inc.",Electric Vehicles & Mobility,EVs - Manufacturers,Secondary,1603.8657,-0.0049,-0.2262,-0.2097,641.5463,2026-09-25,False,ok,-42.84,False,False,-21.068,-1.438,False,-8.549,0.772,False,False,True,-23.36,False,0.53,4.09,20.0,2026-09-25
LDOS,"Leidos Holdings, Inc.",Defense & Aerospace,Defense - Cyber Defense & Electronic Warfare,Primary,15512.0916,-0.032,-0.0783,0.1888,9307.255,2026-09-25,False,ok,-9.33,False,False,-4.292,2.005,False,-1.569,-0.893,False,True,False,-8.7,False,0.96,1.23,50.0,2026-09-25
LDOS,"Leidos Holdings, Inc.",Space Tech,Space - Data Analytics & Earth Observation,Secondary,15512.0916,-0.032,-0.0783,0.1888,6204.8366,2026-09-25,False,ok,-9.33,False,False,-4.292,2.005,False,-1.569,-0.893,False,True,False,-8.7,False,0.96,1.23,50.0,2026-09-25
LEA,Lear Corp,Electric Vehicles & Mobility,EVs - Key Suppliers & Autonomy Tech,Primary,8169.3891,0.0172,-0.0015,-0.0893,8169.3891,2026-09-25,False,ok,-3.77,False,False,0.014,-1.543,False,-1.45,-0.389,False,True,False,-1.1,False,1.03,2.37,30.0,2026-09-25
LECO,"Lincoln Electric Holdings, Inc.",Industrials & Construction,"Industrials - Machinery, Flow Control & Components",Primary,14809.215,0.0564,-0.0302,0.0134,8885.529,2026-09-25,False,ok,3.06,True,True,1.187,-0.272,True,-0.915,0.387,True,True,True,-3.94,False,1.01,1.05,70.0,2026-09-25
LECO,"Lincoln Electric Holdings, Inc.",Industrial Automation & Robotics,"Robotics - Autonomous Vehicles, Service & Mobility",Secondary,14809.215,0.0564,-0.0302,0.0134,5923.686,2026-09-25,False,ok,3.06,True,True,1.187,-0.272,True,-0.915,0.387,True,True,True,-3.94,False,1.01,1.05,70.0,2026-09-25
LEN,Lennar Corp,Real Estate & REITs,"Real Estate - Housing, Urban Living & Demographics",Primary,19789.5352,0.0748,-0.0631,-0.1109,19789.5352,2026-09-25,False,ok,-8.6,False,False,-5.281,0.063,True,-1.289,0.457,False,True,True,-7.2,False,1.45,1.2,40.0,2026-09-25
LEU,Centrus Energy Corp,Energy - Traditional,Energy Base - Nuclear Power & Advanced Reactors,Primary,3008.0387,0.0127,-0.2395,-0.1406,1804.8232,2026-09-25,False,ok,-21.43,False,False,-8.619,-0.331,False,-4.863,-0.529,False,True,False,-24.67,False,0.99,3.82,30.0,2026-09-25
LEU,Centrus Energy Corp,Commodities - Energy,Comm Energy - Uranium & Nuclear Fuels,Secondary,3008.0387,0.0127,-0.2395,-0.1406,1203.2155,2026-09-25,False,ok,-21.43,False,False,-8.619,-0.331,False,-4.863,-0.529,False,True,False,-24.67,False,0.99,3.82,30.0,2026-09-25
LEVI,Levi Strauss & Co,E-commerce,E-commerce - Direct-to-Consumer,Primary,7593.1013,-0.0045,-0.0649,-0.1571,4555.8608,2026-09-25,False,ok,-10.0,False,False,-1.707,-2.447,False,-3.088,0.272,False,True,True,-7.38,False,0.82,1.39,40.0,2026-09-25
LEVI,Levi Strauss & Co,Consumer Goods & Retail,Consumer - Apparel & E-Commerce Retail,Secondary,7593.1013,-0.0045,-0.0649,-0.1571,3037.2405,2026-09-25,False,ok,-10.0,False,False,-1.707,-2.447,False,-3.088,0.272,False,True,True,-7.38,False,0.82,1.39,40.0,2026-09-25
LFST,"Lifestance Health Group, Inc.",Healthcare & Biotech,"Healthcare - Digital Health, Telemedicine & Remote Care",Primary,4501.0253,-0.0581,-0.0358,0.2269,4501.0253,2026-09-25,False,ok,18.64,True,True,13.256,-0.295,False,0.243,-1.464,True,False,False,-4.5,False,1.4,1.67,30.0,2026-09-25
LFUS,"Littelfuse, Inc.",Semiconductors,"Semis - Analog, Mixed-Signal & Power Management",Primary,10901.6504,0.0523,0.0588,-0.0726,6540.9902,2026-09-25,False,ok,6.15,True,True,3.432,-1.824,True,-0.299,0.684,True,True,True,4.87,True,0.65,1.38,50.0,2026-09-25
LFUS,"Littelfuse, Inc.",Electric Vehicles & Mobility,EVs - Key Suppliers & Autonomy Tech,Secondary,10901.6504,0.0523,0.0588,-0.0726,4360.6602,2026-09-25,False,ok,6.15,True,True,3.432,-1.824,True,-0.299,0.684,True,True,True,4.87,True,0.65,1.38,50.0,2026-09-25
LH,Labcorp Holdings Inc.,Healthcare & Biotech,"Healthcare - Diagnostics, Biomarkers & Liquid Biopsy",Primary,25111.806,-0.0345,-0.0811,0.1702,25111.806,2026-09-25,False,ok,5.94,True,True,4.962,0.564,False,-0.748,-0.74,True,True,False,-8.98,False,1.15,1.73,40.0,2026-09-25
LHX,"L3Harris Technologies, Inc. /De/",Defense & Aerospace,Defense - Cyber Defense & Electronic Warfare,Primary,44261.3555,-0.0388,-0.089,-0.1686,26556.8133,2026-09-25,False,ok,-17.26,False,False,-6.409,-1.865,False,-3.386,-0.214,False,True,False,-9.77,False,1.0,1.54,30.0,2026-09-25
LHX,"L3Harris Technologies, Inc. /De/",Defense & Aerospace,Defense - Drones & Anti-Drone Systems,Secondary,44261.3555,-0.0388,-0.089,-0.1686,17704.5422,2026-09-25,False,ok,-17.26,False,False,-6.409,-1.865,False,-3.386,-0.214,False,True,False,-9.77,False,1.0,1.54,30.0,2026-09-25
LI,Li Auto Inc.,Transportation & Logistics,Transportation - Urban Mobility & Emerging Transport Tech,Primary,11238.657,-0.0527,-0.0628,-0.0718,6743.1942,2026-09-25,False,ok,-19.93,False,False,-10.054,-0.004,False,-1.758,-0.155,False,False,False,-7.17,False,0.86,-0.22,70.0,2026-09-25
LI,Li Auto Inc.,Electric Vehicles & Mobility,EVs - Manufacturers,Secondary,11238.657,-0.0527,-0.0628,-0.0718,4495.4628,2026-09-25,False,ok,-19.93,False,False,-10.054,-0.004,False,-1.758,-0.155,False,False,False,-7.17,False,0.86,-0.22,70.0,2026-09-25
LII,Lennox International Inc.,Industrials & Construction,Industrials - Building Products & HVAC,Primary,12917.7436,0.0405,-0.0393,-0.321,12917.7436,2026-09-25,False,ok,-19.0,False,False,-8.116,-3.291,True,-3.641,0.944,False,True,True,-4.84,False,0.82,0.89,30.0,2026-09-25
LIN,Linde Plc,Energy - Renewable,Energy Clean - Hydrogen & Fuel Cells,Primary,216609.9804,0.0206,-0.0324,-0.0859,129965.9882,2026-09-25,False,ok,-3.35,False,False,-0.846,-1.32,True,-1.15,0.261,False,True,True,-4.16,False,0.92,0.7,20.0,2026-09-25
LIN,Linde Plc,Environmental Sustainability,"Environmental - Climate, Carbon & Land Resources",Secondary,216609.9804,0.0206,-0.0324,-0.0859,86643.9922,2026-09-25,False,ok,-3.35,False,False,-0.846,-1.32,True,-1.15,0.261,False,True,True,-4.16,False,0.92,0.7,20.0,2026-09-25
LINC,Lincoln Educational Services Corp,Education Technology,Education - Workforce Training,Primary,712.4644,-0.1147,-0.1164,-0.5306,712.4644,2026-09-25,False,ok,-35.61,False,False,-10.495,-8.061,True,-7.196,0.87,False,False,True,-12.48,False,0.7,2.14,30.0,2026-09-25
LITE,Lumentum Holdings Inc.,Hardware,Hardware - Communications & Telecom,Primary,84466.0081,0.0115,0.0633,0.1176,50679.6049,2026-09-25,False,ok,19.07,True,True,8.267,-1.021,True,2.09,0.033,False,True,True,5.32,True,1.04,-1.96,50.0,2026-09-25
LITE,Lumentum Holdings Inc.,Industrial Automation & Robotics,Robotics - Sensors & Vision Systems,Secondary,84466.0081,0.0115,0.0633,0.1176,33786.4032,2026-09-25,False,ok,19.07,True,True,8.267,-1.021,True,2.09,0.033,False,True,True,5.32,True,1.04,-1.96,50.0,2026-09-25
LIVN,Livanova Plc,Healthcare & Biotech,Healthcare - Medical Devices & HealthTech Hardware,Primary,4209.5567,-0.0177,-0.035,-0.0415,4209.5567,2026-09-25,False,ok,2.9,True,True,3.983,-1.312,False,-1.07,-0.439,False,True,False,-4.42,False,0.99,1.63,30.0,2026-09-25
LKQ,Lkq Corp,Commodities - Metals,Comm Metals - Recycling & Circular Materials,Primary,5892.4186,-0.0004,-0.082,-0.1017,5892.4186,2026-09-25,False,ok,-10.98,False,False,-4.564,-0.266,False,-1.949,-0.319,False,True,False,-9.07,False,1.0,2.89,20.0,2026-09-25
LLY,Eli Lilly & Co,Healthcare & Biotech,Healthcare - Metabolic & Cardiometabolic,Primary,1055340.2327,0.0265,-0.0407,0.0608,1055340.2327,2026-09-25,False,ok,7.3,True,True,3.855,-0.851,True,-0.242,0.497,True,True,True,-4.98,False,0.9,-0.07,50.0,2026-09-25
LMND,"Lemonade, Inc.",FinTech & Digital Finance,FinTech - InsurTech & Embedded Insurance,Primary,3477.43,-0.0459,-0.1744,-0.2141,3477.43,2026-09-25,False,ok,-20.89,False,False,-6.573,-2.237,False,-4.464,-0.804,False,False,False,-18.22,False,0.71,4.12,30.0,2026-09-25
LMT,Lockheed Martin Corp,Defense & Aerospace,Defense - Cyber Defense & Electronic Warfare,Primary,119909.6463,-0.0259,-0.0606,0.0633,71945.7878,2026-09-25,False,ok,-4.47,False,False,-0.438,-0.624,False,-1.667,-0.11,False,False,False,-6.96,False,1.0,0.04,60.0,2026-09-25
LMT,Lockheed Martin Corp,Defense & Aerospace,Defense - Drones & Anti-Drone Systems,Secondary,119909.6463,-0.0259,-0.0606,0.0633,47963.8585,2026-09-25,False,ok,-4.47,False,False,-0.438,-0.624,False,-1.667,-0.11,False,False,False,-6.96,False,1.0,0.04,60.0,2026-09-25
LNG,"Cheniere Energy, Inc.",Commodities - Energy,Comm Energy - Natural Gas & LNG,Primary,55462.6867,0.0007,-0.0368,0.1657,55462.6867,2026-09-25,False,ok,4.63,True,True,3.813,0.157,False,-0.212,-0.479,True,False,False,-4.6,False,1.25,1.87,40.0,2026-09-25
LNN,Lindsay Corp,Agriculture & FoodTech,Agriculture - Precision Agriculture & Farm Automation,Primary,1161.7951,-0.0076,0.0007,-0.049,1161.7951,2026-09-25,False,ok,-2.01,False,True,-0.425,0.364,False,-0.356,-0.572,True,True,False,-0.88,False,1.21,1.17,40.0,2026-09-25
LNT,Alliant Energy Corp,Energy - Traditional,Energy Base - Utilities & Conventional Power Operators,Primary,16490.5073,-0.0306,-0.0694,-0.1522,16490.5073,2026-09-25,False,ok,-8.66,False,False,-1.609,-1.669,False,-2.277,-0.397,False,True,False,-7.82,False,0.92,1.29,20.0,2026-09-25
LNTH,"Lantheus Holdings, Inc.",Healthcare & Biotech,"Healthcare - Diagnostics, Biomarkers & Liquid Biopsy",Primary,6513.0097,-0.0081,-0.0112,-0.0487,3907.8058,2026-09-25,False,ok,6.15,True,True,5.077,-2.172,True,-0.363,-0.03,True,False,False,-2.06,False,0.72,0.2,30.0,2026-09-25
LNTH,"Lantheus Holdings, Inc.",Nanotechnology,NanoTech - Nanomedicine & Drug Delivery,Secondary,6513.0097,-0.0081,-0.0112,-0.0487,2605.2039,2026-09-25,False,ok,6.15,True,True,5.077,-2.172,True,-0.363,-0.03,True,False,False,-2.06,False,0.72,0.2,30.0,2026-09-25
LNZA,"Lanzatech Global, Inc.",Environmental Sustainability,"Environmental - Climate, Carbon & Land Resources",Primary,78.9277,0.0542,-0.0946,0.0415,78.9277,2026-09-25,False,ok,-36.16,False,False,-25.568,0.258,True,-0.934,0.012,True,True,True,-10.32,False,0.9,2.51,30.0,2026-09-25
LOAR,Loar Holdings Inc.,Defense & Aerospace,Defense - Next-Generation Aircraft & Maintenance,Primary,6093.4984,0.0095,-0.1104,-0.1187,3656.099,2026-09-25,False,ok,-5.48,False,False,-0.022,-1.099,False,-2.81,0.093,False,True,True,-11.88,False,1.03,2.15,20.0,2026-09-25
LOAR,Loar Holdings Inc.,Defense & Aerospace,Defense - Secure Defense Supply Chains,Secondary,6093.4984,0.0095,-0.1104,-0.1187,2437.3994,2026-09-25,False,ok,-5.48,False,False,-0.022,-1.099,False,-2.81,0.093,False,True,True,-11.88,False,1.03,2.15,20.0,2026-09-25
LOCL,Local Bounti Corporation/De,Agriculture & FoodTech,Agriculture - Precision Agriculture & Farm Automation,Primary,25.4859,-0.0684,0.0988,-0.155,25.4859,2026-09-25,False,ok,-22.8,False,False,-13.301,1.062,False,-0.553,-0.874,True,True,False,8.83,True,1.49,2.92,40.0,2026-09-25
LOGI,Logitech International S.A.,Hardware,"Hardware - Consumer Electronics, PCs & Peripherals",Primary,14474.9087,0.0155,0.0418,0.0039,14474.9087,2026-09-25,False,ok,0.65,True,True,-0.072,-0.206,True,0.82,0.383,True,False,True,3.19,True,0.77,2.46,50.0,2026-09-25
LOPE,"Grand Canyon Education, Inc.",Education Technology,Education - Digital Curriculum,Primary,3838.8585,-0.0264,-0.0121,0.0182,3838.8585,2026-09-25,False,ok,-5.27,False,False,-2.737,0.867,False,0.183,-0.363,True,False,False,-2.15,False,1.04,-0.35,60.0,2026-09-25
LOW,"Lowe's Companies, Inc.",E-commerce,"E-commerce - Omnichannel Retailers, Online & Physical Stores",Primary,106196.3039,-0.0167,-0.118,-0.14,63717.7823,2026-09-25,False,ok,-13.29,False,False,-4.789,-0.845,False,-2.687,-0.221,False,True,False,-12.64,False,1.0,1.26,30.0,2026-09-25
LOW,"Lowe's Companies, Inc.",Industrials & Construction,Industrials - Building Products & HVAC,Secondary,106196.3039,-0.0167,-0.118,-0.14,42478.5216,2026-09-25,False,ok,-13.29,False,False,-4.789,-0.845,False,-2.687,-0.221,False,True,False,-12.64,False,1.0,1.26,30.0,2026-09-25
LPX,Louisiana-Pacific Corp,Industrials & Construction,Industrials - Building Products & HVAC,Primary,4663.8909,0.0211,-0.0777,-0.1596,4663.8909,2026-09-25,False,ok,-9.71,False,False,-3.702,-1.012,False,-2.042,0.379,False,True,True,-8.65,False,0.9,0.91,40.0,2026-09-25
LQDA,Liquidia Corp,Nanotechnology,NanoTech - Nanomedicine & Drug Delivery,Primary,6125.0934,0.0232,-0.0292,-0.0941,6125.0934,2026-09-25,False,ok,9.69,True,True,9.249,-4.869,True,-2.19,0.909,False,False,True,-3.85,False,0.77,-2.0,60.0,2026-09-25
LRCX,Lam Research Corp,Semiconductors,"Semis - Equipment, Lithography & Deposition",Primary,394461.4789,0.0952,0.0028,-0.1581,236676.8873,2026-09-25,False,ok,8.81,True,True,4.497,-2.913,True,-0.45,1.221,True,True,True,-0.67,False,0.89,1.42,30.0,2026-09-25
LRCX,Lam Research Corp,Artificial Intelligence,"AI - Compute, Edge & Acceleration",Secondary,394461.4789,0.0952,0.0028,-0.1581,157784.5916,2026-09-25,False,ok,8.81,True,True,4.497,-2.913,True,-0.45,1.221,True,True,True,-0.67,False,0.89,1.42,30.0,2026-09-25
LRN,"Stride, Inc.",Education Technology,Education - Digital Curriculum,Primary,3264.9413,-0.0043,-0.0821,-0.0737,3264.9413,2026-09-25,False,ok,-10.12,False,False,-3.343,-0.723,False,-1.846,-0.438,False,True,False,-9.09,False,0.84,1.05,30.0,2026-09-25
LSCC,Lattice Semiconductor Corp,Semiconductors,Semis - Emerging Technologies,Primary,18186.9773,0.154,0.1029,-0.1103,10912.1864,2026-09-25,False,ok,8.52,True,True,2.499,-2.762,True,0.082,1.887,True,True,True,9.24,True,0.88,1.56,40.0,2026-09-25
LSCC,Lattice Semiconductor Corp,Industrial Automation & Robotics,Robotics - Sensors & Vision Systems,Secondary,18186.9773,0.154,0.1029,-0.1103,7274.7909,2026-09-25,False,ok,8.52,True,True,2.499,-2.762,True,0.082,1.887,True,True,True,9.24,True,0.88,1.56,40.0,2026-09-25
LSF,"Laird Superfood, Inc.",Agriculture & FoodTech,Agriculture - Alternative Proteins,Primary,38.6155,-0.0873,-0.1606,-0.2282,38.6155,2026-09-25,False,ok,-9.79,False,False,2.505,-2.535,False,-4.193,-0.875,False,False,False,-16.86,False,0.65,3.08,40.0,2026-09-25
LSPD,Lightspeed Commerce Inc.,E-commerce,E-commerce - Platforms,Primary,1276.187,0.0489,-0.0724,0.0217,1276.187,2026-09-25,False,ok,-2.1,False,False,0.133,-0.144,False,-1.93,-0.132,False,True,False,-8.12,False,0.84,2.3,30.0,2026-09-25
LSTR,Landstar System Inc,Transportation & Logistics,"Transportation - Trucking, LTL & Ground Freight",Primary,5557.8501,-0.0383,-0.0824,-0.2096,5557.8501,2026-09-25,False,ok,-8.33,False,False,0.191,-3.206,False,-2.673,-0.253,False,False,False,-9.11,False,0.71,1.31,30.0,2026-09-25
LULU,Lululemon Athletica Inc.,E-commerce,E-commerce - Direct-to-Consumer,Primary,11214.9258,0.033,-0.1439,-0.1043,6728.9555,2026-09-25,False,ok,-20.78,False,False,-10.543,-0.719,True,-3.927,0.377,False,True,True,-15.21,False,1.75,5.68,30.0,2026-09-25
LULU,Lululemon Athletica Inc.,E-commerce,"E-commerce - Omnichannel Retailers, Online & Physical Stores",Secondary,11214.9258,0.033,-0.1439,-0.1043,4485.9703,2026-09-25,False,ok,-20.78,False,False,-10.543,-0.719,True,-3.927,0.377,False,True,True,-15.21,False,1.75,5.68,30.0,2026-09-25
LUNR,"Intuitive Machines, Inc.",Space Tech,"Space - Infrastructure, Exploration & Launch",Primary,2504.6605,0.1214,-0.0596,-0.184,2504.6605,2026-09-25,False,ok,-15.89,False,False,-9.881,-3.901,True,-1.182,1.276,False,True,True,-6.86,False,0.75,0.82,40.0,2026-09-25
LUV,Southwest Airlines Co,Transportation & Logistics,Transportation - Air Travel & Passenger Transportation,Primary,20879.4051,0.0415,0.0505,-0.1582,20879.4051,2026-09-25,False,ok,0.78,True,False,-0.387,-1.66,True,-0.159,1.403,True,True,True,4.05,True,1.02,0.18,60.0,2026-09-25
LUXE,"LuxExperience B.V. American Depositary Shares, each representing one Ordinary Share",Consumer Goods & Retail,Consumer - Modern Luxury & Lifestyle,Primary,1310.3844,-0.0694,0.2026,0.215,1310.3844,2026-09-25,False,ok,14.38,True,True,1.503,2.472,True,5.133,1.796,False,False,True,19.11,True,1.88,-3.09,50.0,2026-09-25
LVS,Las Vegas Sands Corp,Real Estate & REITs,"Real Estate - Travel, Leisure & Entertainment Properties",Primary,25253.8696,-0.0248,-0.1752,-0.1784,25253.8696,2026-09-25,False,ok,-18.76,False,False,-6.549,-1.296,False,-4.06,-0.739,False,True,False,-18.3,False,1.07,3.02,0.0,2026-09-25
LXFR,Luxfer Holdings Plc,Commodities - Metals,Comm Metals - Rare Earth & Strategic Materials,Primary,465.6328,,,,465.6328,,True,no_data,,,,,,,,,,,,,,,,,2026-09-25
LYB,Lyondellbasell Industries N.V.,Industrials & Construction,Industrials - Chemicals & Advanced Materials,Primary,18781.4257,-0.0612,-0.0705,0.0467,18781.4257,2026-09-25,False,ok,-4.64,False,True,0.691,-0.74,False,-1.446,-1.196,False,False,False,-7.93,False,0.87,-0.29,40.0,2026-09-25
LYFT,"Lyft, Inc.",Transportation & Logistics,Transportation - Urban Mobility & Emerging Transport Tech,Primary,5627.0008,-0.0156,-0.1578,0.0323,3376.2005,2026-09-25,False,ok,-6.03,False,False,0.279,0.404,False,-3.011,-0.811,False,True,False,-16.58,False,0.91,3.49,20.0,2026-09-25
LYFT,"Lyft, Inc.",Electric Vehicles & Mobility,EVs - Autonomous Driving & Fleet,Secondary,5627.0008,-0.0156,-0.1578,0.0323,2250.8003,2026-09-25,False,ok,-6.03,False,False,0.279,0.404,False,-3.011,-0.811,False,True,False,-16.58,False,0.91,3.49,20.0,2026-09-25
LYV,"Live Nation Entertainment, Inc.",Real Estate & REITs,"Real Estate - Travel, Leisure & Entertainment Properties",Primary,39805.7882,0.0224,-0.0851,-0.0035,23883.4729,2026-09-25,False,ok,0.74,True,True,2.05,-1.161,False,-1.563,0.091,False,True,True,-9.38,False,0.97,0.61,50.0,2026-09-25
LYV,"Live Nation Entertainment, Inc.",Digital Entertainment & Media,Entertainment - Advertising & Social Platforms,Secondary,39805.7882,0.0224,-0.0851,-0.0035,15922.3153,2026-09-25,False,ok,0.74,True,True,2.05,-1.161,False,-1.563,0.091,False,True,True,-9.38,False,0.97,0.61,50.0,2026-09-25
M,"Macy'S, Inc.",E-commerce,"E-commerce - Omnichannel Retailers, Online & Physical Stores",Primary,5913.0388,0.0319,0.0108,-0.0989,5913.0388,2026-09-25,False,ok,3.45,True,True,2.473,-1.2,True,-0.666,0.654,True,True,True,0.12,True,1.17,2.07,40.0,2026-09-25
MA,Mastercard Inc,FinTech & Digital Finance,FinTech - Digital Payments & Merchant Infrastructure,Primary,497267.0484,0.0043,-0.0529,0.1501,298360.229,2026-09-25,False,ok,4.49,True,True,2.806,0.703,False,-0.366,-0.301,True,True,False,-6.19,False,0.91,0.96,30.0,2026-09-25
MA,Mastercard Inc,Crypto & Blockchain,"Blockchain - Platforms, Tokenization & Financial Services",Secondary,497267.0484,0.0043,-0.0529,0.1501,198906.8194,2026-09-25,False,ok,4.49,True,True,2.806,0.703,False,-0.366,-0.301,True,True,False,-6.19,False,0.91,0.96,30.0,2026-09-25
MAA,Mid America Apartment Communities Inc.,Real Estate & REITs,"Real Estate - Housing, Urban Living & Demographics",Primary,14079.3641,-0.0049,-0.1033,-0.1094,14079.3641,2026-09-25,False,ok,-8.37,False,False,-1.34,-1.403,False,-2.821,-0.47,False,True,False,-11.18,False,1.06,1.65,20.0,2026-09-25
MAC,Macerich Co,Real Estate & REITs,Real Estate - Retail & Consumer Real Estate,Primary,6679.4875,0.0004,-0.0597,-0.1023,6679.4875,2026-09-25,False,ok,0.45,True,True,2.758,-2.154,False,-1.662,0.259,False,True,True,-6.87,False,1.05,0.42,50.0,2026-09-25
MANH,Manhattan Associates Inc,Industrial Automation & Robotics,Automation - Smart Logistics & Warehouse Automation,Primary,12012.5737,-0.0257,-0.0332,0.5743,7207.5442,2026-09-25,False,ok,16.65,True,True,8.914,2.725,False,1.057,-0.813,False,False,False,-4.24,False,0.86,0.67,30.0,2026-09-25
MANH,Manhattan Associates Inc,Transportation & Logistics,Transportation - Infrastructure & Equipment,Secondary,12012.5737,-0.0257,-0.0332,0.5743,4805.0295,2026-09-25,False,ok,16.65,True,True,8.914,2.725,False,1.057,-0.813,False,False,False,-4.24,False,0.86,0.67,30.0,2026-09-25
MAR,Marriott International Inc /Md/,Real Estate & REITs,"Real Estate - Travel, Leisure & Entertainment Properties",Primary,91797.5532,0.0387,-0.016,-0.0803,91797.5532,2026-09-25,False,ok,0.66,True,False,0.196,-1.58,True,-0.239,0.848,True,True,True,-2.54,False,0.97,-0.14,50.0,2026-09-25
MARA,"Mara Holdings, Inc.",FinTech & Digital Finance,"FinTech - Crypto, Blockchain & Tokenization",Primary,4848.0563,-0.0521,0.0609,-0.1036,2908.8338,2026-09-25,False,ok,6.18,True,True,0.418,0.874,True,4.393,1.118,False,False,True,5.08,True,0.99,2.87,30.0,2026-09-25
MARA,"Mara Holdings, Inc.",Crypto & Blockchain,Blockchain - Cryptocurrency Mining & Staking,Secondary,4848.0563,-0.0521,0.0609,-0.1036,1939.2225,2026-09-25,False,ok,6.18,True,True,0.418,0.874,True,4.393,1.118,False,False,True,5.08,True,0.99,2.87,30.0,2026-09-25
MAS,Masco Corp,Industrials & Construction,Industrials - Building Products & HVAC,Primary,13576.3538,0.0116,-0.0558,-0.114,13576.3538,2026-09-25,False,ok,-3.32,False,False,0.492,-1.564,False,-1.965,0.104,False,True,True,-6.48,False,0.94,1.49,30.0,2026-09-25
MAT,"Mattel, Inc.",Consumer Goods & Retail,Consumer - Modern Luxury & Lifestyle,Primary,3796.9531,0.0023,-0.1291,-0.0425,3796.9531,2026-09-25,False,ok,-11.28,False,False,-4.134,0.045,False,-2.837,-0.425,False,True,False,-13.74,False,0.91,2.16,50.0,2026-09-25
MATX,"Matson, Inc.",Transportation & Logistics,Transportation - Marine Shipping & Ports,Primary,6718.1112,-0.0355,0.0083,0.1508,6718.1112,2026-09-25,False,ok,14.86,True,True,8.765,-0.469,False,1.13,-0.683,False,False,False,-0.13,False,1.08,-0.18,60.0,2026-09-25
MBLY,Mobileye Global Inc.,Hardware,Hardware - Next-Gen & Specialty,Primary,6827.006,0.0012,-0.0749,0.0308,4096.2036,2026-09-25,False,ok,-10.63,False,False,-4.038,-0.282,False,-2.707,-0.266,False,True,False,-8.37,False,0.81,2.45,30.0,2026-09-25
MBLY,Mobileye Global Inc.,Industrial Automation & Robotics,"Robotics - Autonomous Vehicles, Service & Mobility",Secondary,6827.006,0.0012,-0.0749,0.0308,2730.8024,2026-09-25,False,ok,-10.63,False,False,-4.038,-0.282,False,-2.707,-0.266,False,True,False,-8.37,False,0.81,2.45,30.0,2026-09-25
MCD,Mcdonald's Corp,Consumer Goods & Retail,Consumer - Restaurants & Dining,Primary,167357.2188,-0.0473,-0.1116,-0.1303,167357.2188,2026-09-25,False,ok,-13.67,False,False,-4.404,-0.905,False,-2.6,-0.595,False,False,False,-12.0,False,1.12,2.03,30.0,2026-09-25
MCHP,Microchip Technology Inc,Semiconductors,"Semis - Analog, Mixed-Signal & Power Management",Primary,42729.3573,0.074,0.0706,-0.144,25637.6144,2026-09-25,False,ok,0.48,True,False,-0.931,-1.971,True,-0.214,1.16,True,True,True,6.04,True,0.83,2.04,30.0,2026-09-25
MCHP,Microchip Technology Inc,Smart Home & IoT,"Smart Home - Connectivity, Devices & Appliances",Secondary,42729.3573,0.074,0.0706,-0.144,17091.7429,2026-09-25,False,ok,0.48,True,False,-0.931,-1.971,True,-0.214,1.16,True,True,True,6.04,True,0.83,2.04,30.0,2026-09-25
MCK,Mckesson Corp,Healthcare & Biotech,"Healthcare - IT, Services & Data Infrastructure",Primary,101041.8729,-0.0092,-0.0415,0.1318,101041.8729,2026-09-25,False,ok,2.92,True,True,1.886,0.814,False,0.087,-0.539,True,False,False,-5.06,False,0.99,1.36,30.0,2026-09-25
MCO,Moodys Corp /De/,Big Data & Analytics,"Big Data - Data Generation, Sourcing & Providers",Primary,81169.9323,0.0002,-0.0866,0.0442,81169.9323,2026-09-25,False,ok,-0.97,False,True,1.078,-0.13,False,-1.263,-0.193,False,True,False,-9.52,False,0.91,2.29,30.0,2026-09-25
MDB,"Mongodb, Inc.",Cloud Computing,Cloud - Hyperscalers & Platforms,Primary,33012.48,0.0701,0.0136,0.3571,19807.488,2026-09-25,False,ok,15.37,True,True,6.05,1.124,True,1.38,0.938,False,False,True,0.4,True,1.29,-1.19,50.0,2026-09-25
MDB,"Mongodb, Inc.",Big Data & Analytics,"Big Data - Analytics, AI Platforms & BI",Secondary,33012.48,0.0701,0.0136,0.3571,13204.992,2026-09-25,False,ok,15.37,True,True,6.05,1.124,True,1.38,0.938,False,False,True,0.4,True,1.29,-1.19,50.0,2026-09-25
MDLZ,"Mondelez International, Inc.",Consumer Goods & Retail,"Consumer - Health, Food & Beverages",Primary,76897.5667,-0.0099,-0.0435,-0.016,76897.5667,2026-09-25,False,ok,-0.51,False,True,1.22,-0.375,False,-0.674,-0.295,True,False,False,-5.26,False,0.97,-0.65,60.0,2026-09-25
MDT,Medtronic Plc,Industrial Automation & Robotics,Robotics - Medical & Surgical Robotics,Primary,113382.785,-0.03,-0.0195,0.1253,68029.671,2026-09-25,False,ok,2.06,True,True,1.624,1.327,False,0.0,-0.715,True,True,False,-2.88,False,1.27,0.79,20.0,2026-09-25
MDT,Medtronic Plc,Healthcare & Biotech,"Healthcare - Digital Health, Telemedicine & Remote Care",Secondary,113382.785,-0.03,-0.0195,0.1253,45353.114,2026-09-25,False,ok,2.06,True,True,1.624,1.327,False,0.0,-0.715,True,True,False,-2.88,False,1.27,0.79,20.0,2026-09-25
MEDP,"Medpace Holdings, Inc.",Healthcare & Biotech,"Healthcare - IT, Services & Data Infrastructure",Primary,17273.9666,0.0107,0.0078,0.2069,10364.38,2026-09-25,False,ok,13.5,True,True,5.773,1.322,False,1.466,0.148,False,False,True,-0.17,False,0.88,-0.63,40.0,2026-09-25
MEDP,"Medpace Holdings, Inc.",Healthcare & Biotech,Healthcare - Next-Gen Biotech Platforms,Secondary,17273.9666,0.0107,0.0078,0.2069,6909.5866,2026-09-25,False,ok,13.5,True,True,5.773,1.322,False,1.466,0.148,False,False,True,-0.17,False,0.88,-0.63,40.0,2026-09-25
MELI,Mercadolibre Inc,E-commerce,E-commerce - Online Marketplaces & Recommerce,Primary,88851.7181,-0.0195,-0.1224,0.0561,53311.0309,2026-09-25,False,ok,-4.92,False,True,0.047,0.673,False,-1.715,-0.959,False,False,False,-13.07,False,1.24,2.63,40.0,2026-09-25
MELI,Mercadolibre Inc,Software,Software - Vertical SaaS Platforms,Secondary,88851.7181,-0.0195,-0.1224,0.0561,35540.6872,2026-09-25,False,ok,-4.92,False,True,0.047,0.673,False,-1.715,-0.959,False,False,False,-13.07,False,1.24,2.63,40.0,2026-09-25
MESO,Mesoblast Ltd,Healthcare & Biotech,"Healthcare - Regenerative Medicine, Psychedelics, Cannabis",Primary,1963.4058,-0.0007,-0.1204,-0.0277,1963.4058,2026-09-25,False,ok,-3.61,False,True,0.294,0.324,False,-1.901,-0.33,False,True,False,-12.88,False,0.83,4.03,30.0,2026-09-25
MET,"Metlife, Inc.",Financials - Traditional,Fin Trad - Insurance & Reinsurance,Primary,62086.0948,0.0068,0.0191,0.162,62086.0948,2026-09-25,False,ok,10.29,True,True,5.666,0.051,False,0.457,-0.065,True,True,False,0.94,True,0.93,0.41,60.0,2026-09-25
META,"Meta Platforms, Inc.",Digital Entertainment & Media,Entertainment - Advertising & Social Platforms,Primary,1914858.3731,0.1299,0.3196,0.3489,1148915.0239,2026-09-25,False,ok,20.29,True,True,1.48,2.657,True,6.474,1.637,False,False,True,30.71,True,1.27,-3.45,70.0,2026-09-25
META,"Meta Platforms, Inc.",Artificial Intelligence,"AI - Apps, Domain-Specific AI",Secondary,1914858.3731,0.1299,0.3196,0.3489,765943.3492,2026-09-25,False,ok,20.29,True,True,1.48,2.657,True,6.474,1.637,False,False,True,30.71,True,1.27,-3.45,70.0,2026-09-25
METC,"Ramaco Resources, Inc.",Energy - Traditional,Energy Base - Coal & Thermal Power Generation,Primary,574.4232,-0.0217,-0.3019,-0.2824,574.4232,2026-09-25,False,ok,-34.35,False,False,-13.584,-0.54,False,-7.32,-2.546,False,True,False,-30.85,False,1.12,5.08,20.0,2026-09-25
MGA,Magna International Inc,Electric Vehicles & Mobility,EVs - Key Suppliers & Autonomy Tech,Primary,17388.7898,0.0293,-0.0171,0.0217,17388.7898,2026-09-25,False,ok,2.82,True,True,3.463,-1.258,False,-1.588,-0.089,False,True,False,-2.64,False,0.89,1.85,30.0,2026-09-25
MGM,Mgm Resorts International,Digital Entertainment & Media,"Entertainment - Betting, iGaming & Wagering",Primary,8335.6334,-0.1383,-0.2483,-0.3081,8335.6334,2026-09-25,False,ok,-20.38,False,False,-0.837,-3.723,False,-5.296,-1.479,False,False,False,-25.54,False,1.22,4.33,30.0,2026-09-25
MGNI,"Magnite, Inc.",E-commerce,E-commerce - Retail Media & Advertising,Primary,3437.877,-0.0469,0.0033,0.3106,2062.7262,2026-09-25,False,ok,22.37,True,True,12.447,1.586,False,1.698,-0.526,False,False,False,-0.62,False,1.01,2.25,30.0,2026-09-25
MGNI,"Magnite, Inc.",Artificial Intelligence,"AI - Ads, Search & Recommendations",Secondary,3437.877,-0.0469,0.0033,0.3106,1375.1508,2026-09-25,False,ok,22.37,True,True,12.447,1.586,False,1.698,-0.526,False,False,False,-0.62,False,1.01,2.25,30.0,2026-09-25
MH,"McGraw Hill, Inc.",Education Technology,Education - Digital Curriculum,Primary,2435.361,,,,2435.361,,True,no_data,,,,,,,,,,,,,,,,,2026-09-25
MIDD,Middleby Corp,Industrials & Construction,"Industrials - Machinery, Flow Control & Components",Primary,4868.6382,-0.0411,-0.0554,-0.2077,4868.6382,2026-09-25,False,ok,-10.4,False,False,-2.167,-2.553,False,-2.146,0.394,False,False,True,-6.44,False,0.88,1.27,40.0,2026-09-25
MITK,Mitek Systems Inc,Cybersecurity,"Cybersecurity - Identity, Biometrics & Access Management",Primary,796.8612,0.0556,-0.02,0.0161,796.8612,2026-09-25,False,ok,7.8,True,True,6.052,-2.254,True,-0.797,0.116,True,True,True,-2.93,False,0.9,0.33,50.0,2026-09-25
MKC,"Mccormick & Co, Inc.",Consumer Goods & Retail,"Consumer - Health, Food & Beverages",Primary,12888.7429,-0.016,-0.12,0.0163,12888.7429,2026-09-25,False,ok,-9.59,False,False,-2.504,0.254,False,-2.587,-0.676,False,True,False,-12.84,False,1.0,1.8,20.0,2026-09-25
MKSI,MKS Inc.,Semiconductors,"Semis - Equipment, Lithography & Deposition",Primary,17636.012,0.0347,-0.0357,-0.3159,17636.012,2026-09-25,False,ok,-6.69,False,False,0.008,-4.871,True,-2.864,1.292,False,True,True,-4.49,False,0.83,1.62,60.0,2026-09-25
MKTX,Marketaxess Holdings Inc,FinTech & Digital Finance,FinTech - Exchanges & Market Infrastructure,Primary,5779.0275,0.0047,0.0104,0.4541,5779.0275,2026-09-25,False,ok,8.01,True,True,2.007,3.291,False,1.394,-0.475,False,True,False,0.08,True,0.91,-0.06,50.0,2026-09-25
MLEC,Moolec Science Sa,Agriculture & FoodTech,Agriculture - Alternative Proteins,Primary,4.0662,-0.082,-0.2201,-0.2647,4.0662,2026-09-25,False,ok,-26.41,False,False,-8.368,-1.226,False,-5.474,-1.501,False,False,False,-22.75,False,1.51,0.82,40.0,2026-09-25
MLI,"Mueller Industries, Inc.",Industrials & Construction,"Industrials - Machinery, Flow Control & Components",Primary,13385.898,0.0075,-0.0134,-0.0886,8031.5388,2026-09-25,False,ok,-2.24,False,False,0.352,-1.139,False,-1.551,-0.004,False,True,False,-2.27,False,1.18,0.92,50.0,2026-09-25
MLI,"Mueller Industries, Inc.",Industrials & Construction,Industrials - Building Products & HVAC,Secondary,13385.898,0.0075,-0.0134,-0.0886,5354.3592,2026-09-25,False,ok,-2.24,False,False,0.352,-1.139,False,-1.551,-0.004,False,True,False,-2.27,False,1.18,0.92,50.0,2026-09-25
MLM,"Martin Marietta Materials, Inc.",Industrials & Construction,Industrials - Construction Materials & Aggregates,Primary,34394.6854,-0.0129,-0.0877,-0.2133,34394.6854,2026-09-25,False,ok,-13.7,False,False,-5.046,-1.28,False,-2.447,-0.156,False,False,False,-9.64,False,1.23,1.87,20.0,2026-09-25
MMM,3M Co,Nanotechnology,"NanoTech - Materials, Industrial & Environment",Primary,87440.7363,0.0221,-0.0547,0.0264,52464.4418,2026-09-25,False,ok,3.79,True,True,2.587,-0.124,False,-0.852,0.372,True,True,True,-6.37,False,0.91,0.74,40.0,2026-09-25
MMM,3M Co,Nanotechnology,NanoTech - Research Tools & Advanced Instruments,Secondary,87440.7363,0.0221,-0.0547,0.0264,34976.2945,2026-09-25,False,ok,3.79,True,True,2.587,-0.124,False,-0.852,0.372,True,True,True,-6.37,False,0.91,0.74,40.0,2026-09-25
MMS,"Maximus, Inc.",Business Services & Consulting,"Business Services - Outsourcing, Facilities & Testing",Primary,2754.5421,-0.0595,-0.1011,-0.068,2754.5421,2026-09-25,False,ok,-15.42,False,False,-6.24,0.474,False,-1.966,-0.938,False,False,False,-10.97,False,1.04,1.93,20.0,2026-09-25
MNDY,Monday.Com Ltd.,Cloud Computing,Cloud - Horizontal SaaS & Cloud Applications,Primary,3536.6531,-0.0173,-0.1026,0.1796,3536.6531,2026-09-25,False,ok,-8.49,False,False,-3.059,2.655,False,-1.307,-1.052,False,False,False,-11.12,False,0.82,1.5,40.0,2026-09-25
MNST,Monster Beverage Corp,Consumer Goods & Retail,"Consumer - Health, Food & Beverages",Primary,84454.7195,-0.0358,-0.1153,-0.0895,84454.7195,2026-09-25,False,ok,-1.44,False,True,2.232,-1.744,False,-1.69,-0.065,False,False,False,-12.37,False,0.86,0.62,40.0,2026-09-25
MNTK,"Montauk Renewables, Inc.",Commodities - Energy,Comm Energy - Biofuels & Renewable Fuels,Primary,417.0596,0.3022,0.6099,0.8782,250.2358,2026-09-25,False,ok,57.19,True,True,12.409,6.028,True,8.759,1.602,False,True,True,59.46,True,2.28,-5.89,50.0,2026-09-25
MNTK,"Montauk Renewables, Inc.",Energy - Renewable,Energy Clean - Fuels & Bioenergy,Secondary,417.0596,0.3022,0.6099,0.8782,166.8238,2026-09-25,False,ok,57.19,True,True,12.409,6.028,True,8.759,1.602,False,True,True,59.46,True,2.28,-5.89,50.0,2026-09-25
MNTS,Momentus Inc.,Space Tech,"Space - Infrastructure, Exploration & Launch",Primary,92.9052,0.012,0.0,-0.4577,92.9052,2026-09-25,False,ok,-36.53,False,False,-21.31,-2.51,True,-1.901,1.312,False,False,True,-0.95,False,0.53,1.48,40.0,2026-09-25
MO,"Altria Group, Inc.",Consumer Goods & Retail,"Consumer - Health, Food & Beverages",Primary,114911.7727,-0.0101,0.0272,-0.0298,114911.7727,2026-09-25,False,ok,2.6,True,True,1.266,-0.585,True,0.631,0.029,True,False,True,1.74,True,0.97,-0.66,60.0,2026-09-25
MOD,Modine Manufacturing Co,Hardware,Hardware - Data Center Infrastructure & Servers,Primary,10520.0343,0.0495,0.0535,-0.2842,10520.0343,2026-09-25,False,ok,-7.03,False,False,-3.704,-3.38,True,-0.4,1.403,True,True,True,4.35,True,0.81,2.02,30.0,2026-09-25
MOG.A,Moog Inc.,Defense & Aerospace,Defense - Next-Generation Aircraft & Maintenance,Primary,12282.0782,0.0635,0.0294,-0.0416,7369.2469,2026-09-25,False,ok,8.09,True,True,4.747,-2.256,True,-1.007,1.012,False,True,True,1.96,True,0.88,-0.16,40.0,2026-09-25
MOG.A,Moog Inc.,Space Tech,"Space - Infrastructure, Exploration & Launch",Secondary,12282.0782,0.0635,0.0294,-0.0416,4912.8313,2026-09-25,False,ok,8.09,True,True,4.747,-2.256,True,-1.007,1.012,False,True,True,1.96,True,0.88,-0.16,40.0,2026-09-25
MORN,"Morningstar, Inc.",Big Data & Analytics,"Big Data - Data Generation, Sourcing & Providers",Primary,7351.9099,-0.0385,-0.0885,0.2829,7351.9099,2026-09-25,False,ok,2.84,True,True,2.747,1.503,False,-0.665,-0.639,True,True,False,-9.72,False,0.94,1.75,40.0,2026-09-25
MOS,Mosaic Co,Agriculture & FoodTech,Agriculture - Agricultural Inputs & Crop Science,Primary,7314.7791,-0.06,-0.0439,0.1124,4388.8675,2026-09-25,False,ok,-3.72,False,True,-0.774,1.697,False,0.452,-1.303,True,False,False,-5.3,False,1.12,0.6,40.0,2026-09-25
MOS,Mosaic Co,Commodities - Agriculture,"Comm Agri - Fertilizers, Crop Inputs & Seeds",Secondary,7314.7791,-0.06,-0.0439,0.1124,2925.9116,2026-09-25,False,ok,-3.72,False,True,-0.774,1.697,False,0.452,-1.303,True,False,False,-5.3,False,1.12,0.6,40.0,2026-09-25
MP,Mp Materials Corp. / De,Energy - Renewable,Energy Clean - Materials & Critical Metals,Primary,8696.7009,0.0332,-0.1885,-0.1359,5218.0205,2026-09-25,False,ok,-11.2,False,False,-4.289,-0.385,False,-2.489,-0.702,False,True,False,-19.62,False,0.85,2.11,50.0,2026-09-25
MP,Mp Materials Corp. / De,Defense & Aerospace,Defense - Secure Defense Supply Chains,Secondary,8696.7009,0.0332,-0.1885,-0.1359,3478.6804,2026-09-25,False,ok,-11.2,False,False,-4.289,-0.385,False,-2.489,-0.702,False,True,False,-19.62,False,0.85,2.11,50.0,2026-09-25
MPC,Marathon Petroleum Corp,Energy - Traditional,Energy Base - Refining & Midstream Infrastructure,Primary,110510.1619,-0.0738,0.1089,0.6007,66306.0971,2026-09-25,False,ok,30.92,True,True,14.891,2.043,False,3.152,-1.198,False,False,False,9.83,True,1.38,-0.7,70.0,2026-09-25
MPC,Marathon Petroleum Corp,Commodities - Energy,Comm Energy - Crude Oil,Secondary,110510.1619,-0.0738,0.1089,0.6007,44204.0648,2026-09-25,False,ok,30.92,True,True,14.891,2.043,False,3.152,-1.198,False,False,False,9.83,True,1.38,-0.7,70.0,2026-09-25
MPT,"Medical Properties Trust, Inc. common stock",Real Estate & REITs,Real Estate - Healthcare & Senior Living,Primary,2132.004,0.05,-0.1109,-0.1788,2132.004,2026-09-25,False,ok,-18.06,False,False,-6.977,-2.577,True,-3.836,0.318,False,True,True,-11.93,False,1.25,3.73,10.0,2026-09-25
MPWR,Monolithic Power Systems Inc,Semiconductors,"Semis - Analog, Mixed-Signal & Power Management",Primary,67199.615,0.1229,0.0485,-0.0456,40319.769,2026-09-25,False,ok,4.87,True,False,0.243,-2.03,True,0.618,2.029,True,True,True,3.85,True,0.91,1.09,30.0,2026-09-25
MPWR,Monolithic Power Systems Inc,Energy - Renewable,Energy Clean - Smart Grid & Electrification,Secondary,67199.615,0.1229,0.0485,-0.0456,26879.846,2026-09-25,False,ok,4.87,True,False,0.243,-2.03,True,0.618,2.029,True,True,True,3.85,True,0.91,1.09,30.0,2026-09-25
MQ,"Marqeta, Inc.",FinTech & Digital Finance,FinTech - Digital Banking & Neobanks,Primary,1765.516,0.0893,0.0399,0.068,1765.516,2026-09-25,False,ok,1.45,True,False,-1.091,0.406,True,-0.145,0.45,True,True,True,3.0,True,0.77,0.53,50.0,2026-09-25
MRAM,Everspin Technologies Inc.,Semiconductors,Semis - Emerging Technologies,Primary,449.7446,0.2088,0.0476,-0.1369,449.7446,2026-09-25,False,ok,7.93,True,False,0.312,-3.47,True,1.025,2.189,False,True,True,3.77,True,0.74,1.61,50.0,2026-09-25
MRCY,Mercury Systems Inc,Defense & Aerospace,Defense - Cyber Defense & Electronic Warfare,Primary,5001.7695,-0.0364,-0.0634,-0.2173,5001.7695,2026-09-25,False,ok,-11.66,False,False,-1.674,-3.834,True,-3.679,0.618,False,False,True,-7.23,False,0.86,-0.05,50.0,2026-09-25
MRK,"Merck & Co., Inc.",Healthcare & Biotech,Healthcare - Metabolic & Cardiometabolic,Primary,367065.7925,0.013,-0.0434,0.2409,220239.4755,2026-09-25,False,ok,16.68,True,True,7.531,0.76,False,1.465,-0.282,False,True,False,-5.25,False,1.06,1.16,30.0,2026-09-25
MRK,"Merck & Co., Inc.",Healthcare & Biotech,Healthcare - Oncology & Precision Cancer Therapeutics,Secondary,367065.7925,0.013,-0.0434,0.2409,146826.317,2026-09-25,False,ok,16.68,True,True,7.531,0.76,False,1.465,-0.282,False,True,False,-5.25,False,1.06,1.16,30.0,2026-09-25
MRNA,"Moderna, Inc.",Healthcare & Biotech,Healthcare - Next-Gen Biotech Platforms,Primary,79400.0425,0.2911,0.2522,2.2916,47640.0255,2026-09-25,False,ok,129.38,True,True,33.177,9.134,True,14.009,0.785,False,True,True,24.02,True,1.05,-1.21,50.0,2026-09-25
MRNA,"Moderna, Inc.",Nanotechnology,NanoTech - Nanomedicine & Drug Delivery,Secondary,79400.0425,0.2911,0.2522,2.2916,31760.017,2026-09-25,False,ok,129.38,True,True,33.177,9.134,True,14.009,0.785,False,True,True,24.02,True,1.05,-1.21,50.0,2026-09-25
MRSH,"Marsh McLennan Companies, Inc.",Financials - Traditional,Fin Trad - Insurance & Reinsurance,Primary,81660.3873,-0.0222,-0.1152,0.0369,81660.3873,2026-09-25,False,ok,-4.03,False,False,0.794,-0.265,False,-2.414,-0.575,False,True,False,-12.36,False,1.06,1.85,30.0,2026-09-25
MRVL,"Marvell Technology, Inc.",Semiconductors,Semis - Emerging Technologies,Primary,235402.199,0.0724,0.0897,-0.0531,141241.3194,2026-09-25,False,ok,32.11,True,True,12.102,-1.987,True,4.249,1.453,False,False,True,7.93,True,0.91,-1.67,60.0,2026-09-25
MRVL,"Marvell Technology, Inc.",Semiconductors,"Semis - Logic & CPUs, GPUs, Accelerators",Secondary,235402.199,0.0724,0.0897,-0.0531,94160.8796,2026-09-25,False,ok,32.11,True,True,12.102,-1.987,True,4.249,1.453,False,False,True,7.93,True,0.91,-1.67,60.0,2026-09-25
MS,Morgan Stanley,Financials - Traditional,Fin Trad - Capital Markets & Investment Banking,Primary,308317.8476,-0.031,-0.0944,-0.1022,184990.7086,2026-09-25,False,ok,-2.17,False,True,3.04,-1.611,False,-2.117,-0.703,False,True,False,-10.3,False,0.95,3.02,10.0,2026-09-25
MS,Morgan Stanley,Financials - Traditional,"Fin Trad - Asset Management, Custody & Alternatives",Secondary,308317.8476,-0.031,-0.0944,-0.1022,123327.139,2026-09-25,False,ok,-2.17,False,True,3.04,-1.611,False,-2.117,-0.703,False,True,False,-10.3,False,0.95,3.02,10.0,2026-09-25
MSA,MSA Safety Inc,Industrials & Construction,"Industrials - Machinery, Flow Control & Components",Primary,7038.9944,0.0156,-0.0279,0.107,7038.9944,2026-09-25,False,ok,2.81,True,True,2.153,0.221,False,-0.725,-0.082,True,True,False,-3.71,False,0.96,0.48,50.0,2026-09-25
MSCI,Msci Inc.,Big Data & Analytics,"Big Data - Data Generation, Sourcing & Providers",Primary,40083.8697,-0.0027,-0.0224,-0.0415,40083.8697,2026-09-25,False,ok,-3.18,False,False,-0.627,-0.74,False,-0.728,0.117,True,False,True,-3.17,False,0.82,1.87,30.0,2026-09-25
MSEX,Middlesex Water Co,Environmental Sustainability,Environmental - Water Infrastructure & Treatment,Primary,1007.5858,-0.0334,-0.0886,-0.0041,1007.5858,2026-09-25,False,ok,-2.46,False,True,1.783,-0.501,False,-1.827,-0.816,False,True,False,-9.73,False,0.8,1.72,20.0,2026-09-25
MSFT,Microsoft Corporation,Cloud Computing,Cloud - Hyperscalers & Platforms,Primary,3832843.862,0.0453,0.0497,0.415,2299706.3172,2026-09-25,False,ok,14.41,True,True,5.009,2.355,False,1.395,-0.179,False,True,False,3.98,True,0.83,1.27,30.0,2026-09-25
MSFT,Microsoft Corporation,Software,Software - Vertical SaaS Platforms,Secondary,3832843.862,0.0453,0.0497,0.415,1533137.5448,2026-09-25,False,ok,14.41,True,True,5.009,2.355,False,1.395,-0.179,False,True,False,3.98,True,0.83,1.27,30.0,2026-09-25
MSI,"Motorola Solutions, Inc.",Hardware,Hardware - Communications & Telecom,Primary,75610.8083,-0.0039,-0.0563,0.1434,45366.485,2026-09-25,False,ok,4.2,True,True,2.865,0.72,False,-0.283,-0.498,True,True,False,-6.53,False,1.03,0.98,30.0,2026-09-25
MSI,"Motorola Solutions, Inc.",Telecommunications,Telecom - Infrastructure & Equipment,Secondary,75610.8083,-0.0039,-0.0563,0.1434,30244.3233,2026-09-25,False,ok,4.2,True,True,2.865,0.72,False,-0.283,-0.498,True,True,False,-6.53,False,1.03,0.98,30.0,2026-09-25
MSM,"MSC Industrial Direct Co., Inc.",Industrials & Construction,Industrials - Distribution & Rental Services,Primary,6769.6883,-0.0081,0.0244,0.0477,6769.6883,2026-09-25,False,ok,7.96,True,True,5.408,-1.122,False,0.228,0.203,True,False,True,1.47,True,1.01,-0.21,50.0,2026-09-25
MSTR,MicroStrategy Incorporated,FinTech & Digital Finance,"FinTech - Crypto, Blockchain & Tokenization",Primary,63012.8435,0.0305,0.2506,0.685,37807.7061,2026-09-25,False,ok,15.19,True,True,-3.218,6.689,True,8.912,0.962,False,False,True,23.87,True,1.35,4.63,10.0,2026-09-25
MSTR,MicroStrategy Incorporated,Crypto & Blockchain,"Blockchain - Platforms, Tokenization & Financial Services",Secondary,63012.8435,0.0305,0.2506,0.685,25205.1374,2026-09-25,False,ok,15.19,True,True,-3.218,6.689,True,8.912,0.962,False,False,True,23.87,True,1.35,4.63,10.0,2026-09-25
MTA,Metalla Royalty & Streaming Ltd.,Commodities - Metals,Comm Metals - Precious Metals,Primary,941.5034,-0.0108,-0.1128,0.5281,941.5034,2026-09-25,False,ok,19.06,True,True,9.579,2.422,False,1.242,-0.755,False,True,False,-12.12,False,0.75,2.4,40.0,2026-09-25
MTB,M&T Bank Corp,Financials - Traditional,"Fin Trad - Banks, Lending & Mortgage Finance",Primary,31943.4322,-0.0269,-0.074,-0.0456,31943.4322,2026-09-25,False,ok,-2.62,False,True,2.375,-1.276,False,-2.353,-0.609,False,True,False,-8.28,False,1.01,2.4,10.0,2026-09-25
MTCH,"Match Group, Inc.",Digital Entertainment & Media,Entertainment - Advertising & Social Platforms,Primary,9458.9573,-0.0613,-0.0386,0.1535,9458.9573,2026-09-25,False,ok,7.84,True,True,5.519,0.576,False,0.804,-0.99,True,False,False,-4.78,False,1.16,0.98,50.0,2026-09-25
MTD,Mettler-Toledo International Inc.,Nanotechnology,NanoTech - Research Tools & Advanced Instruments,Primary,30288.0666,0.0857,0.078,0.2564,18172.84,2026-09-25,False,ok,14.21,True,True,3.027,1.266,True,2.28,1.481,False,False,True,6.78,True,1.2,-1.67,50.0,2026-09-25
MTD,Mettler-Toledo International Inc.,Healthcare & Biotech,"Healthcare - Diagnostics, Biomarkers & Liquid Biopsy",Secondary,30288.0666,0.0857,0.078,0.2564,12115.2266,2026-09-25,False,ok,14.21,True,True,3.027,1.266,True,2.28,1.481,False,False,True,6.78,True,1.2,-1.67,50.0,2026-09-25
MTDR,Matador Resources Co,Energy - Traditional,Energy Base - Oil & Gas Exploration & Production,Primary,6379.5297,-0.0926,-0.072,0.0371,6379.5297,2026-09-25,False,ok,-3.5,False,True,2.166,0.165,False,-1.352,-2.141,False,False,False,-8.08,False,0.98,0.95,70.0,2026-09-25
MTG,MGIC Investment Corp,Financials - Traditional,Fin Trad - Insurance & Reinsurance,Primary,5841.9553,-0.0408,-0.0883,0.0587,5841.9553,2026-09-25,False,ok,-0.21,False,True,3.055,0.033,False,-1.41,-0.818,False,False,False,-9.7,False,1.15,2.05,30.0,2026-09-25
MTLS,Materialise Nv,Industrial Automation & Robotics,"Automation - Additive Manufacturing, 3D Printing",Primary,486.5119,0.0849,0.3029,0.2677,486.5119,2026-09-25,False,ok,27.17,True,True,7.786,1.782,True,4.248,0.656,False,True,True,29.05,True,1.74,-2.27,70.0,2026-09-25
MTN,"Vail Resorts, Inc.",Real Estate & REITs,"Real Estate - Travel, Leisure & Entertainment Properties",Primary,4850.0797,-0.0264,-0.0793,-0.0416,4850.0797,2026-09-25,False,ok,-1.81,False,False,1.366,-0.683,False,-1.067,0.228,False,False,True,-8.81,False,1.19,0.91,40.0,2026-09-25
MTSI,"MACOM Technology Solutions Holdings, Inc.",Semiconductors,Semis - Wireless & Connectivity,Primary,21809.2462,0.0352,0.0725,-0.2346,13085.5477,2026-09-25,False,ok,1.83,True,False,0.801,-2.977,True,0.12,1.335,True,True,True,6.23,True,0.88,0.16,70.0,2026-09-25
MTSI,"MACOM Technology Solutions Holdings, Inc.",Defense & Aerospace,Defense - Cyber Defense & Electronic Warfare,Secondary,21809.2462,0.0352,0.0725,-0.2346,8723.6985,2026-09-25,False,ok,1.83,True,False,0.801,-2.977,True,0.12,1.335,True,True,True,6.23,True,0.88,0.16,70.0,2026-09-25
MTZ,"Mastec, Inc.",Industrials & Construction,Industrials - Engineering & Construction,Primary,17092.908,-0.0071,-0.1377,-0.4586,10255.7448,2026-09-25,False,ok,-27.31,False,False,-8.646,-5.835,True,-6.499,0.197,False,True,True,-14.59,False,0.85,2.64,30.0,2026-09-25
MTZ,"Mastec, Inc.",Energy - Renewable,Energy Clean - Smart Grid & Electrification,Secondary,17092.908,-0.0071,-0.1377,-0.4586,6837.1632,2026-09-25,False,ok,-27.31,False,False,-8.646,-5.835,True,-6.499,0.197,False,True,True,-14.59,False,0.85,2.64,30.0,2026-09-25
MU,Micron Technology Inc,Semiconductors,Semis - Memory & Storage,Primary,1222319.6692,0.0654,0.16,0.0324,733391.8015,2026-09-25,False,ok,33.84,True,True,14.398,-2.738,True,3.535,1.142,False,False,True,14.9,True,0.77,-0.23,50.0,2026-09-25
MU,Micron Technology Inc,Artificial Intelligence,"AI - Compute, Edge & Acceleration",Secondary,1222319.6692,0.0654,0.16,0.0324,488927.8677,2026-09-25,False,ok,33.84,True,True,14.398,-2.738,True,3.535,1.142,False,False,True,14.9,True,0.77,-0.23,50.0,2026-09-25
MUR,Murphy Oil Corp,Energy - Traditional,Energy Base - Oil & Gas Exploration & Production,Primary,5207.8899,-0.0283,0.0494,0.0433,5207.8899,2026-09-25,False,ok,1.65,True,True,1.524,-0.127,False,0.153,-0.661,True,False,False,3.94,True,1.03,-1.67,60.0,2026-09-25
MUSA,Murphy USA Inc.,E-commerce,E-commerce - Grocery & Local Commerce Platforms,Primary,9402.283,-0.0277,-0.0602,-0.0357,9402.283,2026-09-25,False,ok,-2.27,False,False,1.653,-2.399,False,-1.937,0.181,False,False,True,-6.91,False,0.95,-0.19,40.0,2026-09-25
MVST,"Microvast Holdings, Inc.",Electric Vehicles & Mobility,EVs - Batteries & Materials,Primary,264.5982,0.0801,-0.1236,-0.4169,264.5982,2026-09-25,False,ok,-48.9,False,False,-32.527,-1.843,True,-4.339,2.257,False,True,True,-13.19,False,0.93,1.83,20.0,2026-09-25
MWA,"Mueller Water Products, Inc.",Environmental Sustainability,Environmental - Water Infrastructure & Treatment,Primary,3376.9984,-0.0123,-0.1327,-0.1732,2026.199,2026-09-25,False,ok,-13.98,False,False,-3.738,-1.597,False,-3.763,-0.561,False,True,False,-14.1,False,1.1,1.91,30.0,2026-09-25
MWA,"Mueller Water Products, Inc.",Industrials & Construction,"Industrials - Machinery, Flow Control & Components",Secondary,3376.9984,-0.0123,-0.1327,-0.1732,1350.7994,2026-09-25,False,ok,-13.98,False,False,-3.738,-1.597,False,-3.763,-0.561,False,True,False,-14.1,False,1.1,1.91,30.0,2026-09-25
MYRG,MYR Group Inc.,Industrials & Construction,Industrials - Engineering & Construction,Primary,4555.2512,0.0476,-0.012,-0.3776,2733.1507,2026-09-25,False,ok,-12.57,False,False,-3.847,-5.244,True,-2.92,1.444,False,True,True,-2.14,False,0.86,0.7,50.0,2026-09-25
MYRG,MYR Group Inc.,Energy - Renewable,Energy Clean - Smart Grid & Electrification,Secondary,4555.2512,0.0476,-0.012,-0.3776,1822.1005,2026-09-25,False,ok,-12.57,False,False,-3.847,-5.244,True,-2.92,1.444,False,True,True,-2.14,False,0.86,0.7,50.0,2026-09-25
MZTI,The Marzetti Co,Consumer Goods & Retail,"Consumer - Health, Food & Beverages",Primary,2741.9269,0.0055,-0.1356,-0.0989,2741.9269,2026-09-25,False,ok,-15.33,False,False,-7.476,0.216,False,-2.309,-0.091,False,False,False,-14.39,False,1.23,1.29,30.0,2026-09-25
NATR,Natures Sunshine Products Inc,Consumer Goods & Retail,"Consumer - Health, Food & Beverages",Primary,227.3341,-0.0077,-0.0895,-0.3806,227.3341,2026-09-25,False,ok,-30.78,False,False,-13.723,-4.296,True,-5.669,0.739,False,True,True,-9.82,False,0.75,1.34,30.0,2026-09-25
NB,Niocorp Developments Ltd,Commodities - Metals,Comm Metals - Rare Earth & Strategic Materials,Primary,515.3781,-0.0112,-0.2081,-0.2338,515.3781,2026-09-25,False,ok,-26.75,False,False,-10.075,-2.349,False,-6.137,-0.183,False,True,False,-21.56,False,0.66,4.84,30.0,2026-09-25
NBIX,"Neurocrine Biosciences, Inc.",Healthcare & Biotech,Healthcare - Next-Gen Biotech Platforms,Primary,14068.2465,-0.0535,-0.0976,-0.1666,14068.2465,2026-09-25,False,ok,-9.26,False,False,0.446,-2.217,False,-3.38,-0.918,False,False,False,-10.62,False,0.88,2.14,30.0,2026-09-25
NBTX,Nanobiotix S.A.,Nanotechnology,NanoTech - Nanomedicine & Drug Delivery,Primary,1696.1256,0.0079,-0.1975,-0.0303,1696.1256,2026-09-25,False,ok,-5.75,False,True,3.411,-3.52,False,-4.501,-0.94,False,True,False,-20.52,False,0.85,3.88,30.0,2026-09-25
NCLH,Norwegian Cruise Line Holdings Ltd.,Real Estate & REITs,"Real Estate - Travel, Leisure & Entertainment Properties",Primary,6708.734,0.0347,-0.1535,-0.3046,6708.734,2026-09-25,False,ok,-20.42,False,False,-7.618,-2.551,False,-5.538,0.484,False,True,True,-16.16,False,0.98,2.15,20.0,2026-09-25
NDAQ,"Nasdaq, Inc.",FinTech & Digital Finance,FinTech - Exchanges & Market Infrastructure,Primary,52292.3336,0.0001,-0.0493,0.1502,31375.4002,2026-09-25,False,ok,2.8,True,True,2.048,0.282,False,-0.34,0.123,True,False,True,-5.83,False,0.98,2.35,20.0,2026-09-25
NDAQ,"Nasdaq, Inc.",Crypto & Blockchain,"Blockchain - Platforms, Tokenization & Financial Services",Secondary,52292.3336,0.0001,-0.0493,0.1502,20916.9334,2026-09-25,False,ok,2.8,True,True,2.048,0.282,False,-0.34,0.123,True,False,True,-5.83,False,0.98,2.35,20.0,2026-09-25
NDSN,Nordson Corp,Industrials & Construction,"Industrials - Machinery, Flow Control & Components",Primary,18145.1817,0.0456,-0.0205,0.1035,18145.1817,2026-09-25,False,ok,10.81,True,True,4.465,0.215,True,0.714,0.278,True,True,True,-2.98,False,1.0,0.43,50.0,2026-09-25
NEE,Nextera Energy Inc,Energy - Renewable,Energy Clean - Utilities & Clean Power Operators,Primary,158701.2239,-0.0546,-0.0899,-0.1252,95220.7343,2026-09-25,False,ok,-10.31,False,False,-2.136,-1.355,False,-2.425,-0.69,False,False,False,-9.85,False,1.05,2.26,10.0,2026-09-25
NEE,Nextera Energy Inc,Energy - Traditional,Energy Base - Nuclear Power & Advanced Reactors,Secondary,158701.2239,-0.0546,-0.0899,-0.1252,63480.4896,2026-09-25,False,ok,-10.31,False,False,-2.136,-1.355,False,-2.425,-0.69,False,False,False,-9.85,False,1.05,2.26,10.0,2026-09-25
NEM,Newmont Corp /De/,Commodities - Metals,Comm Metals - Gold,Primary,127949.8568,-0.016,-0.0996,0.2939,127949.8568,2026-09-25,False,ok,9.39,True,True,4.813,1.954,False,0.932,-1.04,True,False,False,-10.81,False,1.12,2.07,30.0,2026-09-25
NET,"Cloudflare, Inc.",Cybersecurity,"Cybersecurity - Platform, Cloud & Application Security",Primary,124278.9396,0.0786,0.2574,0.5618,124278.9396,2026-09-25,False,ok,33.6,True,True,10.989,1.687,True,5.235,1.085,False,False,True,24.54,True,1.0,-4.22,50.0,2026-09-25
NEU,Newmarket Corp,Industrials & Construction,Industrials - Chemicals & Advanced Materials,Primary,8258.7402,0.0069,-0.0318,0.1394,8258.7402,2026-09-25,False,ok,11.54,True,True,6.424,0.472,False,0.185,-0.047,True,True,False,-4.1,False,1.03,0.08,60.0,2026-09-25
NEXT,Nextdecade Corp.,Commodities - Energy,Comm Energy - Natural Gas & LNG,Primary,1746.1765,-0.0451,-0.1218,-0.0838,1746.1765,2026-09-25,False,ok,-8.25,False,False,-0.071,-1.72,False,-2.076,-1.335,False,False,False,-13.02,False,0.97,2.29,30.0,2026-09-25
NFG,National Fuel Gas Co,Energy - Traditional,Energy Base - Utilities & Conventional Power Operators,Primary,7507.6122,-0.0239,-0.0383,0.0381,4504.5673,2026-09-25,False,ok,-3.79,False,False,-0.887,0.188,False,-1.006,-0.459,False,True,False,-4.75,False,1.14,0.84,30.0,2026-09-25
NFG,National Fuel Gas Co,Commodities - Energy,Comm Energy - Natural Gas & LNG,Secondary,7507.6122,-0.0239,-0.0383,0.0381,3003.0449,2026-09-25,False,ok,-3.79,False,False,-0.887,0.188,False,-1.006,-0.459,False,True,False,-4.75,False,1.14,0.84,30.0,2026-09-25
NFLX,Netflix Inc,Digital Entertainment & Media,Entertainment - Video Streaming,Primary,296243.4621,-0.0089,-0.1347,-0.0096,296243.4621,2026-09-25,False,ok,-13.2,False,False,-5.524,0.37,False,-2.176,-1.138,False,True,False,-14.3,False,0.89,2.79,20.0,2026-09-25
NGG,National Grid Plc,Energy - Renewable,Energy Clean - Smart Grid & Electrification,Primary,75895.1444,-0.0171,-0.07,-0.0886,75895.1444,2026-09-25,False,ok,-5.85,False,False,-1.486,-1.04,False,-1.47,-0.047,False,True,False,-7.88,False,1.12,1.26,20.0,2026-09-25
NGVC,"Natural Grocers By Vitamin Cottage, Inc.",Consumer Goods & Retail,"Consumer - Health, Food & Beverages",Primary,684.6922,-0.041,0.0524,-0.0863,684.6922,2026-09-25,False,ok,1.5,True,True,0.355,-0.227,True,1.329,0.753,False,False,True,4.24,True,1.03,-0.49,60.0,2026-09-25
NHI,National Health Investors Inc,Healthcare & Biotech,Healthcare - Senior Care & Longevity,Primary,3286.4701,-0.013,-0.0877,-0.0995,3286.4701,2026-09-25,False,ok,-10.09,False,False,-2.95,-1.142,False,-2.352,-0.269,False,True,False,-9.63,False,0.94,1.56,30.0,2026-09-25
NI,Nisource Inc.,Energy - Traditional,Energy Base - Utilities & Conventional Power Operators,Primary,18904.2586,-0.0286,-0.0303,-0.1668,11342.5552,2026-09-25,False,ok,-9.88,False,False,-3.074,-1.62,False,-1.843,-0.248,False,True,False,-3.95,False,0.97,1.41,20.0,2026-09-25
NI,Nisource Inc.,Commodities - Energy,Comm Energy - Natural Gas & LNG,Secondary,18904.2586,-0.0286,-0.0303,-0.1668,7561.7034,2026-09-25,False,ok,-9.88,False,False,-3.074,-1.62,False,-1.843,-0.248,False,True,False,-3.95,False,0.97,1.41,20.0,2026-09-25
NICE,Nice Ltd.,Big Data & Analytics,"Big Data - Analytics, AI Platforms & BI",Primary,6610.3485,0.0747,0.1233,0.2906,6610.3485,2026-09-25,False,ok,8.51,True,True,-0.212,2.244,True,3.17,0.911,False,False,True,11.26,True,1.04,0.71,30.0,2026-09-25
NIO,Nio Inc.,Electric Vehicles & Mobility,EVs - Manufacturers,Primary,8970.2881,-0.0219,-0.1955,-0.2694,8970.2881,2026-09-25,False,ok,-25.95,False,False,-10.251,-2.843,False,-5.282,0.439,False,False,True,-20.32,False,1.17,2.77,10.0,2026-09-25
NJR,New Jersey Resources Corp,Energy - Traditional,Energy Base - Utilities & Conventional Power Operators,Primary,5135.2929,-0.0416,-0.0504,-0.0965,3081.1757,2026-09-25,False,ok,-5.47,False,False,-0.113,-1.595,False,-1.526,-0.232,False,False,False,-5.94,False,1.06,0.64,30.0,2026-09-25
NJR,New Jersey Resources Corp,Commodities - Energy,Comm Energy - Natural Gas & LNG,Secondary,5135.2929,-0.0416,-0.0504,-0.0965,2054.1172,2026-09-25,False,ok,-5.47,False,False,-0.113,-1.595,False,-1.526,-0.232,False,False,False,-5.94,False,1.06,0.64,30.0,2026-09-25
NKE,"Nike, Inc.",E-commerce,E-commerce - Direct-to-Consumer,Primary,53035.0817,0.0068,-0.0849,-0.1361,31821.049,2026-09-25,False,ok,-19.01,False,False,-8.982,-0.518,False,-2.842,0.039,False,True,True,-9.36,False,1.17,2.1,10.0,2026-09-25
NKE,"Nike, Inc.",Consumer Goods & Retail,Consumer - Apparel & E-Commerce Retail,Secondary,53035.0817,0.0068,-0.0849,-0.1361,21214.0327,2026-09-25,False,ok,-19.01,False,False,-8.982,-0.518,False,-2.842,0.039,False,True,True,-9.36,False,1.17,2.1,10.0,2026-09-25
NLY,"Annaly Capital Management, Inc.",Financials - Traditional,"Fin Trad - Banks, Lending & Mortgage Finance",Primary,15534.0544,-0.0209,-0.1078,-0.0453,15534.0544,2026-09-25,False,ok,-5.37,False,False,0.77,-1.177,False,-2.49,-0.607,False,True,False,-11.63,False,1.2,2.43,10.0,2026-09-25
NMG,Nouveau Monde Graphite Inc.,Commodities - Metals,Comm Metals - Battery & Energy Transition Metals,Primary,434.487,-0.0504,-0.1081,-0.0769,434.487,2026-09-25,False,ok,-22.19,False,False,-12.288,0.376,False,-1.371,-0.213,False,False,False,-11.66,False,0.76,1.37,20.0,2026-09-25
NNDM,Nano Dimension Ltd.,Industrial Automation & Robotics,"Automation - Additive Manufacturing, 3D Printing",Primary,331.0172,0.0,0.0195,0.146,331.0172,2026-09-25,False,ok,-1.71,False,False,-1.583,0.656,False,0.213,0.169,True,False,True,0.98,True,0.87,0.57,60.0,2026-09-25
NNN,"Nnn Reit, Inc.",Real Estate & REITs,Real Estate - Retail & Consumer Real Estate,Primary,7857.2493,-0.006,-0.1045,-0.1004,7857.2493,2026-09-25,False,ok,-6.56,False,False,0.103,-1.758,False,-2.858,-0.385,False,True,False,-11.3,False,1.15,2.2,0.0,2026-09-25
NOC,Northrop Grumman Corp /De/,Defense & Aerospace,Defense - Cyber Defense & Electronic Warfare,Primary,72526.0124,-0.032,-0.0547,0.0195,43515.6074,2026-09-25,False,ok,-9.0,False,False,-3.737,-0.127,False,-1.564,-0.195,False,False,False,-6.37,False,0.96,0.68,50.0,2026-09-25
NOC,Northrop Grumman Corp /De/,Defense & Aerospace,Defense - Drones & Anti-Drone Systems,Secondary,72526.0124,-0.032,-0.0547,0.0195,29010.405,2026-09-25,False,ok,-9.0,False,False,-3.737,-0.127,False,-1.564,-0.195,False,False,False,-6.37,False,0.96,0.68,50.0,2026-09-25
NOK,Nokia Corp,Hardware,Hardware - Communications & Telecom,Primary,58169.9215,-0.0272,0.0039,-0.2476,58169.9215,2026-09-25,False,ok,0.01,True,True,1.25,-2.67,True,0.708,0.198,True,False,True,-0.57,False,1.02,1.07,50.0,2026-09-25
NOV,Nov Inc.,Energy - Traditional,Energy Base - Oilfield Services & Equipment,Primary,7079.6554,-0.0105,0.0002,0.0869,7079.6554,2026-09-25,False,ok,2.36,True,True,3.045,-0.449,False,-0.633,-0.76,True,False,False,-0.93,False,0.94,1.1,40.0,2026-09-25
NOVT,Novanta Inc,Industrial Automation & Robotics,Automation - Factory & Process Automation Systems,Primary,5443.1109,0.081,0.0306,-0.0531,5443.1109,2026-09-25,False,ok,0.54,True,False,1.557,-1.957,True,-1.561,0.488,False,True,True,2.08,True,0.82,1.54,40.0,2026-09-25
NOW,"Servicenow, Inc.",Cloud Computing,Cloud - Horizontal SaaS & Cloud Applications,Primary,140212.3551,0.0011,0.0679,0.4458,84127.4131,2026-09-25,False,ok,11.02,True,True,4.147,3.732,False,2.146,-0.792,False,False,False,5.77,True,0.9,1.07,30.0,2026-09-25
NOW,"Servicenow, Inc.",Cloud Computing,"Cloud - DevOps, Observability & Multi-Cloud",Secondary,140212.3551,0.0011,0.0679,0.4458,56084.942,2026-09-25,False,ok,11.02,True,True,4.147,3.732,False,2.146,-0.792,False,False,False,5.77,True,0.9,1.07,30.0,2026-09-25
NPWR,Net Power Inc.,Environmental Sustainability,"Environmental - Climate, Carbon & Land Resources",Primary,144.2235,-0.1093,-0.1641,-0.0468,144.2235,2026-09-25,False,ok,-12.44,False,False,-4.026,2.29,False,-0.483,-1.74,True,False,False,-17.21,False,0.81,4.18,20.0,2026-09-25
NRG,"Nrg Energy, Inc.",Energy - Traditional,Energy Base - Coal & Thermal Power Generation,Primary,21098.8257,-0.0317,-0.1165,-0.2917,12659.2954,2026-09-25,False,ok,-23.74,False,False,-8.804,-2.025,False,-4.629,-0.669,False,True,False,-12.49,False,0.91,2.54,30.0,2026-09-25
NRG,"Nrg Energy, Inc.",Smart Home & IoT,"Smart Home - Automation, Control & Energy",Secondary,21098.8257,-0.0317,-0.1165,-0.2917,8439.5303,2026-09-25,False,ok,-23.74,False,False,-8.804,-2.025,False,-4.629,-0.669,False,True,False,-12.49,False,0.91,2.54,30.0,2026-09-25
NRGV,"Energy Vault Holdings, Inc.",Energy - Renewable,Energy Clean - Batteries & Storage,Primary,800.0941,-0.02,0.1196,0.1196,800.0941,2026-09-25,False,ok,11.43,True,True,0.742,2.058,True,5.327,0.206,False,False,True,10.89,True,1.02,1.28,40.0,2026-09-25
NSA,National Storage Affiliates Trust,Real Estate & REITs,Real Estate - Retail & Consumer Real Estate,Primary,,,,,,,True,no_data,,,,,,,,,,,,,,,,,2026-09-25
NSC,Norfolk Southern Corp,Transportation & Logistics,Transportation - Freight Rail & Infrastructure,Primary,70302.4169,-0.0037,-0.1089,0.0343,70302.4169,2026-09-25,False,ok,-1.61,False,True,1.798,-0.966,False,-1.984,-0.29,False,True,False,-11.73,False,0.97,0.26,40.0,2026-09-25
NTAP,"Netapp, Inc.",Hardware,Hardware - Data Center Infrastructure & Servers,Primary,39508.7012,0.017,0.0732,0.297,39508.7012,2026-09-25,False,ok,25.09,True,True,12.23,-0.028,False,1.619,0.347,False,True,True,6.3,True,1.05,1.24,60.0,2026-09-25
NTES,"Netease, Inc.",Software,Software - Gaming & Platforms,Primary,73891.2748,-0.0067,-0.1003,-0.015,44334.7649,2026-09-25,False,ok,-5.81,False,False,-1.055,-0.74,False,-1.5,0.116,False,False,True,-10.89,False,0.71,-0.2,60.0,2026-09-25
NTES,"Netease, Inc.",Digital Entertainment & Media,Entertainment - Game Publishers & Developers,Secondary,73891.2748,-0.0067,-0.1003,-0.015,29556.5099,2026-09-25,False,ok,-5.81,False,False,-1.055,-0.74,False,-1.5,0.116,False,False,True,-10.89,False,0.71,-0.2,60.0,2026-09-25
NTGR,"Netgear, Inc.",Smart Home & IoT,"Smart Home - Connectivity, Devices & Appliances",Primary,599.841,0.0166,0.0318,-0.0491,599.841,2026-09-25,False,ok,-5.48,False,False,-3.03,-0.522,True,-0.047,0.566,True,False,True,2.2,True,0.94,-0.34,50.0,2026-09-25
NTLA,"Intellia Therapeutics, Inc.",Healthcare & Biotech,Healthcare - Genomics & Personalized Medicine,Primary,1646.4886,-0.0321,-0.1303,-0.2419,987.8932,2026-09-25,False,ok,-9.07,False,False,-3.178,-0.983,False,-0.769,-0.089,True,False,False,-13.85,False,0.99,2.02,40.0,2026-09-25
NTLA,"Intellia Therapeutics, Inc.",Healthcare & Biotech,Healthcare - Next-Gen Biotech Platforms,Secondary,1646.4886,-0.0321,-0.1303,-0.2419,658.5954,2026-09-25,False,ok,-9.07,False,False,-3.178,-0.983,False,-0.769,-0.089,True,False,False,-13.85,False,0.99,2.02,40.0,2026-09-25
NTNX,"Nutanix, Inc.",Cloud Computing,"Cloud - DevOps, Observability & Multi-Cloud",Primary,18406.8895,-0.0254,0.0239,0.4322,18406.8895,2026-09-25,False,ok,18.23,True,True,9.229,2.253,False,1.898,-0.408,False,False,False,1.42,True,0.95,0.44,40.0,2026-09-25
NTR,Nutrien Ltd.,Agriculture & FoodTech,Agriculture - Agricultural Inputs & Crop Science,Primary,34468.8845,-0.063,-0.0084,0.2073,20681.3307,2026-09-25,False,ok,3.27,True,True,3.129,1.093,False,0.606,-1.354,True,False,False,-1.78,False,1.16,0.99,40.0,2026-09-25
NTR,Nutrien Ltd.,Commodities - Agriculture,"Comm Agri - Fertilizers, Crop Inputs & Seeds",Secondary,34468.8845,-0.063,-0.0084,0.2073,13787.5538,2026-09-25,False,ok,3.27,True,True,3.129,1.093,False,0.606,-1.354,True,False,False,-1.78,False,1.16,0.99,40.0,2026-09-25
NTRA,"Natera, Inc.",Healthcare & Biotech,"Healthcare - Diagnostics, Biomarkers & Liquid Biopsy",Primary,59468.1201,0.1169,0.2253,0.587,59468.1201,2026-09-25,False,ok,49.72,True,True,14.49,3.264,True,6.784,1.527,False,True,True,21.36,True,1.22,-3.51,60.0,2026-09-25
NTRS,Northern Trust Corp,Financials - Traditional,"Fin Trad - Asset Management, Custody & Alternatives",Primary,32150.7942,-0.0121,-0.0549,0.0151,32150.7942,2026-09-25,False,ok,3.29,True,True,4.669,-1.074,False,-1.413,-0.512,False,True,False,-6.39,False,0.94,2.13,40.0,2026-09-25
NU,Nu Holdings Ltd.,FinTech & Digital Finance,FinTech - Digital Banking & Neobanks,Primary,65649.0619,-0.0044,-0.1024,0.0907,65649.0619,2026-09-25,False,ok,-4.89,False,False,-0.692,0.67,False,-1.641,-0.95,False,True,False,-11.09,False,0.88,3.23,20.0,2026-09-25
NUE,Nucor Corp,Commodities - Metals,Comm Metals - Industrial & Base Metals,Primary,56095.0108,-0.0045,-0.0012,0.0305,33657.0065,2026-09-25,False,ok,7.51,True,True,6.419,-1.539,False,-0.847,-0.518,True,True,False,-1.07,False,0.91,-0.03,60.0,2026-09-25
NUE,Nucor Corp,Commodities - Metals,Comm Metals - Recycling & Circular Materials,Secondary,56095.0108,-0.0045,-0.0012,0.0305,22438.0043,2026-09-25,False,ok,7.51,True,True,6.419,-1.539,False,-0.847,-0.518,True,True,False,-1.07,False,0.91,-0.03,60.0,2026-09-25
NUS,"Nu Skin Enterprises, Inc.",Consumer Goods & Retail,"Consumer - Health, Food & Beverages",Primary,225.3728,0.0109,-0.0333,-0.0824,225.3728,2026-09-25,False,ok,-22.64,False,False,-13.563,0.786,True,-1.24,-0.044,False,False,False,-4.24,False,0.93,0.69,60.0,2026-09-25
NVDA,Nvidia Corp,Semiconductors,Semis - Emerging Technologies,Primary,5434765.2137,0.0126,0.0576,0.1323,3260859.1282,2026-09-25,False,ok,8.49,True,True,3.779,0.306,False,1.064,0.163,False,False,True,4.75,True,0.98,1.81,40.0,2026-09-25
NVDA,Nvidia Corp,Semiconductors,"Semis - Logic & CPUs, GPUs, Accelerators",Secondary,5434765.2137,0.0126,0.0576,0.1323,2173906.0855,2026-09-25,False,ok,8.49,True,True,3.779,0.306,False,1.064,0.163,False,False,True,4.75,True,0.98,1.81,40.0,2026-09-25
NVEC,Nve Corp /New/,Semiconductors,Semis - Emerging Technologies,Primary,527.88,0.0851,0.0214,0.2074,316.728,2026-09-25,False,ok,14.28,True,True,7.128,-2.011,True,-0.082,1.423,True,True,True,1.17,True,0.56,0.29,50.0,2026-09-25
NVEC,Nve Corp /New/,Nanotechnology,NanoTech - Research Tools & Advanced Instruments,Secondary,527.88,0.0851,0.0214,0.2074,211.152,2026-09-25,False,ok,14.28,True,True,7.128,-2.011,True,-0.082,1.423,True,True,True,1.17,True,0.56,0.29,50.0,2026-09-25
NVO,Novo Nordisk A S,Healthcare & Biotech,Healthcare - Metabolic & Cardiometabolic,Primary,171371.2497,-0.1027,-0.2026,-0.1711,171371.2497,2026-09-25,False,ok,-13.83,False,False,-1.195,-1.358,False,-4.562,-1.293,False,True,False,-21.02,False,1.0,3.29,20.0,2026-09-25
NVR,"NVR, Inc.",Real Estate & REITs,"Real Estate - Housing, Urban Living & Demographics",Primary,16865.9364,0.0239,-0.0212,-0.0691,16865.9364,2026-09-25,False,ok,-3.44,False,False,-2.388,0.303,True,-0.319,0.173,True,True,True,-3.05,False,1.17,0.79,30.0,2026-09-25
NVST,Envista Holdings Corp,Healthcare & Biotech,Healthcare - Medical Devices & HealthTech Hardware,Primary,3846.7942,0.0257,-0.1281,-0.0803,3846.7942,2026-09-25,False,ok,-6.26,False,False,0.515,-1.641,False,-3.608,-0.617,False,True,False,-13.64,False,0.96,1.4,40.0,2026-09-25
NVT,Nvent Electric Plc,Hardware,Hardware - Data Center Infrastructure & Servers,Primary,26611.0648,0.0414,0.0854,-0.0174,26611.0648,2026-09-25,False,ok,10.12,True,True,4.519,-1.328,True,0.882,0.955,True,True,True,7.5,True,1.13,1.12,70.0,2026-09-25
NVTS,Navitas Semiconductor Corp,Semiconductors,Semis - Emerging Technologies,Primary,3203.1767,0.0674,-0.0193,-0.3341,1921.906,2026-09-25,False,ok,-10.18,False,False,-4.692,-4.918,True,-1.413,1.478,False,True,True,-2.86,False,0.77,2.85,30.0,2026-09-25
NVTS,Navitas Semiconductor Corp,Electric Vehicles & Mobility,EVs - Key Suppliers & Autonomy Tech,Secondary,3203.1767,0.0674,-0.0193,-0.3341,1281.2707,2026-09-25,False,ok,-10.18,False,False,-4.692,-4.918,True,-1.413,1.478,False,True,True,-2.86,False,0.77,2.85,30.0,2026-09-25
NWE,"Northwestern Energy Group, Inc.",Energy - Traditional,Energy Base - Utilities & Conventional Power Operators,Primary,4234.8884,0.0054,-0.0288,-0.0315,4234.8884,2026-09-25,False,ok,0.02,True,True,0.895,-0.767,False,-0.621,-0.12,True,True,False,-3.8,False,1.14,1.15,30.0,2026-09-25
NWSA,News Corp,Digital Entertainment & Media,Entertainment - Advertising & Social Platforms,Primary,15373.7452,-0.0433,-0.0755,0.133,9224.2471,2026-09-25,False,ok,3.18,True,True,3.624,0.551,False,-0.593,-0.956,True,True,False,-8.43,False,1.19,1.56,20.0,2026-09-25
NWSA,News Corp,Big Data & Analytics,"Big Data - Data Generation, Sourcing & Providers",Secondary,15373.7452,-0.0433,-0.0755,0.133,6149.4981,2026-09-25,False,ok,3.18,True,True,3.624,0.551,False,-0.593,-0.956,True,True,False,-8.43,False,1.19,1.56,20.0,2026-09-25
NXE,Nexgen Energy Ltd.,Commodities - Energy,Comm Energy - Uranium & Nuclear Fuels,Primary,6161.9507,-0.0171,-0.1802,-0.0874,6161.9507,2026-09-25,False,ok,-10.57,False,False,-2.792,-0.661,False,-2.432,-0.862,False,False,False,-18.8,False,0.87,3.49,20.0,2026-09-25
NXPI,Nxp Semiconductors N.V.,Semiconductors,"Semis - Analog, Mixed-Signal & Power Management",Primary,60035.2481,0.0443,0.0641,-0.1867,36021.1489,2026-09-25,False,ok,-2.99,False,False,-1.919,-2.151,True,0.016,0.95,True,True,True,5.4,True,0.89,1.76,40.0,2026-09-25
NXPI,Nxp Semiconductors N.V.,Semiconductors,Semis - Wireless & Connectivity,Secondary,60035.2481,0.0443,0.0641,-0.1867,24014.0992,2026-09-25,False,ok,-2.99,False,False,-1.919,-2.151,True,0.016,0.95,True,True,True,5.4,True,0.89,1.76,40.0,2026-09-25
NXST,"Nexstar Media Group, Inc.",Digital Entertainment & Media,Entertainment - Advertising & Social Platforms,Primary,4994.0255,0.0356,-0.1441,-0.0253,4994.0255,2026-09-25,False,ok,-11.63,False,False,-3.888,-0.946,False,-2.988,-0.2,False,True,False,-15.22,False,1.06,2.46,30.0,2026-09-25
NXT,Nextracker Inc.,Energy - Renewable,Energy Clean - Solar,Primary,12421.6607,0.0047,-0.0467,-0.307,12421.6607,2026-09-25,False,ok,-20.13,False,False,-8.231,-3.754,True,-3.576,0.601,False,False,True,-5.58,False,0.73,2.97,20.0,2026-09-25
NYT,New York Times Co,Digital Entertainment & Media,Entertainment - Advertising & Social Platforms,Primary,10294.7318,-0.0909,-0.0697,-0.101,10294.7318,2026-09-25,False,ok,-9.59,False,False,-2.688,-1.15,False,-1.361,-0.921,False,False,False,-7.85,False,1.35,0.81,60.0,2026-09-25
O,Realty Income Corp,Real Estate & REITs,Real Estate - Retail & Consumer Real Estate,Primary,52552.9498,-0.0198,-0.1121,-0.0924,52552.9498,2026-09-25,False,ok,-8.53,False,False,-0.94,-1.462,False,-2.9,-0.591,False,True,False,-12.06,False,1.23,2.34,0.0,2026-09-25
OC,Owens Corning,Environmental Sustainability,"Environmental - Climate, Carbon & Land Resources",Primary,9794.9225,0.0001,-0.1548,-0.0714,9794.9225,2026-09-25,False,ok,-5.98,False,False,2.033,-1.856,False,-4.078,-0.315,False,True,False,-16.29,False,1.1,2.38,20.0,2026-09-25
ODFL,"Old Dominion Freight Line, Inc.",Transportation & Logistics,"Transportation - Trucking, LTL & Ground Freight",Primary,36040.9047,0.0017,-0.1249,-0.2076,36040.9047,2026-09-25,False,ok,-12.81,False,False,-1.968,-3.805,False,-4.204,0.164,False,True,True,-13.32,False,1.0,1.44,50.0,2026-09-25
OGE,OGE Energy Corp,Energy - Traditional,Energy Base - Utilities & Conventional Power Operators,Primary,9256.9078,-0.0154,-0.0246,-0.07,9256.9078,2026-09-25,False,ok,-3.86,False,False,-0.322,-0.932,False,-1.231,-0.328,False,True,False,-3.39,False,1.1,0.84,40.0,2026-09-25
OGS,"One Gas, Inc.",Energy - Traditional,Energy Base - Utilities & Conventional Power Operators,Primary,4513.0803,-0.0451,-0.1071,-0.0725,2707.8482,2026-09-25,False,ok,-9.11,False,False,-1.739,-0.744,False,-2.442,-0.903,False,True,False,-11.56,False,1.07,1.76,20.0,2026-09-25
OGS,"One Gas, Inc.",Commodities - Energy,Comm Energy - Natural Gas & LNG,Secondary,4513.0803,-0.0451,-0.1071,-0.0725,1805.2321,2026-09-25,False,ok,-9.11,False,False,-1.739,-0.744,False,-2.442,-0.903,False,True,False,-11.56,False,1.07,1.76,20.0,2026-09-25
OHI,Omega Healthcare Investors Inc,Healthcare & Biotech,Healthcare - Senior Care & Longevity,Primary,14777.0778,-0.0081,-0.0143,-0.0099,8866.2467,2026-09-25,False,ok,0.19,True,True,1.108,-0.761,False,-0.447,-0.088,True,False,False,-2.36,False,1.08,0.34,40.0,2026-09-25
OHI,Omega Healthcare Investors Inc,Real Estate & REITs,Real Estate - Healthcare & Senior Living,Secondary,14777.0778,-0.0081,-0.0143,-0.0099,5910.8311,2026-09-25,False,ok,0.19,True,True,1.108,-0.761,False,-0.447,-0.088,True,False,False,-2.36,False,1.08,0.34,40.0,2026-09-25
OII,Oceaneering International Inc,Energy - Traditional,Energy Base - Oilfield Services & Equipment,Primary,4604.2414,-0.0006,-0.0731,0.2747,2762.5448,2026-09-25,False,ok,9.07,True,True,9.18,-1.228,False,-2.043,-0.762,False,True,False,-8.19,False,0.91,2.23,50.0,2026-09-25
OII,Oceaneering International Inc,Industrial Automation & Robotics,"Robotics - Autonomous Vehicles, Service & Mobility",Secondary,4604.2414,-0.0006,-0.0731,0.2747,1841.6966,2026-09-25,False,ok,9.07,True,True,9.18,-1.228,False,-2.043,-0.762,False,True,False,-8.19,False,0.91,2.23,50.0,2026-09-25
OKE,Oneok Inc /New/,Energy - Traditional,Energy Base - Refining & Midstream Infrastructure,Primary,55873.1674,-0.0517,-0.0335,0.0272,33523.9004,2026-09-25,False,ok,0.63,True,True,3.245,-0.477,False,-0.844,-0.9,True,False,False,-4.27,False,1.07,1.14,40.0,2026-09-25
OKE,Oneok Inc /New/,Commodities - Energy,Comm Energy - Natural Gas & LNG,Secondary,55873.1674,-0.0517,-0.0335,0.0272,22349.267,2026-09-25,False,ok,0.63,True,True,3.245,-0.477,False,-0.844,-0.9,True,False,False,-4.27,False,1.07,1.14,40.0,2026-09-25
OKLO,Oklo Inc.,Energy - Traditional,Energy Base - Nuclear Power & Advanced Reactors,Primary,7076.1114,0.0011,-0.1407,-0.2963,4245.6668,2026-09-25,False,ok,-29.5,False,False,-16.846,-0.901,True,-2.7,0.401,False,False,True,-14.89,False,0.97,1.41,30.0,2026-09-25
OKLO,Oklo Inc.,Artificial Intelligence,"AI - Compute, Edge & Acceleration",Secondary,7076.1114,0.0011,-0.1407,-0.2963,2830.4446,2026-09-25,False,ok,-29.5,False,False,-16.846,-0.901,True,-2.7,0.401,False,False,True,-14.89,False,0.97,1.41,30.0,2026-09-25
OKTA,"Okta, Inc.",Cybersecurity,Cybersecurity - IAM & Zero Trust,Primary,34123.2968,0.0703,0.4944,0.6461,34123.2968,2026-09-25,False,ok,48.39,True,True,16.655,2.105,True,7.313,0.565,False,False,True,48.02,True,1.35,-5.09,70.0,2026-09-25
OLED,Universal Display Corp,Semiconductors,Semis - Emerging Technologies,Primary,3557.3734,-0.0116,-0.1286,-0.1104,2134.424,2026-09-25,False,ok,-14.34,False,False,-6.54,0.448,False,-2.617,-0.342,False,True,False,-13.68,False,1.01,3.77,30.0,2026-09-25
OLED,Universal Display Corp,Hardware,Hardware - Next-Gen & Specialty,Secondary,3557.3734,-0.0116,-0.1286,-0.1104,1422.9494,2026-09-25,False,ok,-14.34,False,False,-6.54,0.448,False,-2.617,-0.342,False,True,False,-13.68,False,1.01,3.77,30.0,2026-09-25
OLLI,"Ollie's Bargain Outlet Holdings, Inc.",E-commerce,"E-commerce - Omnichannel Retailers, Online & Physical Stores",Primary,5004.6525,0.1109,0.1292,0.1371,5004.6525,2026-09-25,False,ok,0.62,True,False,-6.075,2.498,True,2.877,1.434,False,True,True,11.85,True,1.19,-0.83,60.0,2026-09-25
OLN,Olin Corp,Defense & Aerospace,Defense - Secure Defense Supply Chains,Primary,1869.3128,-0.0261,-0.0449,-0.2097,1869.3128,2026-09-25,False,ok,-21.28,False,False,-9.44,-2.509,True,-3.117,0.077,False,False,True,-5.4,False,0.79,0.14,40.0,2026-09-25
OMC,Omnicom Group Inc.,Digital Entertainment & Media,Entertainment - Advertising & Social Platforms,Primary,20891.4452,-0.0055,-0.1277,0.0444,20891.4452,2026-09-25,False,ok,-2.42,False,False,1.672,-0.597,False,-2.653,-0.599,False,True,False,-13.6,False,1.09,1.69,30.0,2026-09-25
OMCL,"Omnicell, Inc.",Healthcare & Biotech,"Healthcare - IT, Services & Data Infrastructure",Primary,1530.8201,0.0444,0.0132,-0.1476,1530.8201,2026-09-25,False,ok,-10.72,False,False,-4.67,-2.431,True,-2.515,0.695,False,True,True,0.36,True,0.76,1.62,30.0,2026-09-25
ON,On Semiconductor Corp,Semiconductors,"Semis - Analog, Mixed-Signal & Power Management",Primary,30055.3974,0.1032,0.0647,-0.333,18033.2384,2026-09-25,False,ok,-5.26,False,False,-2.392,-4.094,True,-1.666,1.379,False,True,True,5.46,True,1.01,3.71,40.0,2026-09-25
ON,On Semiconductor Corp,Semiconductors,Semis - Emerging Technologies,Secondary,30055.3974,0.1032,0.0647,-0.333,12022.159,2026-09-25,False,ok,-5.26,False,False,-2.392,-4.094,True,-1.666,1.379,False,True,True,5.46,True,1.01,3.71,40.0,2026-09-25
ONB,Old National Bancorp,Financials - Traditional,"Fin Trad - Banks, Lending & Mortgage Finance",Primary,9751.7087,0.0087,-0.001,-0.0007,9751.7087,2026-09-25,False,ok,2.69,True,True,2.571,-0.719,False,-0.842,-0.055,True,True,False,-1.06,False,0.97,0.69,40.0,2026-09-25
ONDS,Ondas Holdings Inc.,Defense & Aerospace,Defense - Drones & Anti-Drone Systems,Primary,4448.7926,0.0338,-0.0728,-0.0052,4448.7926,2026-09-25,False,ok,-10.77,False,False,-5.769,-1.14,True,-2.24,0.771,False,True,True,-8.16,False,0.74,0.54,30.0,2026-09-25
ONTO,Onto Innovation Inc.,Nanotechnology,NanoTech - Research Tools & Advanced Instruments,Primary,17581.5455,0.0919,-0.0136,-0.1074,17581.5455,2026-09-25,False,ok,7.86,True,True,4.24,-2.698,True,-0.656,1.419,True,True,True,-2.3,False,0.77,1.34,30.0,2026-09-25
OPAL,Opal Fuels Inc.,Commodities - Energy,Comm Energy - Biofuels & Renewable Fuels,Primary,323.1765,-0.0107,-0.1315,-0.0796,193.9059,2026-09-25,False,ok,-13.95,False,False,-4.229,-1.503,False,-3.562,0.238,False,False,True,-13.97,False,1.02,2.81,30.0,2026-09-25
OPAL,Opal Fuels Inc.,Energy - Renewable,Energy Clean - Fuels & Bioenergy,Secondary,323.1765,-0.0107,-0.1315,-0.0796,129.2706,2026-09-25,False,ok,-13.95,False,False,-4.229,-1.503,False,-3.562,0.238,False,False,True,-13.97,False,1.02,2.81,30.0,2026-09-25
OPCH,"Option Care Health, Inc.",Healthcare & Biotech,"Healthcare - IT, Services & Data Infrastructure",Primary,3455.5456,-0.0506,-0.0241,0.0482,2073.3274,2026-09-25,False,ok,-5.43,False,False,-2.939,1.783,False,-0.065,-0.614,True,False,False,-3.34,False,0.97,0.83,20.0,2026-09-25
OPCH,"Option Care Health, Inc.",Healthcare & Biotech,"Healthcare - Digital Health, Telemedicine & Remote Care",Secondary,3455.5456,-0.0506,-0.0241,0.0482,1382.2182,2026-09-25,False,ok,-5.43,False,False,-2.939,1.783,False,-0.065,-0.614,True,False,False,-3.34,False,0.97,0.83,20.0,2026-09-25
ORA,"Ormat Technologies, Inc.",Energy - Renewable,Energy Clean - Utilities & Clean Power Operators,Primary,5757.9581,-0.0381,-0.1187,-0.2452,5757.9581,2026-09-25,False,ok,-14.45,False,False,-4.57,-2.123,False,-3.161,-0.177,False,True,False,-12.71,False,1.1,3.45,40.0,2026-09-25
ORCL,Oracle Corp,Cloud Computing,Cloud - Horizontal SaaS & Cloud Applications,Primary,414554.2267,-0.0712,-0.0529,-0.1267,248732.536,2026-09-25,False,ok,-15.23,False,False,-6.214,0.498,False,-0.834,-1.06,True,False,False,-6.19,False,1.08,2.73,40.0,2026-09-25
ORCL,Oracle Corp,Software,Software - Vertical SaaS Platforms,Secondary,414554.2267,-0.0712,-0.0529,-0.1267,165821.6907,2026-09-25,False,ok,-15.23,False,False,-6.214,0.498,False,-0.834,-1.06,True,False,False,-6.19,False,1.08,2.73,40.0,2026-09-25
ORI,Old Republic International Corp,Financials - Traditional,Fin Trad - Insurance & Reinsurance,Primary,9111.679,-0.0553,-0.0971,-0.0565,9111.679,2026-09-25,False,ok,-6.57,False,False,0.29,-0.736,False,-2.303,-0.859,False,False,False,-10.57,False,1.08,1.64,30.0,2026-09-25
ORLY,O Reilly Automotive Inc,Industrials & Construction,Industrials - Distribution & Rental Services,Primary,69663.6539,0.0166,-0.0465,-0.0194,69663.6539,2026-09-25,False,ok,-4.47,False,False,-1.985,-0.16,False,-1.092,0.179,False,True,True,-5.56,False,0.95,0.14,60.0,2026-09-25
OSCR,"Oscar Health, Inc.",Healthcare & Biotech,"Healthcare - Digital Health, Telemedicine & Remote Care",Primary,9135.8915,-0.0787,-0.043,0.0151,5481.5349,2026-09-25,False,ok,13.05,True,True,12.113,-1.845,False,-0.534,-1.314,True,False,False,-5.21,False,1.08,1.89,40.0,2026-09-25
OSCR,"Oscar Health, Inc.",FinTech & Digital Finance,FinTech - InsurTech & Embedded Insurance,Secondary,9135.8915,-0.0787,-0.043,0.0151,3654.3566,2026-09-25,False,ok,13.05,True,True,12.113,-1.845,False,-0.534,-1.314,True,False,False,-5.21,False,1.08,1.89,40.0,2026-09-25
OSK,Oshkosh Corp,Transportation & Logistics,Transportation - Infrastructure & Equipment,Primary,8195.9516,-0.0945,-0.1448,-0.0705,8195.9516,2026-09-25,False,ok,-8.31,False,True,0.825,-0.67,False,-3.098,-1.332,False,True,False,-15.3,False,0.82,3.75,20.0,2026-09-25
OTIS,Otis Worldwide Corp,Industrials & Construction,Industrials - Building Products & HVAC,Primary,25101.3366,-0.0377,-0.0772,-0.0866,25101.3366,2026-09-25,False,ok,-11.12,False,False,-3.929,-0.154,False,-1.753,-0.378,False,False,False,-8.6,False,1.16,1.14,40.0,2026-09-25
OTLY,Oatly Group Ab,Agriculture & FoodTech,Agriculture - Alternative Proteins,Primary,377.8412,-0.0536,-0.2332,0.3864,226.7047,2026-09-25,False,ok,-2.51,False,True,3.947,1.135,False,-3.406,-1.214,False,True,False,-24.05,False,0.43,4.58,20.0,2026-09-25
OTLY,Oatly Group Ab,Consumer Goods & Retail,"Consumer - Health, Food & Beverages",Secondary,377.8412,-0.0536,-0.2332,0.3864,151.1365,2026-09-25,False,ok,-2.51,False,True,3.947,1.135,False,-3.406,-1.214,False,True,False,-24.05,False,0.43,4.58,20.0,2026-09-25
OUST,"Ouster, Inc.",Industrial Automation & Robotics,Automation - Industrial Sensors & Machine Vision,Primary,3152.7514,0.2474,0.2067,0.0739,1891.6508,2026-09-25,False,ok,22.94,True,True,6.702,-2.428,True,1.3,3.027,False,True,True,19.53,True,0.62,-0.79,50.0,2026-09-25
OUST,"Ouster, Inc.",Industrial Automation & Robotics,Robotics - Sensors & Vision Systems,Secondary,3152.7514,0.2474,0.2067,0.0739,1261.1006,2026-09-25,False,ok,22.94,True,True,6.702,-2.428,True,1.3,3.027,False,True,True,19.53,True,0.62,-0.79,50.0,2026-09-25
OVV,Ovintiv Inc.,Energy - Traditional,Energy Base - Oil & Gas Exploration & Production,Primary,16631.9585,-0.0359,-0.062,0.1449,16631.9585,2026-09-25,False,ok,4.9,True,True,5.323,-0.579,False,-1.265,-1.044,False,True,False,-7.09,False,1.01,0.73,50.0,2026-09-25
OXY,Occidental Petroleum Corp /De/,Energy - Traditional,Energy Base - Oil & Gas Exploration & Production,Primary,56839.381,-0.0337,-0.0221,0.118,34103.6286,2026-09-25,False,ok,2.74,True,True,3.361,-0.047,False,-0.484,-0.968,True,False,False,-3.14,False,1.04,0.1,70.0,2026-09-25
OXY,Occidental Petroleum Corp /De/,Commodities - Energy,Comm Energy - Crude Oil,Secondary,56839.381,-0.0337,-0.0221,0.118,22735.7524,2026-09-25,False,ok,2.74,True,True,3.361,-0.047,False,-0.484,-0.968,True,False,False,-3.14,False,1.04,0.1,70.0,2026-09-25
OZK,Bank OZK,Financials - Traditional,"Fin Trad - Banks, Lending & Mortgage Finance",Primary,5112.7736,-0.0207,-0.047,-0.0711,5112.7736,2026-09-25,False,ok,-4.07,False,False,0.564,-0.967,False,-1.846,-0.387,False,True,False,-5.6,False,0.93,1.79,50.0,2026-09-25
P,"Everpure, Inc.",Hardware,Hardware - Data Center Infrastructure & Servers,Primary,41986.6337,0.2099,0.2256,0.7308,25191.9802,2026-09-25,False,ok,45.15,True,True,11.131,3.795,True,5.458,2.259,False,True,True,21.39,True,1.77,-0.75,50.0,2026-09-25
P,"Everpure, Inc.",Cloud Computing,Cloud - Data Centers & Infrastructure,Secondary,41986.6337,0.2099,0.2256,0.7308,16794.6535,2026-09-25,False,ok,45.15,True,True,11.131,3.795,True,5.458,2.259,False,True,True,21.39,True,1.77,-0.75,50.0,2026-09-25
PAA,Plains All American Pipeline Lp,Energy - Traditional,Energy Base - Refining & Midstream Infrastructure,Primary,17229.9325,-0.0374,-0.0113,0.1569,17229.9325,2026-09-25,False,ok,7.5,True,True,5.78,-0.055,False,0.046,-0.905,True,False,False,-2.07,False,1.13,0.78,30.0,2026-09-25
PAAS,Pan American Silver Corp,Commodities - Metals,Comm Metals - Precious Metals,Primary,19918.2479,-0.039,-0.1138,0.086,19918.2479,2026-09-25,False,ok,-3.25,False,True,-0.657,0.473,False,-0.777,-0.821,True,True,False,-12.22,False,0.9,2.77,20.0,2026-09-25
PACB,"Pacific Biosciences Of California, Inc.",Healthcare & Biotech,"Healthcare - Diagnostics, Biomarkers & Liquid Biopsy",Primary,503.5458,0.1825,0.0658,0.125,302.1275,2026-09-25,False,ok,11.73,True,False,-2.548,1.531,True,3.438,2.097,False,True,True,5.57,True,0.91,-4.08,40.0,2026-09-25
PACB,"Pacific Biosciences Of California, Inc.",Healthcare & Biotech,Healthcare - Genomics & Personalized Medicine,Secondary,503.5458,0.1825,0.0658,0.125,201.4183,2026-09-25,False,ok,11.73,True,False,-2.548,1.531,True,3.438,2.097,False,True,True,5.57,True,0.91,-4.08,40.0,2026-09-25
PAG,"Penske Automotive Group, Inc.",E-commerce,"E-commerce - Omnichannel Retailers, Online & Physical Stores",Primary,13764.2506,-0.0141,-0.0461,0.1503,13764.2506,2026-09-25,False,ok,9.56,True,True,7.131,-0.063,False,-0.569,-0.573,True,True,False,-5.52,False,0.86,1.0,30.0,2026-09-25
PAHC,Phibro Animal Health Corporation,Healthcare & Biotech,Healthcare - Animal Health & Veterinary,Primary,1398.7252,-0.0032,-0.0382,0.102,839.2351,2026-09-25,False,ok,-8.74,False,False,-4.708,0.96,False,-1.198,-0.853,False,True,False,-4.73,False,1.1,1.99,30.0,2026-09-25
PAHC,Phibro Animal Health Corporation,Commodities - Agriculture,Comm Agri - Livestock & Animal Protein,Secondary,1398.7252,-0.0032,-0.0382,0.102,559.4901,2026-09-25,False,ok,-8.74,False,False,-4.708,0.96,False,-1.198,-0.853,False,True,False,-4.73,False,1.1,1.99,30.0,2026-09-25
PANW,Palo Alto Networks Inc,Industrial Automation & Robotics,"Automation - Industrial IoT, Connectivity",Primary,306537.3,0.0307,0.1025,0.3137,183922.38,2026-09-25,False,ok,26.84,True,True,12.807,-1.186,True,2.194,0.767,False,False,True,9.2,True,1.12,-4.9,80.0,2026-09-25
PANW,Palo Alto Networks Inc,Cybersecurity,"Cybersecurity - Platform, Cloud & Application Security",Secondary,306537.3,0.0307,0.1025,0.3137,122614.92,2026-09-25,False,ok,26.84,True,True,12.807,-1.186,True,2.194,0.767,False,False,True,9.2,True,1.12,-4.9,80.0,2026-09-25
PATH,"UiPath, Inc.",Software,Software - Vertical SaaS Platforms,Primary,6493.5967,-0.0695,-0.2521,0.2085,3896.158,2026-09-25,False,ok,-4.44,False,True,4.788,0.619,False,-4.798,-2.188,False,True,False,-25.92,False,0.89,8.01,20.0,2026-09-25
PATH,"UiPath, Inc.",Industrial Automation & Robotics,Automation - Industrial Software & Digital Twin,Secondary,6493.5967,-0.0695,-0.2521,0.2085,2597.4387,2026-09-25,False,ok,-4.44,False,True,4.788,0.619,False,-4.798,-2.188,False,True,False,-25.92,False,0.89,8.01,20.0,2026-09-25
PAYX,"Paychex, Inc.",Cloud Computing,Cloud - Horizontal SaaS & Cloud Applications,Primary,36085.7436,-0.1272,-0.189,0.0636,21651.4462,2026-09-25,False,ok,-6.64,False,True,3.82,-0.282,False,-3.301,-1.846,False,False,False,-19.67,False,1.12,4.62,20.0,2026-09-25
PAYX,"Paychex, Inc.",Business Services & Consulting,"Business Services - Outsourcing, Facilities & Testing",Secondary,36085.7436,-0.1272,-0.189,0.0636,14434.2974,2026-09-25,False,ok,-6.64,False,True,3.82,-0.282,False,-3.301,-1.846,False,False,False,-19.67,False,1.12,4.62,20.0,2026-09-25
PB,"Prosperity Bancshares, Inc.",Financials - Traditional,"Fin Trad - Banks, Lending & Mortgage Finance",Primary,8144.3794,-0.0321,-0.0577,-0.0586,8144.3794,2026-09-25,False,ok,-3.32,False,False,0.858,-0.776,False,-1.592,-0.476,False,True,False,-6.67,False,0.99,1.35,50.0,2026-09-25
PBF,PBF Energy Inc.,Energy - Traditional,Energy Base - Refining & Midstream Infrastructure,Primary,8734.9811,-0.0453,0.108,0.8335,8734.9811,2026-09-25,False,ok,30.44,True,True,16.696,1.164,False,1.252,-1.118,False,True,False,9.74,True,1.3,0.18,50.0,2026-09-25
PCAR,Paccar Inc,Transportation & Logistics,Transportation - Infrastructure & Equipment,Primary,58589.6837,-0.0409,-0.1386,-0.0464,58589.6837,2026-09-25,False,ok,-7.48,False,False,0.909,-1.505,False,-3.378,-0.846,False,True,False,-14.68,False,0.96,2.12,30.0,2026-09-25
PCG,PG&E Corp,Energy - Traditional,Energy Base - Utilities & Conventional Power Operators,Primary,37049.2088,-0.0652,-0.3279,-0.2771,37049.2088,2026-09-25,False,ok,-23.39,False,False,-4.648,-3.551,False,-7.517,-0.641,False,True,False,-33.43,False,1.56,1.77,30.0,2026-09-25
PCOR,"Procore Technologies, Inc.",Software,Software - Vertical SaaS Platforms,Primary,7491.3981,-0.0384,-0.1866,0.2641,7491.3981,2026-09-25,False,ok,-9.19,False,False,-0.766,1.404,False,-3.569,-1.452,False,True,False,-19.43,False,0.81,4.56,20.0,2026-09-25
PCTY,Paylocity Holding Corp,Cloud Computing,Cloud - Horizontal SaaS & Cloud Applications,Primary,7936.7163,-0.0026,-0.0584,0.3812,7936.7163,2026-09-25,False,ok,8.49,True,True,5.547,1.832,False,-0.383,-0.641,True,True,False,-6.74,False,0.97,0.99,50.0,2026-09-25
PD,"Pagerduty, Inc.",Cloud Computing,"Cloud - DevOps, Observability & Multi-Cloud",Primary,1130.9852,0.0271,0.1739,0.6212,678.5911,2026-09-25,False,ok,29.54,True,True,11.178,4.88,False,4.697,-0.581,False,False,False,16.27,True,1.36,-0.93,60.0,2026-09-25
PD,"Pagerduty, Inc.",Software,"Software - Data, Analytics & DevOps",Secondary,1130.9852,0.0271,0.1739,0.6212,452.3941,2026-09-25,False,ok,29.54,True,True,11.178,4.88,False,4.697,-0.581,False,False,False,16.27,True,1.36,-0.93,60.0,2026-09-25
PDD,Pdd Holdings Inc.,E-commerce,E-commerce - Platforms,Primary,110412.8655,-0.0169,-0.116,0.0242,66247.7193,2026-09-25,False,ok,-13.97,False,False,-6.197,0.009,False,-2.296,0.07,False,False,True,-12.44,False,0.99,1.16,40.0,2026-09-25
PDD,Pdd Holdings Inc.,Software,Software - Vertical SaaS Platforms,Secondary,110412.8655,-0.0169,-0.116,0.0242,44165.1462,2026-09-25,False,ok,-13.97,False,False,-6.197,0.009,False,-2.296,0.07,False,False,True,-12.44,False,0.99,1.16,40.0,2026-09-25
PDFS,Pdf Solutions Inc,Semiconductors,Semis - EDA Tools & Design Software,Primary,2092.3585,0.119,0.119,-0.2204,2092.3585,2026-09-25,False,ok,7.55,True,True,3.107,-3.198,True,0.407,1.631,True,True,True,10.84,True,1.02,0.32,50.0,2026-09-25
PEB,Pebblebrook Hotel Trust,Real Estate & REITs,"Real Estate - Travel, Leisure & Entertainment Properties",Primary,2078.5629,0.0211,0.0038,-0.0102,2078.5629,2026-09-25,False,ok,10.81,True,True,6.62,-1.719,True,0.089,0.425,True,True,True,-0.57,False,1.07,-0.98,70.0,2026-09-25
PECO,"Phillips Edison & Company, Inc.",Real Estate & REITs,Real Estate - Retail & Consumer Real Estate,Primary,5288.6861,0.0062,-0.0603,-0.1054,5288.6861,2026-09-25,False,ok,-4.12,False,False,0.06,-1.745,False,-1.993,-0.068,False,True,False,-6.93,False,1.07,0.51,30.0,2026-09-25
PEG,Public Service Enterprise Group Inc,Energy - Renewable,Energy Clean - Utilities & Clean Power Operators,Primary,33404.1088,-0.0394,-0.0771,-0.1747,33404.1088,2026-09-25,False,ok,-11.9,False,False,-3.243,-1.322,False,-2.569,-0.563,False,True,False,-8.59,False,1.11,1.85,10.0,2026-09-25
PEGA,Pegasystems Inc.,Software,"Software - Collaboration, CRM & Communications",Primary,5547.8446,-0.0371,-0.0074,0.132,3328.7068,2026-09-25,False,ok,-8.54,False,False,-5.208,2.839,False,0.476,-1.374,True,False,False,-1.68,False,1.01,1.32,30.0,2026-09-25
PEGA,Pegasystems Inc.,Artificial Intelligence,"AI - Apps, Domain-Specific AI",Secondary,5547.8446,-0.0371,-0.0074,0.132,2219.1378,2026-09-25,False,ok,-8.54,False,False,-5.208,2.839,False,0.476,-1.374,True,False,False,-1.68,False,1.01,1.32,30.0,2026-09-25
PEN,"Penumbra, Inc.",Healthcare & Biotech,Healthcare - Medical Devices & HealthTech Hardware,Primary,12560.894,0.0041,-0.0169,0.008,12560.894,2026-09-25,False,ok,-0.19,False,False,0.098,-0.31,True,-0.284,0.018,True,True,True,-2.62,False,1.1,0.13,60.0,2026-09-25
PENN,"Penn Entertainment, Inc.",Digital Entertainment & Media,"Entertainment - Betting, iGaming & Wagering",Primary,2099.6902,-0.0486,-0.1183,-0.2321,2099.6902,2026-09-25,False,ok,-12.61,False,False,-0.17,-3.398,False,-4.234,-0.711,False,True,False,-12.67,False,0.97,1.26,20.0,2026-09-25
PEP,Pepsico Inc,Consumer Goods & Retail,"Consumer - Health, Food & Beverages",Primary,175708.586,-0.0086,-0.0862,-0.0862,175708.586,2026-09-25,False,ok,-8.46,False,False,-2.557,-0.68,False,-1.891,-0.594,False,True,False,-9.49,False,1.06,0.94,30.0,2026-09-25
PFE,Pfizer Inc,Healthcare & Biotech,Healthcare - Metabolic & Cardiometabolic,Primary,163409.6415,0.0365,0.0035,0.2135,98045.7849,2026-09-25,False,ok,9.75,True,True,3.14,1.148,True,1.057,-0.048,False,True,False,-0.6,False,0.96,0.63,30.0,2026-09-25
PFE,Pfizer Inc,Healthcare & Biotech,Healthcare - Oncology & Precision Cancer Therapeutics,Secondary,163409.6415,0.0365,0.0035,0.2135,65363.8566,2026-09-25,False,ok,9.75,True,True,3.14,1.148,True,1.057,-0.048,False,True,False,-0.6,False,0.96,0.63,30.0,2026-09-25
PFG,"Principal Financial Group, Inc.",Financials - Traditional,"Fin Trad - Asset Management, Custody & Alternatives",Primary,24572.7887,-0.0246,0.0363,0.0838,14743.6732,2026-09-25,False,ok,8.65,True,True,5.199,-0.289,False,0.645,-0.258,True,False,False,2.65,True,1.14,1.1,50.0,2026-09-25
PFG,"Principal Financial Group, Inc.",Financials - Traditional,Fin Trad - Insurance & Reinsurance,Secondary,24572.7887,-0.0246,0.0363,0.0838,9829.1155,2026-09-25,False,ok,8.65,True,True,5.199,-0.289,False,0.645,-0.258,True,False,False,2.65,True,1.14,1.1,50.0,2026-09-25
PFGC,Performance Food Group Co,Agriculture & FoodTech,Agriculture - Agri-Food Processing & Distribution,Primary,14379.9849,-0.0041,-0.1276,-0.1398,14379.9849,2026-09-25,False,ok,-8.64,False,False,-0.291,-2.351,False,-3.787,0.131,False,True,True,-13.59,False,0.83,2.45,10.0,2026-09-25
PG,Procter & Gamble Co,Consumer Goods & Retail,Consumer - Household & Personal Care,Primary,339644.3832,-0.0011,0.0057,-0.031,339644.3832,2026-09-25,False,ok,0.05,True,False,-0.151,0.007,True,0.229,0.053,True,False,True,-0.39,False,0.93,0.42,50.0,2026-09-25
PGR,Progressive Corp,Financials - Traditional,Fin Trad - Insurance & Reinsurance,Primary,119272.2022,-0.0374,-0.0747,-0.0676,119272.2022,2026-09-25,False,ok,-2.91,False,True,0.771,-0.208,False,-1.336,-0.86,False,True,False,-8.35,False,0.97,2.05,40.0,2026-09-25
PH,Parker-Hannifin Corp,Industrials & Construction,"Industrials - Machinery, Flow Control & Components",Primary,123379.5645,0.0369,-0.0354,0.02,74027.7387,2026-09-25,False,ok,3.41,True,True,2.019,-0.541,True,-0.7,0.585,True,True,True,-4.46,False,0.96,1.14,30.0,2026-09-25
PH,Parker-Hannifin Corp,Defense & Aerospace,Defense - Secure Defense Supply Chains,Secondary,123379.5645,0.0369,-0.0354,0.02,49351.8258,2026-09-25,False,ok,3.41,True,True,2.019,-0.541,True,-0.7,0.585,True,True,True,-4.46,False,0.96,1.14,30.0,2026-09-25
PHM,"Pultegroup, Inc.",Real Estate & REITs,"Real Estate - Housing, Urban Living & Demographics",Primary,22829.7892,0.0221,-0.0821,-0.1149,22829.7892,2026-09-25,False,ok,-3.65,False,False,-0.529,-0.825,False,-1.664,0.188,False,True,True,-9.09,False,0.98,1.78,40.0,2026-09-25
PHR,"Phreesia, Inc.",Healthcare & Biotech,"Healthcare - IT, Services & Data Infrastructure",Primary,630.02,0.011,-0.1189,0.0584,630.02,2026-09-25,False,ok,-12.45,False,False,-4.52,1.408,False,-3.583,-0.452,False,True,False,-12.73,False,0.94,2.24,40.0,2026-09-25
PI,Impinj Inc,Hardware,Hardware - Industrial & IoT,Primary,5447.2407,-0.0163,0.0726,0.393,3268.3444,2026-09-25,False,ok,15.99,True,True,6.933,2.502,False,2.32,-0.233,False,False,False,6.24,True,1.09,1.29,30.0,2026-09-25
PI,Impinj Inc,Smart Home & IoT,"Smart Home - Connectivity, Devices & Appliances",Secondary,5447.2407,-0.0163,0.0726,0.393,2178.8963,2026-09-25,False,ok,15.99,True,True,6.933,2.502,False,2.32,-0.233,False,False,False,6.24,True,1.09,1.29,30.0,2026-09-25
PII,Polaris Inc.,Consumer Goods & Retail,Consumer - Modern Luxury & Lifestyle,Primary,3017.5939,-0.0192,-0.1568,-0.2443,3017.5939,2026-09-25,False,ok,-15.88,False,False,-2.197,-3.032,False,-5.552,-0.672,False,True,False,-16.48,False,0.89,3.48,20.0,2026-09-25
PINS,"Pinterest, Inc.",E-commerce,E-commerce - Online Marketplaces & Recommerce,Primary,10703.316,0.0161,-0.2012,-0.0483,6421.9896,2026-09-25,False,ok,-13.0,False,False,-2.643,-1.338,False,-5.012,0.09,False,True,True,-20.88,False,1.14,3.63,40.0,2026-09-25
PINS,"Pinterest, Inc.",Artificial Intelligence,"AI - Ads, Search & Recommendations",Secondary,10703.316,0.0161,-0.2012,-0.0483,4281.3264,2026-09-25,False,ok,-13.0,False,False,-2.643,-1.338,False,-5.012,0.09,False,True,True,-20.88,False,1.14,3.63,40.0,2026-09-25
PK,Park Hotels & Resorts Inc.,Real Estate & REITs,"Real Estate - Travel, Leisure & Entertainment Properties",Primary,3106.6506,0.0294,-0.0458,0.0948,3106.6506,2026-09-25,False,ok,13.23,True,True,7.546,-0.634,False,0.0,-0.053,True,True,False,-5.48,False,0.9,0.15,60.0,2026-09-25
PKG,Packaging Corp Of America,Industrials & Construction,Industrials - Packaging & Containers,Primary,21132.3331,0.0189,-0.0317,0.0036,21132.3331,2026-09-25,False,ok,3.04,True,True,2.47,-0.623,False,-0.382,0.448,True,False,True,-4.09,False,0.96,0.37,40.0,2026-09-25
PL,Planet Labs Pbc,Defense & Aerospace,Defense - Space Technology & Satellite Services,Primary,6341.8706,0.0615,-0.1912,-0.3373,3805.1224,2026-09-25,False,ok,-28.79,False,False,-12.604,-6.067,True,-6.741,1.2,False,True,True,-19.89,False,1.27,2.04,10.0,2026-09-25
PL,Planet Labs Pbc,Space Tech,Space - Data Analytics & Earth Observation,Secondary,6341.8706,0.0615,-0.1912,-0.3373,2536.7482,2026-09-25,False,ok,-28.79,False,False,-12.604,-6.067,True,-6.741,1.2,False,True,True,-19.89,False,1.27,2.04,10.0,2026-09-25
PLD,"Prologis, Inc.",E-commerce,"E-commerce - Omnichannel Retailers, Online & Physical Stores",Primary,129336.7624,-0.0133,-0.0644,-0.048,77602.0574,2026-09-25,False,ok,-2.72,False,False,0.311,-1.198,False,-1.1,-0.011,False,False,False,-7.33,False,0.79,1.21,30.0,2026-09-25
PLD,"Prologis, Inc.",Real Estate & REITs,"Real Estate - E-Commerce, Warehousing & Logistics",Secondary,129336.7624,-0.0133,-0.0644,-0.048,51734.705,2026-09-25,False,ok,-2.72,False,False,0.311,-1.198,False,-1.1,-0.011,False,False,False,-7.33,False,0.79,1.21,30.0,2026-09-25
PLNT,"Planet Fitness, Inc.",Real Estate & REITs,"Real Estate - Travel, Leisure & Entertainment Properties",Primary,3237.2449,-0.1376,-0.1877,-0.2076,3237.2449,2026-09-25,False,ok,-28.83,False,False,-11.826,0.582,False,-5.131,-2.047,False,True,False,-19.54,False,1.09,4.4,20.0,2026-09-25
PLTK,Playtika Holding Corp.,Digital Entertainment & Media,Entertainment - Game Publishers & Developers,Primary,812.4207,-0.0362,-0.1306,-0.4468,487.4524,2026-09-25,False,ok,-30.38,False,False,-11.267,-5.01,True,-5.694,0.821,False,False,True,-13.89,False,0.63,1.45,40.0,2026-09-25
PLTK,Playtika Holding Corp.,Software,Software - Gaming & Platforms,Secondary,812.4207,-0.0362,-0.1306,-0.4468,324.9683,2026-09-25,False,ok,-30.38,False,False,-11.267,-5.01,True,-5.694,0.821,False,False,True,-13.89,False,0.63,1.45,40.0,2026-09-25
PLTR,Palantir Technologies Inc.,Defense & Aerospace,Defense - Cyber Defense & Electronic Warfare,Primary,455788.1016,0.0677,0.0981,0.6711,273472.861,2026-09-25,False,ok,21.35,True,True,5.763,3.787,True,3.456,0.519,False,False,True,8.76,True,0.82,0.01,50.0,2026-09-25
PLTR,Palantir Technologies Inc.,Industrial Automation & Robotics,"Robotics - Autonomous Vehicles, Service & Mobility",Secondary,455788.1016,0.0677,0.0981,0.6711,182315.2406,2026-09-25,False,ok,21.35,True,True,5.763,3.787,True,3.456,0.519,False,False,True,8.76,True,0.82,0.01,50.0,2026-09-25
PLUG,Plug Power Inc,Energy - Renewable,Energy Clean - Hydrogen & Fuel Cells,Primary,2766.4466,-0.0526,-0.1278,-0.2414,1659.868,2026-09-25,False,ok,-17.89,False,False,-6.602,-2.533,False,-2.424,-0.454,False,False,False,-13.61,False,0.83,2.38,30.0,2026-09-25
PLUG,Plug Power Inc,Nanotechnology,"NanoTech - Materials, Industrial & Environment",Secondary,2766.4466,-0.0526,-0.1278,-0.2414,1106.5786,2026-09-25,False,ok,-17.89,False,False,-6.602,-2.533,False,-2.424,-0.454,False,False,False,-13.61,False,0.83,2.38,30.0,2026-09-25
PM,Philip Morris International Inc.,Consumer Goods & Retail,"Consumer - Health, Food & Beverages",Primary,296884.6664,0.0099,-0.0177,0.0743,296884.6664,2026-09-25,False,ok,5.25,True,True,2.869,-0.282,False,0.275,0.038,True,False,True,-2.71,False,0.94,-1.07,70.0,2026-09-25
PNC,"PNC Financial Services Group, Inc.",Financials - Traditional,"Fin Trad - Banks, Lending & Mortgage Finance",Primary,90017.6527,-0.0323,-0.0757,-0.052,90017.6527,2026-09-25,False,ok,-2.76,False,True,2.403,-1.339,False,-2.299,-0.634,False,True,False,-8.45,False,0.94,2.51,20.0,2026-09-25
PNFP,"Pinnacle Financial Partners, Inc.",Financials - Traditional,"Fin Trad - Banks, Lending & Mortgage Finance",Primary,14351.1675,-0.0184,-0.0576,-0.0165,14351.1675,2026-09-25,False,ok,-3.05,False,False,1.194,-0.905,False,-2.028,-0.425,False,True,False,-6.65,False,0.91,1.96,30.0,2026-09-25
PNR,Pentair Plc,Environmental Sustainability,Environmental - Water Infrastructure & Treatment,Primary,8564.1359,-0.0404,-0.1409,-0.2796,8564.1359,2026-09-25,False,ok,-26.33,False,False,-11.717,-1.395,False,-4.348,-0.238,False,True,False,-14.91,False,1.03,2.58,20.0,2026-09-25
PNW,Pinnacle West Capital Corp,Energy - Traditional,Energy Base - Utilities & Conventional Power Operators,Primary,11118.634,-0.0262,-0.0607,-0.1214,11118.634,2026-09-25,False,ok,-6.67,False,False,-0.651,-1.676,False,-2.103,-0.351,False,True,False,-6.96,False,0.87,1.2,20.0,2026-09-25
PODD,Insulet Corp,Healthcare & Biotech,Healthcare - Medical Devices & HealthTech Hardware,Primary,9441.1878,-0.0318,-0.0484,-0.0856,5664.7127,2026-09-25,False,ok,-21.64,False,False,-12.041,0.644,False,-2.077,-0.047,False,False,False,-5.74,False,1.03,1.91,30.0,2026-09-25
PODD,Insulet Corp,Healthcare & Biotech,Healthcare - Metabolic & Cardiometabolic,Secondary,9441.1878,-0.0318,-0.0484,-0.0856,3776.4751,2026-09-25,False,ok,-21.64,False,False,-12.041,0.644,False,-2.077,-0.047,False,False,False,-5.74,False,1.03,1.91,30.0,2026-09-25
POR,Portland General Electric Co,Energy - Traditional,Energy Base - Utilities & Conventional Power Operators,Primary,5509.9228,0.0036,-0.0482,-0.0799,5509.9228,2026-09-25,False,ok,-4.12,False,False,-0.779,-1.05,False,-1.518,-0.157,False,True,False,-5.72,False,1.03,0.7,30.0,2026-09-25
POST,"Post Holdings, Inc.",Consumer Goods & Retail,"Consumer - Health, Food & Beverages",Primary,3315.3472,-0.0447,-0.0976,-0.1947,3315.3472,2026-09-25,False,ok,-18.25,False,False,-6.486,-1.242,False,-3.091,-0.683,False,False,False,-10.62,False,0.97,2.0,30.0,2026-09-25
POWI,Power Integrations Inc,Semiconductors,Semis - Emerging Technologies,Primary,2917.7037,0.0363,-0.0401,-0.3594,2917.7037,2026-09-25,False,ok,-11.49,False,False,-3.144,-5.028,True,-3.293,1.415,False,True,True,-4.92,False,0.98,1.94,20.0,2026-09-25
POWL,"Powell Industries, Inc.",Energy - Renewable,Energy Clean - Smart Grid & Electrification,Primary,6905.0639,0.0303,-0.0035,-0.3561,4143.0383,2026-09-25,False,ok,-9.31,False,False,-3.197,-4.828,True,-1.434,1.698,False,False,True,-1.29,False,0.75,-0.21,60.0,2026-09-25
POWL,"Powell Industries, Inc.",Industrials & Construction,"Industrials - Machinery, Flow Control & Components",Secondary,6905.0639,0.0303,-0.0035,-0.3561,2762.0256,2026-09-25,False,ok,-9.31,False,False,-3.197,-4.828,True,-1.434,1.698,False,False,True,-1.29,False,0.75,-0.21,60.0,2026-09-25
PPC,Pilgrims Pride Corp,Agriculture & FoodTech,Agriculture - Agri-Food Processing & Distribution,Primary,6624.1792,-0.068,-0.1422,0.0094,3974.5075,2026-09-25,False,ok,-11.46,False,False,-4.427,1.208,False,-1.572,-1.268,False,True,False,-15.03,False,0.89,2.77,20.0,2026-09-25
PPC,Pilgrims Pride Corp,Commodities - Agriculture,Comm Agri - Livestock & Animal Protein,Secondary,6624.1792,-0.068,-0.1422,0.0094,2649.6717,2026-09-25,False,ok,-11.46,False,False,-4.427,1.208,False,-1.572,-1.268,False,True,False,-15.03,False,0.89,2.77,20.0,2026-09-25
PPG,Ppg Industries Inc,Nanotechnology,NanoTech - Research Tools & Advanced Instruments,Primary,23901.696,0.0287,-0.0539,-0.1057,23901.696,2026-09-25,False,ok,-3.2,False,False,-0.265,-1.33,True,-1.613,0.264,False,True,True,-6.29,False,0.95,1.04,30.0,2026-09-25
PPL,Ppl Corp,Energy - Renewable,Energy Clean - Utilities & Clean Power Operators,Primary,24104.0097,-0.0393,-0.077,-0.1252,24104.0097,2026-09-25,False,ok,-8.83,False,False,-2.056,-0.911,False,-1.986,-0.534,False,False,False,-8.58,False,0.88,1.69,10.0,2026-09-25
PR,Permian Resources Corp,Energy - Traditional,Energy Base - Oil & Gas Exploration & Production,Primary,17890.22,-0.0615,-0.0772,0.1498,17890.22,2026-09-25,False,ok,6.23,True,True,6.225,0.013,False,-0.559,-1.466,True,False,False,-8.6,False,1.16,0.8,50.0,2026-09-25
PRCT,Procept Biorobotics Corp,Industrial Automation & Robotics,Robotics - Medical & Surgical Robotics,Primary,979.0042,-0.1088,-0.2037,-0.1751,979.0042,2026-09-25,False,ok,-25.51,False,False,-8.959,-0.361,False,-4.202,-1.856,False,False,False,-21.13,False,0.88,3.76,30.0,2026-09-25
PRDO,Perdoceo Education Corp,Education Technology,Education - Workforce Training,Primary,1907.9744,-0.0633,-0.0827,-0.0682,1907.9744,2026-09-25,False,ok,-7.31,False,False,-0.998,-0.478,False,-1.134,-0.815,False,False,False,-9.14,False,0.94,0.54,60.0,2026-09-25
PRI,"Primerica, Inc.",Financials - Traditional,Fin Trad - Insurance & Reinsurance,Primary,8481.9297,-0.0516,-0.0743,-0.0171,8481.9297,2026-09-25,False,ok,-3.42,False,True,1.991,-1.211,False,-2.177,-0.517,False,True,False,-8.31,False,1.04,1.69,20.0,2026-09-25
PRIM,Primoris Services Corporation,Industrials & Construction,Industrials - Engineering & Construction,Primary,3941.6212,-0.0581,-0.0287,-0.2156,2364.9727,2026-09-25,False,ok,-28.12,False,False,-15.669,-1.408,True,-1.94,0.167,False,False,True,-3.8,False,0.91,1.13,40.0,2026-09-25
PRIM,Primoris Services Corporation,Energy - Renewable,Energy Clean - Smart Grid & Electrification,Secondary,3941.6212,-0.0581,-0.0287,-0.2156,1576.6485,2026-09-25,False,ok,-28.12,False,False,-15.669,-1.408,True,-1.94,0.167,False,False,True,-3.8,False,0.91,1.13,40.0,2026-09-25
PRLB,Proto Labs Inc,Industrial Automation & Robotics,"Automation - Additive Manufacturing, 3D Printing",Primary,2302.4824,0.0969,0.2403,0.2057,2302.4824,2026-09-25,False,ok,27.29,True,True,8.276,0.32,True,3.376,1.788,False,True,True,22.85,True,1.1,-1.94,50.0,2026-09-25
PRU,"Prudential Financial, Inc.",Financials - Traditional,Fin Trad - Insurance & Reinsurance,Primary,41210.2492,0.0089,-0.0058,0.1371,41210.2492,2026-09-25,False,ok,7.26,True,True,4.544,0.048,False,-0.222,-0.047,True,True,False,-1.53,False,0.92,1.32,30.0,2026-09-25
PRVA,"Privia Health Group, Inc.",Healthcare & Biotech,"Healthcare - Digital Health, Telemedicine & Remote Care",Primary,2517.6412,-0.0071,-0.0703,-0.1958,2517.6412,2026-09-25,False,ok,-12.98,False,False,-3.9,-2.388,False,-3.259,0.015,False,True,True,-7.91,False,0.93,0.57,40.0,2026-09-25
PSA,Public Storage,Real Estate & REITs,Real Estate - Retail & Consumer Real Estate,Primary,53807.8536,-0.0281,-0.0984,-0.0849,53807.8536,2026-09-25,False,ok,-4.56,False,False,0.56,-1.534,False,-2.138,-0.16,False,True,False,-10.7,False,0.87,1.77,10.0,2026-09-25
PSKY,Paramount Skydance Corporation - Class B,Digital Entertainment & Media,Entertainment - Video Streaming,Primary,11174.5792,-0.0245,-0.0622,0.0263,11174.5792,2026-09-25,False,ok,-5.56,False,False,-2.998,2.232,False,0.086,-1.293,True,False,False,-7.11,False,1.59,-0.54,60.0,2026-09-25
PSN,Parsons Corp,Defense & Aerospace,Defense - Cyber Defense & Electronic Warfare,Primary,4600.108,-0.039,-0.1035,-0.1181,2760.0648,2026-09-25,False,ok,-19.67,False,False,-8.022,-0.859,False,-2.928,-0.596,False,False,False,-11.2,False,0.83,1.39,30.0,2026-09-25
PSN,Parsons Corp,Cybersecurity,"Cybersecurity - Identity, Biometrics & Access Management",Secondary,4600.108,-0.039,-0.1035,-0.1181,1840.0432,2026-09-25,False,ok,-19.67,False,False,-8.022,-0.859,False,-2.928,-0.596,False,False,False,-11.2,False,0.83,1.39,30.0,2026-09-25
PSNY,Polestar Automotive Holding Uk Plc,Electric Vehicles & Mobility,EVs - Manufacturers,Primary,1138.4613,-0.1183,-0.4474,-0.6564,1138.4613,2026-09-25,False,ok,-55.09,False,False,-20.59,-7.438,False,-16.539,-0.568,False,True,False,-45.26,False,1.26,6.98,10.0,2026-09-25
PSO,Pearson Plc,Education Technology,Education - Digital Curriculum,Primary,9694.0472,0.0267,-0.0277,0.0783,9694.0472,2026-09-25,False,ok,5.26,True,True,3.409,-0.882,True,-0.486,0.167,True,True,True,-3.7,False,0.93,0.27,40.0,2026-09-25
PSX,Phillips 66,Energy - Traditional,Energy Base - Refining & Midstream Infrastructure,Primary,102539.1247,-0.0636,0.0796,0.5246,102539.1247,2026-09-25,False,ok,25.84,True,True,12.61,2.033,False,2.756,-1.069,False,False,False,6.93,True,1.32,-0.31,40.0,2026-09-25
PTC,Ptc Inc.,Industrial Automation & Robotics,"Automation - Industrial IoT, Connectivity",Primary,14986.8851,0.0164,-0.0861,0.2231,8992.1311,2026-09-25,False,ok,-3.25,False,False,-1.791,1.368,False,-1.193,0.108,False,True,True,-9.48,False,1.14,3.09,30.0,2026-09-25
PTC,Ptc Inc.,Industrial Automation & Robotics,Automation - Industrial Software & Digital Twin,Secondary,14986.8851,0.0164,-0.0861,0.2231,5994.754,2026-09-25,False,ok,-3.25,False,False,-1.791,1.368,False,-1.193,0.108,False,True,True,-9.48,False,1.14,3.09,30.0,2026-09-25
PTEN,Patterson Uti Energy Inc,Energy - Traditional,Energy Base - Oilfield Services & Equipment,Primary,4160.9088,-0.0739,-0.0454,0.1551,4160.9088,2026-09-25,False,ok,4.69,True,True,6.711,-0.308,False,-0.95,-2.147,True,False,False,-5.45,False,1.13,1.36,40.0,2026-09-25
PTON,"Peloton Interactive, Inc.",Consumer Goods & Retail,Consumer - Modern Luxury & Lifestyle,Primary,2159.2494,-0.0101,-0.0855,-0.1414,2159.2494,2026-09-25,False,ok,-11.73,False,False,-2.76,-1.552,False,-3.479,0.201,False,True,True,-9.42,False,0.98,3.38,30.0,2026-09-25
PUBM,"Pubmatic, Inc.",E-commerce,E-commerce - Retail Media & Advertising,Primary,847.2311,0.0598,0.1239,0.5604,508.3387,2026-09-25,False,ok,39.58,True,True,15.621,1.11,True,3.669,0.589,False,True,True,11.32,True,1.16,-0.41,50.0,2026-09-25
PUBM,"Pubmatic, Inc.",Artificial Intelligence,"AI - Ads, Search & Recommendations",Secondary,847.2311,0.0598,0.1239,0.5604,338.8924,2026-09-25,False,ok,39.58,True,True,15.621,1.11,True,3.669,0.589,False,True,True,11.32,True,1.16,-0.41,50.0,2026-09-25
PVH,PVH Corp,Consumer Goods & Retail,Consumer - Apparel & E-Commerce Retail,Primary,3506.0137,0.036,0.0203,0.0457,3506.0137,2026-09-25,False,ok,-2.98,False,False,-1.31,-1.361,True,-0.884,1.096,True,True,True,1.06,True,1.08,-0.15,60.0,2026-09-25
PWR,"Quanta Services, Inc.",Energy - Renewable,Energy Clean - Smart Grid & Electrification,Primary,97592.4101,0.0195,0.0751,-0.075,58555.4461,2026-09-25,False,ok,3.54,True,True,2.068,-1.713,True,-0.056,0.636,True,True,True,6.49,True,0.8,1.16,50.0,2026-09-25
PWR,"Quanta Services, Inc.",Artificial Intelligence,"AI - Compute, Edge & Acceleration",Secondary,97592.4101,0.0195,0.0751,-0.075,39036.964,2026-09-25,False,ok,3.54,True,True,2.068,-1.713,True,-0.056,0.636,True,True,True,6.49,True,0.8,1.16,50.0,2026-09-25
PYPL,"Paypal Holdings, Inc.",FinTech & Digital Finance,FinTech - Digital Payments & Merchant Infrastructure,Primary,47084.5686,0.0502,-0.1139,0.2989,47084.5686,2026-09-25,False,ok,4.97,True,True,2.882,0.887,False,-1.704,0.135,False,True,True,-12.24,False,0.97,1.9,40.0,2026-09-25
Q,"Qnity Electronics, Inc.",Semiconductors,"Semis - Equipment, Lithography & Deposition",Primary,26086.2136,0.0387,-0.0146,-0.2139,15651.7282,2026-09-25,False,ok,-3.38,False,False,-0.319,-2.987,True,-1.433,0.937,False,True,True,-2.4,False,0.88,1.14,50.0,2026-09-25
Q,"Qnity Electronics, Inc.",Nanotechnology,"NanoTech - Materials, Industrial & Environment",Secondary,26086.2136,0.0387,-0.0146,-0.2139,10434.4854,2026-09-25,False,ok,-3.38,False,False,-0.319,-2.987,True,-1.433,0.937,False,True,True,-2.4,False,0.88,1.14,50.0,2026-09-25
QBTS,D-Wave Quantum Inc.,Hardware,Hardware - Next-Gen & Specialty,Primary,6609.2995,0.0175,-0.1003,-0.2424,3965.5797,2026-09-25,False,ok,-13.96,False,False,-6.887,-1.574,True,-2.028,0.886,False,True,True,-10.88,False,0.87,1.18,30.0,2026-09-25
QBTS,D-Wave Quantum Inc.,Semiconductors,Semis - Emerging Technologies,Secondary,6609.2995,0.0175,-0.1003,-0.2424,2643.7198,2026-09-25,False,ok,-13.96,False,False,-6.887,-1.574,True,-2.028,0.886,False,True,True,-10.88,False,0.87,1.18,30.0,2026-09-25
QCOM,Qualcomm Inc/De,Semiconductors,"Semis - Logic & CPUs, GPUs, Accelerators",Primary,215716.1841,0.1365,0.2648,0.0287,129429.7105,2026-09-25,False,ok,15.53,True,True,1.366,0.285,True,4.485,1.114,False,True,True,25.27,True,1.2,-1.58,60.0,2026-09-25
QCOM,Qualcomm Inc/De,Semiconductors,Semis - Wireless & Connectivity,Secondary,215716.1841,0.1365,0.2648,0.0287,86286.4736,2026-09-25,False,ok,15.53,True,True,1.366,0.285,True,4.485,1.114,False,True,True,25.27,True,1.2,-1.58,60.0,2026-09-25
QDEL,Quidelortho Corp,Healthcare & Biotech,"Healthcare - Diagnostics, Biomarkers & Liquid Biopsy",Primary,750.2151,0.0301,-0.2731,-0.104,750.2151,2026-09-25,False,ok,-30.44,False,False,-11.918,-1.341,False,-8.754,-0.536,False,True,False,-28.0,False,0.81,5.62,40.0,2026-09-25
QLYS,"Qualys, Inc.",Cybersecurity,"Cybersecurity - Platform, Cloud & Application Security",Primary,5965.2157,-0.0145,-0.02,0.495,5965.2157,2026-09-25,False,ok,20.72,True,True,11.339,1.012,False,1.216,-0.028,False,False,False,-2.93,False,1.05,-3.51,40.0,2026-09-25
QRVO,"Qorvo, Inc.",Semiconductors,Semis - Wireless & Connectivity,Primary,10407.5059,0.0067,0.2505,0.2139,6244.5035,2026-09-25,False,ok,22.38,True,True,6.475,2.616,True,5.307,0.155,False,False,True,23.86,True,1.36,-2.23,70.0,2026-09-25
QRVO,"Qorvo, Inc.",Telecommunications,"Telecom - 5G, Wireless & Carriers",Secondary,10407.5059,0.0067,0.2505,0.2139,4163.0024,2026-09-25,False,ok,22.38,True,True,6.475,2.616,True,5.307,0.155,False,False,True,23.86,True,1.36,-2.23,70.0,2026-09-25
QS,Quantumscape Corp,Electric Vehicles & Mobility,EVs - Batteries & Materials,Primary,3020.3622,-0.0229,-0.1564,-0.3104,1812.2173,2026-09-25,False,ok,-28.52,False,False,-13.61,-1.039,False,-4.2,-0.298,False,True,False,-16.44,False,0.53,3.21,30.0,2026-09-25
QS,Quantumscape Corp,Nanotechnology,"NanoTech - Materials, Industrial & Environment",Secondary,3020.3622,-0.0229,-0.1564,-0.3104,1208.1449,2026-09-25,False,ok,-28.52,False,False,-13.61,-1.039,False,-4.2,-0.298,False,True,False,-16.44,False,0.53,3.21,30.0,2026-09-25
QUBT,Quantum Computing Inc.,Semiconductors,Semis - Emerging Technologies,Primary,2028.068,0.0299,0.0591,-0.0763,2028.068,2026-09-25,False,ok,-4.88,False,False,-5.761,0.999,True,1.914,1.598,False,False,True,4.9,True,0.86,-0.17,60.0,2026-09-25
R,Ryder System Inc,Transportation & Logistics,"Transportation - Logistics, Warehousing & Supply Chain Solutions",Primary,9033.3716,-0.0125,-0.0431,-0.0938,9033.3716,2026-09-25,False,ok,-1.9,False,True,2.156,-2.239,False,-1.829,-0.03,False,True,False,-5.22,False,0.77,1.14,30.0,2026-09-25
RACE,Ferrari N.V.,Consumer Goods & Retail,Consumer - Modern Luxury & Lifestyle,Primary,72211.4642,0.0114,-0.0249,0.1794,72211.4642,2026-09-25,False,ok,6.46,True,True,3.656,0.923,False,0.294,-0.148,True,False,False,-3.42,False,0.87,0.86,20.0,2026-09-25
RBA,"RB Global, Inc.",Industrials & Construction,Industrials - Distribution & Rental Services,Primary,15277.1471,-0.0085,-0.0298,-0.2642,9166.2883,2026-09-25,False,ok,-15.44,False,False,-6.021,-2.618,True,-2.435,0.616,False,False,True,-3.9,False,0.94,0.94,30.0,2026-09-25
RBA,"RB Global, Inc.",E-commerce,E-commerce - Online Marketplaces & Recommerce,Secondary,15277.1471,-0.0085,-0.0298,-0.2642,6110.8588,2026-09-25,False,ok,-15.44,False,False,-6.021,-2.618,True,-2.435,0.616,False,False,True,-3.9,False,0.94,0.94,30.0,2026-09-25
RBC,RBC Bearings Inc,Industrials & Construction,"Industrials - Machinery, Flow Control & Components",Primary,16022.7441,0.0102,0.0203,-0.2079,9613.6465,2026-09-25,False,ok,-6.06,False,False,-2.131,-2.45,True,-1.404,0.951,False,True,True,1.06,True,1.11,0.44,60.0,2026-09-25
RBC,RBC Bearings Inc,Defense & Aerospace,Defense - Secure Defense Supply Chains,Secondary,16022.7441,0.0102,0.0203,-0.2079,6409.0976,2026-09-25,False,ok,-6.06,False,False,-2.131,-2.45,True,-1.404,0.951,False,True,True,1.06,True,1.11,0.44,60.0,2026-09-25
RBLX,Roblox Corp,Software,Software - Gaming & Platforms,Primary,33175.6175,-0.0289,0.1871,-0.0313,19905.3705,2026-09-25,False,ok,-11.83,False,False,-11.182,2.974,True,4.154,0.238,False,False,True,17.58,True,1.01,-1.99,40.0,2026-09-25
RBLX,Roblox Corp,Digital Entertainment & Media,Entertainment - Game Publishers & Developers,Secondary,33175.6175,-0.0289,0.1871,-0.0313,13270.247,2026-09-25,False,ok,-11.83,False,False,-11.182,2.974,True,4.154,0.238,False,False,True,17.58,True,1.01,-1.99,40.0,2026-09-25
RCAT,"Red Cat Holdings, Inc.",Defense & Aerospace,Defense - Drones & Anti-Drone Systems,Primary,1017.0777,-0.0133,-0.2681,-0.2869,610.2466,2026-09-25,False,ok,-31.02,False,False,-10.857,-3.117,False,-7.862,-1.444,False,True,False,-27.51,False,0.87,4.33,30.0,2026-09-25
RCAT,"Red Cat Holdings, Inc.",Industrial Automation & Robotics,"Robotics - Autonomous Vehicles, Service & Mobility",Secondary,1017.0777,-0.0133,-0.2681,-0.2869,406.8311,2026-09-25,False,ok,-31.02,False,False,-10.857,-3.117,False,-7.862,-1.444,False,True,False,-27.51,False,0.87,4.33,30.0,2026-09-25
RCL,Royal Caribbean Group,Real Estate & REITs,"Real Estate - Travel, Leisure & Entertainment Properties",Primary,64910.6186,-0.0127,-0.1647,-0.2393,64910.6186,2026-09-25,False,ok,-13.68,False,False,-2.623,-2.145,False,-4.976,-0.289,False,True,False,-17.27,False,1.13,2.2,20.0,2026-09-25
RDDT,"Reddit, Inc.",Digital Entertainment & Media,Entertainment - Advertising & Social Platforms,Primary,28828.6925,-0.0067,-0.0776,-0.0677,28828.6925,2026-09-25,False,ok,-9.84,False,False,-3.427,-0.654,False,-1.127,0.022,False,False,True,-8.64,False,0.75,0.96,30.0,2026-09-25
RDW,Redwire Corp,Space Tech,Space - Data Analytics & Earth Observation,Primary,2904.9142,0.0819,0.0122,0.0211,1742.9485,2026-09-25,False,ok,2.88,True,False,-0.137,-1.908,True,0.621,0.972,True,True,True,0.26,True,0.86,-1.64,70.0,2026-09-25
RDW,Redwire Corp,Space Tech,"Space - Infrastructure, Exploration & Launch",Secondary,2904.9142,0.0819,0.0122,0.0211,1161.9657,2026-09-25,False,ok,2.88,True,False,-0.137,-1.908,True,0.621,0.972,True,True,True,0.26,True,0.86,-1.64,70.0,2026-09-25
REAL,"Therealreal, Inc.",E-commerce,E-commerce - Online Marketplaces & Recommerce,Primary,1074.356,-0.0656,-0.2059,-0.3134,644.6136,2026-09-25,False,ok,-18.66,False,False,-3.976,-1.936,False,-4.963,-0.42,False,False,False,-21.35,False,0.74,3.99,20.0,2026-09-25
REAL,"Therealreal, Inc.",Consumer Goods & Retail,Consumer - Modern Luxury & Lifestyle,Secondary,1074.356,-0.0656,-0.2059,-0.3134,429.7424,2026-09-25,False,ok,-18.66,False,False,-3.976,-1.936,False,-4.963,-0.42,False,False,False,-21.35,False,0.74,3.99,20.0,2026-09-25
REG,Regency Centers Corp,Real Estate & REITs,Real Estate - Retail & Consumer Real Estate,Primary,13690.9885,0.0038,-0.0358,-0.0739,13690.9885,2026-09-25,False,ok,-3.04,False,False,-0.263,-1.194,True,-1.16,0.0,False,True,True,-4.5,False,1.04,0.63,30.0,2026-09-25
REGN,"Regeneron Pharmaceuticals, Inc.",Healthcare & Biotech,Healthcare - Next-Gen Biotech Platforms,Primary,81132.6505,0.0041,-0.0546,0.2655,48679.5903,2026-09-25,False,ok,7.64,True,True,3.85,1.35,False,0.249,-0.413,True,False,False,-6.36,False,1.0,1.73,30.0,2026-09-25
REGN,"Regeneron Pharmaceuticals, Inc.",Nanotechnology,NanoTech - Nanomedicine & Drug Delivery,Secondary,81132.6505,0.0041,-0.0546,0.2655,32453.0602,2026-09-25,False,ok,7.64,True,True,3.85,1.35,False,0.249,-0.413,True,False,False,-6.36,False,1.0,1.73,30.0,2026-09-25
RELX,Relx Plc,Big Data & Analytics,"Big Data - Data Generation, Sourcing & Providers",Primary,58276.0161,0.0033,-0.0658,0.0845,58276.0161,2026-09-25,False,ok,-3.24,False,False,-0.623,0.524,False,-1.385,-0.456,False,True,False,-7.47,False,0.85,1.44,40.0,2026-09-25
RENT,"Rent The Runway, Inc.",Consumer Goods & Retail,Consumer - Resale & Sharing Platforms,Primary,56.6628,-0.1022,-0.5425,-0.4798,56.6628,2026-09-25,False,ok,-55.82,False,False,-17.882,-4.241,False,-18.748,-4.147,False,True,False,-54.68,False,1.93,14.04,20.0,2026-09-25
REX,Rex American Resources Corp,Commodities - Agriculture,"Comm Agri - Grains, Oilseeds & Softs",Primary,1421.2444,-0.009,0.032,-0.0109,1421.2444,2026-09-25,False,ok,0.52,True,False,0.796,-1.569,True,0.136,0.457,True,False,True,2.22,True,1.24,-0.81,50.0,2026-09-25
REXR,"Rexford Industrial Realty, Inc.",Real Estate & REITs,"Real Estate - E-Commerce, Warehousing & Logistics",Primary,8566.9335,-0.024,-0.004,0.1275,8566.9335,2026-09-25,False,ok,2.49,True,True,1.267,0.852,False,0.812,-0.169,True,False,False,-1.35,False,1.07,-0.05,40.0,2026-09-25
REZI,"Resideo Technologies, Inc.",Smart Home & IoT,"Smart Home - Automation, Control & Energy",Primary,2774.2515,-0.0054,-0.0833,-0.1762,2774.2515,2026-09-25,False,ok,-18.45,False,False,-6.723,-2.043,False,-3.946,0.33,False,False,True,-9.2,False,0.75,2.05,30.0,2026-09-25
RF,Regions Financial Corp,Financials - Traditional,"Fin Trad - Banks, Lending & Mortgage Finance",Primary,23530.2953,-0.0309,-0.0891,-0.0539,23530.2953,2026-09-25,False,ok,-4.08,False,True,1.819,-1.231,False,-2.551,-0.753,False,True,False,-9.78,False,0.91,2.83,10.0,2026-09-25
RGA,"Reinsurance Group Of America, Inc.",Financials - Traditional,Fin Trad - Insurance & Reinsurance,Primary,16237.2588,0.0121,0.0171,0.2014,16237.2588,2026-09-25,False,ok,9.59,True,True,5.1,0.326,False,0.388,-0.234,True,True,False,0.75,True,0.96,0.83,40.0,2026-09-25
RGEN,Repligen Corp,Healthcare & Biotech,Healthcare - Next-Gen Biotech Platforms,Primary,10704.7076,0.0723,0.044,0.3705,6422.8246,2026-09-25,False,ok,26.19,True,True,8.261,2.659,True,3.288,0.743,False,True,True,3.4,True,1.04,-1.74,50.0,2026-09-25
RGEN,Repligen Corp,Nanotechnology,NanoTech - Research Tools & Advanced Instruments,Secondary,10704.7076,0.0723,0.044,0.3705,4281.883,2026-09-25,False,ok,26.19,True,True,8.261,2.659,True,3.288,0.743,False,True,True,3.4,True,1.04,-1.74,50.0,2026-09-25
RGLD,Royal Gold Inc,Commodities - Metals,Comm Metals - Gold,Primary,21392.937,0.0114,-0.057,0.2515,21392.937,2026-09-25,False,ok,8.17,True,True,2.667,2.169,False,1.212,-0.717,False,True,False,-6.6,False,1.06,1.39,30.0,2026-09-25
RGTI,"Rigetti Computing, Inc.",Hardware,Hardware - Next-Gen & Specialty,Primary,5560.5873,0.0571,-0.0165,-0.147,3336.3524,2026-09-25,False,ok,-9.31,False,False,-7.301,0.216,True,0.004,1.218,True,True,True,-2.59,False,0.85,0.78,30.0,2026-09-25
RGTI,"Rigetti Computing, Inc.",Semiconductors,Semis - Emerging Technologies,Secondary,5560.5873,0.0571,-0.0165,-0.147,2224.2349,2026-09-25,False,ok,-9.31,False,False,-7.301,0.216,True,0.004,1.218,True,True,True,-2.59,False,0.85,0.78,30.0,2026-09-25
RH,RH,Consumer Goods & Retail,Consumer - Modern Luxury & Lifestyle,Primary,2350.9304,-0.0187,-0.1212,-0.2068,2350.9304,2026-09-25,False,ok,-20.32,False,False,-4.048,-2.648,False,-6.829,-0.203,False,True,False,-12.96,False,0.94,4.56,40.0,2026-09-25
RHP,"Ryman Hospitality Properties, Inc.",Real Estate & REITs,"Real Estate - Travel, Leisure & Entertainment Properties",Primary,8378.8314,-0.0039,-0.0864,-0.0554,8378.8314,2026-09-25,False,ok,4.26,True,True,4.529,-1.567,False,-1.077,0.064,False,True,True,-9.51,False,0.83,0.32,40.0,2026-09-25
RIO,Rio Tinto Plc,Energy - Renewable,Energy Clean - Materials & Critical Metals,Primary,153788.5471,-0.0289,-0.1147,0.0277,92273.1283,2026-09-25,False,ok,0.46,True,True,2.752,-0.729,False,-1.214,-0.822,False,True,False,-12.31,False,0.78,2.45,30.0,2026-09-25
RIO,Rio Tinto Plc,Commodities - Metals,Comm Metals - Industrial & Base Metals,Secondary,153788.5471,-0.0289,-0.1147,0.0277,61515.4188,2026-09-25,False,ok,0.46,True,True,2.752,-0.729,False,-1.214,-0.822,False,True,False,-12.31,False,0.78,2.45,30.0,2026-09-25
RIOT,"Riot Platforms, Inc.",FinTech & Digital Finance,"FinTech - Crypto, Blockchain & Tokenization",Primary,8630.956,-0.0316,0.0798,-0.1612,5178.5736,2026-09-25,False,ok,10.77,True,True,3.382,-0.575,True,3.924,1.299,False,False,True,6.95,True,0.9,2.05,40.0,2026-09-25
RIOT,"Riot Platforms, Inc.",Crypto & Blockchain,Blockchain - Cryptocurrency Mining & Staking,Secondary,8630.956,-0.0316,0.0798,-0.1612,3452.3824,2026-09-25,False,ok,10.77,True,True,3.382,-0.575,True,3.924,1.299,False,False,True,6.95,True,0.9,2.05,40.0,2026-09-25
RIVN,"Rivian Automotive, Inc. / De",Transportation & Logistics,Transportation - Urban Mobility & Emerging Transport Tech,Primary,22398.4046,0.032,-0.0759,0.0567,13439.0428,2026-09-25,False,ok,-3.13,False,False,-0.599,-0.713,False,-1.468,-0.184,False,True,False,-8.47,False,0.72,1.1,30.0,2026-09-25
RIVN,"Rivian Automotive, Inc. / De",Electric Vehicles & Mobility,EVs - Manufacturers,Secondary,22398.4046,0.032,-0.0759,0.0567,8959.3618,2026-09-25,False,ok,-3.13,False,False,-0.599,-0.713,False,-1.468,-0.184,False,True,False,-8.47,False,0.72,1.1,30.0,2026-09-25
RJF,"Raymond James Financial, Inc.",Financials - Traditional,Fin Trad - Capital Markets & Investment Banking,Primary,30711.0257,-0.0296,-0.0849,0.0365,30711.0257,2026-09-25,False,ok,-2.8,False,True,2.256,-0.29,False,-2.5,-0.886,False,True,False,-9.36,False,1.15,3.21,10.0,2026-09-25
RKLB,"Rocket Lab Usa, Inc.",Defense & Aerospace,Defense - Space Technology & Satellite Services,Primary,47284.4411,0.1453,0.1052,-0.1342,28370.6647,2026-09-25,False,ok,-4.74,False,False,-5.543,-3.375,True,0.29,2.359,True,True,True,9.47,True,0.97,-0.9,60.0,2026-09-25
RKLB,"Rocket Lab Usa, Inc.",Space Tech,Space - Data Analytics & Earth Observation,Secondary,47284.4411,0.1453,0.1052,-0.1342,18913.7764,2026-09-25,False,ok,-4.74,False,False,-5.543,-3.375,True,0.29,2.359,True,True,True,9.47,True,0.97,-0.9,60.0,2026-09-25
RL,Ralph Lauren Corp,Consumer Goods & Retail,Consumer - Modern Luxury & Lifestyle,Primary,21276.8174,0.0687,-0.0124,-0.1334,21276.8174,2026-09-25,False,ok,-1.79,False,False,-0.766,-1.651,True,-1.501,0.902,False,True,True,-2.18,False,1.07,-0.31,60.0,2026-09-25
RLI,RLI Corp,Financials - Traditional,Fin Trad - Insurance & Reinsurance,Primary,5110.8362,-0.0623,-0.1395,0.02,5110.8362,2026-09-25,False,ok,-5.02,False,True,2.044,-0.473,False,-2.654,-1.07,False,False,False,-14.77,False,0.84,2.55,30.0,2026-09-25
RMBS,Rambus Inc,Semiconductors,Semis - EDA Tools & Design Software,Primary,11405.822,0.2005,0.1703,-0.1555,6843.4932,2026-09-25,False,ok,0.1,True,False,-5.885,-1.949,True,2.596,3.255,False,False,True,15.91,True,1.02,-0.7,60.0,2026-09-25
RMBS,Rambus Inc,Semiconductors,Semis - Memory & Storage,Secondary,11405.822,0.2005,0.1703,-0.1555,4562.3288,2026-09-25,False,ok,0.1,True,False,-5.885,-1.949,True,2.596,3.255,False,False,True,15.91,True,1.02,-0.7,60.0,2026-09-25
RMD,Resmed Inc,Healthcare & Biotech,Healthcare - Medical Devices & HealthTech Hardware,Primary,32024.0108,-0.0133,-0.0617,0.133,32024.0108,2026-09-25,False,ok,0.59,True,True,0.005,1.663,False,-0.081,-0.454,True,True,False,-7.06,False,0.95,0.11,30.0,2026-09-25
RNG,"Ringcentral, Inc.",Telecommunications,Telecom - Enterprise & Unified Communications,Primary,6359.8295,0.0598,0.1608,1.1287,3815.8977,2026-09-25,False,ok,46.82,True,True,18.188,2.958,False,5.411,-0.124,False,False,False,14.98,True,1.07,0.0,50.0,2026-09-25
RNG,"Ringcentral, Inc.",Software,"Software - Collaboration, CRM & Communications",Secondary,6359.8295,0.0598,0.1608,1.1287,2543.9318,2026-09-25,False,ok,46.82,True,True,18.188,2.958,False,5.411,-0.124,False,False,False,14.98,True,1.07,0.0,50.0,2026-09-25
RNR,Renaissancere Holdings Ltd.,Financials - Traditional,Fin Trad - Insurance & Reinsurance,Primary,13529.2959,-0.0046,-0.0097,0.0514,13529.2959,2026-09-25,False,ok,5.01,True,True,3.099,-0.179,False,0.287,-0.115,True,False,False,-1.91,False,0.99,0.22,40.0,2026-09-25
RNW,Renew Energy Global Plc,Environmental Sustainability,"Environmental - Climate, Carbon & Land Resources",Primary,2493.5982,0.0,0.0044,0.0979,2493.5982,2026-09-25,False,ok,8.13,True,True,4.02,1.131,False,0.804,-0.274,True,True,False,-0.51,False,0.86,-0.18,30.0,2026-09-25
ROAD,"Construction Partners, Inc.",Industrials & Construction,Industrials - Engineering & Construction,Primary,5318.5633,-0.0066,-0.1457,-0.2512,3191.138,2026-09-25,False,ok,-15.34,False,False,-4.355,-1.654,False,-4.239,-0.39,False,True,False,-15.38,False,0.61,3.83,30.0,2026-09-25
ROAD,"Construction Partners, Inc.",Industrials & Construction,Industrials - Construction Materials & Aggregates,Secondary,5318.5633,-0.0066,-0.1457,-0.2512,2127.4253,2026-09-25,False,ok,-15.34,False,False,-4.355,-1.654,False,-4.239,-0.39,False,True,False,-15.38,False,0.61,3.83,30.0,2026-09-25
ROG,Rogers Corporation,Industrials & Construction,Industrials - Chemicals & Advanced Materials,Primary,2461.5419,0.0616,0.1044,-0.1504,1476.9251,2026-09-25,False,ok,7.69,True,True,2.967,-1.685,True,1.165,0.838,False,False,True,9.39,True,0.96,-0.93,60.0,2026-09-25
ROG,Rogers Corporation,Hardware,Hardware - Next-Gen & Specialty,Secondary,2461.5419,0.0616,0.1044,-0.1504,984.6168,2026-09-25,False,ok,7.69,True,True,2.967,-1.685,True,1.165,0.838,False,False,True,9.39,True,0.96,-0.93,60.0,2026-09-25
ROIV,Roivant Sciences Ltd.,Healthcare & Biotech,Healthcare - Next-Gen Biotech Platforms,Primary,25859.1621,-0.0998,-0.0184,0.0526,25859.1621,2026-09-25,False,ok,10.64,True,True,8.585,-0.476,False,0.712,-1.396,True,False,False,-2.77,False,1.58,-2.02,50.0,2026-09-25
ROK,"Rockwell Automation, Inc",Hardware,Hardware - Industrial & IoT,Primary,48309.5839,0.0446,0.0111,-0.054,28985.7503,2026-09-25,False,ok,0.94,True,False,1.136,-1.535,True,-0.584,0.609,True,True,True,0.14,True,0.91,0.69,40.0,2026-09-25
ROK,"Rockwell Automation, Inc",Industrial Automation & Robotics,Automation - Factory & Process Automation Systems,Secondary,48309.5839,0.0446,0.0111,-0.054,19323.8336,2026-09-25,False,ok,0.94,True,False,1.136,-1.535,True,-0.584,0.609,True,True,True,0.14,True,0.91,0.69,40.0,2026-09-25
ROKU,"Roku, Inc",E-commerce,E-commerce - Retail Media & Advertising,Primary,22674.604,-0.0062,-0.0443,0.1232,13604.7624,2026-09-25,False,ok,12.31,True,True,8.095,-0.666,False,0.055,-0.416,True,False,False,-5.34,False,0.93,0.76,20.0,2026-09-25
ROKU,"Roku, Inc",Digital Entertainment & Media,Entertainment - Video Streaming,Secondary,22674.604,-0.0062,-0.0443,0.1232,9069.8416,2026-09-25,False,ok,12.31,True,True,8.095,-0.666,False,0.055,-0.416,True,False,False,-5.34,False,0.93,0.76,20.0,2026-09-25
ROL,"Rollins, Inc.",Environmental Sustainability,Environmental - Clean Technologies & Pollution Control,Primary,14448.7967,-0.074,-0.1741,-0.3225,14448.7967,2026-09-25,False,ok,-31.22,False,False,-13.071,-2.196,False,-4.734,-0.903,False,False,False,-18.19,False,1.01,3.03,40.0,2026-09-25
ROOT,"Root, Inc.",FinTech & Digital Finance,FinTech - InsurTech & Embedded Insurance,Primary,734.3802,-0.049,-0.1785,-0.1073,734.3802,2026-09-25,False,ok,-16.38,False,False,-4.258,-0.501,False,-3.852,-1.223,False,True,False,-18.63,False,0.81,2.51,40.0,2026-09-25
ROP,Roper Technologies Inc,Software,Software - Vertical SaaS Platforms,Primary,35461.8982,-0.038,-0.1326,0.084,21277.1389,2026-09-25,False,ok,-5.32,False,True,1.001,0.577,False,-2.556,-1.099,False,True,False,-14.08,False,1.03,2.84,20.0,2026-09-25
ROP,Roper Technologies Inc,Conglomerates & Diversified Holdings,Diversified Holdings & Multi-Industry Conglomerates,Secondary,35461.8982,-0.038,-0.1326,0.084,14184.7593,2026-09-25,False,ok,-5.32,False,True,1.001,0.577,False,-2.556,-1.099,False,True,False,-14.08,False,1.03,2.84,20.0,2026-09-25
ROST,"Ross Stores, Inc.",E-commerce,"E-commerce - Omnichannel Retailers, Online & Physical Stores",Primary,75742.8306,0.042,-0.0191,0.0349,45445.6984,2026-09-25,False,ok,5.66,True,True,3.055,-1.121,True,-0.224,0.55,True,True,True,-2.85,False,0.84,0.79,40.0,2026-09-25
ROST,"Ross Stores, Inc.",Consumer Goods & Retail,Consumer - Apparel & E-Commerce Retail,Secondary,75742.8306,0.042,-0.0191,0.0349,30297.1322,2026-09-25,False,ok,5.66,True,True,3.055,-1.121,True,-0.224,0.55,True,True,True,-2.85,False,0.84,0.79,40.0,2026-09-25
RPD,"Rapid7, Inc.",Cybersecurity,"Cybersecurity - Platform, Cloud & Application Security",Primary,783.1955,-0.0292,-0.042,0.6412,783.1955,2026-09-25,False,ok,11.32,True,True,5.874,3.289,False,2.039,0.235,False,False,True,-5.12,False,0.89,-3.83,40.0,2026-09-25
RPM,RPM International Inc.,Industrials & Construction,Industrials - Chemicals & Advanced Materials,Primary,12820.4636,0.021,-0.0595,-0.0796,7692.2782,2026-09-25,False,ok,-5.02,False,False,-0.839,-0.937,False,-2.059,0.162,False,True,True,-6.84,False,1.26,1.12,30.0,2026-09-25
RPM,RPM International Inc.,Industrials & Construction,Industrials - Building Products & HVAC,Secondary,12820.4636,0.021,-0.0595,-0.0796,5128.1854,2026-09-25,False,ok,-5.02,False,False,-0.839,-0.937,False,-2.059,0.162,False,True,True,-6.84,False,1.26,1.12,30.0,2026-09-25
RRC,Range Resources Corp,Energy - Traditional,Energy Base - Oil & Gas Exploration & Production,Primary,9022.3667,0.0044,-0.0558,0.0656,5413.42,2026-09-25,False,ok,-2.06,False,True,0.364,0.042,False,-1.23,-0.815,False,True,False,-6.48,False,0.99,0.76,50.0,2026-09-25
RRC,Range Resources Corp,Commodities - Energy,Comm Energy - Natural Gas & LNG,Secondary,9022.3667,0.0044,-0.0558,0.0656,3608.9467,2026-09-25,False,ok,-2.06,False,True,0.364,0.042,False,-1.23,-0.815,False,True,False,-6.48,False,0.99,0.76,50.0,2026-09-25
RRX,Regal Rexnord Corp,Industrial Automation & Robotics,Automation - Factory & Process Automation Systems,Primary,10396.8348,0.0549,-0.037,-0.2849,10396.8348,2026-09-25,False,ok,-14.43,False,False,-4.989,-3.811,True,-3.783,0.685,False,True,True,-4.62,False,0.88,2.82,30.0,2026-09-25
RS,"Reliance, Inc.",Commodities - Metals,Comm Metals - Industrial & Base Metals,Primary,19772.4078,-0.0074,0.0094,-0.0213,11863.4447,2026-09-25,False,ok,3.97,True,True,4.079,-1.298,False,-0.847,-0.118,True,True,False,-0.02,False,0.93,0.26,50.0,2026-09-25
RS,"Reliance, Inc.",Industrials & Construction,Industrials - Distribution & Rental Services,Secondary,19772.4078,-0.0074,0.0094,-0.0213,7908.9631,2026-09-25,False,ok,3.97,True,True,4.079,-1.298,False,-0.847,-0.118,True,True,False,-0.02,False,0.93,0.26,50.0,2026-09-25
RSG,"Republic Services, Inc.",Environmental Sustainability,Environmental - Waste Management & Recycling,Primary,64947.7775,-0.0274,-0.0401,-0.004,64947.7775,2026-09-25,False,ok,-1.71,False,True,0.557,0.142,False,-0.679,-0.628,True,True,False,-4.92,False,1.16,0.88,20.0,2026-09-25
RSI,"Rush Street Interactive, Inc.",Digital Entertainment & Media,"Entertainment - Betting, iGaming & Wagering",Primary,4853.1886,-0.1472,-0.2372,-0.3339,4853.1886,2026-09-25,False,ok,-21.64,False,False,-0.073,-4.461,False,-6.957,-2.724,False,False,False,-24.45,False,1.13,3.19,10.0,2026-09-25
RTX,Rtx Corp,Defense & Aerospace,Defense - Cyber Defense & Electronic Warfare,Primary,255265.3742,-0.0237,-0.0993,0.0269,153159.2245,2026-09-25,False,ok,-3.02,False,False,1.85,-0.922,False,-2.524,-0.343,False,True,False,-10.79,False,0.82,1.29,40.0,2026-09-25
RTX,Rtx Corp,Defense & Aerospace,Defense - Drones & Anti-Drone Systems,Secondary,255265.3742,-0.0237,-0.0993,0.0269,102106.1497,2026-09-25,False,ok,-3.02,False,False,1.85,-0.922,False,-2.524,-0.343,False,True,False,-10.79,False,0.82,1.29,40.0,2026-09-25
RUN,Sunrun Inc.,Energy - Renewable,Energy Clean - Solar,Primary,1934.6346,-0.0492,-0.1175,-0.4376,1934.6346,2026-09-25,False,ok,-31.93,False,False,-15.433,-2.48,True,-4.247,0.01,False,False,True,-12.59,False,0.73,4.43,20.0,2026-09-25
RVTY,"Revvity, Inc.",Healthcare & Biotech,"Healthcare - Diagnostics, Biomarkers & Liquid Biopsy",Primary,16861.8209,0.0534,0.2104,0.4315,10117.0925,2026-09-25,False,ok,33.49,True,True,9.611,2.718,True,5.406,0.8,False,True,True,19.89,True,1.44,-3.32,40.0,2026-09-25
RVTY,"Revvity, Inc.",Nanotechnology,NanoTech - Research Tools & Advanced Instruments,Secondary,16861.8209,0.0534,0.2104,0.4315,6744.7284,2026-09-25,False,ok,33.49,True,True,9.611,2.718,True,5.406,0.8,False,True,True,19.89,True,1.44,-3.32,40.0,2026-09-25
RXRX,"Recursion Pharmaceuticals, Inc.",Artificial Intelligence,"AI - Apps, Domain-Specific AI",Primary,2005.6538,-0.0235,0.0506,0.1579,2005.6538,2026-09-25,False,ok,6.4,True,True,-0.839,2.612,True,3.899,1.185,False,False,True,4.06,True,1.06,2.26,40.0,2026-09-25
RXT,"Rackspace Technology, Inc.",Cloud Computing,"Cloud - DevOps, Observability & Multi-Cloud",Primary,1011.8452,0.0447,0.1676,-0.4179,1011.8452,2026-09-25,False,ok,10.83,True,False,5.332,-6.935,True,2.072,3.411,False,False,True,15.65,True,0.59,-1.78,60.0,2026-09-25
RYAN,"Ryan Specialty Holdings, Inc.",Financials - Traditional,Fin Trad - Insurance & Reinsurance,Primary,9710.0308,-0.0591,-0.1375,0.0773,9710.0308,2026-09-25,False,ok,-6.35,False,False,0.036,0.495,False,-2.953,-0.79,False,True,False,-14.57,False,1.03,2.8,30.0,2026-09-25
RYN,Rayonier Inc.,Environmental Sustainability,"Environmental - Climate, Carbon & Land Resources",Primary,5649.8309,-0.0626,-0.1001,-0.1179,5649.8309,2026-09-25,False,ok,-9.07,False,False,-1.582,-0.824,False,-1.761,-0.402,False,False,False,-10.86,False,1.24,1.12,50.0,2026-09-25
S,"Sentinelone, Inc.",Cybersecurity,"Cybersecurity - Platform, Cloud & Application Security",Primary,7789.3391,-0.0058,0.1019,0.4802,4673.6035,2026-09-25,False,ok,21.66,True,True,9.0,1.24,False,3.605,0.631,False,False,True,9.14,True,1.26,-4.29,70.0,2026-09-25
S,"Sentinelone, Inc.",Cybersecurity,Cybersecurity - IAM & Zero Trust,Secondary,7789.3391,-0.0058,0.1019,0.4802,3115.7356,2026-09-25,False,ok,21.66,True,True,9.0,1.24,False,3.605,0.631,False,False,True,9.14,True,1.26,-4.29,70.0,2026-09-25
SAIA,Saia Inc,Transportation & Logistics,"Transportation - Trucking, LTL & Ground Freight",Primary,8625.9077,-0.0526,-0.0573,-0.2433,8625.9077,2026-09-25,False,ok,-14.89,False,False,-3.636,-3.147,False,-2.316,-0.138,False,False,False,-6.62,False,0.76,1.51,30.0,2026-09-25
SAIC,Science Applications International Corp,Defense & Aerospace,Defense - Cyber Defense & Electronic Warfare,Primary,5556.0453,-0.0044,0.0419,0.2265,3333.6272,2026-09-25,False,ok,15.96,True,True,7.301,0.925,False,1.698,-0.124,False,False,False,3.2,True,1.26,-0.79,60.0,2026-09-25
SAIC,Science Applications International Corp,Business Services & Consulting,Consulting,Secondary,5556.0453,-0.0044,0.0419,0.2265,2222.4181,2026-09-25,False,ok,15.96,True,True,7.301,0.925,False,1.698,-0.124,False,False,False,3.2,True,1.26,-0.79,60.0,2026-09-25
SAIL,"Sailpoint, Inc.",Cybersecurity,Cybersecurity - IAM & Zero Trust,Primary,11783.6155,0.0408,0.155,0.642,11783.6155,2026-09-25,False,ok,21.13,True,True,6.198,3.147,True,4.173,0.801,False,False,True,14.4,True,1.38,-4.12,70.0,2026-09-25
SAM,"Boston Beer Co, Inc.",Consumer Goods & Retail,"Consumer - Health, Food & Beverages",Primary,1685.4687,-0.0455,-0.1354,-0.1043,1685.4687,2026-09-25,False,ok,-13.67,False,False,-5.3,-0.474,False,-2.032,-0.193,False,False,False,-14.36,False,0.97,1.32,20.0,2026-09-25
SANA,"Sana Biotechnology, Inc.",Healthcare & Biotech,"Healthcare - Regenerative Medicine, Psychedelics, Cannabis",Primary,881.6171,-0.05,-0.2817,-0.1021,881.6171,2026-09-25,False,ok,-14.7,False,False,-1.909,-0.608,False,-5.114,-1.137,False,False,False,-28.85,False,1.18,8.03,20.0,2026-09-25
SANM,Sanmina Corporation,Hardware,Hardware - Data Center Infrastructure & Servers,Primary,12047.0784,0.1263,0.1761,-0.0966,7228.247,2026-09-25,False,ok,13.24,True,True,3.263,-1.404,True,2.418,1.536,False,True,True,16.49,True,0.87,-0.1,60.0,2026-09-25
SANM,Sanmina Corporation,Hardware,Hardware - Industrial & IoT,Secondary,12047.0784,0.1263,0.1761,-0.0966,4818.8314,2026-09-25,False,ok,13.24,True,True,3.263,-1.404,True,2.418,1.536,False,True,True,16.49,True,0.87,-0.1,60.0,2026-09-25
SAP,Sap Se,Big Data & Analytics,"Big Data - Analytics, AI Platforms & BI",Primary,243167.7563,0.0059,-0.0288,0.3792,243167.7563,2026-09-25,False,ok,7.84,True,True,2.926,3.001,False,0.821,-0.662,True,True,False,-3.8,False,0.83,0.44,20.0,2026-09-25
SARO,"StandardAero, Inc.",Defense & Aerospace,Defense - Next-Generation Aircraft & Maintenance,Primary,7525.1077,0.0197,-0.0889,-0.1615,7525.1077,2026-09-25,False,ok,-14.15,False,False,-3.939,-2.197,False,-4.169,0.023,False,True,True,-9.76,False,0.97,2.64,10.0,2026-09-25
SBAC,Sba Communications Corp,Telecommunications,Telecom - Infrastructure & Equipment,Primary,17626.54,-0.0697,-0.1144,-0.0979,10575.924,2026-09-25,False,ok,-11.51,False,False,-2.364,-0.846,False,-2.195,-1.208,False,False,False,-12.29,False,0.97,3.41,10.0,2026-09-25
SBAC,Sba Communications Corp,Real Estate & REITs,Real Estate - Digital Infrastructure,Secondary,17626.54,-0.0697,-0.1144,-0.0979,7050.616,2026-09-25,False,ok,-11.51,False,False,-2.364,-0.846,False,-2.195,-1.208,False,False,False,-12.29,False,0.97,3.41,10.0,2026-09-25
SBLK,Star Bulk Carriers Corp.,Transportation & Logistics,Transportation - Marine Shipping & Ports,Primary,3428.7488,-0.0905,-0.0505,0.1863,3428.7488,2026-09-25,False,ok,11.65,True,True,8.527,0.568,False,0.997,-1.133,True,False,False,-5.95,False,1.29,2.48,30.0,2026-09-25
SBRA,"Sabra Health Care Reit, Inc.",Healthcare & Biotech,Healthcare - Senior Care & Longevity,Primary,5070.9356,0.0056,-0.0466,0.0555,3042.5614,2026-09-25,False,ok,0.34,True,True,1.537,-0.394,False,-1.017,-0.433,False,True,False,-5.57,False,0.92,0.74,30.0,2026-09-25
SBRA,"Sabra Health Care Reit, Inc.",Real Estate & REITs,Real Estate - Healthcare & Senior Living,Secondary,5070.9356,0.0056,-0.0466,0.0555,2028.3742,2026-09-25,False,ok,0.34,True,True,1.537,-0.394,False,-1.017,-0.433,False,True,False,-5.57,False,0.92,0.74,30.0,2026-09-25
SBSW,Sibanye Stillwater Ltd,Commodities - Metals,Comm Metals - Precious Metals,Primary,7674.9588,-0.0901,-0.1167,0.2885,7674.9588,2026-09-25,False,ok,-3.2,False,True,-0.533,3.071,False,-0.12,-2.195,True,True,False,-12.51,False,1.24,4.65,30.0,2026-09-25
SBUX,Starbucks Corp,Consumer Goods & Retail,Consumer - Restaurants & Dining,Primary,108140.4047,-0.0101,-0.1031,-0.0785,108140.4047,2026-09-25,False,ok,-4.76,False,False,1.075,-1.592,False,-2.894,-0.547,False,True,False,-11.16,False,0.94,2.18,30.0,2026-09-25
SCCO,Southern Copper Corp/,Energy - Renewable,Energy Clean - Materials & Critical Metals,Primary,172178.5549,0.042,-0.0718,0.2076,103307.1329,2026-09-25,False,ok,12.1,True,True,4.967,0.346,True,0.611,0.093,True,True,True,-8.07,False,1.01,0.56,50.0,2026-09-25
SCCO,Southern Copper Corp/,Commodities - Metals,Comm Metals - Industrial & Base Metals,Secondary,172178.5549,0.042,-0.0718,0.2076,68871.422,2026-09-25,False,ok,12.1,True,True,4.967,0.346,True,0.611,0.093,True,True,True,-8.07,False,1.01,0.56,50.0,2026-09-25
SCHW,Schwab Charles Corp,FinTech & Digital Finance,FinTech - Trading Platforms & WealthTech,Primary,171256.1029,-0.0591,-0.1179,0.0868,171256.1029,2026-09-25,False,ok,-1.08,False,True,3.283,0.026,False,-1.837,-1.032,False,False,False,-12.63,False,1.06,2.8,30.0,2026-09-25
SCI,Service Corp International,Healthcare & Biotech,Healthcare - Senior Care & Longevity,Primary,10608.9359,0.001,-0.0742,0.056,10608.9359,2026-09-25,False,ok,-2.48,False,False,0.565,-0.186,False,-1.427,-0.382,False,True,False,-8.3,False,0.89,1.18,30.0,2026-09-25
SEDG,"Solaredge Technologies, Inc.",Energy - Renewable,Energy Clean - Solar,Primary,2010.6615,-0.0577,0.0937,-0.343,1206.3969,2026-09-25,False,ok,-21.59,False,False,-8.781,-4.707,True,-1.902,-0.013,False,False,False,8.33,True,0.93,0.43,50.0,2026-09-25
SEDG,"Solaredge Technologies, Inc.",Smart Home & IoT,"Smart Home - Automation, Control & Energy",Secondary,2010.6615,-0.0577,0.0937,-0.343,804.2646,2026-09-25,False,ok,-21.59,False,False,-8.781,-4.707,True,-1.902,-0.013,False,False,False,8.33,True,0.93,0.43,50.0,2026-09-25
SEER,"Seer, Inc.",Healthcare & Biotech,Healthcare - Genomics & Personalized Medicine,Primary,105.7606,0.0269,-0.0637,0.1302,105.7606,2026-09-25,False,ok,-1.47,False,False,0.865,-0.417,False,-2.222,-0.038,False,True,False,-7.26,False,0.17,0.58,20.0,2026-09-25
SEIC,SEI Investments Co,Financials - Traditional,"Fin Trad - Asset Management, Custody & Alternatives",Primary,12680.0271,0.0043,-0.048,0.1885,12680.0271,2026-09-25,False,ok,9.57,True,True,6.216,0.26,False,-0.387,-0.429,True,True,False,-5.71,False,1.2,1.69,20.0,2026-09-25
SERV,Serve Robotics Inc. /De/,Industrial Automation & Robotics,"Robotics - Autonomous Vehicles, Service & Mobility",Primary,385.8484,0.0091,-0.0881,-0.2729,231.509,2026-09-25,False,ok,-34.02,False,False,-19.742,-1.372,True,-3.358,0.377,False,True,True,-9.68,False,0.75,2.65,30.0,2026-09-25
SERV,Serve Robotics Inc. /De/,Transportation & Logistics,Transportation - Urban Mobility & Emerging Transport Tech,Secondary,385.8484,0.0091,-0.0881,-0.2729,154.3394,2026-09-25,False,ok,-34.02,False,False,-19.742,-1.372,True,-3.358,0.377,False,True,True,-9.68,False,0.75,2.65,30.0,2026-09-25
SES,Ses Ai Corp,Electric Vehicles & Mobility,EVs - Batteries & Materials,Primary,198.4531,-0.0093,-0.0183,-0.4088,198.4531,2026-09-25,False,ok,-41.55,False,False,-27.268,-1.551,True,-1.423,0.191,False,False,True,-2.77,False,1.07,-1.97,50.0,2026-09-25
SF,Stifel Financial Corp,Financials - Traditional,Fin Trad - Capital Markets & Investment Banking,Primary,10622.9709,-0.0718,-0.1122,-0.0306,10622.9709,2026-09-25,False,ok,-8.79,False,False,0.471,-0.54,False,-3.197,-1.207,False,False,False,-12.07,False,1.07,3.94,0.0,2026-09-25
SFIX,"Stitch Fix, Inc.",Consumer Goods & Retail,Consumer - Apparel & E-Commerce Retail,Primary,287.9159,-0.2412,-0.3202,-0.5113,287.9159,2026-09-25,False,ok,-39.17,False,False,-8.756,-3.93,False,-8.225,-1.958,False,False,False,-32.67,False,1.29,7.42,20.0,2026-09-25
SFM,"Sprouts Farmers Market, Inc.",Consumer Goods & Retail,"Consumer - Health, Food & Beverages",Primary,5827.0444,-0.1172,-0.2729,-0.2682,3496.2266,2026-09-25,False,ok,-21.76,False,False,-3.504,-2.167,False,-5.67,-1.452,False,False,False,-27.99,False,0.96,3.8,30.0,2026-09-25
SFM,"Sprouts Farmers Market, Inc.",E-commerce,E-commerce - Grocery & Local Commerce Platforms,Secondary,5827.0444,-0.1172,-0.2729,-0.2682,2330.8178,2026-09-25,False,ok,-21.76,False,False,-3.504,-2.167,False,-5.67,-1.452,False,False,False,-27.99,False,0.96,3.8,30.0,2026-09-25
SGHC,Super Group (Sghc) Ltd,Digital Entertainment & Media,"Entertainment - Betting, iGaming & Wagering",Primary,6081.6794,-0.0522,-0.1385,-0.0977,6081.6794,2026-09-25,False,ok,-6.99,False,True,2.061,-1.877,False,-3.182,-1.339,False,True,False,-14.67,False,0.97,2.79,20.0,2026-09-25
SGI,Somnigroup International Inc.,Consumer Goods & Retail,Consumer - Modern Luxury & Lifestyle,Primary,13452.8727,0.0093,-0.0022,-0.1621,13452.8727,2026-09-25,False,ok,-10.82,False,False,-5.156,-0.291,False,-1.395,-0.413,False,True,False,-1.17,False,1.21,2.48,30.0,2026-09-25
SGML,Sigma Lithium Corp,Commodities - Metals,Comm Metals - Battery & Energy Transition Metals,Primary,1078.4045,-0.0391,-0.223,-0.2324,1078.4045,2026-09-25,False,ok,-20.95,False,False,-6.988,-3.084,False,-4.321,-0.195,False,False,False,-23.04,False,1.14,7.23,30.0,2026-09-25
SHC,Sotera Health Co,Healthcare & Biotech,"Healthcare - IT, Services & Data Infrastructure",Primary,5233.7736,-0.0208,-0.06,0.0989,5233.7736,2026-09-25,False,ok,4.94,True,True,3.978,0.269,False,-0.259,-0.401,True,False,False,-6.89,False,0.77,0.07,40.0,2026-09-25
SHEL,Shell Plc,Energy - Traditional,Energy Base - Integrated Energy Majors,Primary,273189.8798,0.0131,0.0386,0.2435,163913.9279,2026-09-25,False,ok,10.56,True,True,4.317,0.83,False,1.279,-0.289,False,True,False,2.87,True,1.06,-1.29,80.0,2026-09-25
SHEL,Shell Plc,Energy - Traditional,Energy Base - Oil & Gas Exploration & Production,Secondary,273189.8798,0.0131,0.0386,0.2435,109275.9519,2026-09-25,False,ok,10.56,True,True,4.317,0.83,False,1.279,-0.289,False,True,False,2.87,True,1.06,-1.29,80.0,2026-09-25
SHOP,Shopify Inc.,Cloud Computing,Cloud - Horizontal SaaS & Cloud Applications,Primary,184591.3682,0.107,-0.0756,0.2459,110754.8209,2026-09-25,False,ok,8.59,True,True,2.975,1.456,False,0.177,0.807,True,True,True,-8.44,False,1.1,1.74,40.0,2026-09-25
SHOP,Shopify Inc.,E-commerce,"E-commerce - Omnichannel Retailers, Online & Physical Stores",Secondary,184591.3682,0.107,-0.0756,0.2459,73836.5473,2026-09-25,False,ok,8.59,True,True,2.975,1.456,False,0.177,0.807,True,True,True,-8.44,False,1.1,1.74,40.0,2026-09-25
SHW,Sherwin-Williams Co,Industrials & Construction,Industrials - Chemicals & Advanced Materials,Primary,79891.71,0.0261,-0.0609,-0.0098,47935.026,2026-09-25,False,ok,-1.08,False,False,0.217,-0.334,False,-1.369,0.224,False,True,True,-6.99,False,0.91,1.28,30.0,2026-09-25
SHW,Sherwin-Williams Co,Industrials & Construction,Industrials - Building Products & HVAC,Secondary,79891.71,0.0261,-0.0609,-0.0098,31956.684,2026-09-25,False,ok,-1.08,False,False,0.217,-0.334,False,-1.369,0.224,False,True,True,-6.99,False,0.91,1.28,30.0,2026-09-25
SIG,Signet Jewelers Ltd,Consumer Goods & Retail,Consumer - Modern Luxury & Lifestyle,Primary,3918.3214,0.0187,0.2087,0.2065,3918.3214,2026-09-25,False,ok,13.08,True,True,2.319,1.834,True,3.817,0.548,False,False,True,19.72,True,1.47,-5.96,60.0,2026-09-25
SIGI,"Selective Insurance Group, Inc.",Financials - Traditional,Fin Trad - Insurance & Reinsurance,Primary,5130.0925,-0.0067,-0.063,-0.093,5130.0925,2026-09-25,False,ok,-2.99,False,False,1.48,-1.5,False,-1.918,-0.341,False,True,False,-7.19,False,0.94,1.72,10.0,2026-09-25
SIMO,Silicon Motion Technology Corp,Semiconductors,Semis - Emerging Technologies,Primary,9366.4727,0.0151,0.1422,-0.1395,9366.4727,2026-09-25,False,ok,17.38,True,True,9.785,-3.448,True,1.976,1.061,False,False,True,13.14,True,0.8,0.01,60.0,2026-09-25
SIRI,Sirius Xm Holdings Inc.,Digital Entertainment & Media,Entertainment - Video Streaming,Primary,8714.8636,-0.0531,-0.0999,-0.0647,8714.8636,2026-09-25,False,ok,-3.82,False,True,3.276,-2.087,False,-2.449,-1.013,False,False,False,-10.85,False,1.04,1.9,40.0,2026-09-25
SITM,Sitime Corp,Semiconductors,"Semis - Analog, Mixed-Signal & Power Management",Primary,19838.6422,0.0781,0.1147,-0.0436,19838.6422,2026-09-25,False,ok,14.53,True,True,5.964,-2.126,True,1.278,1.452,False,True,True,10.41,True,1.0,1.89,30.0,2026-09-25
SJM,J M Smucker Co,Consumer Goods & Retail,"Consumer - Health, Food & Beverages",Primary,12925.6049,-0.0159,-0.0355,0.0941,12925.6049,2026-09-25,False,ok,6.89,True,True,5.01,0.26,False,-0.301,-0.497,True,True,False,-4.46,False,1.01,0.59,50.0,2026-09-25
SKIL,Skillsoft Corp.,Education Technology,Education - Digital Curriculum,Primary,54.1476,-0.0388,-0.2459,-0.1596,54.1476,2026-09-25,False,ok,-15.75,False,False,-4.679,-1.52,False,-5.204,1.053,False,True,True,-25.31,False,1.12,-0.95,50.0,2026-09-25
SKT,Tanger Inc.,Real Estate & REITs,Real Estate - Retail & Consumer Real Estate,Primary,4151.69,-0.0299,-0.0967,-0.1367,4151.69,2026-09-25,False,ok,-5.98,False,False,0.574,-1.883,False,-2.496,-0.267,False,False,False,-10.53,False,0.93,1.28,10.0,2026-09-25
SLAB,Silicon Laboratories Inc.,Semiconductors,Semis - Wireless & Connectivity,Primary,7382.0621,0.0034,0.0131,0.0149,4429.2373,2026-09-25,False,ok,5.95,True,True,3.448,-1.067,True,0.302,0.051,True,False,True,0.35,True,1.06,0.18,30.0,2026-09-25
SLAB,Silicon Laboratories Inc.,Smart Home & IoT,"Smart Home - Connectivity, Devices & Appliances",Secondary,7382.0621,0.0034,0.0131,0.0149,2952.8248,2026-09-25,False,ok,5.95,True,True,3.448,-1.067,True,0.302,0.051,True,False,True,0.35,True,1.06,0.18,30.0,2026-09-25
SLB,Schlumberger Limited/Nv,Energy - Traditional,Energy Base - Oilfield Services & Equipment,Primary,76492.7427,0.0082,-0.0278,0.1115,45895.6456,2026-09-25,False,ok,1.75,True,True,3.005,-0.373,False,-1.051,-1.073,False,True,False,-3.71,False,1.25,2.36,30.0,2026-09-25
SLB,Schlumberger Limited/Nv,Energy - Renewable,Energy Clean - Utilities & Clean Power Operators,Secondary,76492.7427,0.0082,-0.0278,0.1115,30597.0971,2026-09-25,False,ok,1.75,True,True,3.005,-0.373,False,-1.051,-1.073,False,True,False,-3.71,False,1.25,2.36,30.0,2026-09-25
SLDP,"Solid Power, Inc.",Electric Vehicles & Mobility,EVs - Batteries & Materials,Primary,545.3532,-0.0324,0.0214,-0.0947,327.2119,2026-09-25,False,ok,-16.2,False,False,-10.661,1.71,True,0.417,-0.62,True,False,False,1.17,True,0.92,2.66,40.0,2026-09-25
SLDP,"Solid Power, Inc.",Nanotechnology,"NanoTech - Materials, Industrial & Environment",Secondary,545.3532,-0.0324,0.0214,-0.0947,218.1413,2026-09-25,False,ok,-16.2,False,False,-10.661,1.71,True,0.417,-0.62,True,False,False,1.17,True,0.92,2.66,40.0,2026-09-25
SLG,Sl Green Realty Corp,Real Estate & REITs,Real Estate - Office & Commercial Workspaces,Primary,3913.9067,-0.0205,-0.1474,0.0402,3913.9067,2026-09-25,False,ok,1.79,True,True,4.723,-0.614,False,-2.047,-0.489,False,True,False,-15.55,False,0.88,2.97,20.0,2026-09-25
SLGN,Silgan Holdings Inc.,Industrials & Construction,Industrials - Packaging & Containers,Primary,3795.0413,-0.0344,-0.154,-0.192,3795.0413,2026-09-25,False,ok,-12.31,False,False,-1.778,-1.788,False,-3.678,-0.682,False,True,False,-16.2,False,0.95,2.83,40.0,2026-09-25
SLM,SLM Corp,Financials - Traditional,"Fin Trad - Banks, Lending & Mortgage Finance",Primary,4448.0799,-0.0574,-0.1017,-0.0027,4448.0799,2026-09-25,False,ok,-4.42,False,True,2.135,-0.153,False,-2.605,-1.174,False,True,False,-11.03,False,0.84,3.38,20.0,2026-09-25
SLQT,"Selectquote, Inc.",FinTech & Digital Finance,FinTech - InsurTech & Embedded Insurance,Primary,70.6293,-0.1435,-0.2701,-0.5785,70.6293,2026-09-25,False,ok,-50.62,False,False,-20.305,-4.023,False,-11.7,-1.207,False,False,False,-27.7,False,0.78,5.04,20.0,2026-09-25
SMCI,"Super Micro Computer, Inc.",Hardware,Hardware - Data Center Infrastructure & Servers,Primary,28420.3213,0.1067,0.1248,0.3331,28420.3213,2026-09-25,False,ok,24.74,True,True,5.992,3.866,True,4.528,0.552,False,True,True,11.41,True,0.95,1.99,50.0,2026-09-25
SMG,Scotts Miracle-Gro Co,Commodities - Agriculture,"Comm Agri - Fertilizers, Crop Inputs & Seeds",Primary,2962.8296,-0.0281,-0.1872,-0.2494,2962.8296,2026-09-25,False,ok,-15.55,False,False,-2.603,-2.694,False,-4.709,-0.674,False,True,False,-19.49,False,0.85,2.12,40.0,2026-09-25
SMPL,Simply Good Foods Co,Consumer Goods & Retail,"Consumer - Health, Food & Beverages",Primary,849.0356,-0.0523,-0.1233,-0.2399,849.0356,2026-09-25,False,ok,-24.22,False,False,-11.303,0.006,False,-3.617,-0.683,False,True,False,-13.16,False,0.95,3.13,30.0,2026-09-25
SMR,Nuscale Power Corp,Energy - Traditional,Energy Base - Nuclear Power & Advanced Reactors,Primary,3455.4798,0.0181,-0.1417,-0.1753,2073.2879,2026-09-25,False,ok,-27.84,False,False,-16.356,1.777,False,-2.612,-1.033,False,True,False,-14.99,False,1.12,0.34,20.0,2026-09-25
SMR,Nuscale Power Corp,Commodities - Energy,Comm Energy - Uranium & Nuclear Fuels,Secondary,3455.4798,0.0181,-0.1417,-0.1753,1382.1919,2026-09-25,False,ok,-27.84,False,False,-16.356,1.777,False,-2.612,-1.033,False,True,False,-14.99,False,1.12,0.34,20.0,2026-09-25
SMTC,Semtech Corp,Smart Home & IoT,"Smart Home - Connectivity, Devices & Appliances",Primary,17013.2613,-0.0146,0.4296,0.1503,17013.2613,2026-09-25,False,ok,38.37,True,True,12.028,1.438,True,7.037,0.736,False,True,True,41.6,True,1.25,-4.11,60.0,2026-09-25
SN,"Sharkninja, Inc.",Consumer Goods & Retail,"Consumer - Health, Food & Beverages",Primary,25153.833,0.0723,-0.033,0.2679,25153.833,2026-09-25,False,ok,20.21,True,True,10.093,-0.28,False,-0.369,0.276,True,True,True,-4.22,False,1.23,-1.06,50.0,2026-09-25
SNA,Snap-On Inc,Industrials & Construction,"Industrials - Machinery, Flow Control & Components",Primary,19097.6553,-0.0079,-0.0643,-0.0527,19097.6553,2026-09-25,False,ok,-2.88,False,False,0.809,-1.296,False,-1.765,-0.035,False,True,False,-7.32,False,0.86,0.88,20.0,2026-09-25
SNAP,Snap Inc,E-commerce,E-commerce - Online Marketplaces & Recommerce,Primary,9166.292,-0.0199,-0.0845,0.1965,5499.7752,2026-09-25,False,ok,-1.43,False,True,-1.957,2.496,False,0.864,-0.862,True,False,False,-9.32,False,0.96,1.66,30.0,2026-09-25
SNAP,Snap Inc,Artificial Intelligence,"AI - Ads, Search & Recommendations",Secondary,9166.292,-0.0199,-0.0845,0.1965,3666.5168,2026-09-25,False,ok,-1.43,False,True,-1.957,2.496,False,0.864,-0.862,True,False,False,-9.32,False,0.96,1.66,30.0,2026-09-25
SNDK,Sandisk Corp,Semiconductors,Semis - Memory & Storage,Primary,260303.7164,-0.0078,0.2006,-0.0714,156182.2298,2026-09-25,False,ok,29.56,True,True,13.286,-3.404,True,4.077,0.759,False,False,True,18.92,True,0.86,-0.43,30.0,2026-09-25
SNDK,Sandisk Corp,Hardware,"Hardware - Consumer Electronics, PCs & Peripherals",Secondary,260303.7164,-0.0078,0.2006,-0.0714,104121.4866,2026-09-25,False,ok,29.56,True,True,13.286,-3.404,True,4.077,0.759,False,False,True,18.92,True,0.86,-0.43,30.0,2026-09-25
SNDR,"Schneider National, Inc.",Transportation & Logistics,"Transportation - Trucking, LTL & Ground Freight",Primary,5478.1532,-0.0417,-0.097,-0.1037,5478.1532,2026-09-25,False,ok,-4.58,False,True,2.912,-2.713,False,-2.621,-0.576,False,False,False,-10.56,False,0.84,1.49,40.0,2026-09-25
SNOW,Snowflake Inc.,Cloud Computing,Cloud - Hyperscalers & Platforms,Primary,118519.636,0.0106,0.0597,0.4868,71111.7816,2026-09-25,False,ok,26.45,True,True,13.58,1.198,False,1.59,-0.312,False,True,False,4.96,True,1.22,2.05,20.0,2026-09-25
SNOW,Snowflake Inc.,Big Data & Analytics,"Big Data - Analytics, AI Platforms & BI",Secondary,118519.636,0.0106,0.0597,0.4868,47407.8544,2026-09-25,False,ok,26.45,True,True,13.58,1.198,False,1.59,-0.312,False,True,False,4.96,True,1.22,2.05,20.0,2026-09-25
SNPS,Synopsys Inc,Semiconductors,Semis - EDA Tools & Design Software,Primary,81591.2141,0.106,0.0415,-0.0823,48954.7285,2026-09-25,False,ok,-1.01,False,False,-3.158,-0.292,True,0.247,1.068,True,True,True,3.16,True,1.04,0.86,60.0,2026-09-25
SNPS,Synopsys Inc,Industrial Automation & Robotics,Automation - Industrial Software & Digital Twin,Secondary,81591.2141,0.106,0.0415,-0.0823,32636.4856,2026-09-25,False,ok,-1.01,False,False,-3.158,-0.292,True,0.247,1.068,True,True,True,3.16,True,1.04,0.86,60.0,2026-09-25
SNX,TD Synnex Corp,Industrials & Construction,Industrials - Distribution & Rental Services,Primary,20794.8882,-0.0118,0.0463,-0.0695,12476.9329,2026-09-25,False,ok,11.23,True,True,6.737,-1.249,False,1.621,0.115,False,False,True,3.63,True,1.29,3.09,40.0,2026-09-25
SNX,TD Synnex Corp,Hardware,Hardware - Data Center Infrastructure & Servers,Secondary,20794.8882,-0.0118,0.0463,-0.0695,8317.9553,2026-09-25,False,ok,11.23,True,True,6.737,-1.249,False,1.621,0.115,False,False,True,3.63,True,1.29,3.09,40.0,2026-09-25
SO,Southern Co,Energy - Traditional,Energy Base - Utilities & Conventional Power Operators,Primary,95342.0841,-0.0309,-0.0788,-0.1275,57205.2505,2026-09-25,False,ok,-8.7,False,False,-1.852,-1.346,False,-2.172,-0.36,False,False,False,-8.76,False,1.06,1.26,20.0,2026-09-25
SO,Southern Co,Energy - Renewable,Energy Clean - Utilities & Clean Power Operators,Secondary,95342.0841,-0.0309,-0.0788,-0.1275,38136.8336,2026-09-25,False,ok,-8.7,False,False,-1.852,-1.346,False,-2.172,-0.36,False,False,False,-8.76,False,1.06,1.26,20.0,2026-09-25
SOFI,"Sofi Technologies, Inc.",FinTech & Digital Finance,FinTech - Digital Banking & Neobanks,Primary,21414.2362,-0.0224,-0.1274,-0.0422,12848.5417,2026-09-25,False,ok,-10.27,False,False,-3.7,0.855,False,-1.922,-0.494,False,True,False,-13.57,False,0.72,2.6,30.0,2026-09-25
SOFI,"Sofi Technologies, Inc.",FinTech & Digital Finance,FinTech - Digital Payments & Merchant Infrastructure,Secondary,21414.2362,-0.0224,-0.1274,-0.0422,8565.6945,2026-09-25,False,ok,-10.27,False,False,-3.7,0.855,False,-1.922,-0.494,False,True,False,-13.57,False,0.72,2.6,30.0,2026-09-25
SOLS,"Solstice Advanced Materials, Inc.",Industrials & Construction,Industrials - Chemicals & Advanced Materials,Primary,8998.7041,-0.0115,0.0213,-0.3454,5399.2225,2026-09-25,False,ok,-14.03,False,False,-4.893,-2.612,True,-1.873,-0.504,False,False,False,1.16,True,0.88,1.75,40.0,2026-09-25
SOLS,"Solstice Advanced Materials, Inc.",Nanotechnology,"NanoTech - Materials, Industrial & Environment",Secondary,8998.7041,-0.0115,0.0213,-0.3454,3599.4816,2026-09-25,False,ok,-14.03,False,False,-4.893,-2.612,True,-1.873,-0.504,False,False,False,1.16,True,0.88,1.75,40.0,2026-09-25
SOLV,Solventum Corp,Healthcare & Biotech,Healthcare - Medical Devices & HealthTech Hardware,Primary,15235.0239,0.0074,-0.023,0.184,15235.0239,2026-09-25,False,ok,10.22,True,True,5.153,0.813,False,0.357,-0.347,True,True,False,-3.23,False,0.89,0.95,30.0,2026-09-25
SON,Sonoco Products Co,Environmental Sustainability,Environmental - Waste Management & Recycling,Primary,4949.6827,0.025,-0.1351,-0.0562,4949.6827,2026-09-25,False,ok,-3.5,False,False,1.006,-1.998,False,-2.882,0.471,False,True,True,-14.33,False,1.03,1.35,40.0,2026-09-25
SONO,Sonos Inc,Smart Home & IoT,"Smart Home - Connectivity, Devices & Appliances",Primary,2149.993,0.1706,0.189,0.2921,1289.9958,2026-09-25,False,ok,18.44,True,True,2.132,1.717,True,3.307,1.848,False,True,True,17.77,True,1.09,-0.56,70.0,2026-09-25
SONO,Sonos Inc,Consumer Goods & Retail,"Consumer - Health, Food & Beverages",Secondary,2149.993,0.1706,0.189,0.2921,859.9972,2026-09-25,False,ok,18.44,True,True,2.132,1.717,True,3.307,1.848,False,True,True,17.77,True,1.09,-0.56,70.0,2026-09-25
SONY,Sony Group Corp,Hardware,"Hardware - Consumer Electronics, PCs & Peripherals",Primary,137657.5816,0.0038,-0.0208,0.1769,82594.549,2026-09-25,False,ok,2.46,True,True,1.519,1.523,False,-0.214,-0.595,True,True,False,-3.01,False,0.87,2.18,20.0,2026-09-25
SONY,Sony Group Corp,Software,Software - Gaming & Platforms,Secondary,137657.5816,0.0038,-0.0208,0.1769,55063.0326,2026-09-25,False,ok,2.46,True,True,1.519,1.523,False,-0.214,-0.595,True,True,False,-3.01,False,0.87,2.18,20.0,2026-09-25
SOUN,"Soundhound Ai, Inc.",Artificial Intelligence,"AI - Apps, Domain-Specific AI",Primary,2686.8787,0.0202,-0.1418,-0.0457,1612.1272,2026-09-25,False,ok,-21.01,False,False,-9.707,0.269,False,-3.544,-0.389,False,True,False,-15.0,False,0.71,3.18,20.0,2026-09-25
SOUN,"Soundhound Ai, Inc.",Smart Home & IoT,"Smart Home - Automation, Control & Energy",Secondary,2686.8787,0.0202,-0.1418,-0.0457,1074.7515,2026-09-25,False,ok,-21.01,False,False,-9.707,0.269,False,-3.544,-0.389,False,True,False,-15.0,False,0.71,3.18,20.0,2026-09-25
SPCB,Supercom Ltd,Cybersecurity,"Cybersecurity - Identity, Biometrics & Access Management",Primary,58.2198,-0.0483,-0.1385,-0.1345,58.2198,2026-09-25,False,ok,-10.03,False,False,-0.439,-2.122,False,-3.06,-0.401,False,False,False,-14.67,False,0.71,1.27,30.0,2026-09-25
SPCE,"Virgin Galactic Holdings, Inc",Space Tech,"Space - Infrastructure, Exploration & Launch",Primary,483.5909,0.0391,0.0741,0.1685,483.5909,2026-09-25,False,ok,3.57,True,False,-0.819,0.386,True,1.905,0.617,False,False,True,6.39,True,0.77,1.0,60.0,2026-09-25
SPG,Simon Property Group Inc /De/,Real Estate & REITs,Real Estate - Retail & Consumer Real Estate,Primary,77754.4827,-0.0024,-0.0547,-0.0681,77754.4827,2026-09-25,False,ok,-0.56,False,False,1.647,-1.457,False,-1.413,0.182,False,True,True,-6.37,False,0.9,0.78,50.0,2026-09-25
SPGI,S&P Global Inc.,Big Data & Analytics,"Big Data - Data Generation, Sourcing & Providers",Primary,118892.8389,-0.005,-0.0665,0.0619,118892.8389,2026-09-25,False,ok,-3.92,False,False,-0.346,0.032,False,-1.476,-0.454,False,True,False,-7.54,False,0.93,2.51,20.0,2026-09-25
SPIR,"Spire Global, Inc.",Defense & Aerospace,Defense - Space Technology & Satellite Services,Primary,472.5098,0.0596,-0.1202,-0.2948,283.5059,2026-09-25,False,ok,-12.86,False,False,-5.444,-3.965,True,-2.433,0.932,False,True,True,-12.85,False,0.87,0.45,50.0,2026-09-25
SPIR,"Spire Global, Inc.",Space Tech,Space - Data Analytics & Earth Observation,Secondary,472.5098,0.0596,-0.1202,-0.2948,189.0039,2026-09-25,False,ok,-12.86,False,False,-5.444,-3.965,True,-2.433,0.932,False,True,True,-12.85,False,0.87,0.45,50.0,2026-09-25
SPOT,Spotify Technology S.A.,Digital Entertainment & Media,Entertainment - Video Streaming,Primary,104850.006,0.0011,-0.077,0.1209,104850.006,2026-09-25,False,ok,-0.6,False,True,0.299,1.242,False,-0.527,-0.955,True,True,False,-8.58,False,0.9,0.91,40.0,2026-09-25
SPWR,SunPower Inc. -,Energy - Renewable,Energy Clean - Solar,Primary,65.5831,-0.0095,0.068,-0.4968,65.5831,2026-09-25,False,ok,-56.66,False,False,-37.517,-3.751,True,-1.88,0.387,False,False,True,5.79,True,1.96,4.66,20.0,2026-09-25
SPXC,"SPX Technologies, Inc.",Industrials & Construction,"Industrials - Machinery, Flow Control & Components",Primary,8654.335,-0.0494,-0.1403,-0.2716,5192.601,2026-09-25,False,ok,-16.61,False,False,-3.437,-2.621,False,-4.54,-0.478,False,True,False,-14.84,False,0.94,3.7,30.0,2026-09-25
SPXC,"SPX Technologies, Inc.",Industrials & Construction,Industrials - Building Products & HVAC,Secondary,8654.335,-0.0494,-0.1403,-0.2716,3461.734,2026-09-25,False,ok,-16.61,False,False,-3.437,-2.621,False,-4.54,-0.478,False,True,False,-14.84,False,0.94,3.7,30.0,2026-09-25
SQM,Chemical & Mining Co Of Chile Inc,Energy - Renewable,Energy Clean - Materials & Critical Metals,Primary,19106.3142,-0.0123,-0.1394,-0.098,11463.7885,2026-09-25,False,ok,-7.34,False,False,-0.953,-1.522,False,-2.375,-0.975,False,True,False,-14.76,False,1.06,3.05,20.0,2026-09-25
SQM,Chemical & Mining Co Of Chile Inc,Commodities - Metals,Comm Metals - Battery & Energy Transition Metals,Secondary,19106.3142,-0.0123,-0.1394,-0.098,7642.5257,2026-09-25,False,ok,-7.34,False,False,-0.953,-1.522,False,-2.375,-0.975,False,True,False,-14.76,False,1.06,3.05,20.0,2026-09-25
SR,Spire Inc.,Energy - Traditional,Energy Base - Utilities & Conventional Power Operators,Primary,4564.1001,-0.0255,-0.0626,-0.0186,2738.4601,2026-09-25,False,ok,-5.39,False,False,-1.427,-0.251,False,-1.227,-0.577,False,True,False,-7.15,False,1.16,1.53,20.0,2026-09-25
SR,Spire Inc.,Commodities - Energy,Comm Energy - Natural Gas & LNG,Secondary,4564.1001,-0.0255,-0.0626,-0.0186,1825.64,2026-09-25,False,ok,-5.39,False,False,-1.427,-0.251,False,-1.227,-0.577,False,True,False,-7.15,False,1.16,1.53,20.0,2026-09-25
SRAD,Sportradar Group Ag,Digital Entertainment & Media,"Entertainment - Betting, iGaming & Wagering",Primary,3918.3997,0.0924,0.0256,-0.1042,3918.3997,2026-09-25,False,ok,-12.46,False,False,-8.686,0.463,True,-0.348,0.657,True,True,True,1.58,True,0.92,-0.96,40.0,2026-09-25
SRE,Sempra,Energy - Traditional,Energy Base - Utilities & Conventional Power Operators,Primary,50958.4548,-0.0335,-0.0648,-0.1465,30575.0729,2026-09-25,False,ok,-10.58,False,False,-3.037,-1.37,False,-2.182,-0.415,False,False,False,-7.37,False,1.09,1.46,20.0,2026-09-25
SRE,Sempra,Commodities - Energy,Comm Energy - Natural Gas & LNG,Secondary,50958.4548,-0.0335,-0.0648,-0.1465,20383.3819,2026-09-25,False,ok,-10.58,False,False,-3.037,-1.37,False,-2.182,-0.415,False,False,False,-7.37,False,1.09,1.46,20.0,2026-09-25
SSB,Southstate Corp,Financials - Traditional,"Fin Trad - Banks, Lending & Mortgage Finance",Primary,9936.0113,-0.0095,-0.0345,0.0335,9936.0113,2026-09-25,False,ok,1.35,True,True,2.497,-0.155,False,-1.018,-0.396,False,True,False,-4.37,False,0.87,1.05,40.0,2026-09-25
SSD,"Simpson Manufacturing Co., Inc.",Industrials & Construction,Industrials - Building Products & HVAC,Primary,7235.8456,0.0311,-0.0538,-0.1441,7235.8456,2026-09-25,False,ok,-4.17,False,False,-0.824,-1.522,True,-1.823,0.389,False,True,True,-6.28,False,1.04,0.96,30.0,2026-09-25
SSYS,Stratasys Ltd.,Hardware,Hardware - Next-Gen & Specialty,Primary,723.4687,0.0325,0.0442,-0.0096,434.0812,2026-09-25,False,ok,-4.14,False,False,-3.791,0.117,True,-0.142,1.004,True,True,True,3.43,True,0.97,0.72,30.0,2026-09-25
SSYS,Stratasys Ltd.,Industrial Automation & Robotics,"Automation - Additive Manufacturing, 3D Printing",Secondary,723.4687,0.0325,0.0442,-0.0096,289.3875,2026-09-25,False,ok,-4.14,False,False,-3.791,0.117,True,-0.142,1.004,True,True,True,3.43,True,0.97,0.72,30.0,2026-09-25
ST,Sensata Technologies Holding Plc,Industrial Automation & Robotics,Automation - Industrial Sensors & Machine Vision,Primary,6140.1574,0.0057,0.0005,-0.1224,6140.1574,2026-09-25,False,ok,-0.82,False,True,1.641,-2.256,True,-1.287,0.225,False,True,True,-0.9,False,0.89,1.28,50.0,2026-09-25
STAG,"Stag Industrial, Inc.",Real Estate & REITs,"Real Estate - E-Commerce, Warehousing & Logistics",Primary,7240.5545,-0.0215,-0.0084,-0.0499,7240.5545,2026-09-25,False,ok,-2.32,False,False,-0.23,-0.657,False,-0.333,0.008,True,False,True,-1.78,False,0.96,0.71,20.0,2026-09-25
STE,Steris Plc,Healthcare & Biotech,Healthcare - Medical Devices & HealthTech Hardware,Primary,20370.6982,0.019,-0.1137,0.0116,20370.6982,2026-09-25,False,ok,-6.26,False,False,-1.436,-0.237,False,-2.463,-0.219,False,True,False,-12.21,False,0.93,1.37,30.0,2026-09-25
STEM,"Stem, Inc.",Energy - Renewable,Energy Clean - Batteries & Storage,Primary,43.1278,-0.0282,-0.2014,-0.3987,25.8767,2026-09-25,False,ok,-44.37,False,False,-24.141,-1.745,False,-8.885,-1.377,False,True,False,-20.9,False,0.99,5.61,40.0,2026-09-25
STEM,"Stem, Inc.",Smart Home & IoT,"Smart Home - Automation, Control & Energy",Secondary,43.1278,-0.0282,-0.2014,-0.3987,17.2511,2026-09-25,False,ok,-44.37,False,False,-24.141,-1.745,False,-8.885,-1.377,False,True,False,-20.9,False,0.99,5.61,40.0,2026-09-25
STKH,Steakholder Foods Ltd.,Agriculture & FoodTech,Agriculture - Alternative Proteins,Primary,1.9154,-0.0947,-0.4591,-0.2824,1.9154,2026-09-25,False,ok,-52.45,False,False,-25.595,0.292,False,-12.892,-2.541,False,True,False,-46.43,False,0.02,7.5,20.0,2026-09-25
STLD,Steel Dynamics Inc,Commodities - Metals,Comm Metals - Industrial & Base Metals,Primary,33490.0429,-0.0068,0.0112,-0.03,20094.0257,2026-09-25,False,ok,3.07,True,True,3.847,-1.959,False,-0.991,-0.08,True,False,False,0.15,True,0.85,0.49,50.0,2026-09-25
STLD,Steel Dynamics Inc,Commodities - Metals,Comm Metals - Recycling & Circular Materials,Secondary,33490.0429,-0.0068,0.0112,-0.03,13396.0172,2026-09-25,False,ok,3.07,True,True,3.847,-1.959,False,-0.991,-0.08,True,False,False,0.15,True,0.85,0.49,50.0,2026-09-25
STM,Stmicroelectronics N.V.,Semiconductors,"Semis - Analog, Mixed-Signal & Power Management",Primary,46317.826,0.0367,0.0518,-0.2759,27790.6956,2026-09-25,False,ok,0.08,True,False,2.156,-4.699,True,-0.749,1.077,True,False,True,4.18,True,0.77,1.8,40.0,2026-09-25
STM,Stmicroelectronics N.V.,Semiconductors,Semis - Emerging Technologies,Secondary,46317.826,0.0367,0.0518,-0.2759,18527.1304,2026-09-25,False,ok,0.08,True,False,2.156,-4.699,True,-0.749,1.077,True,False,True,4.18,True,0.77,1.8,40.0,2026-09-25
STRL,"Sterling Infrastructure, Inc.",Industrials & Construction,Industrials - Engineering & Construction,Primary,15670.1911,-0.0123,0.0532,-0.4093,9402.1147,2026-09-25,False,ok,-9.45,False,False,-2.317,-5.193,True,-1.337,1.553,False,False,True,4.32,True,0.71,-0.11,50.0,2026-09-25
STRL,"Sterling Infrastructure, Inc.",Cloud Computing,Cloud - Data Centers & Infrastructure,Secondary,15670.1911,-0.0123,0.0532,-0.4093,6268.0764,2026-09-25,False,ok,-9.45,False,False,-2.317,-5.193,True,-1.337,1.553,False,False,True,4.32,True,0.71,-0.11,50.0,2026-09-25
STT,State Street Corp,Financials - Traditional,"Fin Trad - Asset Management, Custody & Alternatives",Primary,49814.4174,-0.0084,-0.0602,0.0792,49814.4174,2026-09-25,False,ok,8.47,True,True,7.448,-1.08,False,-1.034,-0.618,False,True,False,-6.91,False,1.01,2.08,30.0,2026-09-25
STWD,"Starwood Property Trust, Inc.",Financials - Traditional,"Fin Trad - Banks, Lending & Mortgage Finance",Primary,5453.482,-0.0388,-0.1092,-0.1103,5453.482,2026-09-25,False,ok,-12.04,False,False,-2.864,-1.137,False,-2.706,-0.633,False,False,False,-11.77,False,1.01,2.42,20.0,2026-09-25
STX,Seagate Technology Holdings Plc,Semiconductors,Semis - Memory & Storage,Primary,208480.7311,0.0684,0.1167,-0.0762,125088.4387,2026-09-25,False,ok,22.44,True,True,10.404,-3.373,True,1.681,1.373,False,True,True,10.61,True,0.83,-1.41,50.0,2026-09-25
STX,Seagate Technology Holdings Plc,Hardware,"Hardware - Consumer Electronics, PCs & Peripherals",Secondary,208480.7311,0.0684,0.1167,-0.0762,83392.2924,2026-09-25,False,ok,22.44,True,True,10.404,-3.373,True,1.681,1.373,False,True,True,10.61,True,0.83,-1.41,50.0,2026-09-25
STZ,"Constellation Brands, Inc.",Consumer Goods & Retail,"Consumer - Health, Food & Beverages",Primary,19408.4987,-0.0449,-0.1584,-0.1992,19408.4987,2026-09-25,False,ok,-16.03,False,False,-4.604,-1.719,False,-3.474,-0.742,False,False,False,-16.64,False,1.13,1.7,30.0,2026-09-25
SUI,Sun Communities Inc,Real Estate & REITs,"Real Estate - Housing, Urban Living & Demographics",Primary,14184.3538,-0.0131,-0.1086,-0.0552,14184.3538,2026-09-25,False,ok,-7.55,False,False,-2.04,-0.789,False,-2.014,-0.402,False,True,False,-11.71,False,0.66,1.45,20.0,2026-09-25
SVM,Silvercorp Metals Inc,Commodities - Metals,Comm Metals - Precious Metals,Primary,2508.4795,-0.0503,-0.1161,0.0904,2508.4795,2026-09-25,False,ok,2.36,True,True,3.259,0.154,False,-0.653,-1.092,True,False,False,-12.45,False,0.88,4.27,20.0,2026-09-25
SW,Smurfit Westrock Plc,Industrials & Construction,Industrials - Packaging & Containers,Primary,24343.1076,0.0469,-0.0611,0.0059,24343.1076,2026-09-25,False,ok,5.54,True,True,3.048,-0.508,True,-0.392,0.66,True,True,True,-7.0,False,0.9,0.56,60.0,2026-09-25
SWK,"Stanley Black & Decker, Inc.",Industrials & Construction,"Industrials - Machinery, Flow Control & Components",Primary,13802.921,0.0203,-0.0636,0.0283,8281.7526,2026-09-25,False,ok,5.52,True,True,4.985,-0.881,False,-1.502,0.102,False,True,True,-7.25,False,0.95,1.28,30.0,2026-09-25
SWK,"Stanley Black & Decker, Inc.",Industrials & Construction,Industrials - Building Products & HVAC,Secondary,13802.921,0.0203,-0.0636,0.0283,5521.1684,2026-09-25,False,ok,5.52,True,True,4.985,-0.881,False,-1.502,0.102,False,True,True,-7.25,False,0.95,1.28,30.0,2026-09-25
SWKS,"Skyworks Solutions, Inc.",Semiconductors,Semis - Wireless & Connectivity,Primary,13443.2379,0.0065,0.3598,0.2513,8065.9427,2026-09-25,False,ok,26.99,True,True,6.899,3.631,True,7.09,0.217,False,False,True,34.69,True,1.5,-3.39,70.0,2026-09-25
SWKS,"Skyworks Solutions, Inc.",Telecommunications,"Telecom - 5G, Wireless & Carriers",Secondary,13443.2379,0.0065,0.3598,0.2513,5377.2952,2026-09-25,False,ok,26.99,True,True,6.899,3.631,True,7.09,0.217,False,False,True,34.69,True,1.5,-3.39,70.0,2026-09-25
SWX,"Southwest Gas Holdings, Inc.",Energy - Traditional,Energy Base - Utilities & Conventional Power Operators,Primary,5972.4365,-0.0397,-0.0745,-0.0648,3583.4619,2026-09-25,False,ok,-5.48,False,False,0.073,-1.212,False,-2.18,-0.591,False,True,False,-8.33,False,1.35,1.25,30.0,2026-09-25
SWX,"Southwest Gas Holdings, Inc.",Commodities - Energy,Comm Energy - Natural Gas & LNG,Secondary,5972.4365,-0.0397,-0.0745,-0.0648,2388.9746,2026-09-25,False,ok,-5.48,False,False,0.073,-1.212,False,-2.18,-0.591,False,True,False,-8.33,False,1.35,1.25,30.0,2026-09-25
SYF,Synchrony Financial,Financials - Traditional,"Fin Trad - Banks, Lending & Mortgage Finance",Primary,23732.5496,-0.028,-0.0969,-0.0402,14239.5298,2026-09-25,False,ok,-2.71,False,True,1.089,-0.253,False,-1.966,-0.716,False,True,False,-10.55,False,0.88,2.81,30.0,2026-09-25
SYF,Synchrony Financial,FinTech & Digital Finance,FinTech - Digital Payments & Merchant Infrastructure,Secondary,23732.5496,-0.028,-0.0969,-0.0402,9493.0198,2026-09-25,False,ok,-2.71,False,True,1.089,-0.253,False,-1.966,-0.716,False,True,False,-10.55,False,0.88,2.81,30.0,2026-09-25
SYK,Stryker Corp,Industrial Automation & Robotics,Robotics - Medical & Surgical Robotics,Primary,104469.9546,-0.01,-0.1761,-0.1294,62681.9728,2026-09-25,False,ok,-14.8,False,False,-3.951,-1.566,False,-4.584,-0.147,False,True,False,-18.4,False,1.08,2.65,30.0,2026-09-25
SYK,Stryker Corp,Healthcare & Biotech,Healthcare - Medical Devices & HealthTech Hardware,Secondary,104469.9546,-0.01,-0.1761,-0.1294,41787.9818,2026-09-25,False,ok,-14.8,False,False,-3.951,-1.566,False,-4.584,-0.147,False,True,False,-18.4,False,1.08,2.65,30.0,2026-09-25
SYM,Symbotic Inc.,Industrial Automation & Robotics,Automation - Factory & Process Automation Systems,Primary,26315.2087,0.0377,0.0757,0.1025,15789.1252,2026-09-25,False,ok,-6.3,False,False,-6.279,1.032,True,1.472,0.458,False,False,True,6.55,True,1.06,-0.37,60.0,2026-09-25
SYM,Symbotic Inc.,Industrial Automation & Robotics,Automation - Smart Logistics & Warehouse Automation,Secondary,26315.2087,0.0377,0.0757,0.1025,10526.0835,2026-09-25,False,ok,-6.3,False,False,-6.279,1.032,True,1.472,0.458,False,False,True,6.55,True,1.06,-0.37,60.0,2026-09-25
SYNA,Synaptics Inc,Artificial Intelligence,"AI - Compute, Edge & Acceleration",Primary,4077.2047,0.1032,0.0827,-0.2105,2446.3228,2026-09-25,False,ok,-0.1,False,False,0.211,-3.422,True,-1.241,1.27,False,True,True,7.24,True,0.78,3.5,40.0,2026-09-25
SYNA,Synaptics Inc,Healthcare & Biotech,Healthcare - Medical Devices & HealthTech Hardware,Secondary,4077.2047,0.1032,0.0827,-0.2105,1630.8819,2026-09-25,False,ok,-0.1,False,False,0.211,-3.422,True,-1.241,1.27,False,True,True,7.24,True,0.78,3.5,40.0,2026-09-25
SYY,Sysco Corp,Agriculture & FoodTech,Agriculture - Agri-Food Processing & Distribution,Primary,37626.9292,-0.0075,-0.0599,-0.02,37626.9292,2026-09-25,False,ok,-2.2,False,False,0.823,-0.519,False,-1.471,-0.321,False,True,False,-6.89,False,1.22,1.0,50.0,2026-09-25
T,At&T Inc.,Telecommunications,Telecom - Cloud & Edge Connectivity,Primary,173913.5386,-0.0008,-0.0151,0.1497,104348.1232,2026-09-25,False,ok,2.83,True,True,0.733,1.507,False,0.583,-0.595,True,True,False,-2.45,False,0.78,0.75,50.0,2026-09-25
T,At&T Inc.,Telecommunications,"Telecom - 5G, Wireless & Carriers",Secondary,173913.5386,-0.0008,-0.0151,0.1497,69565.4154,2026-09-25,False,ok,2.83,True,True,0.733,1.507,False,0.583,-0.595,True,True,False,-2.45,False,0.78,0.75,50.0,2026-09-25
TAL,Tal Education Group,Education Technology,Education - Digital Curriculum,Primary,6656.4147,0.0161,0.0354,0.31,6656.4147,2026-09-25,False,ok,7.24,True,True,2.896,1.494,False,0.859,0.063,True,False,True,2.55,True,1.14,-0.13,70.0,2026-09-25
TAP,Molson Coors Beverage Co,Consumer Goods & Retail,"Consumer - Health, Food & Beverages",Primary,6703.019,-0.0421,-0.1343,-0.1027,6703.019,2026-09-25,False,ok,-12.45,False,False,-2.807,-0.772,False,-2.949,-0.8,False,False,False,-14.25,False,1.43,1.94,20.0,2026-09-25
TBCH,Turtle Beach Corp,Hardware,"Hardware - Consumer Electronics, PCs & Peripherals",Primary,228.1697,0.0047,-0.0086,0.0608,228.1697,2026-09-25,False,ok,0.27,True,False,0.076,0.304,False,0.34,0.362,True,False,True,-1.8,False,0.94,1.59,30.0,2026-09-25
TCBI,"Texas Capital Bancshares, Inc.",Financials - Traditional,"Fin Trad - Banks, Lending & Mortgage Finance",Primary,4165.7139,0.0097,-0.0261,-0.0684,4165.7139,2026-09-25,False,ok,-2.3,False,False,0.018,-0.877,False,-1.144,-0.129,False,True,False,-3.54,False,1.03,0.74,30.0,2026-09-25
TDC,Teradata Corp /De/,Big Data & Analytics,"Big Data - Analytics, AI Platforms & BI",Primary,2691.4202,0.0017,0.0574,-0.0868,1614.8521,2026-09-25,False,ok,-1.14,False,False,-0.873,-1.282,True,0.571,0.404,True,False,True,4.73,True,0.64,-0.03,50.0,2026-09-25
TDC,Teradata Corp /De/,Software,"Software - Data, Analytics & DevOps",Secondary,2691.4202,0.0017,0.0574,-0.0868,1076.5681,2026-09-25,False,ok,-1.14,False,False,-0.873,-1.282,True,0.571,0.404,True,False,True,4.73,True,0.64,-0.03,50.0,2026-09-25
TDG,Transdigm Group Inc,Defense & Aerospace,Defense - Next-Generation Aircraft & Maintenance,Primary,61699.6536,0.0278,-0.0641,-0.1561,37019.7922,2026-09-25,False,ok,-8.68,False,False,-2.892,-1.261,False,-2.363,0.288,False,True,True,-7.3,False,0.92,2.03,30.0,2026-09-25
TDG,Transdigm Group Inc,Defense & Aerospace,Defense - Secure Defense Supply Chains,Secondary,61699.6536,0.0278,-0.0641,-0.1561,24679.8614,2026-09-25,False,ok,-8.68,False,False,-2.892,-1.261,False,-2.363,0.288,False,True,True,-7.3,False,0.92,2.03,30.0,2026-09-25
TDOC,"Teladoc Health, Inc.",Healthcare & Biotech,"Healthcare - Digital Health, Telemedicine & Remote Care",Primary,1106.4557,-0.0333,-0.0162,-0.2202,1106.4557,2026-09-25,False,ok,-11.95,False,False,-2.215,-3.215,False,-2.787,0.359,False,False,True,-2.55,False,0.66,0.85,40.0,2026-09-25
TDUP,Thredup Inc.,E-commerce,E-commerce - Online Marketplaces & Recommerce,Primary,295.5007,-0.0927,-0.1848,-0.656,177.3004,2026-09-25,False,ok,-49.22,False,False,-18.989,-7.169,False,-12.055,0.816,False,False,True,-19.25,False,0.67,3.72,40.0,2026-09-25
TDUP,Thredup Inc.,Consumer Goods & Retail,Consumer - Resale & Sharing Platforms,Secondary,295.5007,-0.0927,-0.1848,-0.656,118.2003,2026-09-25,False,ok,-49.22,False,False,-18.989,-7.169,False,-12.055,0.816,False,False,True,-19.25,False,0.67,3.72,40.0,2026-09-25
TDY,Teledyne Technologies Inc,Industrial Automation & Robotics,Automation - Industrial Sensors & Machine Vision,Primary,28469.3381,0.0177,-0.0203,0.0032,17081.6029,2026-09-25,False,ok,-1.58,False,False,0.126,-1.065,True,-1.052,0.526,False,True,True,-2.97,False,0.79,0.43,60.0,2026-09-25
TDY,Teledyne Technologies Inc,Industrial Automation & Robotics,Robotics - Sensors & Vision Systems,Secondary,28469.3381,0.0177,-0.0203,0.0032,11387.7352,2026-09-25,False,ok,-1.58,False,False,0.126,-1.065,True,-1.052,0.526,False,True,True,-2.97,False,0.79,0.43,60.0,2026-09-25
TE,T1 Energy Inc.,Electric Vehicles & Mobility,EVs - Batteries & Materials,Primary,1113.3124,-0.0935,-0.1871,-0.5569,1113.3124,2026-09-25,False,ok,-33.31,False,False,-10.627,-5.984,False,-6.11,-0.811,False,False,False,-19.48,False,0.54,6.03,20.0,2026-09-25
TEAM,Atlassian Corp,Cloud Computing,Cloud - Horizontal SaaS & Cloud Applications,Primary,47524.2824,-0.0223,0.1276,1.3021,28514.5694,2026-09-25,False,ok,42.78,True,True,17.682,7.4,False,5.245,-1.481,False,False,False,11.69,True,1.06,0.78,50.0,2026-09-25
TEAM,Atlassian Corp,Cloud Computing,Cloud - Hyperscalers & Platforms,Secondary,47524.2824,-0.0223,0.1276,1.3021,19009.713,2026-09-25,False,ok,42.78,True,True,17.682,7.4,False,5.245,-1.481,False,False,False,11.69,True,1.06,0.78,50.0,2026-09-25
TECH,Bio-Techne Corp,Nanotechnology,NanoTech - Research Tools & Advanced Instruments,Primary,11386.5728,0.0033,0.0039,0.2346,6831.9437,2026-09-25,False,ok,11.24,True,True,6.436,0.295,False,0.324,-0.057,True,True,False,-0.57,False,0.88,0.02,40.0,2026-09-25
TECH,Bio-Techne Corp,Healthcare & Biotech,Healthcare - Genomics & Personalized Medicine,Secondary,11386.5728,0.0033,0.0039,0.2346,4554.6291,2026-09-25,False,ok,11.24,True,True,6.436,0.295,False,0.324,-0.057,True,True,False,-0.57,False,0.88,0.02,40.0,2026-09-25
TECK,Teck Resources Ltd,Commodities - Metals,Comm Metals - Battery & Energy Transition Metals,Primary,32404.1318,0.0081,-0.0765,0.1463,32404.1318,2026-09-25,False,ok,8.56,True,True,5.194,-0.248,False,0.187,-0.368,True,False,False,-8.53,False,0.97,1.8,30.0,2026-09-25
TEL,Te Connectivity Plc,Hardware,Hardware - Industrial & IoT,Primary,63284.6909,0.0641,0.0853,0.1052,63284.6909,2026-09-25,False,ok,3.88,True,True,-0.391,0.693,True,0.982,0.679,True,True,True,7.5,True,0.89,1.24,30.0,2026-09-25
TEM,"Tempus Ai, Inc.",Healthcare & Biotech,Healthcare - Genomics & Personalized Medicine,Primary,15338.7581,0.0921,0.2369,0.6367,15338.7581,2026-09-25,False,ok,42.36,True,True,7.423,6.252,True,8.68,1.701,False,True,True,22.51,True,1.25,-3.33,40.0,2026-09-25
TENB,"Tenable Holdings, Inc.",Cybersecurity,"Cybersecurity - Platform, Cloud & Application Security",Primary,3688.5883,-0.0548,0.0213,0.1995,2213.153,2026-09-25,False,ok,9.6,True,True,8.262,-1.36,False,0.172,-0.006,True,False,False,1.16,True,1.37,-2.99,30.0,2026-09-25
TENB,"Tenable Holdings, Inc.",Software,"Software - Data, Analytics & DevOps",Secondary,3688.5883,-0.0548,0.0213,0.1995,1475.4353,2026-09-25,False,ok,9.6,True,True,8.262,-1.36,False,0.172,-0.006,True,False,False,1.16,True,1.37,-2.99,30.0,2026-09-25
TER,"Teradyne, Inc",Semiconductors,"Semis - Testing, Packaging & Assembly",Primary,62283.0305,0.0724,0.0876,-0.0671,37369.8183,2026-09-25,False,ok,14.23,True,True,5.362,-1.606,True,1.371,1.46,False,True,True,7.73,True,0.81,-0.32,60.0,2026-09-25
TER,"Teradyne, Inc",Industrial Automation & Robotics,Automation - Factory & Process Automation Systems,Secondary,62283.0305,0.0724,0.0876,-0.0671,24913.2122,2026-09-25,False,ok,14.23,True,True,5.362,-1.606,True,1.371,1.46,False,True,True,7.73,True,0.81,-0.32,60.0,2026-09-25
TEX,Terex Corp,Industrials & Construction,"Industrials - Machinery, Flow Control & Components",Primary,6552.8192,-0.029,-0.121,-0.1801,6552.8192,2026-09-25,False,ok,-7.78,False,False,0.257,-2.049,False,-3.06,-0.303,False,True,False,-12.93,False,0.83,2.94,20.0,2026-09-25
TFC,Truist Financial Corp,Financials - Traditional,"Fin Trad - Banks, Lending & Mortgage Finance",Primary,58222.7067,-0.0185,-0.0525,-0.0333,58222.7067,2026-09-25,False,ok,-3.46,False,True,0.894,-0.884,False,-1.834,-0.522,False,True,False,-6.15,False,1.03,2.43,40.0,2026-09-25
TFII,Tfi International Inc.,Transportation & Logistics,"Transportation - Trucking, LTL & Ground Freight",Primary,9953.5759,-0.0324,-0.0975,-0.1514,9953.5759,2026-09-25,False,ok,-8.48,False,False,0.859,-3.188,False,-3.191,-0.47,False,False,False,-10.61,False,0.71,1.92,30.0,2026-09-25
TFPM,Triple Flag Precious Metals Corp.,Commodities - Metals,Comm Metals - Precious Metals,Primary,6631.2371,-0.0287,-0.0967,0.1488,6631.2371,2026-09-25,False,ok,0.44,True,True,0.618,1.239,False,0.057,-0.718,True,False,False,-10.53,False,0.97,2.94,20.0,2026-09-25
TGT,Target Corp,E-commerce,E-commerce - Grocery & Local Commerce Platforms,Primary,71529.0214,-0.0047,-0.0368,0.1236,42917.4128,2026-09-25,False,ok,14.8,True,True,8.481,0.075,False,0.356,-0.515,True,True,False,-4.6,False,0.87,1.63,40.0,2026-09-25
TGT,Target Corp,E-commerce,"E-commerce - Omnichannel Retailers, Online & Physical Stores",Secondary,71529.0214,-0.0047,-0.0368,0.1236,28611.6086,2026-09-25,False,ok,14.8,True,True,8.481,0.075,False,0.356,-0.515,True,True,False,-4.6,False,0.87,1.63,40.0,2026-09-25
THC,Tenet Healthcare Corp,Healthcare & Biotech,"Healthcare - IT, Services & Data Infrastructure",Primary,20911.5894,-0.0087,-0.0448,0.4195,20911.5894,2026-09-25,False,ok,14.26,True,True,8.211,1.71,False,0.041,-0.757,True,True,False,-5.38,False,0.86,0.84,50.0,2026-09-25
THG,"Hanover Insurance Group, Inc.",Financials - Traditional,Fin Trad - Insurance & Reinsurance,Primary,7571.3085,-0.0434,-0.0385,0.0379,7571.3085,2026-09-25,False,ok,5.32,True,True,5.242,-0.385,False,-0.482,-0.681,True,False,False,-4.77,False,0.99,0.74,40.0,2026-09-25
THO,"Thor Industries, Inc.",Consumer Goods & Retail,Consumer - Modern Luxury & Lifestyle,Primary,3723.9762,0.0646,-0.0922,-0.0376,3723.9762,2026-09-25,False,ok,-9.62,False,False,-4.776,0.174,False,-2.039,0.127,False,True,True,-10.09,False,1.19,1.85,40.0,2026-09-25
THRM,Gentherm Inc,Electric Vehicles & Mobility,EVs - Key Suppliers & Autonomy Tech,Primary,1082.3209,-0.0314,-0.1217,-0.0051,1082.3209,2026-09-25,False,ok,-3.52,False,True,3.508,-1.014,False,-3.408,-1.059,False,True,False,-13.01,False,0.85,3.16,20.0,2026-09-25
TJX,"TJX Companies, Inc.",E-commerce,"E-commerce - Omnichannel Retailers, Online & Physical Stores",Primary,143062.614,0.0222,-0.0675,-0.2101,85837.5684,2026-09-25,False,ok,-11.6,False,False,-4.368,-2.271,True,-2.609,0.98,False,False,True,-7.64,False,1.22,1.55,30.0,2026-09-25
TJX,"TJX Companies, Inc.",Consumer Goods & Retail,Consumer - Apparel & E-Commerce Retail,Secondary,143062.614,0.0222,-0.0675,-0.2101,57225.0456,2026-09-25,False,ok,-11.6,False,False,-4.368,-2.271,True,-2.609,0.98,False,False,True,-7.64,False,1.22,1.55,30.0,2026-09-25
TKO,"TKO Group Holdings, Inc.",Digital Entertainment & Media,Entertainment - Video Streaming,Primary,34573.8977,-0.0348,-0.0517,-0.0987,34573.8977,2026-09-25,False,ok,-4.52,False,False,-1.278,-0.218,False,-0.383,-0.342,True,False,False,-6.07,False,1.03,0.33,40.0,2026-09-25
TKR,Timken Co,Industrials & Construction,"Industrials - Machinery, Flow Control & Components",Primary,8138.9138,0.0026,-0.0399,-0.1466,8138.9138,2026-09-25,False,ok,-1.68,False,False,2.593,-3.101,True,-2.293,0.296,False,True,True,-4.9,False,0.95,0.62,60.0,2026-09-25
TLN,Talen Energy Corp,Artificial Intelligence,"AI - Compute, Edge & Acceleration",Primary,14586.0598,0.0415,-0.0106,-0.25,14586.0598,2026-09-25,False,ok,-12.25,False,False,-4.935,-2.045,True,-2.473,0.664,False,True,True,-2.0,False,0.9,1.4,40.0,2026-09-25
TLRY,"Tilray Brands, Inc.",Healthcare & Biotech,"Healthcare - Regenerative Medicine, Psychedelics, Cannabis",Primary,579.9452,0.0351,-0.1537,-0.1002,579.9452,2026-09-25,False,ok,-25.02,False,False,-15.045,0.997,True,-2.721,0.058,False,True,True,-16.17,False,0.82,2.68,20.0,2026-09-25
TME,Tencent Music Entertainment Group,Digital Entertainment & Media,Entertainment - Video Streaming,Primary,13673.73,0.0812,-0.04,0.0257,13673.73,2026-09-25,False,ok,-17.49,False,False,-11.795,1.371,True,-1.51,0.932,False,True,True,-4.92,False,0.82,0.86,50.0,2026-09-25
TMO,Thermo Fisher Scientific Inc.,Healthcare & Biotech,"Healthcare - Diagnostics, Biomarkers & Liquid Biopsy",Primary,249579.4217,0.0362,0.0754,0.3724,149747.653,2026-09-25,False,ok,20.82,True,True,6.673,2.322,True,3.158,0.526,False,False,True,6.52,True,1.14,-1.64,60.0,2026-09-25
TMO,Thermo Fisher Scientific Inc.,Healthcare & Biotech,Healthcare - Genomics & Personalized Medicine,Secondary,249579.4217,0.0362,0.0754,0.3724,99831.7687,2026-09-25,False,ok,20.82,True,True,6.673,2.322,True,3.158,0.526,False,False,True,6.52,True,1.14,-1.64,60.0,2026-09-25
TMUS,"T-Mobile Us, Inc.",Telecommunications,"Telecom - 5G, Wireless & Carriers",Primary,177452.0566,-0.0164,-0.0838,-0.0797,177452.0566,2026-09-25,False,ok,-10.96,False,False,-3.461,-0.308,False,-2.421,-0.875,False,True,False,-9.25,False,1.05,2.19,30.0,2026-09-25
TNC,Tennant Company,Industrials & Construction,"Industrials - Machinery, Flow Control & Components",Primary,1154.9198,0.005,-0.0284,-0.2335,692.9519,2026-09-25,False,ok,-11.2,False,False,-3.765,-2.507,True,-2.531,0.158,False,True,True,-3.76,False,0.89,0.55,40.0,2026-09-25
TNC,Tennant Company,Environmental Sustainability,Environmental - Clean Technologies & Pollution Control,Secondary,1154.9198,0.005,-0.0284,-0.2335,461.9679,2026-09-25,False,ok,-11.2,False,False,-3.765,-2.507,True,-2.531,0.158,False,True,True,-3.76,False,0.89,0.55,40.0,2026-09-25
TNDM,Tandem Diabetes Care Inc,Healthcare & Biotech,Healthcare - Medical Devices & HealthTech Hardware,Primary,1093.7773,-0.0682,-0.2715,0.0466,1093.7773,2026-09-25,False,ok,-14.75,False,False,-0.33,-1.204,False,-6.493,-1.664,False,True,False,-27.85,False,0.98,5.32,10.0,2026-09-25
TNGX,"Tango Therapeutics, Inc.",Healthcare & Biotech,Healthcare - Oncology & Precision Cancer Therapeutics,Primary,4201.7705,0.1457,0.0061,-0.1442,4201.7705,2026-09-25,False,ok,9.6,True,True,5.196,-4.533,True,-0.864,1.337,True,True,True,-0.35,False,1.04,-2.88,50.0,2026-09-25
TNL,Travel + Leisure Co.,Real Estate & REITs,"Real Estate - Travel, Leisure & Entertainment Properties",Primary,3901.2175,0.0081,-0.1279,-0.1621,3901.2175,2026-09-25,False,ok,-8.16,False,False,-1.117,-2.015,False,-3.204,0.097,False,True,True,-13.62,False,0.88,1.08,20.0,2026-09-25
TOL,"Toll Brothers, Inc.",Real Estate & REITs,"Real Estate - Housing, Urban Living & Demographics",Primary,12655.4685,0.0322,-0.0894,-0.1456,12655.4685,2026-09-25,False,ok,-4.35,False,False,-0.804,-1.34,True,-1.916,0.393,False,True,True,-9.81,False,1.05,1.94,20.0,2026-09-25
TOST,"Toast, Inc.",FinTech & Digital Finance,FinTech - Digital Payments & Merchant Infrastructure,Primary,17686.8004,0.0289,-0.1685,0.176,10612.0802,2026-09-25,False,ok,-0.24,False,True,2.85,0.688,False,-3.143,-0.851,False,True,False,-17.64,False,0.89,1.9,40.0,2026-09-25
TOST,"Toast, Inc.",Software,Software - Vertical SaaS Platforms,Secondary,17686.8004,0.0289,-0.1685,0.176,7074.7202,2026-09-25,False,ok,-0.24,False,True,2.85,0.688,False,-3.143,-0.851,False,True,False,-17.64,False,0.89,1.9,40.0,2026-09-25
TPL,Texas Pacific Land Corp,Energy - Traditional,Energy Base - Oil & Gas Exploration & Production,Primary,23525.1937,-0.0329,-0.0836,-0.0952,14115.1162,2026-09-25,False,ok,-10.58,False,False,-2.987,-1.522,False,-2.256,-0.637,False,True,False,-9.23,False,1.03,3.2,30.0,2026-09-25
TPL,Texas Pacific Land Corp,Commodities - Energy,Comm Energy - Crude Oil,Secondary,23525.1937,-0.0329,-0.0836,-0.0952,9410.0775,2026-09-25,False,ok,-10.58,False,False,-2.987,-1.522,False,-2.256,-0.637,False,True,False,-9.23,False,1.03,3.2,30.0,2026-09-25
TPR,"Tapestry, Inc.",Consumer Goods & Retail,Consumer - Modern Luxury & Lifestyle,Primary,22706.7249,-0.0097,-0.1215,-0.2366,22706.7249,2026-09-25,False,ok,-14.36,False,False,-3.615,-2.951,False,-4.577,0.191,False,True,True,-12.98,False,0.97,1.54,40.0,2026-09-25
TREX,"Trex Co, Inc.",Industrials & Construction,Industrials - Building Products & HVAC,Primary,4562.5421,0.0492,-0.0438,-0.0837,4562.5421,2026-09-25,False,ok,1.54,True,True,1.956,-0.731,False,-1.465,0.169,False,True,True,-5.29,False,0.83,0.77,30.0,2026-09-25
TRGP,Targa Resources Corp,Energy - Traditional,Energy Base - Refining & Midstream Infrastructure,Primary,59577.516,-0.0491,-0.0316,0.0481,35746.5096,2026-09-25,False,ok,6.53,True,True,5.658,-0.748,False,-0.136,-0.631,True,False,False,-4.08,False,0.98,1.1,40.0,2026-09-25
TRGP,Targa Resources Corp,Commodities - Energy,Comm Energy - Natural Gas & LNG,Secondary,59577.516,-0.0491,-0.0316,0.0481,23831.0064,2026-09-25,False,ok,6.53,True,True,5.658,-0.748,False,-0.136,-0.631,True,False,False,-4.08,False,0.98,1.1,40.0,2026-09-25
TRI,Thomson Reuters Corp /Can/,Big Data & Analytics,"Big Data - Data Generation, Sourcing & Providers",Primary,42887.553,0.0487,-0.0516,0.2304,42887.553,2026-09-25,False,ok,0.55,True,True,0.228,1.762,False,-0.962,-0.403,True,True,False,-6.07,False,0.82,1.36,40.0,2026-09-25
TRMB,Trimble Inc.,Hardware,Hardware - Industrial & IoT,Primary,13489.4531,0.005,-0.0266,0.1538,8093.6719,2026-09-25,False,ok,-3.95,False,False,-2.907,1.698,False,0.044,-0.207,True,False,False,-3.58,False,1.25,1.47,40.0,2026-09-25
TRMB,Trimble Inc.,Agriculture & FoodTech,Agriculture - Precision Agriculture & Farm Automation,Secondary,13489.4531,0.005,-0.0266,0.1538,5395.7812,2026-09-25,False,ok,-3.95,False,False,-2.907,1.698,False,0.044,-0.207,True,False,False,-3.58,False,1.25,1.47,40.0,2026-09-25
TRNO,Terreno Realty Corp,Real Estate & REITs,"Real Estate - E-Commerce, Warehousing & Logistics",Primary,7199.6687,0.0049,-0.0338,0.0177,7199.6687,2026-09-25,False,ok,0.3,True,False,1.159,-1.033,True,-0.722,0.312,True,False,True,-4.3,False,0.95,0.14,50.0,2026-09-25
TROW,Price T Rowe Group Inc,Crypto & Blockchain,"Blockchain - Platforms, Tokenization & Financial Services",Primary,22506.9568,0.013,-0.0536,0.0154,22506.9568,2026-09-25,False,ok,0.41,True,True,1.884,-1.164,False,-1.523,0.139,False,True,True,-6.26,False,0.84,1.41,10.0,2026-09-25
TRS,TriMas Corporation,Industrials & Construction,Industrials - Packaging & Containers,Primary,1404.4621,0.0281,-0.0151,-0.1012,842.6773,2026-09-25,False,ok,0.12,True,False,0.443,-1.041,True,-0.346,0.335,True,True,True,-2.45,False,0.79,-1.08,60.0,2026-09-25
TRS,TriMas Corporation,Defense & Aerospace,Defense - Secure Defense Supply Chains,Secondary,1404.4621,0.0281,-0.0151,-0.1012,561.7848,2026-09-25,False,ok,0.12,True,False,0.443,-1.041,True,-0.346,0.335,True,True,True,-2.45,False,0.79,-1.08,60.0,2026-09-25
TRU,Transunion,Big Data & Analytics,"Big Data - Data Generation, Sourcing & Providers",Primary,13252.9715,-0.045,-0.1863,0.0187,13252.9715,2026-09-25,False,ok,-9.1,False,False,0.42,-0.464,False,-3.973,-1.407,False,True,False,-19.41,False,1.07,4.56,20.0,2026-09-25
TRUP,"Trupanion, Inc.",FinTech & Digital Finance,FinTech - InsurTech & Embedded Insurance,Primary,1010.2501,-0.0762,-0.2726,-0.0306,606.1501,2026-09-25,False,ok,-15.17,False,False,-2.781,0.442,False,-5.111,-1.571,False,True,False,-27.95,False,0.93,5.12,30.0,2026-09-25
TRUP,"Trupanion, Inc.",Healthcare & Biotech,Healthcare - Animal Health & Veterinary,Secondary,1010.2501,-0.0762,-0.2726,-0.0306,404.1,2026-09-25,False,ok,-15.17,False,False,-2.781,0.442,False,-5.111,-1.571,False,True,False,-27.95,False,0.93,5.12,30.0,2026-09-25
TRV,"Travelers Companies, Inc.",Financials - Traditional,Fin Trad - Insurance & Reinsurance,Primary,75721.0808,-0.0309,-0.0146,0.1358,75721.0808,2026-09-25,False,ok,7.61,True,True,5.75,-0.172,False,-0.125,-0.438,True,False,False,-2.39,False,0.85,0.68,50.0,2026-09-25
TSAT,Telesat Corp,Telecommunications,Telecom - Satellite & Space Communication,Primary,2476.9029,-0.0127,0.1376,0.1314,1486.1417,2026-09-25,False,ok,10.77,True,True,5.034,-0.505,True,1.585,-0.027,False,False,False,12.67,True,0.61,0.37,50.0,2026-09-25
TSAT,Telesat Corp,Space Tech,"Space - Infrastructure, Exploration & Launch",Secondary,2476.9029,-0.0127,0.1376,0.1314,990.7612,2026-09-25,False,ok,10.77,True,True,5.034,-0.505,True,1.585,-0.027,False,False,False,12.67,True,0.61,0.37,50.0,2026-09-25
TSCO,Tractor Supply Co,E-commerce,"E-commerce - Omnichannel Retailers, Online & Physical Stores",Primary,16813.9653,0.0019,-0.0879,0.0809,10088.3792,2026-09-25,False,ok,-10.95,False,False,-6.265,1.95,False,-1.493,-0.741,False,True,False,-9.66,False,0.93,1.55,40.0,2026-09-25
TSCO,Tractor Supply Co,Agriculture & FoodTech,Agriculture - Precision Agriculture & Farm Automation,Secondary,16813.9653,0.0019,-0.0879,0.0809,6725.5861,2026-09-25,False,ok,-10.95,False,False,-6.265,1.95,False,-1.493,-0.741,False,True,False,-9.66,False,0.93,1.55,40.0,2026-09-25
TSLA,"Tesla, Inc.",Electric Vehicles & Mobility,EVs - Autonomous Driving & Fleet,Primary,1469666.0337,0.0215,0.0624,-0.0091,881799.6202,2026-09-25,False,ok,-1.71,False,False,-3.306,0.585,True,1.751,0.285,False,False,True,5.23,True,1.05,1.08,40.0,2026-09-25
TSLA,"Tesla, Inc.",Energy - Renewable,Energy Clean - Batteries & Storage,Secondary,1469666.0337,0.0215,0.0624,-0.0091,587866.4135,2026-09-25,False,ok,-1.71,False,False,-3.306,0.585,True,1.751,0.285,False,False,True,5.23,True,1.05,1.08,40.0,2026-09-25
TSM,Taiwan Semiconductor Manufacturing Co Ltd,Semiconductors,"Semis - Logic & CPUs, GPUs, Accelerators",Primary,2337076.9367,0.0367,0.0824,0.0249,2337076.9367,2026-09-25,False,ok,12.27,True,True,4.608,-0.407,True,1.851,0.644,False,False,True,7.21,True,0.85,-0.18,50.0,2026-09-25
TSN,"Tyson Foods, Inc.",Agriculture & FoodTech,Agriculture - Agri-Food Processing & Distribution,Primary,17913.7311,-0.0351,-0.101,-0.111,10748.2387,2026-09-25,False,ok,-10.57,False,False,-3.278,-1.401,False,-2.347,-0.077,False,False,False,-10.96,False,1.12,0.47,30.0,2026-09-25
TSN,"Tyson Foods, Inc.",Commodities - Agriculture,Comm Agri - Livestock & Animal Protein,Secondary,17913.7311,-0.0351,-0.101,-0.111,7165.4924,2026-09-25,False,ok,-10.57,False,False,-3.278,-1.401,False,-2.347,-0.077,False,False,False,-10.96,False,1.12,0.47,30.0,2026-09-25
TT,Trane Technologies Plc,Industrials & Construction,Industrials - Building Products & HVAC,Primary,99987.3331,0.059,0.0006,-0.0572,59992.3999,2026-09-25,False,ok,0.48,True,False,0.133,-1.085,True,-1.051,0.611,False,True,True,-0.89,False,0.91,1.08,30.0,2026-09-25
TT,Trane Technologies Plc,Cloud Computing,Cloud - Data Centers & Infrastructure,Secondary,99987.3331,0.059,0.0006,-0.0572,39994.9332,2026-09-25,False,ok,0.48,True,False,0.133,-1.085,True,-1.051,0.611,False,True,True,-0.89,False,0.91,1.08,30.0,2026-09-25
TTC,Toro Co,Agriculture & FoodTech,Agriculture - Precision Agriculture & Farm Automation,Primary,9196.5471,0.0391,-0.0242,0.025,9196.5471,2026-09-25,False,ok,4.48,True,True,1.755,-0.43,True,-0.227,0.44,True,True,True,-3.35,False,1.43,-0.88,60.0,2026-09-25
TTD,"Trade Desk, Inc.",E-commerce,E-commerce - Retail Media & Advertising,Primary,5957.2183,-0.0948,-0.0491,-0.2881,3574.331,2026-09-25,False,ok,-37.14,False,False,-19.515,-0.812,False,-3.85,-0.797,False,False,False,-5.81,False,1.02,3.75,30.0,2026-09-25
TTD,"Trade Desk, Inc.",Artificial Intelligence,"AI - Ads, Search & Recommendations",Secondary,5957.2183,-0.0948,-0.0491,-0.2881,2382.8873,2026-09-25,False,ok,-37.14,False,False,-19.515,-0.812,False,-3.85,-0.797,False,False,False,-5.81,False,1.02,3.75,30.0,2026-09-25
TTE,Totalenergies Se,Energy - Traditional,Energy Base - Integrated Energy Majors,Primary,200820.0643,0.0013,0.0241,0.1557,120492.0386,2026-09-25,False,ok,7.71,True,True,3.341,0.087,True,1.004,-0.17,False,False,False,1.44,True,1.03,-0.76,50.0,2026-09-25
TTE,Totalenergies Se,Energy - Traditional,Energy Base - Oil & Gas Exploration & Production,Secondary,200820.0643,0.0013,0.0241,0.1557,80328.0257,2026-09-25,False,ok,7.71,True,True,3.341,0.087,True,1.004,-0.17,False,False,False,1.44,True,1.03,-0.76,50.0,2026-09-25
TTEK,"Tetra Tech, Inc.",Industrials & Construction,Industrials - Engineering & Construction,Primary,8682.4663,-0.0499,-0.0783,0.1889,5209.4798,2026-09-25,False,ok,2.37,True,True,3.386,1.387,False,-0.432,-1.062,True,False,False,-8.7,False,0.84,1.98,30.0,2026-09-25
TTEK,"Tetra Tech, Inc.",Environmental Sustainability,Environmental - Water Infrastructure & Treatment,Secondary,8682.4663,-0.0499,-0.0783,0.1889,3472.9865,2026-09-25,False,ok,2.37,True,True,3.386,1.387,False,-0.432,-1.062,True,False,False,-8.7,False,0.84,1.98,30.0,2026-09-25
TTMI,"TTM Technologies, Inc.",Hardware,Hardware - Industrial & IoT,Primary,13607.9124,0.0949,0.1502,-0.3841,8164.7474,2026-09-25,False,ok,-0.43,False,False,-0.405,-4.11,True,-0.057,1.468,True,True,True,13.93,True,0.67,0.24,50.0,2026-09-25
TTMI,"TTM Technologies, Inc.",Defense & Aerospace,Defense - Secure Defense Supply Chains,Secondary,13607.9124,0.0949,0.1502,-0.3841,5443.165,2026-09-25,False,ok,-0.43,False,False,-0.405,-4.11,True,-0.057,1.468,True,True,True,13.93,True,0.67,0.24,50.0,2026-09-25
TTWO,Take Two Interactive Software Inc,Software,Software - Gaming & Platforms,Primary,37665.3414,-0.0195,-0.1352,-0.1456,22599.2048,2026-09-25,False,ok,-11.21,False,False,-1.434,-1.778,False,-3.501,-0.294,False,False,False,-14.34,False,1.13,0.84,40.0,2026-09-25
TTWO,Take Two Interactive Software Inc,Digital Entertainment & Media,Entertainment - Game Publishers & Developers,Secondary,37665.3414,-0.0195,-0.1352,-0.1456,15066.1366,2026-09-25,False,ok,-11.21,False,False,-1.434,-1.778,False,-3.501,-0.294,False,False,False,-14.34,False,1.13,0.84,40.0,2026-09-25
TW,Tradeweb Markets Inc.,FinTech & Digital Finance,FinTech - Exchanges & Market Infrastructure,Primary,21859.8994,-0.0267,-0.0593,0.0549,21859.8994,2026-09-25,False,ok,-4.14,False,False,-1.47,0.346,False,-0.833,-0.354,True,True,False,-6.83,False,0.93,1.16,50.0,2026-09-25
TWLO,Twilio Inc,Telecommunications,Telecom - Enterprise & Unified Communications,Primary,42356.0438,0.1311,0.2314,0.4644,25413.6263,2026-09-25,False,ok,38.33,True,True,12.33,0.363,True,6.258,1.959,False,False,True,21.97,True,1.16,-3.22,70.0,2026-09-25
TWLO,Twilio Inc,Cloud Computing,Cloud - Hyperscalers & Platforms,Secondary,42356.0438,0.1311,0.2314,0.4644,16942.4175,2026-09-25,False,ok,38.33,True,True,12.33,0.363,True,6.258,1.959,False,False,True,21.97,True,1.16,-3.22,70.0,2026-09-25
TWST,Twist Bioscience Corp,Healthcare & Biotech,Healthcare - Genomics & Personalized Medicine,Primary,12121.8437,0.0949,0.2074,1.0014,12121.8437,2026-09-25,False,ok,86.7,True,True,26.242,2.662,True,9.232,2.215,False,True,True,19.6,True,1.37,-5.36,60.0,2026-09-25
TXG,"10X Genomics, Inc.",Healthcare & Biotech,"Healthcare - Diagnostics, Biomarkers & Liquid Biopsy",Primary,11167.2556,0.1189,0.3243,1.4772,6700.3534,2026-09-25,False,ok,90.58,True,True,28.7,3.12,True,9.284,0.927,False,True,True,31.17,True,1.17,-4.33,60.0,2026-09-25
TXG,"10X Genomics, Inc.",Healthcare & Biotech,Healthcare - Genomics & Personalized Medicine,Secondary,11167.2556,0.1189,0.3243,1.4772,4466.9022,2026-09-25,False,ok,90.58,True,True,28.7,3.12,True,9.284,0.927,False,True,True,31.17,True,1.17,-4.33,60.0,2026-09-25
TXN,Texas Instruments Inc,Semiconductors,"Semis - Analog, Mixed-Signal & Power Management",Primary,253946.7899,0.0429,0.0693,-0.0779,152368.0739,2026-09-25,False,ok,6.53,True,True,3.1,-2.161,True,0.311,0.916,True,True,True,5.91,True,0.86,0.27,60.0,2026-09-25
TXN,Texas Instruments Inc,Hardware,Hardware - Industrial & IoT,Secondary,253946.7899,0.0429,0.0693,-0.0779,101578.716,2026-09-25,False,ok,6.53,True,True,3.1,-2.161,True,0.311,0.916,True,True,True,5.91,True,0.86,0.27,60.0,2026-09-25
TXNM,"TXNM Energy, Inc.",Energy - Traditional,Energy Base - Utilities & Conventional Power Operators,Primary,6444.5594,0.0014,0.0211,0.0258,6444.5594,2026-09-25,False,ok,1.53,True,True,0.239,0.175,True,0.414,0.021,True,True,True,1.14,True,1.44,-0.08,50.0,2026-09-25
TXRH,"Texas Roadhouse, Inc.",Consumer Goods & Retail,Consumer - Restaurants & Dining,Primary,10486.1379,-0.0466,-0.2111,-0.1425,10486.1379,2026-09-25,False,ok,-12.19,False,False,0.637,-2.213,False,-5.23,-0.906,False,True,False,-21.86,False,1.09,3.07,40.0,2026-09-25
TXT,Textron Inc,Defense & Aerospace,Defense - Drones & Anti-Drone Systems,Primary,13172.4769,-0.0389,-0.0635,-0.1148,7903.4861,2026-09-25,False,ok,-11.91,False,False,-3.367,-1.728,False,-2.483,-0.186,False,False,False,-7.24,False,1.06,1.18,30.0,2026-09-25
TXT,Textron Inc,Defense & Aerospace,Defense - Next-Generation Aircraft & Maintenance,Secondary,13172.4769,-0.0389,-0.0635,-0.1148,5268.9908,2026-09-25,False,ok,-11.91,False,False,-3.367,-1.728,False,-2.483,-0.186,False,False,False,-7.24,False,1.06,1.18,30.0,2026-09-25
TYL,Tyler Technologies Inc,Software,Software - Vertical SaaS Platforms,Primary,13332.8312,-0.0353,-0.07,0.1382,13332.8312,2026-09-25,False,ok,-5.25,False,False,-1.599,1.946,False,-0.938,-1.233,True,True,False,-7.88,False,1.24,2.55,20.0,2026-09-25
U,Unity Software Inc.,Software,Software - Vertical SaaS Platforms,Primary,18285.695,0.0036,-0.0765,0.5304,10971.417,2026-09-25,False,ok,18.06,True,True,10.354,2.914,False,0.846,-0.776,True,False,False,-8.52,False,1.06,1.97,20.0,2026-09-25
U,Unity Software Inc.,Software,Software - Gaming & Platforms,Secondary,18285.695,0.0036,-0.0765,0.5304,7314.278,2026-09-25,False,ok,18.06,True,True,10.354,2.914,False,0.846,-0.776,True,False,False,-8.52,False,1.06,1.97,20.0,2026-09-25
UAA,"Under Armour, Inc.",Consumer Goods & Retail,Consumer - Apparel & E-Commerce Retail,Primary,1902.8867,-0.0922,-0.1348,-0.269,1902.8867,2026-09-25,False,ok,-22.91,False,False,-5.117,-3.781,False,-5.364,-0.51,False,False,False,-14.3,False,0.89,2.9,30.0,2026-09-25
UAL,"United Airlines Holdings, Inc.",Transportation & Logistics,Transportation - Air Travel & Passenger Transportation,Primary,36997.7016,0.0486,-0.0291,-0.1268,22198.621,2026-09-25,False,ok,2.01,True,False,1.722,-1.481,True,-0.91,0.939,True,True,True,-3.84,False,0.94,1.91,30.0,2026-09-25
UAL,"United Airlines Holdings, Inc.",Transportation & Logistics,"Transportation - Logistics, Warehousing & Supply Chain Solutions",Secondary,36997.7016,0.0486,-0.0291,-0.1268,14799.0806,2026-09-25,False,ok,2.01,True,False,1.722,-1.481,True,-0.91,0.939,True,True,True,-3.84,False,0.94,1.91,30.0,2026-09-25
UAN,"Cvr Partners, Lp",Agriculture & FoodTech,Agriculture - Agricultural Inputs & Crop Science,Primary,1296.8946,-0.0837,-0.0272,0.193,1296.8946,2026-09-25,False,ok,5.19,True,True,5.211,0.411,False,0.568,-1.263,True,False,False,-3.64,False,0.8,0.34,40.0,2026-09-25
UAVS,Ageagle Aerial Systems Inc.,Agriculture & FoodTech,Agriculture - Precision Agriculture & Farm Automation,Primary,62.4402,-0.0294,-0.0833,0.1512,62.4402,2026-09-25,False,ok,-3.83,False,False,-3.295,3.205,False,0.712,-0.813,True,True,False,-9.21,False,0.8,3.87,20.0,2026-09-25
UBER,"Uber Technologies, Inc",Transportation & Logistics,Transportation - Urban Mobility & Emerging Transport Tech,Primary,142203.0438,-0.0125,-0.1335,-0.0573,85321.8263,2026-09-25,False,ok,-7.07,False,False,-1.69,0.142,False,-2.047,-0.542,False,True,False,-14.18,False,1.02,1.85,20.0,2026-09-25
UBER,"Uber Technologies, Inc",Electric Vehicles & Mobility,EVs - Autonomous Driving & Fleet,Secondary,142203.0438,-0.0125,-0.1335,-0.0573,56881.2175,2026-09-25,False,ok,-7.07,False,False,-1.69,0.142,False,-2.047,-0.542,False,True,False,-14.18,False,1.02,1.85,20.0,2026-09-25
UBSI,"United Bankshares, Inc.",Financials - Traditional,"Fin Trad - Banks, Lending & Mortgage Finance",Primary,6381.0831,-0.0053,-0.0036,0.0341,6381.0831,2026-09-25,False,ok,4.56,True,True,3.498,-0.564,False,-0.378,-0.118,True,True,False,-1.31,False,1.12,0.19,50.0,2026-09-25
UDR,"UDR, Inc.",Real Estate & REITs,"Real Estate - Housing, Urban Living & Demographics",Primary,12431.6058,-0.0018,-0.1098,-0.1083,12431.6058,2026-09-25,False,ok,-7.51,False,False,-0.935,-1.734,False,-2.732,-0.219,False,True,False,-11.83,False,1.12,1.46,30.0,2026-09-25
UE,Urban Edge Properties,Real Estate & REITs,Real Estate - Retail & Consumer Real Estate,Primary,2739.9739,-0.0055,-0.0743,-0.1345,2739.9739,2026-09-25,False,ok,-5.79,False,False,-0.543,-1.833,False,-2.126,-0.06,False,True,False,-8.32,False,0.99,1.15,30.0,2026-09-25
UEC,Uranium Energy Corp,Energy - Traditional,Energy Base - Nuclear Power & Advanced Reactors,Primary,4656.7485,-0.0408,-0.2909,-0.1367,2794.0491,2026-09-25,False,ok,-20.68,False,False,-6.949,-0.684,False,-4.5,-1.612,False,False,False,-29.76,False,1.07,3.3,30.0,2026-09-25
UEC,Uranium Energy Corp,Commodities - Energy,Comm Energy - Uranium & Nuclear Fuels,Secondary,4656.7485,-0.0408,-0.2909,-0.1367,1862.6994,2026-09-25,False,ok,-20.68,False,False,-6.949,-0.684,False,-4.5,-1.612,False,False,False,-29.76,False,1.07,3.3,30.0,2026-09-25
UFPI,"UFP Industries, Inc.",Industrials & Construction,Industrials - Building Products & HVAC,Primary,4384.7869,0.0037,-0.1003,-0.111,4384.7869,2026-09-25,False,ok,-8.66,False,False,-2.693,-0.717,False,-2.085,-0.031,False,False,False,-10.89,False,1.0,0.84,40.0,2026-09-25
UGI,UGI Corp,Energy - Traditional,Energy Base - Utilities & Conventional Power Operators,Primary,7831.2105,-0.0305,-0.0384,0.0582,4698.7263,2026-09-25,False,ok,1.99,True,True,1.63,0.557,False,-0.021,-0.645,True,False,False,-4.76,False,1.06,0.06,50.0,2026-09-25
UGI,UGI Corp,Commodities - Energy,Comm Energy - Natural Gas & LNG,Secondary,7831.2105,-0.0305,-0.0384,0.0582,3132.4842,2026-09-25,False,ok,1.99,True,True,1.63,0.557,False,-0.021,-0.645,True,False,False,-4.76,False,1.06,0.06,50.0,2026-09-25
UHS,"Universal Health Services, Inc.",Healthcare & Biotech,"Healthcare - IT, Services & Data Infrastructure",Primary,10541.3857,0.0123,0.0188,0.2315,10541.3857,2026-09-25,False,ok,3.14,True,True,-0.879,2.308,False,1.475,0.002,False,False,True,0.91,True,1.0,-1.7,70.0,2026-09-25
UI,Ubiquiti Inc.,Hardware,Hardware - Networking Equipment,Primary,33936.4454,-0.0489,-0.0246,0.0211,20361.8672,2026-09-25,False,ok,-9.25,False,False,-5.303,0.38,False,0.017,-0.212,True,False,False,-3.39,False,1.24,3.03,40.0,2026-09-25
UI,Ubiquiti Inc.,Smart Home & IoT,"Smart Home - Connectivity, Devices & Appliances",Secondary,33936.4454,-0.0489,-0.0246,0.0211,13574.5782,2026-09-25,False,ok,-9.25,False,False,-5.303,0.38,False,0.017,-0.212,True,False,False,-3.39,False,1.24,3.03,40.0,2026-09-25
ULS,UL Solutions Inc.,Business Services & Consulting,"Business Services - Outsourcing, Facilities & Testing",Primary,13335.3748,0.0315,-0.1056,-0.2855,13335.3748,2026-09-25,False,ok,-18.82,False,False,-5.964,-3.756,True,-4.725,0.057,False,True,True,-11.41,False,0.84,3.79,20.0,2026-09-25
ULTA,"Ulta Beauty, Inc.",E-commerce,"E-commerce - Omnichannel Retailers, Online & Physical Stores",Primary,23311.3743,0.0078,0.0149,0.1384,13986.8246,2026-09-25,False,ok,2.73,True,True,-0.101,1.78,False,1.015,-0.226,False,False,False,0.52,True,1.1,2.04,30.0,2026-09-25
ULTA,"Ulta Beauty, Inc.",Consumer Goods & Retail,Consumer - Household & Personal Care,Secondary,23311.3743,0.0078,0.0149,0.1384,9324.5497,2026-09-25,False,ok,2.73,True,True,-0.101,1.78,False,1.015,-0.226,False,False,False,0.52,True,1.1,2.04,30.0,2026-09-25
UMBF,UMB Financial Corp,Financials - Traditional,"Fin Trad - Banks, Lending & Mortgage Finance",Primary,10315.5343,0.0097,-0.0506,-0.0365,10315.5343,2026-09-25,False,ok,0.96,True,True,3.018,-1.212,False,-1.789,-0.173,False,True,False,-5.96,False,1.08,1.26,40.0,2026-09-25
UMC,United Microelectronics Corp,Semiconductors,"Semis - Logic & CPUs, GPUs, Accelerators",Primary,60967.2561,-0.0122,0.2403,-0.1168,60967.2561,2026-09-25,False,ok,33.0,True,True,12.969,-1.351,True,5.683,0.788,False,False,True,22.85,True,0.94,-1.33,50.0,2026-09-25
UMH,"Umh Properties, Inc.",Real Estate & REITs,"Real Estate - Housing, Urban Living & Demographics",Primary,1311.5593,-0.0185,-0.07,0.0185,1311.5593,2026-09-25,False,ok,0.42,True,True,1.593,-0.124,False,-0.799,-0.368,True,True,False,-7.89,False,1.12,1.2,30.0,2026-09-25
UNFI,United Natural Foods Inc,Agriculture & FoodTech,Agriculture - Agri-Food Processing & Distribution,Primary,2765.5383,-0.0207,-0.0368,-0.1041,1659.323,2026-09-25,False,ok,-0.37,False,False,0.976,-1.918,True,-0.693,0.396,True,True,True,-4.59,False,1.25,-1.3,50.0,2026-09-25
UNFI,United Natural Foods Inc,Consumer Goods & Retail,"Consumer - Health, Food & Beverages",Secondary,2765.5383,-0.0207,-0.0368,-0.1041,1106.2153,2026-09-25,False,ok,-0.37,False,False,0.976,-1.918,True,-0.693,0.396,True,True,True,-4.59,False,1.25,-1.3,50.0,2026-09-25
UNH,Unitedhealth Group Inc,Healthcare & Biotech,"Healthcare - IT, Services & Data Infrastructure",Primary,338025.218,-0.0008,-0.0446,-0.0663,338025.218,2026-09-25,False,ok,0.31,True,True,2.664,-1.874,False,-1.686,-0.064,False,True,False,-5.37,False,0.98,1.01,30.0,2026-09-25
UNIT,Uniti Group Inc.,Real Estate & REITs,Real Estate - Digital Infrastructure,Primary,2162.6808,-0.0571,-0.1178,-0.2129,2162.6808,2026-09-25,False,ok,-9.53,False,False,0.166,-3.044,False,-2.676,-0.933,False,False,False,-12.62,False,0.93,3.34,30.0,2026-09-25
UNM,Unum Group,Financials - Traditional,Fin Trad - Insurance & Reinsurance,Primary,14578.473,-0.0326,0.0268,0.0449,14578.473,2026-09-25,False,ok,6.43,True,True,4.456,0.034,False,0.556,-0.535,True,False,False,1.7,True,1.28,1.08,40.0,2026-09-25
UNP,Union Pacific Corp,Transportation & Logistics,Transportation - Freight Rail & Infrastructure,Primary,162651.947,-0.02,-0.1115,0.0581,97591.1682,2026-09-25,False,ok,-0.03,False,True,3.2,-1.132,False,-1.958,-0.459,False,True,False,-12.0,False,0.9,0.18,50.0,2026-09-25
UNP,Union Pacific Corp,Transportation & Logistics,Transportation - Infrastructure & Equipment,Secondary,162651.947,-0.02,-0.1115,0.0581,65060.7788,2026-09-25,False,ok,-0.03,False,True,3.2,-1.132,False,-1.958,-0.459,False,True,False,-12.0,False,0.9,0.18,50.0,2026-09-25
UPS,United Parcel Service Inc,Transportation & Logistics,"Transportation - Logistics, Warehousing & Supply Chain Solutions",Primary,79939.4365,-0.0515,-0.1063,-0.1006,47963.6619,2026-09-25,False,ok,-7.6,False,False,-0.258,-1.607,False,-2.564,-0.713,False,True,False,-11.48,False,0.91,1.84,30.0,2026-09-25
UPS,United Parcel Service Inc,Industrial Automation & Robotics,Automation - Smart Logistics & Warehouse Automation,Secondary,79939.4365,-0.0515,-0.1063,-0.1006,31975.7746,2026-09-25,False,ok,-7.6,False,False,-0.258,-1.607,False,-2.564,-0.713,False,True,False,-11.48,False,0.91,1.84,30.0,2026-09-25
UPST,"Upstart Holdings, Inc.",FinTech & Digital Finance,FinTech - Digital Payments & Merchant Infrastructure,Primary,2317.0237,-0.0476,-0.2214,-0.2708,1390.2142,2026-09-25,False,ok,-23.44,False,False,-8.112,-1.175,False,-4.675,-0.467,False,False,False,-22.88,False,0.94,4.55,30.0,2026-09-25
UPST,"Upstart Holdings, Inc.",Artificial Intelligence,"AI - Apps, Domain-Specific AI",Secondary,2317.0237,-0.0476,-0.2214,-0.2708,926.8095,2026-09-25,False,ok,-23.44,False,False,-8.112,-1.175,False,-4.675,-0.467,False,False,False,-22.88,False,0.94,4.55,30.0,2026-09-25
URG,Ur-Energy Inc,Commodities - Energy,Comm Energy - Uranium & Nuclear Fuels,Primary,449.586,-0.0504,-0.2365,-0.163,449.586,2026-09-25,False,ok,-20.27,False,False,-6.071,-1.32,False,-4.649,-1.505,False,True,False,-24.37,False,0.94,4.76,0.0,2026-09-25
URI,"United Rentals, Inc.",Industrials & Construction,Industrials - Distribution & Rental Services,Primary,65171.6239,0.0327,-0.0058,-0.0322,39102.9743,2026-09-25,False,ok,4.1,True,True,3.092,-1.574,True,-0.902,0.726,True,True,True,-1.52,False,0.91,-0.14,60.0,2026-09-25
URI,"United Rentals, Inc.",Industrials & Construction,Industrials - Engineering & Construction,Secondary,65171.6239,0.0327,-0.0058,-0.0322,26068.6496,2026-09-25,False,ok,4.1,True,True,3.092,-1.574,True,-0.902,0.726,True,True,True,-1.52,False,0.91,-0.14,60.0,2026-09-25
USAR,"USA Rare Earth, Inc. -",Commodities - Metals,Comm Metals - Rare Earth & Strategic Materials,Primary,5698.4617,-0.0124,-0.2179,-0.2913,5698.4617,2026-09-25,False,ok,-18.63,False,False,-6.045,-2.786,False,-3.616,-0.439,False,False,False,-22.54,False,1.01,5.03,30.0,2026-09-25
USB,U.S. Bancorp,Financials - Traditional,"Fin Trad - Banks, Lending & Mortgage Finance",Primary,92439.1997,-0.0122,-0.0494,-0.0045,92439.1997,2026-09-25,False,ok,0.81,True,True,3.256,-0.966,False,-1.682,-0.518,False,True,False,-5.84,False,1.03,2.44,10.0,2026-09-25
USFD,Us Foods Holding Corp.,Agriculture & FoodTech,Agriculture - Agri-Food Processing & Distribution,Primary,20190.1466,-0.001,-0.1429,-0.0212,20190.1466,2026-09-25,False,ok,-1.94,False,True,2.944,-1.409,False,-3.04,-0.32,False,True,False,-15.1,False,1.04,2.78,10.0,2026-09-25
UTHR,United Therapeutics Corp,Healthcare & Biotech,Healthcare - Metabolic & Cardiometabolic,Primary,20392.3804,-0.0388,-0.0831,-0.1354,12235.4282,2026-09-25,False,ok,-7.97,False,False,-1.7,-1.618,False,-1.75,-0.361,False,False,False,-9.18,False,1.28,0.28,40.0,2026-09-25
UTHR,United Therapeutics Corp,Healthcare & Biotech,Healthcare - Next-Gen Biotech Platforms,Secondary,20392.3804,-0.0388,-0.0831,-0.1354,8156.9522,2026-09-25,False,ok,-7.97,False,False,-1.7,-1.618,False,-1.75,-0.361,False,False,False,-9.18,False,1.28,0.28,40.0,2026-09-25
UTI,Universal Technical Institute Inc,Education Technology,Education - Workforce Training,Primary,1118.4332,-0.0545,-0.0982,-0.4844,1118.4332,2026-09-25,False,ok,-35.04,False,False,-12.949,-7.235,True,-7.701,1.665,False,False,True,-10.68,False,0.88,0.49,60.0,2026-09-25
UUUU,Energy Fuels Inc,Commodities - Energy,Comm Energy - Uranium & Nuclear Fuels,Primary,3005.1802,-0.0299,-0.2893,-0.2448,1803.1081,2026-09-25,False,ok,-25.31,False,False,-9.438,-1.333,False,-5.542,-1.629,False,True,False,-29.61,False,0.95,5.47,20.0,2026-09-25
UUUU,Energy Fuels Inc,Commodities - Metals,Comm Metals - Rare Earth & Strategic Materials,Secondary,3005.1802,-0.0299,-0.2893,-0.2448,1202.0721,2026-09-25,False,ok,-25.31,False,False,-9.438,-1.333,False,-5.542,-1.629,False,True,False,-29.61,False,0.95,5.47,20.0,2026-09-25
V,Visa Inc.,FinTech & Digital Finance,FinTech - Digital Payments & Merchant Infrastructure,Primary,689702.7645,-0.0025,-0.0436,0.1079,413821.6587,2026-09-25,False,ok,5.44,True,True,3.551,0.333,False,-0.184,-0.336,True,True,False,-5.27,False,0.89,0.82,30.0,2026-09-25
V,Visa Inc.,Crypto & Blockchain,"Blockchain - Platforms, Tokenization & Financial Services",Secondary,689702.7645,-0.0025,-0.0436,0.1079,275881.1058,2026-09-25,False,ok,5.44,True,True,3.551,0.333,False,-0.184,-0.336,True,True,False,-5.27,False,0.89,0.82,30.0,2026-09-25
VAL,Valaris Limited,Energy - Traditional,Energy Base - Oilfield Services & Equipment,Primary,5623.6058,-0.0331,-0.0552,0.0724,5623.6058,2026-09-25,False,ok,-1.42,False,True,0.867,-0.848,False,-0.815,-0.729,True,False,False,-6.42,False,1.25,1.29,30.0,2026-09-25
VALE,Vale S.A.,Commodities - Metals,Comm Metals - Battery & Energy Transition Metals,Primary,57920.9298,-0.0422,-0.1122,-0.0567,34752.5579,2026-09-25,False,ok,-6.24,False,True,-0.324,-0.863,False,-1.734,-1.19,False,True,False,-12.06,False,1.19,2.82,20.0,2026-09-25
VALE,Vale S.A.,Commodities - Metals,Comm Metals - Industrial & Base Metals,Secondary,57920.9298,-0.0422,-0.1122,-0.0567,23168.3719,2026-09-25,False,ok,-6.24,False,True,-0.324,-0.863,False,-1.734,-1.19,False,True,False,-12.06,False,1.19,2.82,20.0,2026-09-25
VC,Visteon Corp,Electric Vehicles & Mobility,EVs - Key Suppliers & Autonomy Tech,Primary,2414.8685,-0.0439,-0.1234,-0.2316,2414.8685,2026-09-25,False,ok,-12.29,False,False,-1.891,-1.682,False,-3.354,-0.883,False,True,False,-13.18,False,0.98,1.75,40.0,2026-09-25
VECO,Veeco Instruments Inc,Nanotechnology,NanoTech - Research Tools & Advanced Instruments,Primary,3031.5331,0.1627,0.0437,-0.302,3031.5331,2026-09-25,False,ok,2.56,True,False,0.305,-4.383,True,-1.487,2.095,False,True,True,3.38,True,0.66,0.56,50.0,2026-09-25
VEEV,Veeva Systems Inc,Healthcare & Biotech,"Healthcare - IT, Services & Data Infrastructure",Primary,45444.5752,0.0787,0.1374,0.7396,27266.7451,2026-09-25,False,ok,27.35,True,True,9.407,4.585,False,2.817,-0.415,False,True,False,12.66,True,1.12,0.57,50.0,2026-09-25
VEEV,Veeva Systems Inc,Software,Software - Vertical SaaS Platforms,Secondary,45444.5752,0.0787,0.1374,0.7396,18177.8301,2026-09-25,False,ok,27.35,True,True,9.407,4.585,False,2.817,-0.415,False,True,False,12.66,True,1.12,0.57,50.0,2026-09-25
VFC,V F Corp,Consumer Goods & Retail,Consumer - Apparel & E-Commerce Retail,Primary,5562.8539,0.1063,0.0288,-0.1725,3337.7123,2026-09-25,False,ok,-9.81,False,False,-6.817,-1.813,True,-1.31,1.532,False,True,True,1.9,True,0.89,0.42,40.0,2026-09-25
VFC,V F Corp,Consumer Goods & Retail,Consumer - Modern Luxury & Lifestyle,Secondary,5562.8539,0.1063,0.0288,-0.1725,2225.1416,2026-09-25,False,ok,-9.81,False,False,-6.817,-1.813,True,-1.31,1.532,False,True,True,1.9,True,0.89,0.42,40.0,2026-09-25
VFF,"Village Farms International, Inc.",Agriculture & FoodTech,Agriculture - Precision Agriculture & Farm Automation,Primary,387.6476,0.1162,0.1007,0.7228,387.6476,2026-09-25,False,ok,20.52,True,True,1.82,5.607,True,4.608,0.003,False,True,True,9.02,True,0.96,-1.28,50.0,2026-09-25
VIAV,Viavi Solutions Inc.,Hardware,Hardware - Communications & Telecom,Primary,10037.7825,0.1505,0.0788,-0.1767,10037.7825,2026-09-25,False,ok,6.82,True,False,1.413,-3.496,True,-0.765,1.481,True,True,True,6.85,True,0.99,-0.82,70.0,2026-09-25
VICI,Vici Properties Inc.,Real Estate & REITs,"Real Estate - Travel, Leisure & Entertainment Properties",Primary,25886.3329,-0.0089,-0.0887,-0.1033,25886.3329,2026-09-25,False,ok,-10.05,False,False,-3.223,-0.993,False,-2.181,-0.3,False,True,False,-9.73,False,1.05,1.95,10.0,2026-09-25
VICR,Vicor Corp,Semiconductors,"Semis - Analog, Mixed-Signal & Power Management",Primary,13000.2534,0.266,0.4488,-0.1251,7800.152,2026-09-25,False,ok,28.35,True,True,2.638,-2.544,True,7.165,5.605,False,False,True,43.5,True,1.02,-3.77,40.0,2026-09-25
VICR,Vicor Corp,Hardware,Hardware - Data Center Infrastructure & Servers,Secondary,13000.2534,0.266,0.4488,-0.1251,5200.1014,2026-09-25,False,ok,28.35,True,True,2.638,-2.544,True,7.165,5.605,False,False,True,43.5,True,1.02,-3.77,40.0,2026-09-25
VIRT,"Virtu Financial, Inc.",FinTech & Digital Finance,FinTech - Trading Platforms & WealthTech,Primary,4715.2563,-0.0753,-0.178,-0.1404,4715.2563,2026-09-25,False,ok,-1.99,False,True,6.411,-2.485,False,-3.571,-1.734,False,True,False,-18.58,False,0.81,4.68,10.0,2026-09-25
VISN,"Vistance Networks, Inc.  -",Telecommunications,Telecom - Infrastructure & Equipment,Primary,1434.4963,-0.0533,-0.0117,-0.1306,1434.4963,2026-09-25,False,ok,-0.35,False,True,2.412,-1.937,False,-0.526,-0.162,True,False,False,-2.11,False,1.15,0.22,30.0,2026-09-25
VITL,"Vital Farms, Inc.",Consumer Goods & Retail,"Consumer - Health, Food & Beverages",Primary,427.1686,-0.1701,-0.1044,-0.1044,427.1686,2026-09-25,False,ok,-30.88,False,False,-17.308,2.231,False,-1.32,0.288,False,False,True,-11.29,False,0.98,4.47,30.0,2026-09-25
VKTX,"Viking Therapeutics, Inc.",Healthcare & Biotech,Healthcare - Metabolic & Cardiometabolic,Primary,4427.5784,0.2266,0.0407,-0.061,4427.5784,2026-09-25,False,ok,7.54,True,False,0.296,-0.583,True,1.986,2.269,False,False,True,3.08,True,1.91,-3.02,30.0,2026-09-25
VLO,Valero Energy Corp/Tx,Energy - Traditional,Energy Base - Refining & Midstream Infrastructure,Primary,111479.7507,-0.0632,0.1374,0.6033,111479.7507,2026-09-25,False,ok,31.45,True,True,14.498,1.923,False,3.41,-1.022,False,True,False,12.66,True,1.46,-1.14,60.0,2026-09-25
VLTO,Veralto Corp,Environmental Sustainability,Environmental - Clean Technologies & Pollution Control,Primary,23682.0849,0.028,-0.0165,0.127,23682.0849,2026-09-25,False,ok,3.68,True,True,1.348,0.72,False,-0.108,0.079,True,True,True,-2.59,False,1.08,0.42,50.0,2026-09-25
VLY,Valley National Bancorp,Financials - Traditional,"Fin Trad - Banks, Lending & Mortgage Finance",Primary,7228.0765,-0.0375,-0.0649,-0.0976,7228.0765,2026-09-25,False,ok,-2.79,False,True,1.888,-1.654,False,-2.048,-0.414,False,True,False,-7.38,False,0.97,1.13,50.0,2026-09-25
VMC,Vulcan Materials Co,Industrials & Construction,Industrials - Construction Materials & Aggregates,Primary,31746.7894,0.0173,-0.1061,-0.2012,31746.7894,2026-09-25,False,ok,-11.68,False,False,-3.538,-1.663,False,-3.107,-0.012,False,True,False,-11.46,False,1.06,2.14,30.0,2026-09-25
VMI,"Valmont Industries, Inc.",Industrials & Construction,"Industrials - Machinery, Flow Control & Components",Primary,9012.0868,-0.0148,-0.0112,-0.169,5407.2521,2026-09-25,False,ok,-3.29,False,False,0.42,-1.875,False,-1.112,0.01,False,True,True,-2.06,False,0.92,0.49,50.0,2026-09-25
VMI,"Valmont Industries, Inc.",Agriculture & FoodTech,Agriculture - Precision Agriculture & Farm Automation,Secondary,9012.0868,-0.0148,-0.0112,-0.169,3604.8347,2026-09-25,False,ok,-3.29,False,False,0.42,-1.875,False,-1.112,0.01,False,True,True,-2.06,False,0.92,0.49,50.0,2026-09-25
VNO,Vornado Realty Trust,Real Estate & REITs,Real Estate - Office & Commercial Workspaces,Primary,6878.2356,-0.0049,-0.1304,-0.0856,6878.2356,2026-09-25,False,ok,-2.53,False,False,2.235,-1.61,False,-2.543,0.054,False,True,True,-13.87,False,0.84,2.68,30.0,2026-09-25
VNOM,"Viper Energy, Inc.",Energy - Traditional,Energy Base - Oil & Gas Exploration & Production,Primary,14701.8465,-0.0317,-0.0713,-0.0399,14701.8465,2026-09-25,False,ok,-4.51,False,True,0.224,-0.69,False,-1.571,-1.057,False,True,False,-8.01,False,1.08,0.83,50.0,2026-09-25
VNT,Vontier Corp,Transportation & Logistics,Transportation - Urban Mobility & Emerging Transport Tech,Primary,4256.096,0.0038,-0.0565,0.0415,2553.6576,2026-09-25,False,ok,-4.47,False,False,-2.049,1.079,False,-1.022,-0.334,False,True,False,-6.55,False,0.9,2.03,30.0,2026-09-25
VNT,Vontier Corp,Electric Vehicles & Mobility,EVs - Charging & Infrastructure,Secondary,4256.096,0.0038,-0.0565,0.0415,1702.4384,2026-09-25,False,ok,-4.47,False,False,-2.049,1.079,False,-1.022,-0.334,False,True,False,-6.55,False,0.9,2.03,30.0,2026-09-25
VOYA,"Voya Financial, Inc.",Financials - Traditional,"Fin Trad - Asset Management, Custody & Alternatives",Primary,8812.3064,-0.0423,-0.0282,0.084,5287.3838,2026-09-25,False,ok,7.24,True,True,6.804,-0.57,False,-0.63,-0.794,True,True,False,-3.74,False,1.17,2.31,10.0,2026-09-25
VOYA,"Voya Financial, Inc.",Financials - Traditional,Fin Trad - Insurance & Reinsurance,Secondary,8812.3064,-0.0423,-0.0282,0.084,3524.9226,2026-09-25,False,ok,7.24,True,True,6.804,-0.57,False,-0.63,-0.794,True,True,False,-3.74,False,1.17,2.31,10.0,2026-09-25
VRSK,"Verisk Analytics, Inc.",Big Data & Analytics,"Big Data - Data Generation, Sourcing & Providers",Primary,22023.7005,-0.0353,-0.0999,-0.0577,22023.7005,2026-09-25,False,ok,-9.8,False,False,-2.292,-0.377,False,-2.502,-0.621,False,True,False,-10.84,False,0.8,1.49,30.0,2026-09-25
VRSN,"Verisign, Inc.",Telecommunications,Telecom - Cloud & Edge Connectivity,Primary,25967.401,-0.0524,-0.0221,0.1429,25967.401,2026-09-25,False,ok,3.65,True,True,2.979,0.183,False,0.844,-0.382,True,False,False,-3.14,False,1.01,1.17,40.0,2026-09-25
VRT,Vertiv Holdings Co,Hardware,Hardware - Data Center Infrastructure & Servers,Primary,97509.802,0.0156,-0.0094,-0.1994,58505.8812,2026-09-25,False,ok,-5.79,False,False,-0.507,-3.171,True,-2.342,0.284,False,True,True,-1.88,False,0.95,3.88,40.0,2026-09-25
VRT,Vertiv Holdings Co,Cloud Computing,Cloud - Data Centers & Infrastructure,Secondary,97509.802,0.0156,-0.0094,-0.1994,39003.9208,2026-09-25,False,ok,-5.79,False,False,-0.507,-3.171,True,-2.342,0.284,False,True,True,-1.88,False,0.95,3.88,40.0,2026-09-25
VRTX,Vertex Pharmaceuticals Inc / Ma,Healthcare & Biotech,Healthcare - Genomics & Personalized Medicine,Primary,133368.6026,0.0351,-0.0482,0.1073,80021.1616,2026-09-25,False,ok,8.52,True,True,4.262,0.414,False,-0.238,-0.24,True,True,False,-5.73,False,0.86,1.48,40.0,2026-09-25
VRTX,Vertex Pharmaceuticals Inc / Ma,Healthcare & Biotech,Healthcare - Next-Gen Biotech Platforms,Secondary,133368.6026,0.0351,-0.0482,0.1073,53347.441,2026-09-25,False,ok,8.52,True,True,4.262,0.414,False,-0.238,-0.24,True,True,False,-5.73,False,0.86,1.48,40.0,2026-09-25
VSAT,Viasat Inc,Defense & Aerospace,Defense - Space Technology & Satellite Services,Primary,10058.9281,-0.044,0.0077,0.1734,6035.3569,2026-09-25,False,ok,9.19,True,True,7.544,-2.315,False,-0.26,0.317,True,False,True,-0.19,False,0.86,1.02,50.0,2026-09-25
VSAT,Viasat Inc,Telecommunications,Telecom - Satellite & Space Communication,Secondary,10058.9281,-0.044,0.0077,0.1734,4023.5712,2026-09-25,False,ok,9.19,True,True,7.544,-2.315,False,-0.26,0.317,True,False,True,-0.19,False,0.86,1.02,50.0,2026-09-25
VSEC,VSE Corporation,Defense & Aerospace,Defense - Next-Generation Aircraft & Maintenance,Primary,5073.3051,0.034,-0.1694,-0.1692,3043.9831,2026-09-25,False,ok,-8.97,False,False,0.001,-2.039,False,-4.706,-0.361,False,True,False,-17.73,False,0.85,2.34,50.0,2026-09-25
VSEC,VSE Corporation,Industrials & Construction,Industrials - Distribution & Rental Services,Secondary,5073.3051,0.034,-0.1694,-0.1692,2029.322,2026-09-25,False,ok,-8.97,False,False,0.001,-2.039,False,-4.706,-0.361,False,True,False,-17.73,False,0.85,2.34,50.0,2026-09-25
VST,Vistra Corp.,Energy - Traditional,Energy Base - Nuclear Power & Advanced Reactors,Primary,46472.0527,-0.0141,-0.0025,-0.1485,27883.2316,2026-09-25,False,ok,-9.37,False,False,-3.685,-0.327,False,-1.133,-0.307,False,True,False,-1.2,False,0.99,1.29,30.0,2026-09-25
VST,Vistra Corp.,Energy - Traditional,Energy Base - Utilities & Conventional Power Operators,Secondary,46472.0527,-0.0141,-0.0025,-0.1485,18588.8211,2026-09-25,False,ok,-9.37,False,False,-3.685,-0.327,False,-1.133,-0.307,False,True,False,-1.2,False,0.99,1.29,30.0,2026-09-25
VTEX,Vtex,E-commerce,E-commerce - Platforms,Primary,596.849,-0.0082,-0.0028,-0.019,596.849,2026-09-25,False,ok,-5.04,False,False,-1.302,-1.114,True,-1.188,0.386,False,False,True,-1.22,False,0.82,-0.14,30.0,2026-09-25
VTR,"Ventas, Inc.",Healthcare & Biotech,Healthcare - Senior Care & Longevity,Primary,44416.0246,-0.0012,-0.0772,0.0061,26649.6148,2026-09-25,False,ok,-0.86,False,True,1.981,-1.228,False,-1.585,-0.28,False,True,False,-8.59,False,1.09,0.97,20.0,2026-09-25
VTR,"Ventas, Inc.",Real Estate & REITs,Real Estate - Healthcare & Senior Living,Secondary,44416.0246,-0.0012,-0.0772,0.0061,17766.4098,2026-09-25,False,ok,-0.86,False,True,1.981,-1.228,False,-1.585,-0.28,False,True,False,-8.59,False,1.09,0.97,20.0,2026-09-25
VTRS,Viatris Inc.,Healthcare & Biotech,Healthcare - Metabolic & Cardiometabolic,Primary,20479.3754,0.0519,0.0664,0.1277,20479.3754,2026-09-25,False,ok,13.93,True,True,5.02,-0.612,True,1.304,0.574,False,True,True,5.62,True,0.92,-0.38,40.0,2026-09-25
VUZI,Vuzix Corp,Hardware,Hardware - Next-Gen & Specialty,Primary,248.1778,0.0691,0.073,0.0463,248.1778,2026-09-25,False,ok,3.96,True,False,-2.388,0.008,True,2.383,1.46,False,True,True,6.28,True,0.77,1.16,40.0,2026-09-25
VVV,Valvoline Inc.,E-commerce,"E-commerce - Omnichannel Retailers, Online & Physical Stores",Primary,3688.3436,0.0807,-0.1212,-0.2699,3688.3436,2026-09-25,False,ok,-15.23,False,False,-4.082,-3.296,True,-5.111,0.389,False,True,True,-12.96,False,1.0,2.31,30.0,2026-09-25
VZ,Verizon Communications Inc,Telecommunications,Telecom - Cloud & Edge Connectivity,Primary,195606.8229,-0.021,-0.0631,0.0482,117364.0937,2026-09-25,False,ok,1.38,True,True,2.449,0.184,False,-0.794,-1.032,True,True,False,-7.2,False,0.95,0.85,60.0,2026-09-25
VZ,Verizon Communications Inc,Telecommunications,Telecom - Enterprise & Unified Communications,Secondary,195606.8229,-0.021,-0.0631,0.0482,78242.7292,2026-09-25,False,ok,1.38,True,True,2.449,0.184,False,-0.794,-1.032,True,True,False,-7.2,False,0.95,0.85,60.0,2026-09-25
W,Wayfair Inc.,Consumer Goods & Retail,"Consumer - Health, Food & Beverages",Primary,13443.4161,-0.0421,-0.061,0.0578,13443.4161,2026-09-25,False,ok,8.28,True,True,5.474,1.401,False,0.408,-0.521,True,False,False,-7.0,False,0.84,0.36,50.0,2026-09-25
WAB,Westinghouse Air Brake Technologies Corp,Transportation & Logistics,Transportation - Freight Rail & Infrastructure,Primary,48646.3242,0.0277,-0.0301,0.058,48646.3242,2026-09-25,False,ok,6.91,True,True,3.972,-0.618,False,-0.043,0.413,True,False,True,-3.93,False,0.87,0.05,40.0,2026-09-25
WAL,Western Alliance Bancorporation,Financials - Traditional,"Fin Trad - Banks, Lending & Mortgage Finance",Primary,8467.3183,-0.0118,-0.0254,-0.0284,8467.3183,2026-09-25,False,ok,-2.98,False,False,-0.355,-0.295,False,-1.047,-0.254,False,True,False,-3.46,False,1.05,1.7,10.0,2026-09-25
WAT,Waters Corp,Nanotechnology,NanoTech - Research Tools & Advanced Instruments,Primary,42567.4957,0.0282,0.0461,0.1743,25540.4974,2026-09-25,False,ok,14.73,True,True,5.552,0.983,True,1.648,0.265,False,True,True,3.61,True,0.9,-0.27,60.0,2026-09-25
WAT,Waters Corp,Healthcare & Biotech,"Healthcare - Diagnostics, Biomarkers & Liquid Biopsy",Secondary,42567.4957,0.0282,0.0461,0.1743,17026.9983,2026-09-25,False,ok,14.73,True,True,5.552,0.983,True,1.648,0.265,False,True,True,3.61,True,0.9,-0.27,60.0,2026-09-25
WAY,Waystar Holding Corp.,Healthcare & Biotech,"Healthcare - IT, Services & Data Infrastructure",Primary,4736.1859,-0.0374,0.0202,0.3,4736.1859,2026-09-25,False,ok,1.32,True,True,-0.208,2.807,False,0.851,-0.588,True,False,False,1.05,True,0.85,0.82,20.0,2026-09-25
WBD,"Warner Bros. Discovery, Inc.",Digital Entertainment & Media,Entertainment - Video Streaming,Primary,77370.2451,0.1101,0.0678,0.1346,77370.2451,2026-09-25,False,ok,13.35,True,True,2.532,0.856,True,2.618,0.88,False,False,True,5.77,True,1.53,0.08,50.0,2026-09-25
WBX,Wallbox N.V.,Electric Vehicles & Mobility,EVs - Charging & Infrastructure,Primary,69.1265,-0.05,-0.0459,-0.248,69.1265,2026-09-25,False,ok,-14.58,False,False,-2.088,-2.379,False,-2.982,-0.539,False,False,False,-5.49,False,0.24,0.68,50.0,2026-09-25
WCC,"Wesco International, Inc.",Industrials & Construction,Industrials - Distribution & Rental Services,Primary,17906.4013,0.0677,0.0856,0.0455,10743.8408,2026-09-25,False,ok,11.24,True,True,4.18,-0.592,True,1.173,0.793,False,True,True,7.53,True,0.8,0.57,50.0,2026-09-25
WCC,"Wesco International, Inc.",Energy - Renewable,Energy Clean - Smart Grid & Electrification,Secondary,17906.4013,0.0677,0.0856,0.0455,7162.5605,2026-09-25,False,ok,11.24,True,True,4.18,-0.592,True,1.173,0.793,False,True,True,7.53,True,0.8,0.57,50.0,2026-09-25
WCN,"Waste Connections, Inc.",Environmental Sustainability,Environmental - Waste Management & Recycling,Primary,39134.1097,0.0015,-0.0637,-0.0634,39134.1097,2026-09-25,False,ok,-4.76,False,False,-0.605,-0.562,False,-1.769,-0.223,False,True,False,-7.26,False,0.93,1.51,20.0,2026-09-25
WDAY,"Workday, Inc.",Cloud Computing,Cloud - Horizontal SaaS & Cloud Applications,Primary,45657.4484,-0.0228,-0.0256,0.6043,27394.469,2026-09-25,False,ok,12.58,True,True,6.331,3.847,False,1.028,-0.756,False,True,False,-3.48,False,0.83,2.42,20.0,2026-09-25
WDAY,"Workday, Inc.",Software,Software - Vertical SaaS Platforms,Secondary,45657.4484,-0.0228,-0.0256,0.6043,18262.9794,2026-09-25,False,ok,12.58,True,True,6.331,3.847,False,1.028,-0.756,False,True,False,-3.48,False,0.83,2.42,20.0,2026-09-25
WDC,Western Digital Corp,Semiconductors,Semis - Memory & Storage,Primary,164698.7018,0.035,0.0138,-0.2903,98819.2211,2026-09-25,False,ok,4.37,True,True,5.285,-5.119,True,-1.37,0.903,False,True,True,0.41,True,0.82,0.36,60.0,2026-09-25
WDC,Western Digital Corp,Hardware,Hardware - Data Center Infrastructure & Servers,Secondary,164698.7018,0.035,0.0138,-0.2903,65879.4807,2026-09-25,False,ok,4.37,True,True,5.285,-5.119,True,-1.37,0.903,False,True,True,0.41,True,0.82,0.36,60.0,2026-09-25
WEC,"WEC Energy Group, Inc.",Energy - Traditional,Energy Base - Utilities & Conventional Power Operators,Primary,33057.4172,-0.0167,-0.0489,-0.1148,33057.4172,2026-09-25,False,ok,-7.08,False,False,-1.865,-1.09,False,-1.641,-0.26,False,True,False,-5.8,False,1.08,1.35,10.0,2026-09-25
WELL,Welltower Inc.,Healthcare & Biotech,Healthcare - Senior Care & Longevity,Primary,166718.7507,0.0109,-0.0406,0.0488,100031.2504,2026-09-25,False,ok,4.32,True,True,3.631,-0.752,False,-0.596,-0.193,True,True,False,-4.97,False,0.96,0.56,30.0,2026-09-25
WELL,Welltower Inc.,Real Estate & REITs,Real Estate - Healthcare & Senior Living,Secondary,166718.7507,0.0109,-0.0406,0.0488,66687.5003,2026-09-25,False,ok,4.32,True,True,3.631,-0.752,False,-0.596,-0.193,True,True,False,-4.97,False,0.96,0.56,30.0,2026-09-25
WERN,Werner Enterprises Inc,Transportation & Logistics,"Transportation - Trucking, LTL & Ground Freight",Primary,1972.6486,-0.0779,-0.1262,-0.195,1972.6486,2026-09-25,False,ok,-11.26,False,False,1.078,-3.21,False,-3.719,-1.21,False,False,False,-13.45,False,0.76,1.91,20.0,2026-09-25
WEX,WEX Inc.,FinTech & Digital Finance,FinTech - Digital Payments & Merchant Infrastructure,Primary,6076.0699,-0.079,-0.1073,0.3257,6076.0699,2026-09-25,False,ok,5.0,True,True,6.109,1.038,False,-0.636,-1.155,True,False,False,-11.58,False,0.92,0.1,40.0,2026-09-25
WFC,Wells Fargo & Co,Financials - Traditional,"Fin Trad - Banks, Lending & Mortgage Finance",Primary,250901.2173,-0.0366,-0.0215,-0.0101,250901.2173,2026-09-25,False,ok,-1.82,False,True,1.435,0.091,False,-1.132,-0.901,False,True,False,-3.08,False,1.03,2.0,40.0,2026-09-25
WFRD,Weatherford International Plc,Energy - Traditional,Energy Base - Oilfield Services & Equipment,Primary,6084.2501,0.0372,-0.0354,0.0102,6084.2501,2026-09-25,False,ok,-5.65,False,False,-1.344,-1.004,False,-2.25,-0.541,False,True,False,-4.45,False,0.98,2.89,30.0,2026-09-25
WH,"Wyndham Hotels & Resorts, Inc.",Real Estate & REITs,"Real Estate - Travel, Leisure & Entertainment Properties",Primary,5194.0362,0.0284,-0.0717,-0.1793,5194.0362,2026-09-25,False,ok,-7.63,False,False,-3.218,-1.339,True,-1.821,0.358,False,True,True,-8.06,False,0.9,0.3,40.0,2026-09-25
WHR,Whirlpool Corp /De/,Smart Home & IoT,"Smart Home - Connectivity, Devices & Appliances",Primary,2067.4721,-0.0081,-0.2213,-0.1624,1240.4833,2026-09-25,False,ok,-30.44,False,False,-13.783,-0.377,False,-5.535,-0.681,False,False,False,-22.87,False,1.06,3.33,30.0,2026-09-25
WHR,Whirlpool Corp /De/,Consumer Goods & Retail,"Consumer - Health, Food & Beverages",Secondary,2067.4721,-0.0081,-0.2213,-0.1624,826.9888,2026-09-25,False,ok,-30.44,False,False,-13.783,-0.377,False,-5.535,-0.681,False,False,False,-22.87,False,1.06,3.33,30.0,2026-09-25
WING,Wingstop Inc.,Consumer Goods & Retail,Consumer - Restaurants & Dining,Primary,2698.9189,-0.0481,-0.1298,-0.3622,2698.9189,2026-09-25,False,ok,-34.23,False,False,-16.234,-1.771,False,-4.85,-0.414,False,True,False,-13.81,False,0.9,5.46,30.0,2026-09-25
WIT,Wipro Ltd,Business Services & Consulting,Consulting,Primary,16324.011,-0.006,-0.1223,-0.238,16324.011,2026-09-25,False,ok,-17.99,False,False,-7.454,-1.154,False,-3.309,-0.114,False,True,False,-13.07,False,1.06,2.28,30.0,2026-09-25
WIX,Wix.Com Ltd.,E-commerce,E-commerce - Platforms,Primary,3088.0755,-0.0599,-0.1425,0.7322,3088.0755,2026-09-25,False,ok,0.27,True,True,-1.003,6.101,False,1.245,-1.661,False,False,False,-15.07,False,1.11,2.14,40.0,2026-09-25
WLK,Westlake Corp,Industrials & Construction,Industrials - Chemicals & Advanced Materials,Primary,8653.1041,-0.0197,-0.0948,-0.1013,8653.1041,2026-09-25,False,ok,-15.88,False,False,-6.421,-1.379,False,-3.012,-0.474,False,True,False,-10.34,False,0.69,1.35,40.0,2026-09-25
WLY,"John Wiley & Sons, Inc.",Education Technology,Education - Digital Curriculum,Primary,2410.0209,-0.0114,-0.1176,0.0812,2410.0209,2026-09-25,False,ok,4.74,True,True,5.736,-1.879,False,-1.872,-0.169,False,True,False,-12.6,False,1.21,-0.29,60.0,2026-09-25
WM,Waste Management Inc,Environmental Sustainability,Environmental - Waste Management & Recycling,Primary,82673.0988,-0.0202,-0.0648,-0.0695,82673.0988,2026-09-25,False,ok,-6.42,False,False,-1.132,-1.021,False,-1.879,-0.273,False,True,False,-7.37,False,1.07,0.59,40.0,2026-09-25
WMB,"Williams Companies, Inc.",Energy - Traditional,Energy Base - Refining & Midstream Infrastructure,Primary,84716.585,-0.0387,-0.0185,-0.0805,50829.951,2026-09-25,False,ok,-2.61,False,True,0.816,-0.827,False,-0.875,-0.489,True,False,False,-2.79,False,1.15,1.39,30.0,2026-09-25
WMB,"Williams Companies, Inc.",Commodities - Energy,Comm Energy - Natural Gas & LNG,Secondary,84716.585,-0.0387,-0.0185,-0.0805,33886.634,2026-09-25,False,ok,-2.61,False,True,0.816,-0.827,False,-0.875,-0.489,True,False,False,-2.79,False,1.15,1.39,30.0,2026-09-25
WMG,Warner Music Group Corp.,Digital Entertainment & Media,Entertainment - Video Streaming,Primary,14197.1988,-0.0314,-0.0328,0.0153,14197.1988,2026-09-25,False,ok,-3.84,False,False,-1.431,0.249,False,-0.092,-0.72,True,False,False,-4.2,False,0.95,1.77,30.0,2026-09-25
WMS,"Advanced Drainage Systems, Inc.",Industrials & Construction,Industrials - Building Products & HVAC,Primary,10038.7133,0.0562,-0.0574,-0.1055,6023.228,2026-09-25,False,ok,-5.73,False,False,-2.508,-1.117,True,-2.083,0.568,False,True,True,-6.63,False,1.06,1.19,30.0,2026-09-25
WMS,"Advanced Drainage Systems, Inc.",Environmental Sustainability,Environmental - Water Infrastructure & Treatment,Secondary,10038.7133,0.0562,-0.0574,-0.1055,4015.4853,2026-09-25,False,ok,-5.73,False,False,-2.508,-1.117,True,-2.083,0.568,False,True,True,-6.63,False,1.06,1.19,30.0,2026-09-25
WMT,Walmart Inc.,E-commerce,E-commerce - Grocery & Local Commerce Platforms,Primary,859313.406,0.0117,0.0247,-0.0904,515588.0436,2026-09-25,False,ok,-4.69,False,False,-2.967,-0.694,True,-0.124,0.361,True,False,True,1.49,True,0.93,0.47,30.0,2026-09-25
WMT,Walmart Inc.,E-commerce,"E-commerce - Omnichannel Retailers, Online & Physical Stores",Secondary,859313.406,0.0117,0.0247,-0.0904,343725.3624,2026-09-25,False,ok,-4.69,False,False,-2.967,-0.694,True,-0.124,0.361,True,False,True,1.49,True,0.93,0.47,30.0,2026-09-25
WNC,Wabash National Corp,Transportation & Logistics,Transportation - Infrastructure & Equipment,Primary,530.8053,0.0987,0.05,0.0007,530.8053,2026-09-25,False,ok,14.67,True,True,8.014,-0.445,False,-1.394,-0.38,False,True,False,4.0,True,0.71,4.4,30.0,2026-09-25
WOLF,"Wolfspeed, Inc.",Semiconductors,Semis - Emerging Technologies,Primary,1459.2957,0.0774,0.0902,-0.399,875.5774,2026-09-25,False,ok,-11.78,False,False,-5.334,-5.304,True,-1.643,1.437,False,True,True,7.98,True,0.61,4.73,40.0,2026-09-25
WOLF,"Wolfspeed, Inc.",Electric Vehicles & Mobility,EVs - Key Suppliers & Autonomy Tech,Secondary,1459.2957,0.0774,0.0902,-0.399,583.7183,2026-09-25,False,ok,-11.78,False,False,-5.334,-5.304,True,-1.643,1.437,False,True,True,7.98,True,0.61,4.73,40.0,2026-09-25
WPC,W.P. Carey Inc.,Real Estate & REITs,Real Estate - Retail & Consumer Real Estate,Primary,15056.4168,-0.0026,-0.0793,-0.0783,15056.4168,2026-09-25,False,ok,-6.16,False,False,-0.747,-1.424,False,-2.071,-0.279,False,True,False,-8.8,False,1.11,1.22,40.0,2026-09-25
WPM,Wheaton Precious Metals Corp.,Commodities - Metals,Comm Metals - Precious Metals,Primary,64908.542,-0.0536,-0.127,0.2688,64908.542,2026-09-25,False,ok,7.7,True,True,4.826,2.281,False,0.97,-1.456,True,False,False,-13.53,False,1.05,2.59,40.0,2026-09-25
WRB,W.R. Berkley Corp,Financials - Traditional,Fin Trad - Insurance & Reinsurance,Primary,24805.4231,-0.0439,-0.0228,-0.0447,24805.4231,2026-09-25,False,ok,-3.47,False,False,0.184,-0.379,False,-0.829,-0.374,True,False,False,-3.21,False,1.5,0.31,50.0,2026-09-25
WRBY,Warby Parker Inc.,E-commerce,E-commerce - Direct-to-Consumer,Primary,3301.5711,0.1871,0.0273,-0.0052,3301.5711,2026-09-25,False,ok,5.12,True,False,0.116,-1.053,True,-0.927,1.165,True,True,True,1.75,True,1.09,-3.08,50.0,2026-09-25
WSM,"Williams-Sonoma, Inc.",E-commerce,"E-commerce - Omnichannel Retailers, Online & Physical Stores",Primary,27312.9902,0.0343,-0.0121,-0.0127,16387.7941,2026-09-25,False,ok,6.65,True,True,4.017,-0.546,False,-0.509,0.447,True,True,True,-2.15,False,1.13,0.56,50.0,2026-09-25
WSM,"Williams-Sonoma, Inc.",Consumer Goods & Retail,Consumer - Modern Luxury & Lifestyle,Secondary,27312.9902,0.0343,-0.0121,-0.0127,10925.1961,2026-09-25,False,ok,6.65,True,True,4.017,-0.546,False,-0.509,0.447,True,True,True,-2.15,False,1.13,0.56,50.0,2026-09-25
WSO,"Watsco, Inc.",Industrials & Construction,Industrials - Distribution & Rental Services,Primary,13086.4333,0.0175,0.0494,-0.2021,7851.86,2026-09-25,False,ok,-10.02,False,False,-5.572,-1.439,True,-0.331,0.763,True,False,True,3.94,True,0.94,0.91,40.0,2026-09-25
WSO,"Watsco, Inc.",Industrials & Construction,Industrials - Building Products & HVAC,Secondary,13086.4333,0.0175,0.0494,-0.2021,5234.5733,2026-09-25,False,ok,-10.02,False,False,-5.572,-1.439,True,-0.331,0.763,True,False,True,3.94,True,0.94,0.91,40.0,2026-09-25
WST,"West Pharmaceutical Services, Inc.",Healthcare & Biotech,Healthcare - Medical Devices & HealthTech Hardware,Primary,26069.9976,0.0224,0.063,0.0889,15641.9986,2026-09-25,False,ok,14.07,True,True,5.66,-0.323,True,1.925,0.664,False,False,True,5.29,True,0.96,-1.98,50.0,2026-09-25
WST,"West Pharmaceutical Services, Inc.",Nanotechnology,NanoTech - Nanomedicine & Drug Delivery,Secondary,26069.9976,0.0224,0.063,0.0889,10427.999,2026-09-25,False,ok,14.07,True,True,5.66,-0.323,True,1.925,0.664,False,False,True,5.29,True,0.96,-1.98,50.0,2026-09-25
WT,"Wisdomtree, Inc.",Crypto & Blockchain,"Blockchain - Platforms, Tokenization & Financial Services",Primary,3686.2897,0.0546,0.0083,0.3664,3686.2897,2026-09-25,False,ok,22.92,True,True,10.487,0.857,False,1.219,-0.137,False,True,False,-0.13,False,1.23,2.01,50.0,2026-09-25
WTFC,Wintrust Financial Corp,Financials - Traditional,"Fin Trad - Banks, Lending & Mortgage Finance",Primary,9855.9109,-0.0096,-0.033,-0.0826,9855.9109,2026-09-25,False,ok,-3.18,False,False,0.825,-1.304,False,-1.848,-0.249,False,True,False,-4.22,False,0.73,1.51,30.0,2026-09-25
WTRG,"Essential Utilities, Inc.",Environmental Sustainability,Environmental - Water Infrastructure & Treatment,Primary,11212.0115,-0.0368,-0.0302,0.0559,11212.0115,2026-09-25,False,ok,0.82,True,True,1.784,0.375,False,-0.265,-0.728,True,False,False,-3.94,False,1.23,0.3,30.0,2026-09-25
WTS,Watts Water Technologies Inc,Environmental Sustainability,Environmental - Water Infrastructure & Treatment,Primary,11944.1213,0.0203,-0.0353,0.0095,11944.1213,2026-09-25,False,ok,5.96,True,True,4.359,-0.67,False,-0.696,0.12,True,True,True,-4.45,False,1.0,0.58,30.0,2026-09-25
WTW,Willis Towers Watson Plc,Financials - Traditional,Fin Trad - Insurance & Reinsurance,Primary,27303.4199,-0.0516,-0.1523,0.1283,27303.4199,2026-09-25,False,ok,-3.33,False,True,2.483,0.409,False,-2.658,-1.131,False,True,False,-16.04,False,0.93,3.15,20.0,2026-09-25
WWD,"Woodward, Inc.",Defense & Aerospace,Defense - Next-Generation Aircraft & Maintenance,Primary,19503.4255,0.0266,-0.0275,-0.2361,11702.0553,2026-09-25,False,ok,-7.35,False,False,-1.539,-2.636,True,-2.455,0.441,False,True,True,-3.68,False,1.04,1.99,30.0,2026-09-25
WWD,"Woodward, Inc.",Industrials & Construction,"Industrials - Machinery, Flow Control & Components",Secondary,19503.4255,0.0266,-0.0275,-0.2361,7801.3702,2026-09-25,False,ok,-7.35,False,False,-1.539,-2.636,True,-2.455,0.441,False,True,True,-3.68,False,1.04,1.99,30.0,2026-09-25
WWR,"Westwater Resources, Inc.",Commodities - Metals,Comm Metals - Battery & Energy Transition Metals,Primary,67.5351,-0.0185,-0.1167,0.1042,67.5351,2026-09-25,False,ok,-14.69,False,False,-8.396,2.699,False,-0.854,-1.132,True,True,False,-12.51,False,0.19,1.67,40.0,2026-09-25
WY,Weyerhaeuser Co,Environmental Sustainability,"Environmental - Climate, Carbon & Land Resources",Primary,14421.9279,-0.057,-0.1734,-0.2018,14421.9279,2026-09-25,False,ok,-14.54,False,False,-2.442,-1.859,False,-3.828,-0.832,False,False,False,-18.13,False,1.1,2.13,40.0,2026-09-25
WYNN,"Wynn Resorts, Limited",Real Estate & REITs,"Real Estate - Travel, Leisure & Entertainment Properties",Primary,8353.2421,-0.0069,-0.1784,-0.2162,5011.9453,2026-09-25,False,ok,-18.36,False,False,-5.714,-1.62,False,-4.757,-0.568,False,True,False,-18.63,False,1.17,2.7,20.0,2026-09-25
WYNN,"Wynn Resorts, Limited",Digital Entertainment & Media,"Entertainment - Betting, iGaming & Wagering",Secondary,8353.2421,-0.0069,-0.1784,-0.2162,3341.2968,2026-09-25,False,ok,-18.36,False,False,-5.714,-1.62,False,-4.757,-0.568,False,True,False,-18.63,False,1.17,2.7,20.0,2026-09-25
XEL,Xcel Energy Inc,Energy - Traditional,Energy Base - Utilities & Conventional Power Operators,Primary,43599.4747,-0.0346,-0.0884,-0.1363,26159.6848,2026-09-25,False,ok,-9.15,False,False,-1.773,-1.229,False,-2.342,-0.526,False,False,False,-9.71,False,1.12,1.76,30.0,2026-09-25
XEL,Xcel Energy Inc,Energy - Renewable,Energy Clean - Utilities & Clean Power Operators,Secondary,43599.4747,-0.0346,-0.0884,-0.1363,17439.7899,2026-09-25,False,ok,-9.15,False,False,-1.773,-1.229,False,-2.342,-0.526,False,False,False,-9.71,False,1.12,1.76,30.0,2026-09-25
XIFR,"Xplr Infrastructure, Lp",Energy - Renewable,Energy Clean - Wind,Primary,994.865,-0.0356,-0.0952,-0.0967,994.865,2026-09-25,False,ok,-6.3,False,False,0.902,-1.721,False,-2.644,-0.877,False,True,False,-10.38,False,0.82,2.6,30.0,2026-09-25
XMTR,"Xometry, Inc.",Industrial Automation & Robotics,"Automation - Additive Manufacturing, 3D Printing",Primary,5765.0314,0.0349,0.1457,0.097,5765.0314,2026-09-25,False,ok,22.99,True,True,9.407,-1.119,True,3.137,1.277,False,False,True,13.48,True,1.08,0.62,30.0,2026-09-25
XOM,Exxon Mobil Corp,Energy - Traditional,Energy Base - Integrated Energy Majors,Primary,660331.9542,-0.018,-0.0003,0.1806,396199.1725,2026-09-25,False,ok,7.1,True,True,3.861,0.453,False,0.393,-0.463,True,True,False,-0.98,False,1.05,-0.67,70.0,2026-09-25
XOM,Exxon Mobil Corp,Energy - Traditional,Energy Base - Oil & Gas Exploration & Production,Secondary,660331.9542,-0.018,-0.0003,0.1806,264132.7817,2026-09-25,False,ok,7.1,True,True,3.861,0.453,False,0.393,-0.463,True,True,False,-0.98,False,1.05,-0.67,70.0,2026-09-25
XPEV,Xpeng Inc.,Electric Vehicles & Mobility,EVs - Manufacturers,Primary,9694.7241,-0.0471,-0.1276,-0.1891,9694.7241,2026-09-25,False,ok,-27.75,False,False,-13.314,-1.34,False,-3.764,0.057,False,False,True,-13.59,False,0.83,2.7,30.0,2026-09-25
XPO,"Xpo, Inc.",Transportation & Logistics,"Transportation - Trucking, LTL & Ground Freight",Primary,20275.8636,-0.0062,-0.0977,-0.1202,20275.8636,2026-09-25,False,ok,-10.01,False,False,-1.082,-3.003,False,-3.144,-0.013,False,False,False,-10.63,False,1.06,1.07,30.0,2026-09-25
XRAY,Dentsply Sirona Inc.,Healthcare & Biotech,Healthcare - Medical Devices & HealthTech Hardware,Primary,1873.9263,-0.0147,-0.1431,-0.1065,1873.9263,2026-09-25,False,ok,-17.21,False,False,-3.417,-2.242,False,-5.187,-0.468,False,True,False,-15.13,False,0.84,2.44,20.0,2026-09-25
XRX,Xerox Holdings Corp,Hardware,"Hardware - Consumer Electronics, PCs & Peripherals",Primary,435.9642,-0.0292,0.1254,0.0657,435.9642,2026-09-25,False,ok,15.19,True,True,7.717,1.014,False,2.798,-0.36,False,False,False,11.47,True,0.97,0.51,50.0,2026-09-25
XYL,Xylem Inc.,Nanotechnology,"NanoTech - Materials, Industrial & Environment",Primary,23962.751,-0.0458,-0.0868,-0.0805,14377.6506,2026-09-25,False,ok,-11.95,False,False,-3.84,-0.66,False,-2.151,-0.098,False,False,False,-9.55,False,1.2,1.22,50.0,2026-09-25
XYL,Xylem Inc.,Environmental Sustainability,Environmental - Water Infrastructure & Treatment,Secondary,23962.751,-0.0458,-0.0868,-0.0805,9585.1004,2026-09-25,False,ok,-11.95,False,False,-3.84,-0.66,False,-2.151,-0.098,False,False,False,-9.55,False,1.2,1.22,50.0,2026-09-25
XYZ,"Block, Inc.",FinTech & Digital Finance,"FinTech - Crypto, Blockchain & Tokenization",Primary,45912.7521,0.0018,-0.0762,0.0098,27547.6513,2026-09-25,False,ok,1.96,True,True,3.835,-0.786,False,-1.559,-0.441,False,True,False,-8.49,False,0.87,2.38,20.0,2026-09-25
XYZ,"Block, Inc.",FinTech & Digital Finance,FinTech - Digital Banking & Neobanks,Secondary,45912.7521,0.0018,-0.0762,0.0098,18365.1008,2026-09-25,False,ok,1.96,True,True,3.835,-0.786,False,-1.559,-0.441,False,True,False,-8.49,False,0.87,2.38,20.0,2026-09-25
YETI,"Yeti Holdings, Inc.",Consumer Goods & Retail,Consumer - Modern Luxury & Lifestyle,Primary,3085.9663,0.0017,-0.007,-0.1483,3085.9663,2026-09-25,False,ok,-4.43,False,False,-0.741,-2.371,True,-1.554,1.116,False,False,True,-1.65,False,1.02,1.38,40.0,2026-09-25
YOU,"Clear Secure, Inc.",Cybersecurity,"Cybersecurity - Identity, Biometrics & Access Management",Primary,5377.2078,0.0394,-0.1028,-0.2495,5377.2078,2026-09-25,False,ok,-15.01,False,False,-3.406,-4.36,True,-4.991,-0.091,False,True,False,-11.13,False,1.07,2.26,10.0,2026-09-25
YUM,"Yum! Brands, Inc.",Consumer Goods & Retail,Consumer - Restaurants & Dining,Primary,37832.278,0.0046,-0.1084,-0.0895,37832.278,2026-09-25,False,ok,-7.76,False,False,-2.049,-1.11,False,-2.207,-0.3,False,True,False,-11.69,False,0.86,2.07,30.0,2026-09-25
YYGH,Yy Group Holding Ltd.,Industrial Automation & Robotics,"Robotics - Autonomous Vehicles, Service & Mobility",Primary,11.5209,,,,11.5209,2026-09-11,True,stale_14d,,,,,,,,,,,,,,,,,2026-09-25
ZBH,"Zimmer Biomet Holdings, Inc.",Industrial Automation & Robotics,Robotics - Medical & Surgical Robotics,Primary,17364.7606,-0.0453,-0.0918,0.008,10418.8564,2026-09-25,False,ok,-2.02,False,True,1.539,0.107,False,-1.584,-0.778,False,True,False,-10.04,False,0.94,1.94,30.0,2026-09-25
ZBH,"Zimmer Biomet Holdings, Inc.",Healthcare & Biotech,Healthcare - Senior Care & Longevity,Secondary,17364.7606,-0.0453,-0.0918,0.008,6945.9042,2026-09-25,False,ok,-2.02,False,True,1.539,0.107,False,-1.584,-0.778,False,True,False,-10.04,False,0.94,1.94,30.0,2026-09-25
ZBRA,Zebra Technologies Corp,Hardware,Hardware - Industrial & IoT,Primary,17506.8365,0.0675,0.0264,0.4934,10504.1019,2026-09-25,False,ok,24.54,True,True,10.614,2.099,False,1.603,0.265,False,True,True,1.66,True,0.89,0.56,40.0,2026-09-25
ZBRA,Zebra Technologies Corp,Industrial Automation & Robotics,"Automation - Industrial IoT, Connectivity",Secondary,17506.8365,0.0675,0.0264,0.4934,7002.7346,2026-09-25,False,ok,24.54,True,True,10.614,2.099,False,1.603,0.265,False,True,True,1.66,True,0.89,0.56,40.0,2026-09-25
ZIM,Zim Integrated Shipping Services Ltd.,Transportation & Logistics,Transportation - Marine Shipping & Ports,Primary,3517.9692,-0.0302,0.0395,0.1411,3517.9692,2026-09-25,False,ok,13.0,True,True,5.948,0.654,False,2.401,-0.441,False,False,False,2.96,True,0.94,-0.58,50.0,2026-09-25
ZION,"Zions Bancorporation, N.A.",Financials - Traditional,"Fin Trad - Banks, Lending & Mortgage Finance",Primary,9316.2035,-0.0215,-0.0553,-0.0592,9316.2035,2026-09-25,False,ok,-1.65,False,True,2.691,-1.326,False,-2.173,-0.673,False,True,False,-6.43,False,0.95,2.31,40.0,2026-09-25
ZM,"Zoom Communications, Inc.",Telecommunications,Telecom - Enterprise & Unified Communications,Primary,26175.916,0.0106,-0.1111,0.0496,15705.5496,2026-09-25,False,ok,-4.0,False,True,1.511,-1.122,False,-2.503,-0.512,False,True,False,-11.95,False,0.92,1.69,30.0,2026-09-25
ZM,"Zoom Communications, Inc.",Cloud Computing,Cloud - Horizontal SaaS & Cloud Applications,Secondary,26175.916,0.0106,-0.1111,0.0496,10470.3664,2026-09-25,False,ok,-4.0,False,True,1.511,-1.122,False,-2.503,-0.512,False,True,False,-11.95,False,0.92,1.69,30.0,2026-09-25
ZS,"Zscaler, Inc.",Cybersecurity,"Cybersecurity - Platform, Cloud & Application Security",Primary,31477.7108,-0.0216,0.1462,0.5169,31477.7108,2026-09-25,False,ok,12.43,True,True,1.736,4.497,False,5.15,0.859,False,False,True,13.53,True,1.48,-2.86,60.0,2026-09-25
ZTS,Zoetis Inc.,Healthcare & Biotech,Healthcare - Animal Health & Veterinary,Primary,29359.5382,-0.0049,-0.0807,-0.0847,17615.7229,2026-09-25,False,ok,-18.43,False,False,-10.525,0.829,False,-1.653,-0.38,False,True,False,-8.95,False,0.82,1.43,20.0,2026-09-25
ZTS,Zoetis Inc.,Commodities - Agriculture,Comm Agri - Livestock & Animal Protein,Secondary,29359.5382,-0.0049,-0.0807,-0.0847,11743.8153,2026-09-25,False,ok,-18.43,False,False,-10.525,0.829,False,-1.653,-0.38,False,True,False,-8.95,False,0.82,1.43,20.0,2026-09-25
ZWS,Zurn Elkay Water Solutions Corporation,Environmental Sustainability,Environmental - Water Infrastructure & Treatment,Primary,7737.5606,0.0126,-0.0444,-0.0687,4642.5364,2026-09-25,False,ok,-2.98,False,False,-0.489,-0.847,False,-1.27,0.289,False,True,True,-5.35,False,0.96,1.01,20.0,2026-09-25
ZWS,Zurn Elkay Water Solutions Corporation,Industrials & Construction,Industrials - Building Products & HVAC,Secondary,7737.5606,0.0126,-0.0444,-0.0687,3095.0242,2026-09-25,False,ok,-2.98,False,False,-0.489,-0.847,False,-1.27,0.289,False,True,True,-5.35,False,0.96,1.01,20.0,2026-09-25
