Ticker,Company Name,Theme,Sub Theme,Assignment,Market Cap,1W Price Change %,1M Price Change %,3M Price Change %,Sub Market Cap
A,"Agilent Technologies, Inc.",Nanotechnology,NanoTech - Research Tools & Advanced Instruments,Primary,43333.5296,0.0335,0.1072,0.3372,43333.5296
AA,Alcoa Corp,Commodities - Metals,Comm Metals - Industrial & Base Metals,Primary,13034.4868,-0.0449,0.1186,-0.3067,13034.4868
AAL,American Airlines Group Inc.,Transportation & Logistics,Transportation - Air Travel & Passenger Transportation,Primary,9022.6504,-0.0554,-0.0587,-0.0159,9022.6504
AAON,"AAON, Inc.",Industrials & Construction,Industrials - Building Products & HVAC,Primary,6274.7218,-0.1361,-0.2588,-0.4342,3764.8331
AAON,"AAON, Inc.",Cloud Computing,Cloud - Data Centers & Infrastructure,Secondary,6274.7218,-0.1361,-0.2588,-0.4342,2509.8887
AAPL,Apple Inc.,Hardware,"Hardware - Consumer Electronics, PCs & Peripherals",Primary,4529157.8327,0.0155,-0.0673,0.0058,2717494.6996
AAPL,Apple Inc.,Hardware,Hardware - Next-Gen & Specialty,Secondary,4529157.8327,0.0155,-0.0673,0.0058,1811663.1331
ABAT,American Battery Technology Co,Commodities - Metals,Comm Metals - Recycling & Circular Materials,Primary,327.3946,-0.0123,0.086,-0.257,196.4368
ABAT,American Battery Technology Co,Electric Vehicles & Mobility,EVs - Batteries & Materials,Secondary,327.3946,-0.0123,0.086,-0.257,130.9578
ABBV,Abbvie Inc.,Healthcare & Biotech,Healthcare - Oncology & Precision Cancer Therapeutics,Primary,467437.8465,0.0567,0.0199,0.2351,467437.8465
ABNB,"Airbnb, Inc.",Consumer Goods & Retail,Consumer - Resale & Sharing Platforms,Primary,113895.0226,0.0609,0.3481,0.4372,113895.0226
ABT,Abbott Laboratories,Healthcare & Biotech,"Healthcare - Digital Health, Telemedicine & Remote Care",Primary,201883.8282,0.0571,0.1321,0.3443,121130.2969
ABT,Abbott Laboratories,Healthcare & Biotech,Healthcare - Medical Devices & HealthTech Hardware,Secondary,201883.8282,0.0571,0.1321,0.3443,80753.5313
ACA,"Arcosa, Inc.",Industrials & Construction,Industrials - Construction Materials & Aggregates,Primary,7133.7462,0.0018,0.0019,0.2035,4280.2477
ACA,"Arcosa, Inc.",Energy - Renewable,Energy Clean - Wind,Secondary,7133.7462,0.0018,0.0019,0.2035,2853.4985
ACGL,Arch Capital Group Ltd.,Financials - Traditional,Fin Trad - Insurance & Reinsurance,Primary,34511.913,0.034,-0.0215,0.0503,34511.913
ACHR,Archer Aviation Inc.,Transportation & Logistics,Transportation - Air Travel & Passenger Transportation,Primary,4674.0628,-0.0501,0.2725,-0.0456,4674.0628
ACI,"Albertsons Companies, Inc.",E-commerce,E-commerce - Grocery & Local Commerce Platforms,Primary,6119.957,0.0336,0.1432,-0.2104,3671.9742
ACI,"Albertsons Companies, Inc.",Consumer Goods & Retail,"Consumer - Health, Food & Beverages",Secondary,6119.957,0.0336,0.1432,-0.2104,2447.9828
ACIW,"Aci Worldwide, Inc.",FinTech & Digital Finance,FinTech - Digital Payments & Merchant Infrastructure,Primary,5291.0643,0.0054,-0.0693,0.2268,5291.0643
ACLS,Axcelis Technologies Inc,Semiconductors,"Semis - Equipment, Lithography & Deposition",Primary,3813.5549,-0.1431,-0.0791,-0.2131,3813.5549
ACM,Aecom,Business Services & Consulting,Consulting,Primary,8363.9803,0.0445,-0.0789,-0.0938,8363.9803
ACN,Accenture Plc,Business Services & Consulting,Consulting,Primary,114145.5585,0.0974,0.269,0.0532,114145.5585
ADBE,Adobe Inc.,Cloud Computing,Cloud - Horizontal SaaS & Cloud Applications,Primary,109817.3235,0.0875,0.2273,0.1287,65890.3941
ADBE,Adobe Inc.,E-commerce,E-commerce - Platforms,Secondary,109817.3235,0.0875,0.2273,0.1287,43926.9294
ADC,Agree Realty Corp,Real Estate & REITs,Real Estate - Retail & Consumer Real Estate,Primary,9302.1348,0.0005,-0.0719,-0.0013,9302.1348
ADI,Analog Devices Inc,Semiconductors,"Semis - Analog, Mixed-Signal & Power Management",Primary,179856.1792,-0.049,-0.0019,-0.0627,107913.7075
ADI,Analog Devices Inc,Hardware,Hardware - Industrial & IoT,Secondary,179856.1792,-0.049,-0.0019,-0.0627,71942.4717
ADM,Archer-Daniels-Midland Co,Agriculture & FoodTech,Agriculture - Agri-Food Processing & Distribution,Primary,37669.9617,-0.0324,-0.0845,0.0147,22601.977
ADM,Archer-Daniels-Midland Co,Agriculture & FoodTech,Agriculture - Alternative Proteins,Secondary,37669.9617,-0.0324,-0.0845,0.0147,15067.9847
ADP,"Automatic Data Processing, Inc.",Cloud Computing,Cloud - Horizontal SaaS & Cloud Applications,Primary,112429.3345,0.0637,0.1316,0.2656,67457.6007
ADP,"Automatic Data Processing, Inc.",Business Services & Consulting,"Business Services - Outsourcing, Facilities & Testing",Secondary,112429.3345,0.0637,0.1316,0.2656,44971.7338
ADSK,"Autodesk, Inc.",Industrial Automation & Robotics,Automation - Industrial Software & Digital Twin,Primary,53719.5725,0.0529,0.213,0.0557,32231.7435
ADSK,"Autodesk, Inc.",Software,Software - Vertical SaaS Platforms,Secondary,53719.5725,0.0529,0.213,0.0557,21487.829
ADT,Adt Inc.,Smart Home & IoT,Smart Home - Automation & Control Systems,Primary,5420.7493,0.0334,0.054,0.0734,3252.4496
ADT,Adt Inc.,Smart Home & IoT,Smart Home - Connected Devices & Appliances,Secondary,5420.7493,0.0334,0.054,0.0734,2168.2997
ADTN,"Adtran Holdings, Inc.",Hardware,Hardware - Communications & Telecom,Primary,628.2216,-0.1097,-0.2173,-0.508,628.2216
AEE,Ameren Corp,Energy - Traditional,Energy Base - Utilities & Conventional Power Operators,Primary,29666.5252,-0.0211,-0.0582,-0.0303,29666.5252
AEIS,Advanced Energy Industries Inc,Semiconductors,"Semis - Equipment, Lithography & Deposition",Primary,11000.6548,-0.2119,-0.0961,-0.1542,6600.3929
AEIS,Advanced Energy Industries Inc,Hardware,Hardware - Industrial & IoT,Secondary,11000.6548,-0.2119,-0.0961,-0.1542,4400.2619
AEM,Agnico Eagle Mines Ltd,Commodities - Metals,Comm Metals - Gold,Primary,110331.8385,0.1542,0.5013,0.2417,66199.1031
AEM,Agnico Eagle Mines Ltd,Commodities - Metals,Comm Metals - Precious Metals,Secondary,110331.8385,0.1542,0.5013,0.2417,44132.7354
AEP,American Electric Power Co Inc,Energy - Traditional,Energy Base - Utilities & Conventional Power Operators,Primary,66405.5931,-0.036,-0.0932,-0.066,39843.3559
AEP,American Electric Power Co Inc,Energy - Traditional,Energy Base - Coal & Thermal Power Generation,Secondary,66405.5931,-0.036,-0.0932,-0.066,26562.2372
AES,Aes Corp,Energy - Renewable,Energy Clean - Wind,Primary,10523.22,-0.0007,0.0059,0.0168,6313.932
AES,Aes Corp,Artificial Intelligence,"AI - Compute, Edge & Acceleration",Secondary,10523.22,-0.0007,0.0059,0.0168,4209.288
AEVA,"Aeva Technologies, Inc.",Industrial Automation & Robotics,"Robotics - Autonomous Vehicles, Service & Mobility",Primary,1147.3568,-0.3069,0.1084,-0.3499,1147.3568
AFG,"American Financial Group, Inc.",Financials - Traditional,Fin Trad - Insurance & Reinsurance,Primary,11977.1761,-0.0147,0.0047,0.0633,11977.1761
AFL,Aflac Inc,Financials - Traditional,Fin Trad - Insurance & Reinsurance,Primary,59258.7776,-0.0181,-0.0542,0.0079,59258.7776
AFRM,"Affirm Holdings, Inc.",FinTech & Digital Finance,FinTech - Digital Payments & Merchant Infrastructure,Primary,25747.0013,0.0317,0.0947,0.1788,25747.0013
AG,First Majestic Silver Corp,Commodities - Metals,Comm Metals - Precious Metals,Primary,10267.2394,0.0644,0.2782,0.0718,10267.2394
AGCO,Agco Corp /De,Agriculture & FoodTech,Agriculture - Precision Agriculture & Farm Automation,Primary,7712.5939,0.1041,-0.0887,-0.0211,4627.5563
AGCO,Agco Corp /De,Industrial Automation & Robotics,"Robotics - Autonomous Vehicles, Service & Mobility",Secondary,7712.5939,0.1041,-0.0887,-0.0211,3085.0376
AGRO,Adecoagro S.A.,Commodities - Agriculture,"Comm Agri - Grains, Oilseeds & Softs",Primary,1624.9078,0.216,0.0643,-0.121,974.9447
AGRO,Adecoagro S.A.,Commodities - Agriculture,Comm Agri - Softs & Plantation Crops,Secondary,1624.9078,0.216,0.0643,-0.121,649.9631
AHR,"American Healthcare REIT, Inc.",Real Estate & REITs,Real Estate - Healthcare & Senior Living,Primary,12249.3501,0.0276,-0.0218,0.125,12249.3501
AI,"C3.Ai, Inc.",Big Data & Analytics,"Big Data - Analytics, AI Platforms & BI",Primary,1571.5921,0.0423,0.2405,0.0883,942.9553
AI,"C3.Ai, Inc.",Artificial Intelligence,"AI - Apps, Domain-Specific AI",Secondary,1571.5921,0.0423,0.2405,0.0883,628.6368
AIG,"American International Group, Inc.",Financials - Traditional,Fin Trad - Insurance & Reinsurance,Primary,40461.4717,0.0207,-0.0212,0.011,40461.4717
AIOT,"Powerfleet, Inc.",Electric Vehicles & Mobility,EVs - Autonomous Driving & Fleet,Primary,404.02,0.0451,-0.193,-0.1173,404.02
AIT,"Applied Industrial Technologies, Inc.",Industrials & Construction,Industrials - Distribution & Rental Services,Primary,12431.7379,-0.0558,-0.0226,0.1046,12431.7379
AIZ,"Assurant, Inc.",Financials - Traditional,Fin Trad - Insurance & Reinsurance,Primary,14195.8738,0.0238,0.0393,0.1333,14195.8738
AJG,Arthur J. Gallagher & Co.,Financials - Traditional,Fin Trad - Insurance & Reinsurance,Primary,69722.1857,0.0969,0.0978,0.3328,69722.1857
AKAM,Akamai Technologies Inc,Telecommunications,Telecom - Cloud & Edge Connectivity,Primary,15185.0977,-0.1408,-0.0842,-0.2823,9111.0586
AKAM,Akamai Technologies Inc,Cloud Computing,Cloud - Data Centers & Infrastructure,Secondary,15185.0977,-0.1408,-0.0842,-0.2823,6074.0391
ALB,Albemarle Corp,Energy - Renewable,Energy Clean - Materials & Critical Metals,Primary,16698.8943,0.0561,0.2321,-0.1731,10019.3366
ALB,Albemarle Corp,Commodities - Metals,Comm Metals - Battery & Energy Transition Metals,Secondary,16698.8943,0.0561,0.2321,-0.1731,6679.5577
ALGM,"Allegro Microsystems, Inc.",Semiconductors,"Semis - Analog, Mixed-Signal & Power Management",Primary,6641.5053,-0.1948,-0.2259,-0.2246,3984.9032
ALGM,"Allegro Microsystems, Inc.",Electric Vehicles & Mobility,EVs - Key Suppliers & Autonomy Tech,Secondary,6641.5053,-0.1948,-0.2259,-0.2246,2656.6021
ALGN,"Align Technology, Inc.",Healthcare & Biotech,Healthcare - Medical Devices & HealthTech Hardware,Primary,11340.8031,-0.0673,-0.0442,-0.0243,11340.8031
ALGT,Allegiant Travel Co,Transportation & Logistics,Transportation - Air Travel & Passenger Transportation,Primary,2231.5809,-0.0317,-0.1677,0.0164,2231.5809
ALK,"Alaska Air Group, Inc.",Transportation & Logistics,Transportation - Air Travel & Passenger Transportation,Primary,4638.2259,-0.0563,-0.0991,0.0053,4638.2259
ALL,Allstate Corp,Financials - Traditional,Fin Trad - Insurance & Reinsurance,Primary,65791.1112,0.0081,0.0008,0.2076,65791.1112
ALLE,Allegion Plc,Smart Home & IoT,Smart Home - Automation & Control Systems,Primary,13829.5327,0.0033,0.0604,0.252,8297.7196
ALLE,Allegion Plc,Smart Home & IoT,"Smart Home - Connectivity, Security & Networking",Secondary,13829.5327,0.0033,0.0604,0.252,5531.8131
ALLY,Ally Financial Inc.,FinTech & Digital Finance,FinTech - Digital Banking & Neobanks,Primary,12913.2769,-0.0266,-0.0041,0.0093,12913.2769
ALNY,"Alnylam Pharmaceuticals, Inc.",Healthcare & Biotech,Healthcare - Next-Gen Biotech Platforms,Primary,31580.289,0.0508,-0.1316,-0.2066,31580.289
ALRM,"Alarm.Com Holdings, Inc.",Smart Home & IoT,Smart Home - Automation & Control Systems,Primary,2826.6153,0.0469,0.112,0.3146,1695.9692
ALRM,"Alarm.Com Holdings, Inc.",Smart Home & IoT,"Smart Home - Connectivity, Security & Networking",Secondary,2826.6153,0.0469,0.112,0.3146,1130.6461
ALT,"Altimmune, Inc.",Healthcare & Biotech,Healthcare - Metabolic & Cardiometabolic,Primary,604.95,0.0367,0.1227,0.0724,604.95
ALV,"Autoliv, Inc.",Electric Vehicles & Mobility,EVs - Key Suppliers & Autonomy Tech,Primary,9021.3601,0.02,0.0484,0.0037,9021.3601
AM,Antero Midstream Corp,Energy - Traditional,Energy Base - Refining & Midstream Infrastructure,Primary,10509.2813,-0.0005,-0.0166,0.0091,6305.5688
AM,Antero Midstream Corp,Commodities - Energy,Comm Energy - Natural Gas & LNG,Secondary,10509.2813,-0.0005,-0.0166,0.0091,4203.7125
AMAT,Applied Materials Inc /De,Semiconductors,"Semis - Equipment, Lithography & Deposition",Primary,384251.9532,-0.0945,-0.0961,0.1216,230551.1719
AMAT,Applied Materials Inc /De,Artificial Intelligence,"AI - Compute, Edge & Acceleration",Secondary,384251.9532,-0.0945,-0.0961,0.1216,153700.7813
AMBA,Ambarella Inc,Industrial Automation & Robotics,Automation - Industrial Sensors & Machine Vision,Primary,3070.773,-0.1087,0.0285,-0.2005,1842.4638
AMBA,Ambarella Inc,Industrial Automation & Robotics,Robotics - Sensors & Vision Systems,Secondary,3070.773,-0.1087,0.0285,-0.2005,1228.3092
AMCR,Amcor Plc,Industrials & Construction,Industrials - Packaging & Containers,Primary,22150.9816,0.0523,0.0757,0.2691,22150.9816
AMD,Advanced Micro Devices Inc,Semiconductors,Semis - Emerging Technologies,Primary,745624.7644,-0.0973,-0.1249,-0.023,447374.8586
AMD,Advanced Micro Devices Inc,Semiconductors,"Semis - Logic & CPUs, GPUs, Accelerators",Secondary,745624.7644,-0.0973,-0.1249,-0.023,298249.9058
AME,Ametek Inc/,Hardware,Hardware - Industrial & IoT,Primary,55556.8783,-0.0466,0.0015,0.0809,33334.127
AME,Ametek Inc/,Industrial Automation & Robotics,Automation - Industrial Sensors & Machine Vision,Secondary,55556.8783,-0.0466,0.0015,0.0809,22222.7513
AMG,"Affiliated Managers Group, Inc.",Financials - Traditional,"Fin Trad - Asset Management, Custody & Alternatives",Primary,9282.1637,-0.0335,0.0018,0.1887,9282.1637
AMGN,Amgen Inc,Healthcare & Biotech,Healthcare - Metabolic & Cardiometabolic,Primary,239954.1002,0.0645,0.1872,0.3157,143972.4601
AMGN,Amgen Inc,Healthcare & Biotech,Healthcare - Oncology & Precision Cancer Therapeutics,Secondary,239954.1002,0.0645,0.1872,0.3157,95981.6401
AMH,American Homes 4 Rent,Real Estate & REITs,"Real Estate - Housing, Urban Living & Demographics",Primary,12525.1613,0.0351,0.0432,0.0895,12525.1613
AMKR,"Amkor Technology, Inc.",Semiconductors,"Semis - Testing, Packaging & Assembly",Primary,11900.8737,-0.2186,-0.2626,-0.2707,11900.8737
AMP,"Ameriprise Financial, Inc.",Financials - Traditional,"Fin Trad - Asset Management, Custody & Alternatives",Primary,49566.4169,-0.0009,0.0643,0.2445,49566.4169
AMR,"Alpha Metallurgical Resources, Inc.",Energy - Traditional,Energy Base - Coal & Thermal Power Generation,Primary,2661.7119,0.2421,0.4687,0.1975,2661.7119
AMSC,American Superconductor Corp /De/,Energy - Renewable,Energy Clean - Wind,Primary,1400.9468,-0.0999,-0.0524,-0.4421,1400.9468
AMT,American Tower Corp /Ma/,Telecommunications,Telecom - Infrastructure & Equipment,Primary,83122.6184,0.0358,0.0703,-0.0204,49873.571
AMT,American Tower Corp /Ma/,Real Estate & REITs,Real Estate - Digital Infrastructure,Secondary,83122.6184,0.0358,0.0703,-0.0204,33249.0474
AMTX,"Aemetis, Inc",Commodities - Energy,Comm Energy - Biofuels & Renewable Fuels,Primary,136.4005,0.05,0.1217,-0.2948,81.8403
AMTX,"Aemetis, Inc",Energy - Renewable,Energy Clean - Fuels & Bioenergy,Secondary,136.4005,0.05,0.1217,-0.2948,54.5602
AMWL,American Well Corp,Healthcare & Biotech,"Healthcare - Digital Health, Telemedicine & Remote Care",Primary,202.7444,-0.034,0.1027,0.4975,202.7444
AMZN,Amazon Com Inc,Cloud Computing,Cloud - Hyperscalers & Platforms,Primary,2826769.2687,0.0029,0.1291,-0.016,1696061.5612
AMZN,Amazon Com Inc,E-commerce,"E-commerce - Omnichannel Retailers, Online & Physical Stores",Secondary,2826769.2687,0.0029,0.1291,-0.016,1130707.7075
AN,"Autonation, Inc.",E-commerce,"E-commerce - Omnichannel Retailers, Online & Physical Stores",Primary,6451.1555,-0.048,-0.0627,0.0271,6451.1555
ANDE,"Andersons, Inc.",Agriculture & FoodTech,Agriculture - Agri-Food Processing & Distribution,Primary,2234.2333,-0.0453,-0.1538,-0.0691,1340.54
ANDE,"Andersons, Inc.",Commodities - Agriculture,"Comm Agri - Grains, Oilseeds & Softs",Secondary,2234.2333,-0.0453,-0.1538,-0.0691,893.6933
ANET,"Arista Networks, Inc.",Hardware,Hardware - Communications & Telecom,Primary,237299.4171,-0.0676,0.0814,0.2215,142379.6503
ANET,"Arista Networks, Inc.",Hardware,Hardware - Networking Equipment,Secondary,237299.4171,-0.0676,0.0814,0.2215,94919.7668
ANF,Abercrombie & Fitch Co /De/,Consumer Goods & Retail,Consumer - Apparel & E-Commerce Retail,Primary,4992.3471,0.0685,0.1977,0.4543,4992.3471
AON,Aon Plc,Financials - Traditional,Fin Trad - Insurance & Reinsurance,Primary,76174.2459,0.0342,-0.0049,0.1082,76174.2459
AOS,Smith A O Corp,Environmental Sustainability,Environmental - Water Infrastructure & Treatment,Primary,8524.1861,0.0215,0.0382,0.1016,8524.1861
APA,Apa Corp,Energy - Traditional,Energy Base - Oil & Gas Exploration & Production,Primary,15051.1012,0.0332,0.1884,0.115,15051.1012
APD,"Air Products & Chemicals, Inc.",Energy - Renewable,Energy Clean - Hydrogen & Fuel Cells,Primary,68195.2174,0.0179,0.0281,0.0645,68195.2174
APG,APi Group Corp,Industrials & Construction,Industrials - Engineering & Construction,Primary,17597.567,-0.0894,0.0291,-0.0219,10558.5402
APG,APi Group Corp,Industrials & Construction,Industrials - Building Products & HVAC,Secondary,17597.567,-0.0894,0.0291,-0.0219,7039.0268
APH,Amphenol Corp /De/,Hardware,Hardware - Communications & Telecom,Primary,191790.5797,-0.0897,0.0189,0.1797,191790.5797
APO,"Apollo Global Management, Inc.",Financials - Traditional,"Fin Trad - Asset Management, Custody & Alternatives",Primary,78418.2231,-0.0088,0.0876,0.0377,78418.2231
APP,Applovin Corp,Artificial Intelligence,"AI - Ads, Search & Recommendations",Primary,100308.181,-0.0429,-0.2383,-0.3801,60184.9086
APP,Applovin Corp,Digital Entertainment & Media,Entertainment - Advertising & Social Platforms,Secondary,100308.181,-0.0429,-0.2383,-0.3801,40123.2724
APPF,Appfolio Inc,Software,Software - Vertical SaaS Platforms,Primary,7972.3653,0.1487,0.3638,0.3649,7972.3653
APTV,Aptiv Plc,Industrial Automation & Robotics,"Robotics - Autonomous Vehicles, Service & Mobility",Primary,9829.3617,-0.054,-0.1629,-0.1747,5897.617
APTV,Aptiv Plc,Transportation & Logistics,Transportation - Infrastructure & Equipment,Secondary,9829.3617,-0.054,-0.1629,-0.1747,3931.7447
AR,Antero Resources Corp,Commodities - Energy,Comm Energy - Natural Gas & LNG,Primary,11651.9393,0.0412,0.0743,0.0313,11651.9393
ARAY,Accuray Inc,Industrial Automation & Robotics,Robotics - Medical & Surgical Robotics,Primary,32.4381,-0.1818,0.125,-0.129,32.4381
ARCB,Arcbest Corp /De/,Transportation & Logistics,"Transportation - Trucking, LTL & Ground Freight",Primary,3005.1395,-0.0783,-0.1279,0.0803,3005.1395
ARCT,Arcturus Therapeutics Holdings Inc.,Nanotechnology,NanoTech - Nanomedicine & Drug Delivery,Primary,407.5868,0.7617,1.5931,1.0398,407.5868
ARE,"Alexandria Real Estate Equities, Inc.",Real Estate & REITs,Real Estate - Office & Commercial Workspaces,Primary,9300.0294,0.1513,0.0609,0.1319,9300.0294
AREC,American Resources Corp,Commodities - Metals,Comm Metals - Rare Earth & Strategic Materials,Primary,268.4979,-0.1492,0.4649,0.18,268.4979
ARES,Ares Management Corp,Financials - Traditional,"Fin Trad - Asset Management, Custody & Alternatives",Primary,46181.8225,-0.0094,0.1067,0.1367,46181.8225
ARLO,"Arlo Technologies, Inc.",Smart Home & IoT,Smart Home - Connected Devices & Appliances,Primary,1408.6582,-0.0452,0.0171,-0.0053,845.1949
ARLO,"Arlo Technologies, Inc.",Smart Home & IoT,"Smart Home - Connectivity, Security & Networking",Secondary,1408.6582,-0.0452,0.0171,-0.0053,563.4633
ARLP,Alliance Resource Partners Lp,Energy - Traditional,Energy Base - Coal & Thermal Power Generation,Primary,3394.0191,0.0174,0.0935,0.086,3394.0191
ARM,Arm Holdings Plc /Uk,Semiconductors,Semis - EDA Tools & Design Software,Primary,255016.6979,-0.1203,-0.0817,-0.221,153010.0187
ARM,Arm Holdings Plc /Uk,Semiconductors,"Semis - Logic & CPUs, GPUs, Accelerators",Secondary,255016.6979,-0.1203,-0.0817,-0.221,102006.6792
ARMK,Aramark,Business Services & Consulting,"Business Services - Outsourcing, Facilities & Testing",Primary,15627.692,-0.0389,0.0388,0.1588,15627.692
ARQQ,Arqit Quantum Inc.,Semiconductors,Semis - Emerging Technologies,Primary,350.3105,-0.1733,0.209,0.1509,350.3105
ARW,"Arrow Electronics, Inc.",Industrials & Construction,Industrials - Distribution & Rental Services,Primary,10274.7505,-0.084,-0.0491,-0.0713,6164.8503
ARW,"Arrow Electronics, Inc.",Hardware,Hardware - Data Center Infrastructure & Servers,Secondary,10274.7505,-0.084,-0.0491,-0.0713,4109.9002
ARWR,"Arrowhead Pharmaceuticals, Inc.",Healthcare & Biotech,Healthcare - Genomics & Personalized Medicine,Primary,12250.9998,-0.0222,0.0132,0.1572,12250.9998
ASAN,"Asana, Inc.",Cloud Computing,Cloud - Horizontal SaaS & Cloud Applications,Primary,2249.7759,0.1053,0.4227,0.4743,2249.7759
ASB,Associated Banc-Corp,Financials - Traditional,"Fin Trad - Banks, Lending & Mortgage Finance",Primary,5835.4545,-0.0362,0.0029,0.1128,5835.4545
ASH,Ashland Inc.,Industrials & Construction,Industrials - Chemicals & Advanced Materials,Primary,3375.4291,-0.0062,0.1101,0.2978,3375.4291
ASML,Asml Holding Nv,Semiconductors,"Semis - Equipment, Lithography & Deposition",Primary,668383.9037,-0.0759,-0.0084,0.067,401030.3422
ASML,Asml Holding Nv,Hardware,Hardware - Next-Gen & Specialty,Secondary,668383.9037,-0.0759,-0.0084,0.067,267353.5615
ASPN,Aspen Aerogels Inc,Nanotechnology,NanoTech - Energy & Environment,Primary,415.7738,-0.1392,0.0728,-0.1347,415.7738
ASTS,"Ast Spacemobile, Inc.",Telecommunications,Telecom - Satellite & Space Communication,Primary,24264.5914,-0.1236,0.1094,-0.411,14558.7548
ASTS,"Ast Spacemobile, Inc.",Space Tech,"Space - Infrastructure, Exploration & Launch",Secondary,24264.5914,-0.1236,0.1094,-0.411,9705.8366
ASX,"Ase Technology Holding Co., Ltd.",Semiconductors,"Semis - Testing, Packaging & Assembly",Primary,94356.8404,-0.092,-0.0163,0.0516,94356.8404
ATAI,Atai Life Sciences N.V.,Healthcare & Biotech,"Healthcare - Regenerative Medicine, Psychedelics, Cannabis",Primary,2736.9812,0.0193,0.0279,0.7083,2736.9812
ATI,Ati Inc,Defense & Aerospace,Defense - Secure Defense Supply Chains,Primary,28569.9072,-0.0948,0.0607,0.2928,28569.9072
ATLX,Atlas Lithium Corp,Commodities - Metals,Comm Metals - Battery & Energy Transition Metals,Primary,100.8343,0.0772,0.2007,-0.2005,100.8343
ATO,Atmos Energy Corp,Energy - Traditional,Energy Base - Utilities & Conventional Power Operators,Primary,28359.6616,-0.0063,-0.058,-0.0451,17015.797
ATO,Atmos Energy Corp,Commodities - Energy,Comm Energy - Natural Gas & LNG,Secondary,28359.6616,-0.0063,-0.058,-0.0451,11343.8646
ATOM,Atomera Inc,Nanotechnology,NanoTech - Research Tools & Advanced Instruments,Primary,176.3887,-0.1661,-0.1274,-0.5108,176.3887
ATR,"Aptargroup, Inc.",Industrials & Construction,Industrials - Packaging & Containers,Primary,8567.5571,0.0228,0.0217,0.1634,5140.5343
ATR,"Aptargroup, Inc.",Nanotechnology,NanoTech - Nanomedicine & Drug Delivery,Secondary,8567.5571,0.0228,0.0217,0.1634,3427.0228
AU,Anglogold Ashanti Plc,Commodities - Metals,Comm Metals - Gold,Primary,60930.0234,0.2171,0.5216,0.3538,60930.0234
AUID,Authid Inc.,Cybersecurity,"Cybersecurity - Identity, Biometrics & Access Management",Primary,7.6562,0.145,-0.3877,-0.6085,7.6562
AUR,"Aurora Innovation, Inc.",Industrial Automation & Robotics,"Robotics - Autonomous Vehicles, Service & Mobility",Primary,11403.6439,-0.1836,-0.0437,-0.1952,6842.1863
AUR,"Aurora Innovation, Inc.",Transportation & Logistics,Transportation - Urban Mobility & Emerging Transport Tech,Secondary,11403.6439,-0.1836,-0.0437,-0.1952,4561.4576
AVAV,Aerovironment Inc,Defense & Aerospace,Defense - Drones & Anti-Drone Systems,Primary,7531.9117,-0.1818,-0.0088,-0.1494,7531.9117
AVGO,Broadcom Inc.,Semiconductors,"Semis - Logic & CPUs, GPUs, Accelerators",Primary,1706829.5455,-0.0858,-0.0606,-0.1324,1024097.7273
AVGO,Broadcom Inc.,Semiconductors,Semis - Wireless & Connectivity,Secondary,1706829.5455,-0.0858,-0.0606,-0.1324,682731.8182
AVNT,Avient Corp,Industrials & Construction,Industrials - Chemicals & Advanced Materials,Primary,4074.1824,-0.0214,0.1814,0.3044,4074.1824
AVT,"Avnet, Inc.",Industrials & Construction,Industrials - Distribution & Rental Services,Primary,7079.615,-0.1254,-0.0353,0.0079,4247.769
AVT,"Avnet, Inc.",Hardware,Hardware - Data Center Infrastructure & Servers,Secondary,7079.615,-0.1254,-0.0353,0.0079,2831.846
AVTR,"Avantor, Inc.",Nanotechnology,NanoTech - Research Tools & Advanced Instruments,Primary,9644.8778,0.0563,0.2465,0.7562,5786.9267
AVTR,"Avantor, Inc.",Healthcare & Biotech,Healthcare - Next-Gen Biotech Platforms,Secondary,9644.8778,0.0563,0.2465,0.7562,3857.9511
AVY,Avery Dennison Corp,Industrials & Construction,Industrials - Packaging & Containers,Primary,13921.5247,0.04,0.1416,0.1579,8352.9148
AVY,Avery Dennison Corp,Industrial Automation & Robotics,"Automation - Industrial IoT, Connectivity",Secondary,13921.5247,0.04,0.1416,0.1579,5568.6099
AWK,"American Water Works Company, Inc.",Environmental Sustainability,Environmental - Water Infrastructure & Treatment,Primary,27804.1743,0.0414,0.0459,0.1249,27804.1743
AWR,American States Water Co,Environmental Sustainability,Environmental - Water Infrastructure & Treatment,Primary,3610.8052,0.0368,0.0608,0.196,3610.8052
AWRE,Aware Inc /Ma/,Cybersecurity,"Cybersecurity - Identity, Biometrics & Access Management",Primary,27.2658,0.0684,0.1468,0.0,27.2658
AXON,"Axon Enterprise, Inc.",Defense & Aerospace,Defense - Cyber Defense & Electronic Warfare,Primary,48546.6685,-0.0111,0.1896,0.5482,29128.0011
AXON,"Axon Enterprise, Inc.",Defense & Aerospace,Defense - Secure Defense Supply Chains,Secondary,48546.6685,-0.0111,0.1896,0.5482,19418.6674
AXP,American Express Co,FinTech & Digital Finance,FinTech - Digital Payments & Merchant Infrastructure,Primary,227802.2513,0.0033,0.0342,0.0849,227802.2513
AXTA,Axalta Coating Systems Ltd.,Industrials & Construction,Industrials - Chemicals & Advanced Materials,Primary,7717.5613,-0.0014,0.1007,0.2341,7717.5613
AYI,Acuity Inc.,Industrials & Construction,Industrials - Building Products & HVAC,Primary,10076.0064,-0.0661,0.0195,0.1711,6045.6038
AYI,Acuity Inc.,Smart Home & IoT,Smart Home - Automation & Control Systems,Secondary,10076.0064,-0.0661,0.0195,0.1711,4030.4026
AZN,Astrazeneca Plc,Healthcare & Biotech,Healthcare - Oncology & Precision Cancer Therapeutics,Primary,258548.2035,0.0626,-0.0151,-0.1086,258548.2035
AZO,Autozone Inc,E-commerce,"E-commerce - Omnichannel Retailers, Online & Physical Stores",Primary,49130.1754,-0.0033,0.0176,-0.1166,49130.1754
B,Barrick Mining Corporation,Commodities - Metals,Comm Metals - Gold,Primary,79265.792,0.1326,0.2978,0.1889,47559.4752
B,Barrick Mining Corporation,Commodities - Metals,Comm Metals - Precious Metals,Secondary,79265.792,0.1326,0.2978,0.1889,31706.3168
BA,Boeing Co,Defense & Aerospace,Defense - Next-Generation Aircraft & Maintenance,Primary,166341.2797,-0.0686,0.0045,-0.0391,99804.7678
BA,Boeing Co,Defense & Aerospace,Defense - Secure Defense Supply Chains,Secondary,166341.2797,-0.0686,0.0045,-0.0391,66536.5119
BABA,Alibaba Group Holding Ltd,Cloud Computing,Cloud - Hyperscalers & Platforms,Primary,283957.6248,-0.05,0.0564,-0.0803,283957.6248
BAC,Bank Of America Corp,Financials - Traditional,"Fin Trad - Banks, Lending & Mortgage Finance",Primary,435858.0142,-0.0244,0.0045,0.2095,435858.0142
BAH,Booz Allen Hamilton Holding Corp,Defense & Aerospace,Defense - Cyber Defense & Electronic Warfare,Primary,9047.8356,0.0033,0.045,-0.0295,9047.8356
BALL,Ball Corp,Environmental Sustainability,Environmental - Waste Management & Recycling,Primary,17052.1897,0.053,0.0091,0.1442,17052.1897
BALY,Bally'S Corp,Digital Entertainment & Media,Entertainment - iGaming & Online Gambling,Primary,467.3478,-0.1018,-0.3251,-0.2985,467.3478
BAX,Baxter International Inc,Healthcare & Biotech,Healthcare - Senior Care & Longevity,Primary,13695.2238,0.0224,0.1826,0.3818,13695.2238
BB,Blackberry Ltd,Smart Home & IoT,"Smart Home & IoT - Devices, Sensors & Connectivity",Primary,4483.6685,-0.1237,-0.1042,-0.0329,4483.6685
BBAI,"Bigbear.Ai Holdings, Inc.",Industrial Automation & Robotics,"Robotics - Autonomous Vehicles, Service & Mobility",Primary,1472.0481,-0.0436,0.1123,-0.2656,883.2289
BBAI,"Bigbear.Ai Holdings, Inc.",Artificial Intelligence,"AI - Apps, Domain-Specific AI",Secondary,1472.0481,-0.0436,0.1123,-0.2656,588.8192
BBWI,"Bath & Body Works, Inc.",Consumer Goods & Retail,Consumer - Household & Personal Care,Primary,3863.9398,0.0296,-0.0268,0.1028,3863.9398
BBY,Best Buy Co Inc,E-commerce,"E-commerce - Omnichannel Retailers, Online & Physical Stores",Primary,18437.9089,0.0239,0.024,0.4383,11062.7453
BBY,Best Buy Co Inc,E-commerce,E-commerce - Retail Media & Advertising,Secondary,18437.9089,0.0239,0.024,0.4383,7375.1636
BC,Brunswick Corp,Consumer Goods & Retail,Consumer - Modern Luxury & Lifestyle,Primary,5264.791,-0.0074,0.0222,0.009,5264.791
BCO,Brink's Co,Business Services & Consulting,"Business Services - Outsourcing, Facilities & Testing",Primary,4644.396,0.0135,-0.0736,0.0789,4644.396
BDC,Belden Inc.,Hardware,Hardware - Networking Equipment,Primary,4562.7699,-0.1514,0.1362,0.1017,2737.6619
BDC,Belden Inc.,Industrial Automation & Robotics,Automation - Industrial Software & Digital Twin,Secondary,4562.7699,-0.1514,0.1362,0.1017,1825.108
BDX,Becton Dickinson & Co,Healthcare & Biotech,Healthcare - Medical Devices & HealthTech Hardware,Primary,51955.0607,0.0475,0.2199,0.3011,51955.0607
BE,Bloom Energy Corp,Energy - Renewable,Energy Clean - Hydrogen & Fuel Cells,Primary,60089.4751,-0.1212,0.1035,-0.3255,60089.4751
BEAM,Beam Therapeutics Inc.,Healthcare & Biotech,Healthcare - Next-Gen Biotech Platforms,Primary,2926.1394,0.0454,0.1287,-0.0108,2926.1394
BEEM,Beam Global,Electric Vehicles & Mobility,EVs - Charging & Infrastructure,Primary,31.7483,0.2544,0.4158,0.0,19.049
BEEM,Beam Global,Electric Vehicles & Mobility,EVs - Autonomous Driving & Fleet,Secondary,31.7483,0.2544,0.4158,0.0,12.6993
BEN,"Franklin Resources, Inc.",Financials - Traditional,"Fin Trad - Asset Management, Custody & Alternatives",Primary,17589.6207,0.0126,0.0656,0.1273,17589.6207
BEP,Brookfield Renewable Partners L.P.,Energy - Renewable,Energy Clean - Solar,Primary,15737.3184,-0.0607,-0.0232,-0.0796,9442.391
BEP,Brookfield Renewable Partners L.P.,Energy - Renewable,Energy Clean - Wind,Secondary,15737.3184,-0.0607,-0.0232,-0.0796,6294.9274
BEPC,Brookfield Renewable Corp,Environmental Sustainability,Environmental - Climate Technologies & Carbon Solutions,Primary,6102.5039,-0.0632,-0.0194,-0.1145,3661.5023
BEPC,Brookfield Renewable Corp,Environmental Sustainability,Environmental - Sustainable Agriculture & Resource Management,Secondary,6102.5039,-0.0632,-0.0194,-0.1145,2441.0016
BF.B,Brown-Forman Corp,Consumer Goods & Retail,"Consumer - Health, Food & Beverages",Primary,13192.3476,0.0424,0.1024,0.1069,13192.3476
BG,Bunge Global Sa,Agriculture & FoodTech,Agriculture - Agri-Food Processing & Distribution,Primary,21163.8436,-0.0353,-0.0878,-0.0816,12698.3062
BG,Bunge Global Sa,Commodities - Agriculture,"Comm Agri - Grains, Oilseeds & Softs",Secondary,21163.8436,-0.0353,-0.0878,-0.0816,8465.5374
BHF,"Brighthouse Financial, Inc.",Financials - Traditional,Fin Trad - Insurance & Reinsurance,Primary,2984.8502,-0.0689,-0.1791,-0.1692,2984.8502
BHP,Bhp Group Ltd,Energy - Renewable,Energy Clean - Materials & Critical Metals,Primary,246853.6484,0.0991,0.1602,0.1481,148112.189
BHP,Bhp Group Ltd,Commodities - Metals,Comm Metals - Industrial & Base Metals,Secondary,246853.6484,0.0991,0.1602,0.1481,98741.4594
BIDU,"Baidu, Inc.",Artificial Intelligence,"AI - Ads, Search & Recommendations",Primary,31266.2139,-0.1147,-0.1249,-0.2787,18759.7283
BIDU,"Baidu, Inc.",Artificial Intelligence,"AI - Apps, Domain-Specific AI",Secondary,31266.2139,-0.1147,-0.1249,-0.2787,12506.4856
BIIB,Biogen Inc.,Healthcare & Biotech,Healthcare - Age-Related & Longevity Therapeutics,Primary,32228.1021,0.0429,0.0788,0.1257,32228.1021
BILL,"Bill Holdings, Inc.",FinTech & Digital Finance,FinTech - Digital Payments & Merchant Infrastructure,Primary,4796.5783,-0.007,0.1069,0.3326,4796.5783
BIO,"Bio-Rad Laboratories, Inc.",Healthcare & Biotech,"Healthcare - Diagnostics, Biomarkers & Liquid Biopsy",Primary,10207.5658,0.0747,0.214,0.3268,10207.5658
BIOX,Bioceres Crop Solutions Corp.,Agriculture & FoodTech,Agriculture - Agricultural Inputs & Crop Science,Primary,26.2921,-0.0572,0.2012,-0.0048,26.2921
BIRD,"Allbirds, Inc.",E-commerce,E-commerce - Direct-to-Consumer,Primary,21.2226,0.1112,0.1203,-0.2823,21.2226
BJ,"BJ's Wholesale Club Holdings, Inc.",E-commerce,"E-commerce - Omnichannel Retailers, Online & Physical Stores",Primary,12576.5806,0.043,0.0597,0.1368,7545.9484
BJ,"BJ's Wholesale Club Holdings, Inc.",E-commerce,E-commerce - Grocery & Local Commerce Platforms,Secondary,12576.5806,0.043,0.0597,0.1368,5030.6322
BKD,Brookdale Senior Living Inc.,Healthcare & Biotech,Healthcare - Senior Care & Longevity,Primary,2894.465,-0.009,-0.2,-0.0887,2894.465
BKH,Black Hills Corp,Energy - Traditional,Energy Base - Utilities & Conventional Power Operators,Primary,5492.5138,-0.0185,-0.0342,-0.0212,3295.5083
BKH,Black Hills Corp,Commodities - Energy,Comm Energy - Natural Gas & LNG,Secondary,5492.5138,-0.0185,-0.0342,-0.0212,2197.0055
BKKT,"Bakkt Holdings, Inc.",Crypto & Blockchain,"Blockchain - Platforms, Tokenization & Financial Services",Primary,368.6682,0.1489,0.0995,-0.3114,368.6682
BKNG,Booking Holdings Inc.,Consumer Goods & Retail,Consumer - Resale & Sharing Platforms,Primary,160314.54,0.042,0.2023,0.3281,96188.724
BKNG,Booking Holdings Inc.,Real Estate & REITs,"Real Estate - Travel, Leisure & Entertainment Properties",Secondary,160314.54,0.042,0.2023,0.3281,64125.816
BKR,Baker Hughes Co,Energy - Traditional,Energy Base - Oilfield Services & Equipment,Primary,61530.9025,-0.0448,0.0868,-0.0582,61530.9025
BKSY,Blacksky Technology Inc.,Defense & Aerospace,Defense - Space Technology & Satellite Services,Primary,1047.2669,-0.1683,0.1864,-0.4654,628.3601
BKSY,Blacksky Technology Inc.,Space Tech,Space - Data Analytics & Earth Observation,Secondary,1047.2669,-0.1683,0.1864,-0.4654,418.9068
BKYI,Bio Key International Inc,Cybersecurity,"Cybersecurity - Identity, Biometrics & Access Management",Primary,4.2659,-0.0541,-0.3473,-0.3747,4.2659
BLD,Topbuild Corp,Industrials & Construction,Industrials - Building Products & HVAC,Primary,9935.5501,,,,9935.5501
BLDP,Ballard Power Systems Inc.,Energy - Renewable,Energy Clean - Hydrogen & Fuel Cells,Primary,690.4499,-0.1192,-0.2103,-0.5866,690.4499
BLDR,"Builders Firstsource, Inc.",Industrials & Construction,Industrials - Building Products & HVAC,Primary,7555.4232,0.0001,-0.0362,-0.053,4533.2539
BLDR,"Builders Firstsource, Inc.",Industrials & Construction,Industrials - Distribution & Rental Services,Secondary,7555.4232,0.0001,-0.0362,-0.053,3022.1693
BLK,"Blackrock, Inc.",Financials - Traditional,"Fin Trad - Asset Management, Custody & Alternatives",Primary,190521.2129,0.0222,0.1108,0.099,114312.7277
BLK,"Blackrock, Inc.",Crypto & Blockchain,"Blockchain - Platforms, Tokenization & Financial Services",Secondary,190521.2129,0.0222,0.1108,0.099,76208.4852
BLKB,Blackbaud Inc,Software,Software - Vertical SaaS Platforms,Primary,2181.9018,0.1079,0.4696,0.6256,2181.9018
BLNK,Blink Charging Co.,Electric Vehicles & Mobility,EVs - Charging & Infrastructure,Primary,84.7457,0.0052,0.1185,-0.2866,84.7457
BMBL,Bumble Inc.,Digital Entertainment & Media,Entertainment - Advertising & Social Platforms,Primary,436.6678,0.0962,0.0142,-0.0836,436.6678
BMRN,Biomarin Pharmaceutical Inc.,Healthcare & Biotech,Healthcare - Genomics & Personalized Medicine,Primary,12595.8441,-0.0236,0.0967,0.203,12595.8441
BMY,Bristol Myers Squibb Co,Healthcare & Biotech,Healthcare - Oncology & Precision Cancer Therapeutics,Primary,137433.8335,0.041,0.0836,0.1443,82460.3001
BMY,Bristol Myers Squibb Co,Healthcare & Biotech,Healthcare - Age-Related & Longevity Therapeutics,Secondary,137433.8335,0.041,0.0836,0.1443,54973.5334
BNED,"Barnes & Noble Education, Inc.",Education Technology,Education - Digital Curriculum,Primary,430.1924,0.0455,0.0446,0.3105,430.1924
BNTX,Biontech Se,Healthcare & Biotech,Healthcare - Next-Gen Biotech Platforms,Primary,28340.8773,0.2317,0.263,0.2244,17004.5264
BNTX,Biontech Se,Healthcare & Biotech,Healthcare - Oncology & Precision Cancer Therapeutics,Secondary,28340.8773,0.2317,0.263,0.2244,11336.3509
BNY,BNY Mellon Corp,Financials - Traditional,"Fin Trad - Asset Management, Custody & Alternatives",Primary,110012.6618,-0.013,0.0244,0.1699,110012.6618
BODI,"Beachbody Company, Inc.",Healthcare & Biotech,Healthcare - Healthy Aging & Nutrition,Primary,44.364,-0.0484,-0.4413,-0.4303,44.364
BP,Bp Plc,Energy - Traditional,Energy Base - Integrated Energy Majors,Primary,112645.4804,0.0208,0.0104,-0.0019,67587.2882
BP,Bp Plc,Commodities - Energy,Comm Energy - Crude Oil,Secondary,112645.4804,0.0208,0.0104,-0.0019,45058.1922
BR,"Broadridge Financial Solutions, Inc.",FinTech & Digital Finance,FinTech - Exchanges & Market Infrastructure,Primary,21145.342,0.1049,0.2453,0.2407,12687.2052
BR,"Broadridge Financial Solutions, Inc.",Big Data & Analytics,"Big Data - Data Generation, Sourcing & Providers",Secondary,21145.342,0.1049,0.2453,0.2407,8458.1368
BRBR,"Bellring Brands, Inc.",Consumer Goods & Retail,"Consumer - Health, Food & Beverages",Primary,1261.6184,0.0658,-0.1622,0.2177,1261.6184
BRK-B,Berkshire Hathaway Inc.,Conglomerates & Diversified Holdings,Diversified Holdings & Multi-Industry Conglomerates,Primary,1079602.774,0.0122,0.019,0.0369,1079602.774
BRKR,Bruker Corp,Nanotechnology,NanoTech - Research Tools & Advanced Instruments,Primary,8681.4331,-0.012,-0.0574,0.2482,8681.4331
BRO,"Brown & Brown, Inc.",Financials - Traditional,Fin Trad - Insurance & Reinsurance,Primary,24968.6262,0.0836,0.1054,0.2935,24968.6262
BROS,Dutch Bros Inc.,Consumer Goods & Retail,Consumer - Restaurants & Dining,Primary,9111.8449,0.0303,-0.1883,-0.0033,9111.8449
BRX,Brixmor Property Group Inc.,Real Estate & REITs,Real Estate - Retail & Consumer Real Estate,Primary,9077.2828,-0.006,-0.0882,-0.0313,9077.2828
BRZE,"Braze, Inc.",Software,"Software - Collaboration, CRM & Communications",Primary,3541.1397,0.1249,0.4449,0.2912,3541.1397
BSX,Boston Scientific Corp,Healthcare & Biotech,Healthcare - Medical Devices & HealthTech Hardware,Primary,71026.7372,-0.0471,0.1076,-0.1518,42616.0423
BSX,Boston Scientific Corp,Healthcare & Biotech,Healthcare - Senior Care & Longevity,Secondary,71026.7372,-0.0471,0.1076,-0.1518,28410.6949
BSY,Bentley Systems Inc,Industrial Automation & Robotics,Automation - Industrial Software & Digital Twin,Primary,11382.8608,0.0846,0.2,0.1386,6829.7165
BSY,Bentley Systems Inc,Software,Software - Vertical SaaS Platforms,Secondary,11382.8608,0.0846,0.2,0.1386,4553.1443
BTDR,Bitdeer Technologies Group,Crypto & Blockchain,Blockchain - Cryptocurrency Mining & Staking,Primary,2965.1443,0.1619,-0.0562,-0.2553,2965.1443
BTU,Peabody Energy Corp,Energy - Traditional,Energy Base - Coal & Thermal Power Generation,Primary,3401.0099,0.0768,0.2275,0.14,3401.0099
BURL,"Burlington Stores, Inc.",E-commerce,"E-commerce - Omnichannel Retailers, Online & Physical Stores",Primary,20811.2128,-0.0184,-0.0552,0.0189,12486.7277
BURL,"Burlington Stores, Inc.",Consumer Goods & Retail,Consumer - Apparel & E-Commerce Retail,Secondary,20811.2128,-0.0184,-0.0552,0.0189,8324.4851
BVN,Buenaventura Mining Co Inc,Commodities - Metals,Comm Metals - Precious Metals,Primary,8940.3379,0.0365,0.1388,0.052,8940.3379
BWA,Borgwarner Inc,Electric Vehicles & Mobility,EVs - Key Suppliers & Autonomy Tech,Primary,13107.967,-0.0793,-0.0005,-0.0199,13107.967
BWXT,"Bwx Technologies, Inc.",Energy - Traditional,Energy Base - Nuclear Power & Advanced Reactors,Primary,13699.3198,-0.127,-0.1419,-0.262,8219.5919
BWXT,"Bwx Technologies, Inc.",Commodities - Energy,Comm Energy - Uranium & Nuclear Fuels,Secondary,13699.3198,-0.127,-0.1419,-0.262,5479.7279
BX,Blackstone Inc.,Financials - Traditional,"Fin Trad - Asset Management, Custody & Alternatives",Primary,171692.5727,0.0218,0.1162,0.2244,171692.5727
BXP,"Bxp, Inc.",Real Estate & REITs,Real Estate - Office & Commercial Workspaces,Primary,12659.6106,0.0495,0.0127,0.1731,12659.6106
BYD,Boyd Gaming Corp,Digital Entertainment & Media,Entertainment - iGaming & Online Gambling,Primary,5885.0888,-0.0214,-0.0694,0.0236,5885.0888
BYND,"Beyond Meat, Inc.",Agriculture & FoodTech,Agriculture - Alternative Proteins,Primary,243.2946,0.2167,24.3131,17.4726,145.9768
BYND,"Beyond Meat, Inc.",Consumer Goods & Retail,"Consumer - Health, Food & Beverages",Secondary,243.2946,0.2167,24.3131,17.4726,97.3178
C,Citigroup Inc,Financials - Traditional,"Fin Trad - Banks, Lending & Mortgage Finance",Primary,220951.9698,-0.049,0.0015,0.0584,220951.9698
CACI,Caci International Inc /De/,Defense & Aerospace,Defense - Cyber Defense & Electronic Warfare,Primary,14066.3572,-0.0198,0.3076,0.2696,14066.3572
CAH,"Cardinal Health, Inc.",Healthcare & Biotech,"Healthcare - IT, Services & Data Infrastructure",Primary,54043.6193,-0.014,0.019,0.1604,54043.6193
CALM,Cal-Maine Foods Inc,Commodities - Agriculture,Comm Agri - Livestock & Animal Protein,Primary,3951.327,0.0517,-0.0633,0.0986,3951.327
CAMT,Camtek Ltd,Semiconductors,"Semis - Testing, Packaging & Assembly",Primary,6642.2815,-0.1715,-0.0369,-0.1496,6642.2815
CAR,"Avis Budget Group, Inc.",Transportation & Logistics,Transportation - Urban Mobility & Emerging Transport Tech,Primary,5188.6464,0.0395,-0.079,-0.1207,5188.6464
CARR,Carrier Global Corp,Smart Home & IoT,Smart Home - Automation & Control Systems,Primary,49434.7756,-0.0414,-0.1294,-0.0468,49434.7756
CART,Maplebear Inc.,E-commerce,E-commerce - Grocery & Local Commerce Platforms,Primary,11987.073,0.0598,0.2267,0.2562,7192.2438
CART,Maplebear Inc.,E-commerce,E-commerce - Retail Media & Advertising,Secondary,11987.073,0.0598,0.2267,0.2562,4794.8292
CASY,"Casey's General Stores, Inc.",E-commerce,E-commerce - Grocery & Local Commerce Platforms,Primary,31609.9666,-0.0182,-0.0079,0.0362,31609.9666
CAT,Caterpillar Inc,Transportation & Logistics,Transportation - Infrastructure & Equipment,Primary,372805.5337,-0.0801,-0.0874,-0.0766,223683.3202
CAT,Caterpillar Inc,Industrial Automation & Robotics,"Robotics - Autonomous Vehicles, Service & Mobility",Secondary,372805.5337,-0.0801,-0.0874,-0.0766,149122.2135
CAVA,"Cava Group, Inc.",Consumer Goods & Retail,Consumer - Restaurants & Dining,Primary,8401.8698,0.0128,0.16,-0.1056,8401.8698
CB,Chubb Limited,Financials - Traditional,Fin Trad - Insurance & Reinsurance,Primary,133421.1625,0.0146,-0.0387,0.058,133421.1625
CBOE,"Cboe Global Markets, Inc.",FinTech & Digital Finance,FinTech - Exchanges & Market Infrastructure,Primary,32174.1517,0.0444,0.0808,-0.136,32174.1517
CBRE,"CBRE Group, Inc.",Real Estate & REITs,Real Estate - Office & Commercial Workspaces,Primary,43995.1729,0.0268,0.0894,0.1592,43995.1729
CBSH,"Commerce Bancshares, Inc.",Financials - Traditional,"Fin Trad - Banks, Lending & Mortgage Finance",Primary,8409.4285,-0.0181,-0.0078,0.1254,8409.4285
CBT,Cabot Corp,Industrials & Construction,Industrials - Chemicals & Advanced Materials,Primary,4330.8088,-0.0292,-0.0696,0.0111,2598.4853
CBT,Cabot Corp,Electric Vehicles & Mobility,EVs - Batteries & Materials,Secondary,4330.8088,-0.0292,-0.0696,0.0111,1732.3235
CBUS,"Cibus, Inc.",Agriculture & FoodTech,Agriculture - Agricultural Inputs & Crop Science,Primary,132.2221,0.0359,0.0176,0.2536,132.2221
CCI,Crown Castle Inc.,Telecommunications,Telecom - Infrastructure & Equipment,Primary,33386.8012,0.0263,0.02,-0.1549,20032.0807
CCI,Crown Castle Inc.,Real Estate & REITs,Real Estate - Digital Infrastructure,Secondary,33386.8012,0.0263,0.02,-0.1549,13354.7205
CCJ,Cameco Corp,Energy - Traditional,Energy Base - Nuclear Power & Advanced Reactors,Primary,44541.9561,0.0374,0.164,-0.0237,26725.1737
CCJ,Cameco Corp,Commodities - Energy,Comm Energy - Uranium & Nuclear Fuels,Secondary,44541.9561,0.0374,0.164,-0.0237,17816.7824
CCK,"Crown Holdings, Inc.",Industrials & Construction,Industrials - Packaging & Containers,Primary,13025.1592,0.0303,0.0189,0.2419,13025.1592
CCL,Carnival Corp,Real Estate & REITs,"Real Estate - Travel, Leisure & Entertainment Properties",Primary,35213.6765,-0.0728,-0.0184,-0.0052,35213.6765
CDE,"Coeur Mining, Inc.",Commodities - Metals,Comm Metals - Gold,Primary,21463.2817,0.0813,0.38,0.1843,21463.2817
CDLR,Cadeler A/S,Energy - Renewable,Energy Clean - Wind,Primary,2312.4101,0.0252,0.0592,-0.1026,2312.4101
CDNA,"Caredx, Inc.",Healthcare & Biotech,Healthcare - Genomics & Personalized Medicine,Primary,2457.3757,0.0241,0.2789,1.196,2457.3757
CDNS,Cadence Design Systems Inc,Semiconductors,Semis - EDA Tools & Design Software,Primary,87002.1612,-0.0233,-0.0316,-0.1544,52201.2967
CDNS,Cadence Design Systems Inc,Industrial Automation & Robotics,Automation - Industrial Software & Digital Twin,Secondary,87002.1612,-0.0233,-0.0316,-0.1544,34800.8645
CDP,COPT Defense Properties,Real Estate & REITs,Real Estate - Office & Commercial Workspaces,Primary,4339.5333,0.0177,-0.015,0.1762,2603.72
CDP,COPT Defense Properties,Defense & Aerospace,Defense - Secure Defense Supply Chains,Secondary,4339.5333,0.0177,-0.015,0.1762,1735.8133
CDW,CDW Corp,Industrials & Construction,Industrials - Distribution & Rental Services,Primary,16566.058,-0.0206,-0.0098,0.1957,9939.6348
CDW,CDW Corp,Hardware,Hardware - Data Center Infrastructure & Servers,Secondary,16566.058,-0.0206,-0.0098,0.1957,6626.4232
CECO,Ceco Environmental Corp,Environmental Sustainability,Environmental - Clean Technologies & Pollution Control,Primary,4176.0292,-0.1527,-0.0573,-0.1274,4176.0292
CEG,Constellation Energy Corp,Energy - Traditional,Energy Base - Nuclear Power & Advanced Reactors,Primary,96878.2643,-0.0156,-0.0018,-0.0688,58126.9586
CEG,Constellation Energy Corp,Energy - Traditional,Energy Base - Utilities & Conventional Power Operators,Secondary,96878.2643,-0.0156,-0.0018,-0.0688,38751.3057
CELH,"Celsius Holdings, Inc.",Healthcare & Biotech,Healthcare - Healthy Aging & Nutrition,Primary,8863.8167,0.1696,0.2917,0.163,5318.29
CELH,"Celsius Holdings, Inc.",Consumer Goods & Retail,"Consumer - Health, Food & Beverages",Secondary,8863.8167,0.1696,0.2917,0.163,3545.5267
CENX,Century Aluminum Co,Commodities - Metals,Comm Metals - Industrial & Base Metals,Primary,4322.0475,-0.0734,-0.0552,-0.3288,4322.0475
CEVA,Ceva Inc,Artificial Intelligence,"AI - Compute, Edge & Acceleration",Primary,751.1507,-0.1843,-0.266,-0.3234,751.1507
CF,"Cf Industries Holdings, Inc.",Agriculture & FoodTech,Agriculture - Agricultural Inputs & Crop Science,Primary,19558.9407,0.0973,0.0387,0.0674,11735.3644
CF,"Cf Industries Holdings, Inc.",Commodities - Agriculture,"Comm Agri - Fertilizers, Crop Inputs & Seeds",Secondary,19558.9407,0.0973,0.0387,0.0674,7823.5763
CFG,"Citizens Financial Group, Inc.",Financials - Traditional,"Fin Trad - Banks, Lending & Mortgage Finance",Primary,29579.2476,-0.0549,-0.0166,0.124,29579.2476
CFR,"Cullen/Frost Bankers, Inc.",Financials - Traditional,"Fin Trad - Banks, Lending & Mortgage Finance",Primary,10216.6385,-0.0219,0.001,0.1884,10216.6385
CG,Carlyle Group Inc.,Financials - Traditional,"Fin Trad - Asset Management, Custody & Alternatives",Primary,17510.1932,0.0124,0.0901,0.0894,17510.1932
CGC,Canopy Growth Corp,Healthcare & Biotech,"Healthcare - Regenerative Medicine, Psychedelics, Cannabis",Primary,499.3386,0.05,0.1811,0.0096,499.3386
CGNX,Cognex Corp,Industrial Automation & Robotics,Automation - Industrial Sensors & Machine Vision,Primary,9847.8234,-0.1198,-0.0552,-0.113,5908.694
CGNX,Cognex Corp,Industrial Automation & Robotics,Automation - Smart Logistics & Warehouse Automation,Secondary,9847.8234,-0.1198,-0.0552,-0.113,3939.1294
CHD,Church & Dwight Co Inc /De/,Healthcare & Biotech,Healthcare - Healthy Aging & Nutrition,Primary,24320.5161,0.0464,0.0533,0.0685,14592.3097
CHD,Church & Dwight Co Inc /De/,Consumer Goods & Retail,"Consumer - Health, Food & Beverages",Secondary,24320.5161,0.0464,0.0533,0.0685,9728.2064
CHDN,Churchill Downs Inc,Digital Entertainment & Media,Entertainment - iGaming & Online Gambling,Primary,6322.5088,0.0113,0.0487,0.0657,6322.5088
CHE,Chemed Corp,Healthcare & Biotech,Healthcare - Senior Care & Longevity,Primary,7075.2932,0.0312,0.0605,0.2354,7075.2932
CHGG,"Chegg, Inc",Education Technology,"Education - Platforms, Infrastructure & Online Learning",Primary,88.8553,0.039,-0.1667,-0.4839,88.8553
CHH,"Choice Hotels International, Inc.",Real Estate & REITs,"Real Estate - Travel, Leisure & Entertainment Properties",Primary,5055.4593,0.059,0.0054,-0.0151,5055.4593
CHKP,Check Point Software Technologies Ltd,Cybersecurity,Cybersecurity - Cloud Security,Primary,13324.1324,0.0275,-0.0005,-0.0234,7994.4794
CHKP,Check Point Software Technologies Ltd,Cybersecurity,"Cybersecurity - Endpoint, Identity & Zero Trust",Secondary,13324.1324,0.0275,-0.0005,-0.0234,5329.653
CHPT,"Chargepoint Holdings, Inc.",Electric Vehicles & Mobility,EVs - Charging & Infrastructure,Primary,153.314,0.0068,0.1563,-0.1567,153.314
CHRD,Chord Energy Corp,Energy - Traditional,Energy Base - Oil & Gas Exploration & Production,Primary,7913.1412,0.0215,0.0549,0.0137,7913.1412
CHRW,"C. H. Robinson Worldwide, Inc.",Transportation & Logistics,"Transportation - Logistics, Warehousing & Supply Chain Solutions",Primary,16693.3709,-0.0133,-0.234,-0.1772,16693.3709
CHTR,"Charter Communications, Inc. /Mo/",Telecommunications,"Telecom - 5G, Wireless & Carriers",Primary,20257.0568,0.043,0.2189,0.0355,12154.2341
CHTR,"Charter Communications, Inc. /Mo/",Smart Home & IoT,"Smart Home - Connectivity, Security & Networking",Secondary,20257.0568,0.043,0.2189,0.0355,8102.8227
CHWY,"Chewy, Inc.",E-commerce,E-commerce - Direct-to-Consumer,Primary,10030.8931,0.1071,0.1745,0.1819,10030.8931
CI,The Cigna Group,Healthcare & Biotech,"Healthcare - IT, Services & Data Infrastructure",Primary,74106.2492,0.0186,-0.0315,-0.0145,74106.2492
CIEN,Ciena Corp,Hardware,Hardware - Communications & Telecom,Primary,52650.6148,-0.1645,-0.0486,-0.3628,31590.3689
CIEN,Ciena Corp,Telecommunications,Telecom - Infrastructure & Equipment,Secondary,52650.6148,-0.1645,-0.0486,-0.3628,21060.2459
CIFR,Cipher Mining Inc.,Crypto & Blockchain,Blockchain - Cryptocurrency Mining & Staking,Primary,6374.8716,-0.1697,-0.3365,-0.3009,6374.8716
CINF,Cincinnati Financial Corp,Financials - Traditional,Fin Trad - Insurance & Reinsurance,Primary,26276.9766,0.0009,-0.0635,0.0241,26276.9766
CL,Colgate Palmolive Co,Consumer Goods & Retail,Consumer - Household & Personal Care,Primary,73778.348,0.0259,0.0198,0.0273,44267.0088
CL,Colgate Palmolive Co,Nanotechnology,NanoTech - Consumer & Industrial Products,Secondary,73778.348,0.0259,0.0198,0.0273,29511.3392
CLF,Cleveland-Cliffs Inc.,Commodities - Metals,Comm Metals - Industrial & Base Metals,Primary,6447.1025,-0.082,-0.0528,0.0062,6447.1025
CLH,Clean Harbors Inc,Environmental Sustainability,Environmental - Waste Management & Recycling,Primary,16561.4705,-0.0378,0.0329,0.0935,16561.4705
CLMT,"Calumet, Inc. /De",Commodities - Energy,Comm Energy - Biofuels & Renewable Fuels,Primary,4159.3444,-0.0213,0.135,0.3828,2495.6066
CLMT,"Calumet, Inc. /De",Energy - Renewable,Energy Clean - Fuels & Bioenergy,Secondary,4159.3444,-0.0213,0.135,0.3828,1663.7378
CLNE,Clean Energy Fuels Corp.,Commodities - Energy,Comm Energy - Biofuels & Renewable Fuels,Primary,350.5076,-0.0422,-0.2167,-0.2244,210.3046
CLNE,Clean Energy Fuels Corp.,Energy - Renewable,Energy Clean - Fuels & Bioenergy,Secondary,350.5076,-0.0422,-0.2167,-0.2244,140.203
CLNN,Clene Inc.,Nanotechnology,NanoTech - Nanomedicine & Drug Delivery,Primary,56.9832,0.0571,-0.1763,-0.3373,56.9832
CLSK,"Cleanspark, Inc.",FinTech & Digital Finance,"FinTech - Crypto, Blockchain & Tokenization",Primary,3063.8277,-0.0379,-0.1784,-0.253,1838.2966
CLSK,"Cleanspark, Inc.",Crypto & Blockchain,Blockchain - Cryptocurrency Mining & Staking,Secondary,3063.8277,-0.0379,-0.1784,-0.253,1225.5311
CLX,Clorox Co,Consumer Goods & Retail,Consumer - Household & Personal Care,Primary,12960.1761,0.0116,0.1347,0.14,12960.1761
CMC,Commercial Metals Co,Commodities - Metals,Comm Metals - Industrial & Base Metals,Primary,7176.2009,-0.1081,-0.0592,-0.0948,4305.7205
CMC,Commercial Metals Co,Commodities - Metals,Comm Metals - Recycling & Circular Materials,Secondary,7176.2009,-0.1081,-0.0592,-0.0948,2870.4804
CMCSA,Comcast Corp,Telecommunications,"Telecom - 5G, Wireless & Carriers",Primary,95884.1651,0.0567,0.2117,0.0864,57530.4991
CMCSA,Comcast Corp,Smart Home & IoT,"Smart Home - Connectivity, Security & Networking",Secondary,95884.1651,0.0567,0.2117,0.0864,38353.666
CME,Cme Group Inc.,FinTech & Digital Finance,FinTech - Exchanges & Market Infrastructure,Primary,100381.95,0.0421,0.0935,-0.0364,100381.95
CMG,"Chipotle Mexican Grill, Inc.",Consumer Goods & Retail,Consumer - Restaurants & Dining,Primary,48111.1941,0.1262,0.196,0.156,48111.1941
CMI,Cummins Inc,Energy - Renewable,Energy Clean - Hydrogen & Fuel Cells,Primary,78691.7704,-0.1051,-0.1368,-0.1029,47215.0622
CMI,Cummins Inc,Transportation & Logistics,Transportation - Infrastructure & Equipment,Secondary,78691.7704,-0.1051,-0.1368,-0.1029,31476.7082
CMPS,Compass Pathways Plc,Healthcare & Biotech,"Healthcare - Regenerative Medicine, Psychedelics, Cannabis",Primary,1966.3708,0.035,0.2611,0.2024,1966.3708
CMS,CMS Energy Corp,Energy - Traditional,Energy Base - Utilities & Conventional Power Operators,Primary,21454.9484,-0.0417,-0.0767,-0.0746,21454.9484
CNC,Centene Corp,Healthcare & Biotech,"Healthcare - IT, Services & Data Infrastructure",Primary,32430.7722,0.0193,0.0353,0.1101,32430.7722
CNH,Cnh Industrial N.V.,Agriculture & FoodTech,Agriculture - Precision Agriculture & Farm Automation,Primary,18911.9468,0.1429,0.0547,0.1632,18911.9468
CNI,Canadian National Railway Co,Transportation & Logistics,Transportation - Freight Rail & Infrastructure,Primary,77064.2575,0.0064,-0.0161,0.1213,77064.2575
CNM,"Core & Main, Inc.",Industrials & Construction,Industrials - Distribution & Rental Services,Primary,8591.2422,-0.021,0.0177,-0.0609,5154.7453
CNM,"Core & Main, Inc.",Environmental Sustainability,Environmental - Water Infrastructure & Treatment,Secondary,8591.2422,-0.021,0.0177,-0.0609,3436.4969
CNO,"CNO Financial Group, Inc.",Financials - Traditional,Fin Trad - Insurance & Reinsurance,Primary,5018.3593,-0.0104,0.019,0.1512,5018.3593
CNP,Centerpoint Energy Inc,Energy - Traditional,Energy Base - Utilities & Conventional Power Operators,Primary,25755.9613,-0.0319,-0.1173,-0.0816,15453.5768
CNP,Centerpoint Energy Inc,Commodities - Energy,Comm Energy - Natural Gas & LNG,Secondary,25755.9613,-0.0319,-0.1173,-0.0816,10302.3845
CNR,"Core Natural Resources, Inc.",Energy - Traditional,Energy Base - Coal & Thermal Power Generation,Primary,4775.5044,0.0035,0.1564,0.1456,4775.5044
CNX,CNX Resources Corp,Energy - Traditional,Energy Base - Oil & Gas Exploration & Production,Primary,5396.9838,0.0323,0.0639,0.0331,3238.1903
CNX,CNX Resources Corp,Commodities - Energy,Comm Energy - Natural Gas & LNG,Secondary,5396.9838,0.0323,0.0639,0.0331,2158.7935
CNXC,Concentrix Corp,Business Services & Consulting,"Business Services - Outsourcing, Facilities & Testing",Primary,1588.3077,0.1157,0.1699,0.0047,1588.3077
COF,Capital One Financial Corp,Financials - Traditional,"Fin Trad - Banks, Lending & Mortgage Finance",Primary,132678.3775,-0.0234,0.07,0.1557,79607.0265
COF,Capital One Financial Corp,FinTech & Digital Finance,FinTech - Digital Payments & Merchant Infrastructure,Secondary,132678.3775,-0.0234,0.07,0.1557,53071.351
COHR,Coherent Corp.,Hardware,Hardware - Next-Gen & Specialty,Primary,53949.8209,-0.2156,-0.0244,-0.2704,53949.8209
COHU,Cohu Inc,Semiconductors,"Semis - Testing, Packaging & Assembly",Primary,2428.4616,-0.1808,0.0118,0.1025,2428.4616
COIN,"Coinbase Global, Inc.",FinTech & Digital Finance,"FinTech - Crypto, Blockchain & Tokenization",Primary,47353.4505,0.1922,0.1339,-0.0298,28412.0703
COIN,"Coinbase Global, Inc.",FinTech & Digital Finance,FinTech - Exchanges & Market Infrastructure,Secondary,47353.4505,0.1922,0.1339,-0.0298,18941.3802
COKE,"Coca-Cola Consolidated, Inc.",Consumer Goods & Retail,"Consumer - Health, Food & Beverages",Primary,12820.2834,0.0343,0.0428,0.0988,12820.2834
COLB,"Columbia Banking System, Inc.",Financials - Traditional,"Fin Trad - Banks, Lending & Mortgage Finance",Primary,8668.1252,-0.0526,-0.0164,0.0436,8668.1252
COLD,Americold Realty Trust,Transportation & Logistics,"Transportation - Logistics, Warehousing & Supply Chain Solutions",Primary,4334.2561,0.0421,0.0552,0.035,2600.5537
COLD,Americold Realty Trust,Real Estate & REITs,"Real Estate - E-Commerce, Warehousing & Logistics",Secondary,4334.2561,0.0421,0.0552,0.035,1733.7024
COLM,Columbia Sportswear Co,Consumer Goods & Retail,Consumer - Apparel & E-Commerce Retail,Primary,3075.6872,0.0576,-0.0311,-0.0475,3075.6872
COO,"The Cooper Companies, Inc.",Healthcare & Biotech,Healthcare - Medical Devices & HealthTech Hardware,Primary,14783.3223,0.0093,0.0781,0.2118,14783.3223
COP,Conocophillips,Energy - Traditional,Energy Base - Oil & Gas Exploration & Production,Primary,160198.3611,0.0454,0.1162,0.1144,96119.0167
COP,Conocophillips,Commodities - Energy,Comm Energy - Crude Oil,Secondary,160198.3611,0.0454,0.1162,0.1144,64079.3444
COR,"Cencora, Inc.",Healthcare & Biotech,"Healthcare - IT, Services & Data Infrastructure",Primary,61784.1091,0.036,0.0468,0.18,61784.1091
CORZ,"Core Scientific, Inc./Tx",Crypto & Blockchain,Blockchain - Cryptocurrency Mining & Staking,Primary,5549.5496,-0.1421,-0.2409,-0.3163,5549.5496
COST,Costco Wholesale Corp /New,E-commerce,"E-commerce - Omnichannel Retailers, Online & Physical Stores",Primary,430795.3254,0.0188,0.0389,-0.0538,258477.1952
COST,Costco Wholesale Corp /New,Consumer Goods & Retail,"Consumer - Health, Food & Beverages",Secondary,430795.3254,0.0188,0.0389,-0.0538,172318.1302
COTY,Coty Inc.,Consumer Goods & Retail,Consumer - Household & Personal Care,Primary,2456.5012,0.0449,0.0528,0.3744,2456.5012
COUR,"Coursera, Inc.",Software,Software - Vertical SaaS Platforms,Primary,1723.8789,0.0866,0.121,0.1316,1034.3273
COUR,"Coursera, Inc.",Education Technology,Education - Digital Curriculum,Secondary,1723.8789,0.0866,0.121,0.1316,689.5516
CP,Canadian Pacific Kansas City Ltd/Cn,Transportation & Logistics,Transportation - Freight Rail & Infrastructure,Primary,83231.2197,0.0081,0.0251,0.1,83231.2197
CPAY,"Corpay, Inc.",FinTech & Digital Finance,FinTech - Digital Payments & Merchant Infrastructure,Primary,27177.8222,0.0155,0.117,0.1898,27177.8222
CPNG,"Coupang, Inc.",E-commerce,E-commerce - Grocery & Local Commerce Platforms,Primary,29551.0938,0.0458,0.0606,0.0199,17730.6563
CPNG,"Coupang, Inc.",Software,Software - Vertical SaaS Platforms,Secondary,29551.0938,0.0458,0.0606,0.0199,11820.4375
CPRI,Capri Holdings Ltd,Consumer Goods & Retail,Consumer - Modern Luxury & Lifestyle,Primary,1570.4108,-0.0675,-0.114,-0.2597,1570.4108
CPRT,Copart Inc,Consumer Goods & Retail,Consumer - Resale & Sharing Platforms,Primary,30792.4869,0.0492,0.1904,-0.0157,30792.4869
CPT,Camden Property Trust,Real Estate & REITs,"Real Estate - Housing, Urban Living & Demographics",Primary,10973.8701,0.0082,-0.0403,0.0249,10973.8701
CQP,"Cheniere Energy Partners, L.P.",Commodities - Energy,Comm Energy - Natural Gas & LNG,Primary,32940.1283,0.0062,0.0497,0.087,32940.1283
CR,Crane Co,Industrials & Construction,"Industrials - Machinery, Flow Control & Components",Primary,11925.9474,-0.0561,-0.0876,0.1495,7155.5684
CR,Crane Co,Defense & Aerospace,Defense - Next-Generation Aircraft & Maintenance,Secondary,11925.9474,-0.0561,-0.0876,0.1495,4770.379
CRBG,"Corebridge Financial, Inc.",Financials - Traditional,Fin Trad - Insurance & Reinsurance,Primary,14246.7645,-0.0368,0.0214,0.162,14246.7645
CRH,CRH Plc,Industrials & Construction,Industrials - Construction Materials & Aggregates,Primary,63727.5996,-0.0027,-0.037,-0.0418,63727.5996
CRL,"Charles River Laboratories International, Inc.",Healthcare & Biotech,"Healthcare - IT, Services & Data Infrastructure",Primary,14381.9192,0.0417,0.3178,0.8626,8629.1515
CRL,"Charles River Laboratories International, Inc.",Healthcare & Biotech,Healthcare - Next-Gen Biotech Platforms,Secondary,14381.9192,0.0417,0.3178,0.8626,5752.7677
CRM,"Salesforce, Inc.",Cloud Computing,Cloud - Horizontal SaaS & Cloud Applications,Primary,171220.138,0.0947,0.2774,0.164,102732.0828
CRM,"Salesforce, Inc.",Cloud Computing,Cloud - Hyperscalers & Platforms,Secondary,171220.138,0.0947,0.2774,0.164,68488.0552
CRNC,Cerence Inc.,Artificial Intelligence,"AI - Apps, Domain-Specific AI",Primary,342.3931,-0.1115,-0.1036,-0.3106,342.3931
CRON,Cronos Group Inc.,Healthcare & Biotech,"Healthcare - Regenerative Medicine, Psychedelics, Cannabis",Primary,1256.2879,0.0825,0.2135,0.2445,1256.2879
CROX,"Crocs, Inc.",Consumer Goods & Retail,Consumer - Apparel & E-Commerce Retail,Primary,6033.408,-0.0318,-0.0659,0.1394,6033.408
CRS,Carpenter Technology Corp,Defense & Aerospace,Defense - Secure Defense Supply Chains,Primary,23644.3935,-0.1204,-0.2097,0.099,14186.6361
CRS,Carpenter Technology Corp,Industrial Automation & Robotics,"Automation - Additive Manufacturing, 3D Printing",Secondary,23644.3935,-0.1204,-0.2097,0.099,9457.7574
CRSP,Crispr Therapeutics Ag,Healthcare & Biotech,Healthcare - Genomics & Personalized Medicine,Primary,5518.7333,0.0515,0.2264,0.1333,3311.24
CRSP,Crispr Therapeutics Ag,Healthcare & Biotech,Healthcare - Next-Gen Biotech Platforms,Secondary,5518.7333,0.0515,0.2264,0.1333,2207.4933
CRSR,"Corsair Gaming, Inc.",Hardware,"Hardware - Consumer Electronics, PCs & Peripherals",Primary,1180.2106,-0.1087,0.1076,0.4169,1180.2106
CRTO,Criteo S.A.,E-commerce,E-commerce - Retail Media & Advertising,Primary,837.3683,-0.041,-0.1639,-0.0116,502.421
CRTO,Criteo S.A.,Digital Entertainment & Media,Entertainment - Advertising & Social Platforms,Secondary,837.3683,-0.041,-0.1639,-0.0116,334.9473
CRUS,"Cirrus Logic, Inc.",Semiconductors,"Semis - Analog, Mixed-Signal & Power Management",Primary,5595.1242,-0.0687,-0.1644,-0.3478,5595.1242
CRWD,"Crowdstrike Holdings, Inc.",Cybersecurity,Cybersecurity - Application Security,Primary,194161.6722,-0.1086,0.0404,0.1496,116497.0033
CRWD,"Crowdstrike Holdings, Inc.",Cybersecurity,Cybersecurity - Cloud Security,Secondary,194161.6722,-0.1086,0.0404,0.1496,77664.6689
CSAN,Cosan S.A.,Commodities - Agriculture,Comm Agri - Softs & Plantation Crops,Primary,2642.7256,0.0635,-0.1067,-0.2024,2642.7256
CSCO,"Cisco Systems, Inc.",Hardware,Hardware - Communications & Telecom,Primary,434464.3584,-0.0236,-0.0345,-0.0811,260678.615
CSCO,"Cisco Systems, Inc.",Hardware,Hardware - Networking Equipment,Secondary,434464.3584,-0.0236,-0.0345,-0.0811,173785.7434
CSGP,"Costar Group, Inc.",Big Data & Analytics,"Big Data - Data Generation, Sourcing & Providers",Primary,13306.6895,0.0475,0.1873,-0.0327,13306.6895
CSIQ,Canadian Solar Inc.,Energy - Renewable,Energy Clean - Solar,Primary,972.2815,-0.0318,0.0727,-0.2415,972.2815
CSL,Carlisle Companies Inc,Industrials & Construction,Industrials - Building Products & HVAC,Primary,14397.1666,0.0086,0.0826,0.0899,14397.1666
CSX,Csx Corp,Transportation & Logistics,Transportation - Freight Rail & Infrastructure,Primary,95291.3019,0.017,-0.0336,0.1335,57174.7811
CSX,Csx Corp,Transportation & Logistics,Transportation - Infrastructure & Equipment,Secondary,95291.3019,0.017,-0.0336,0.1335,38116.5208
CTAS,Cintas Corp,Business Services & Consulting,"Business Services - Outsourcing, Facilities & Testing",Primary,82995.1672,0.0484,0.0099,0.2024,82995.1672
CTGO,"Contango Ore, Inc.",Commodities - Metals,Comm Metals - Rare Earth & Strategic Materials,Primary,674.8332,0.0202,0.2772,-0.0204,674.8332
CTRE,"Caretrust REIT, Inc.",Real Estate & REITs,Real Estate - Healthcare & Senior Living,Primary,9369.0255,0.0099,-0.0832,-0.0268,9369.0255
CTSH,Cognizant Technology Solutions Corp,Business Services & Consulting,Consulting,Primary,28017.6312,0.1052,0.3766,0.1861,28017.6312
CTVA,"Corteva, Inc.",Agriculture & FoodTech,Agriculture - Agricultural Inputs & Crop Science,Primary,55250.5016,0.0895,-0.0722,0.0432,33150.301
CTVA,"Corteva, Inc.",Commodities - Agriculture,"Comm Agri - Fertilizers, Crop Inputs & Seeds",Secondary,55250.5016,0.0895,-0.0722,0.0432,22100.2006
CUBE,Cubesmart,Real Estate & REITs,Real Estate - Retail & Consumer Real Estate,Primary,9260.2634,-0.0056,-0.028,0.0348,9260.2634
CUZ,Cousins Properties Inc,Real Estate & REITs,Real Estate - Office & Commercial Workspaces,Primary,4940.458,0.0284,-0.0666,0.1442,4940.458
CVLT,"Commvault Systems, Inc.",Cybersecurity,Cybersecurity - Cloud Security,Primary,5434.626,-0.0914,-0.0786,0.2227,3260.7756
CVLT,"Commvault Systems, Inc.",Cloud Computing,"Cloud - DevOps, Observability",Secondary,5434.626,-0.0914,-0.0786,0.2227,2173.8504
CVNA,Carvana Co.,Consumer Goods & Retail,Consumer - Resale & Sharing Platforms,Primary,107632.2714,0.032,0.1963,0.0593,107632.2714
CVS,Cvs Health Corp,Healthcare & Biotech,"Healthcare - IT, Services & Data Infrastructure",Primary,120363.9009,0.0011,-0.1265,0.0154,72218.3405
CVS,Cvs Health Corp,E-commerce,"E-commerce - Omnichannel Retailers, Online & Physical Stores",Secondary,120363.9009,0.0011,-0.1265,0.0154,48145.5604
CVSA,Covista Inc.,Education Technology,Education - Digital Curriculum,Primary,4518.9934,0.0033,0.1461,0.0608,2711.396
CVSA,Covista Inc.,Education Technology,Education - Workforce Training,Secondary,4518.9934,0.0033,0.1461,0.0608,1807.5974
CVX,Chevron Corp,Energy - Traditional,Energy Base - Integrated Energy Majors,Primary,398382.0063,0.0107,0.0517,0.0702,239029.2038
CVX,Chevron Corp,Energy - Traditional,Energy Base - Oil & Gas Exploration & Production,Secondary,398382.0063,0.0107,0.0517,0.0702,159352.8025
CW,Curtiss Wright Corp,Defense & Aerospace,Defense - Secure Defense Supply Chains,Primary,22713.5734,-0.1165,-0.1802,-0.1587,22713.5734
CWCO,Consolidated Water Co. Ltd.,Environmental Sustainability,Environmental - Water Infrastructure & Treatment,Primary,479.2651,-0.004,0.0208,0.0225,479.2651
CWEN,"Clearway Energy, Inc.",Energy - Renewable,Energy Clean - Utilities & Clean Power Operators,Primary,7961.4095,-0.0548,0.0059,-0.1621,4776.8457
CWEN,"Clearway Energy, Inc.",Energy - Renewable,Energy Clean - Wind,Secondary,7961.4095,-0.0548,0.0059,-0.1621,3184.5638
CWST,Casella Waste Systems Inc,Environmental Sustainability,Environmental - Waste Management & Recycling,Primary,6031.8039,0.0612,0.0603,0.0843,6031.8039
CWT,California Water Service Group,Environmental Sustainability,Environmental - Water Infrastructure & Treatment,Primary,3144.5181,0.024,0.0093,0.1647,3144.5181
CXDO,"Crexendo, Inc.",Telecommunications,Telecom - Enterprise & Unified Communications,Primary,208.5013,-0.0427,-0.0529,-0.3476,208.5013
CXT,"Crane NXT, Co.",Hardware,Hardware - Industrial & IoT,Primary,2866.5528,-0.0105,-0.0579,0.2168,2866.5528
CYTK,"Cytokinetics, Inc.",Healthcare & Biotech,Healthcare - Metabolic & Cardiometabolic,Primary,10717.3151,0.0161,-0.0452,0.0019,10717.3151
CZR,"Caesars Entertainment, Inc.",Digital Entertainment & Media,"Entertainment - Sports Betting, Wagering & Prediction Markets",Primary,6042.346,0.0,-0.0094,0.0418,3625.4076
CZR,"Caesars Entertainment, Inc.",Digital Entertainment & Media,Entertainment - iGaming & Online Gambling,Secondary,6042.346,0.0,-0.0094,0.0418,2416.9384
D,"Dominion Energy, Inc",Energy - Traditional,Energy Base - Utilities & Conventional Power Operators,Primary,58585.2232,-0.0314,-0.0632,-0.0058,35151.1339
D,"Dominion Energy, Inc",Energy - Renewable,Energy Clean - Wind,Secondary,58585.2232,-0.0314,-0.0632,-0.0058,23434.0893
DAC,Danaos Corp,Transportation & Logistics,Transportation - Marine Shipping & Ports,Primary,2739.6368,0.0288,0.0733,0.1664,2739.6368
DAL,"Delta Air Lines, Inc.",Transportation & Logistics,Transportation - Air Travel & Passenger Transportation,Primary,54240.7497,-0.0583,-0.0303,0.0859,54240.7497
DAN,Dana Inc,Electric Vehicles & Mobility,EVs - Key Suppliers & Autonomy Tech,Primary,3243.4368,-0.0383,0.1187,-0.1135,3243.4368
DAR,Darling Ingredients Inc.,Commodities - Energy,Comm Energy - Biofuels & Renewable Fuels,Primary,9834.2779,-0.0791,-0.0029,0.0635,5900.5667
DAR,Darling Ingredients Inc.,Energy - Renewable,Energy Clean - Fuels & Bioenergy,Secondary,9834.2779,-0.0791,-0.0029,0.0635,3933.7112
DASH,"Doordash, Inc.",E-commerce,E-commerce - Grocery & Local Commerce Platforms,Primary,99805.7329,0.0768,0.3247,0.4294,59883.4397
DASH,"Doordash, Inc.",E-commerce,"E-commerce - Omnichannel Retailers, Online & Physical Stores",Secondary,99805.7329,0.0768,0.3247,0.4294,39922.2932
DAVE,Dave Inc./De,FinTech & Digital Finance,FinTech - Digital Banking & Neobanks,Primary,4525.5265,0.0391,-0.1192,0.553,4525.5265
DBRG,"Digitalbridge Group, Inc.",Cloud Computing,Cloud - Data Centers & Infrastructure,Primary,2954.3913,0.0044,0.005,0.0178,2954.3913
DBX,"Dropbox, Inc.",Cloud Computing,Cloud - Horizontal SaaS & Cloud Applications,Primary,7584.3988,0.0449,0.1949,0.2716,7584.3988
DCBO,Docebo Inc.,Education Technology,Education - Workforce Training,Primary,609.9592,0.0869,0.2654,0.4086,609.9592
DCI,Donaldson Co Inc,Environmental Sustainability,Environmental - Clean Technologies & Pollution Control,Primary,10713.6589,-0.0238,-0.0005,0.1126,10713.6589
DD,"Dupont De Nemours, Inc.",Nanotechnology,NanoTech - Consumer & Industrial Products,Primary,18456.3241,-0.0447,-0.0075,-0.0533,11073.7945
DD,"Dupont De Nemours, Inc.",Nanotechnology,NanoTech - Energy & Environment,Secondary,18456.3241,-0.0447,-0.0075,-0.0533,7382.5296
DDD,3D Systems Corp,Hardware,Hardware - Next-Gen & Specialty,Primary,518.3787,-0.1429,0.214,-0.0095,311.0272
DDD,3D Systems Corp,Hardware,Hardware - Printing & Imaging,Secondary,518.3787,-0.1429,0.214,-0.0095,207.3515
DDI,"Doubledown Interactive Co., Ltd.",Digital Entertainment & Media,Entertainment - Game Publishers & Developers,Primary,633.7885,0.0269,0.12,0.0685,633.7885
DDOG,"Datadog, Inc.",Cloud Computing,"Cloud - DevOps, Observability",Primary,81068.3679,-0.0871,-0.0854,0.0155,48641.0207
DDOG,"Datadog, Inc.",Cloud Computing,Cloud - Multi-Cloud Management,Secondary,81068.3679,-0.0871,-0.0854,0.0155,32427.3472
DE,Deere & Co,Agriculture & FoodTech,Agriculture - Precision Agriculture & Farm Automation,Primary,175092.2199,0.0812,0.0326,0.229,105055.3319
DE,Deere & Co,Transportation & Logistics,Transportation - Infrastructure & Equipment,Secondary,175092.2199,0.0812,0.0326,0.229,70036.888
DECK,Deckers Outdoor Corp,Consumer Goods & Retail,Consumer - Apparel & E-Commerce Retail,Primary,12539.6255,0.0219,-0.0412,-0.1368,12539.6255
DELL,Dell Technologies Inc.,Hardware,"Hardware - Consumer Electronics, PCs & Peripherals",Primary,279902.421,-0.0972,-0.0099,0.4699,167941.4526
DELL,Dell Technologies Inc.,Hardware,Hardware - Data Center Infrastructure & Servers,Secondary,279902.421,-0.0972,-0.0099,0.4699,111960.9684
DFTX,"Definium Therapeutics, Inc.  -",Healthcare & Biotech,"Healthcare - Regenerative Medicine, Psychedelics, Cannabis",Primary,5814.058,-0.044,0.0023,0.9231,5814.058
DG,Dollar General Corp,E-commerce,"E-commerce - Omnichannel Retailers, Online & Physical Stores",Primary,27646.124,0.0437,0.0691,0.1923,27646.124
DGII,Digi International Inc,Industrial Automation & Robotics,"Automation - Industrial IoT, Connectivity",Primary,2805.1254,-0.113,0.1041,0.1173,1683.0752
DGII,Digi International Inc,Smart Home & IoT,"Smart Home & IoT - Devices, Sensors & Connectivity",Secondary,2805.1254,-0.113,0.1041,0.1173,1122.0502
DGX,Quest Diagnostics Inc,Healthcare & Biotech,"Healthcare - Diagnostics, Biomarkers & Liquid Biopsy",Primary,26916.7514,0.0355,0.0703,0.2543,26916.7514
DHI,"D.R. Horton, Inc.",Real Estate & REITs,"Real Estate - Housing, Urban Living & Demographics",Primary,41667.1007,0.0042,0.0181,0.0395,41667.1007
DHR,Danaher Corp /De/,Healthcare & Biotech,"Healthcare - Diagnostics, Biomarkers & Liquid Biopsy",Primary,151219.3229,0.0616,0.1233,0.2532,90731.5937
DHR,Danaher Corp /De/,Nanotechnology,NanoTech - Research Tools & Advanced Instruments,Secondary,151219.3229,0.0616,0.1233,0.2532,60487.7292
DINO,Hf Sinclair Corp,Energy - Traditional,Energy Base - Refining & Midstream Infrastructure,Primary,16921.4679,0.002,0.0846,0.3699,16921.4679
DIS,Walt Disney Co,Digital Entertainment & Media,Entertainment - Video Streaming,Primary,190988.8287,0.0687,0.1662,0.0821,190988.8287
DKNG,Draftkings Inc.,Digital Entertainment & Media,"Entertainment - Sports Betting, Wagering & Prediction Markets",Primary,12892.9116,0.0265,0.1286,0.0338,7735.747
DKNG,Draftkings Inc.,Digital Entertainment & Media,Entertainment - iGaming & Online Gambling,Secondary,12892.9116,0.0265,0.1286,0.0338,5157.1646
DKS,"Dick's Sporting Goods, Inc.",E-commerce,"E-commerce - Omnichannel Retailers, Online & Physical Stores",Primary,16050.4904,-0.0862,-0.1296,-0.2201,16050.4904
DLB,"Dolby Laboratories, Inc.",Hardware,Hardware - Next-Gen & Specialty,Primary,6186.8242,0.0766,0.3324,0.2143,3712.0945
DLB,"Dolby Laboratories, Inc.",Digital Entertainment & Media,Entertainment - Video Streaming,Secondary,6186.8242,0.0766,0.3324,0.2143,2474.7297
DLO,Dlocal Ltd,FinTech & Digital Finance,FinTech - Digital Payments & Merchant Infrastructure,Primary,4449.3491,0.087,0.0435,0.2748,4449.3491
DLR,"Digital Realty Trust, Inc.",Cloud Computing,Cloud - Data Centers & Infrastructure,Primary,71027.0075,-0.0473,-0.0529,-0.0116,42616.2045
DLR,"Digital Realty Trust, Inc.",Big Data & Analytics,"Big Data - Analytics, AI Platforms & BI",Secondary,71027.0075,-0.0473,-0.0529,-0.0116,28410.803
DLTR,"Dollar Tree, Inc.",E-commerce,"E-commerce - Omnichannel Retailers, Online & Physical Stores",Primary,26279.8746,0.0557,0.1353,0.4398,26279.8746
DNA,"Ginkgo Bioworks Holdings, Inc.",Agriculture & FoodTech,Agriculture - Alternative Proteins,Primary,456.5671,-0.0202,-0.0788,-0.1938,456.5671
DNN,Denison Mines Corp.,Commodities - Energy,Comm Energy - Uranium & Nuclear Fuels,Primary,3204.1953,0.1097,0.2165,0.096,3204.1953
DOC,"Healthpeak Properties, Inc.",Real Estate & REITs,Real Estate - Healthcare & Senior Living,Primary,15334.529,0.051,-0.0239,0.1122,15334.529
DOCN,"Digitalocean Holdings, Inc.",Cloud Computing,Cloud - Hyperscalers & Platforms,Primary,13114.8237,-0.1755,-0.0971,-0.2961,13114.8237
DOCS,"Doximity, Inc.",Healthcare & Biotech,"Healthcare - Digital Health, Telemedicine & Remote Care",Primary,4509.6233,0.0318,0.239,0.2688,2705.774
DOCS,"Doximity, Inc.",Healthcare & Biotech,"Healthcare - IT, Services & Data Infrastructure",Secondary,4509.6233,0.0318,0.239,0.2688,1803.8493
DOCU,"Docusign, Inc.",Cloud Computing,Cloud - Horizontal SaaS & Cloud Applications,Primary,11945.4945,0.0458,0.2403,0.2631,7167.2967
DOCU,"Docusign, Inc.",Software,"Software - Collaboration, CRM & Communications",Secondary,11945.4945,0.0458,0.2403,0.2631,4778.1978
DOLE,Dole Plc,Commodities - Agriculture,Comm Agri - Softs & Plantation Crops,Primary,1271.4156,0.041,-0.0481,-0.0617,1271.4156
DOMO,"Domo, Inc.",Big Data & Analytics,"Big Data - Analytics, AI Platforms & BI",Primary,176.856,-0.0131,0.0217,0.0358,106.1136
DOMO,"Domo, Inc.",Software,"Software - Data, Analytics & DevOps",Secondary,176.856,-0.0131,0.0217,0.0358,70.7424
DOV,Dover Corp,Industrials & Construction,"Industrials - Machinery, Flow Control & Components",Primary,27423.5863,-0.0138,0.007,-0.0275,27423.5863
DOW,Dow Inc.,Industrials & Construction,Industrials - Chemicals & Advanced Materials,Primary,22710.3928,0.0032,0.0536,-0.118,22710.3928
DPZ,"Domino's Pizza, Inc.",Consumer Goods & Retail,Consumer - Restaurants & Dining,Primary,11545.857,0.0405,0.0482,0.1095,11545.857
DQ,Daqo New Energy Corp.,Energy - Renewable,Energy Clean - Solar,Primary,976.4223,0.0133,0.2365,-0.1884,976.4223
DRI,"Darden Restaurants, Inc.",Consumer Goods & Retail,Consumer - Restaurants & Dining,Primary,25610.4796,0.0003,0.149,0.1173,25610.4796
DSP,Viant Technology Inc.,Digital Entertainment & Media,Entertainment - Advertising & Social Platforms,Primary,815.7634,-0.0293,0.1439,0.0938,815.7634
DT,"Dynatrace, Inc.",Cloud Computing,"Cloud - DevOps, Observability",Primary,14235.7258,0.0302,0.1785,0.1902,8541.4355
DT,"Dynatrace, Inc.",Software,"Software - Data, Analytics & DevOps",Secondary,14235.7258,0.0302,0.1785,0.1902,5694.2903
DTE,Dte Energy Co,Energy - Traditional,Energy Base - Coal & Thermal Power Generation,Primary,28229.2285,-0.0389,-0.0923,-0.0589,28229.2285
DTM,"DT Midstream, Inc.",Energy - Traditional,Energy Base - Refining & Midstream Infrastructure,Primary,12827.4033,-0.0686,-0.1369,-0.1628,7696.442
DTM,"DT Midstream, Inc.",Commodities - Energy,Comm Energy - Natural Gas & LNG,Secondary,12827.4033,-0.0686,-0.1369,-0.1628,5130.9613
DUK,Duke Energy Corp,Energy - Traditional,Energy Base - Utilities & Conventional Power Operators,Primary,95100.2808,-0.013,-0.0573,-0.0209,57060.1685
DUK,Duke Energy Corp,Energy - Traditional,Energy Base - Coal & Thermal Power Generation,Secondary,95100.2808,-0.013,-0.0573,-0.0209,38040.1123
DUOL,"Duolingo, Inc.",Education Technology,Education - Digital Curriculum,Primary,6841.7331,0.1281,0.2012,0.3774,4105.0399
DUOL,"Duolingo, Inc.",Education Technology,"Education - Platforms, Infrastructure & Online Learning",Secondary,6841.7331,0.1281,0.2012,0.3774,2736.6932
DV,"Doubleverify Holdings, Inc.",Artificial Intelligence,"AI - Ads, Search & Recommendations",Primary,2061.3349,0.0,0.2595,0.353,1236.8009
DV,"Doubleverify Holdings, Inc.",Digital Entertainment & Media,Entertainment - Advertising & Social Platforms,Secondary,2061.3349,0.0,0.2595,0.353,824.534
DVA,Davita Inc.,Healthcare & Biotech,"Healthcare - IT, Services & Data Infrastructure",Primary,11260.6996,-0.0011,-0.2503,-0.1109,11260.6996
DVN,Devon Energy Corp/De,Energy - Traditional,Energy Base - Oil & Gas Exploration & Production,Primary,53052.9976,0.0139,0.0708,0.0287,31831.7986
DVN,Devon Energy Corp/De,Commodities - Energy,Comm Energy - Crude Oil,Secondary,53052.9976,0.0139,0.0708,0.0287,21221.199
DXCM,Dexcom Inc,Healthcare & Biotech,"Healthcare - Digital Health, Telemedicine & Remote Care",Primary,34362.4704,0.0259,0.2729,0.263,20617.4822
DXCM,Dexcom Inc,Healthcare & Biotech,Healthcare - Medical Devices & HealthTech Hardware,Secondary,34362.4704,0.0259,0.2729,0.263,13744.9882
DY,"Dycom Industries, Inc.",Industrials & Construction,Industrials - Engineering & Construction,Primary,11440.4831,-0.12,-0.1137,-0.0736,6864.2899
DY,"Dycom Industries, Inc.",Telecommunications,Telecom - Infrastructure & Equipment,Secondary,11440.4831,-0.12,-0.1137,-0.0736,4576.1932
E,Eni Spa,Energy - Traditional,Energy Base - Integrated Energy Majors,Primary,79640.2975,-0.0145,0.0538,0.0153,79640.2975
EA,Electronic Arts Inc.,Software,Software - Gaming & Platforms,Primary,52925.6399,0.0038,,,31755.3839
EA,Electronic Arts Inc.,Digital Entertainment & Media,Entertainment - Game Publishers & Developers,Secondary,52925.6399,0.0038,,,21170.256
EBAY,Ebay Inc,E-commerce,E-commerce - Online Marketplaces & Recommerce,Primary,47650.5989,0.0608,-0.0211,-0.0723,47650.5989
ECHO,EchoStar Corp,Telecommunications,Telecom - Satellite & Space Communication,Primary,24784.6687,-0.0777,-0.0291,-0.313,24784.6687
ECL,Ecolab Inc.,Nanotechnology,NanoTech - Energy & Environment,Primary,80448.7086,0.0404,0.0678,0.136,48269.2252
ECL,Ecolab Inc.,Environmental Sustainability,Environmental - Clean Technologies & Pollution Control,Secondary,80448.7086,0.0404,0.0678,0.136,32179.4834
ED,"Consolidated Edison, Inc.",Energy - Traditional,Energy Base - Utilities & Conventional Power Operators,Primary,39834.2431,-0.0036,-0.0391,0.0005,39834.2431
EEFT,"Euronet Worldwide, Inc.",FinTech & Digital Finance,FinTech - Digital Payments & Merchant Infrastructure,Primary,2625.7324,-0.005,-0.1149,0.0604,2625.7324
EFX,Equifax Inc,Big Data & Analytics,"Big Data - Data Generation, Sourcing & Providers",Primary,22866.0859,0.1008,0.128,0.1865,22866.0859
EG,"Everest Group, Ltd.",Financials - Traditional,Fin Trad - Insurance & Reinsurance,Primary,14447.1603,0.0319,-0.0216,0.0747,14447.1603
EGHT,8X8 Inc /De/,Telecommunications,Telecom - Enterprise & Unified Communications,Primary,285.9823,-0.0294,0.1379,-0.1,285.9823
EGP,Eastgroup Properties Inc,Real Estate & REITs,"Real Estate - E-Commerce, Warehousing & Logistics",Primary,10881.5688,-0.0058,-0.0504,-0.0062,10881.5688
EHC,Encompass Health Corp,Healthcare & Biotech,Healthcare - Senior Care & Longevity,Primary,11929.1668,-0.0088,0.0711,0.1542,11929.1668
EIX,Edison International,Energy - Traditional,Energy Base - Utilities & Conventional Power Operators,Primary,28464.6912,0.0374,-0.0725,0.0515,28464.6912
EL,Estee Lauder Companies Inc,E-commerce,E-commerce - Direct-to-Consumer,Primary,37673.7035,0.2346,0.2969,0.1836,22604.2221
EL,Estee Lauder Companies Inc,Nanotechnology,NanoTech - Consumer & Industrial Products,Secondary,37673.7035,0.2346,0.2969,0.1836,15069.4814
ELAN,Elanco Animal Health Inc,Healthcare & Biotech,Healthcare - Animal Health & Veterinary,Primary,12196.5588,0.0343,-0.0197,0.1238,7317.9353
ELAN,Elanco Animal Health Inc,Commodities - Agriculture,Comm Agri - Livestock & Animal Protein,Secondary,12196.5588,0.0343,-0.0197,0.1238,4878.6235
ELF,"E.L.F. Beauty, Inc.",Consumer Goods & Retail,Consumer - Household & Personal Care,Primary,6251.8968,0.1312,0.3696,1.0028,6251.8968
ELS,Equity Lifestyle Properties Inc,Real Estate & REITs,"Real Estate - Housing, Urban Living & Demographics",Primary,13181.5864,0.0131,-0.0047,0.0435,13181.5864
ELV,"Elevance Health, Inc.",Healthcare & Biotech,"Healthcare - IT, Services & Data Infrastructure",Primary,87318.0856,0.0317,0.0661,0.0243,87318.0856
EME,"Emcor Group, Inc.",Industrials & Construction,Industrials - Engineering & Construction,Primary,33739.6634,-0.1132,0.0269,-0.0985,20243.798
EME,"Emcor Group, Inc.",Cloud Computing,Cloud - Data Centers & Infrastructure,Secondary,33739.6634,-0.1132,0.0269,-0.0985,13495.8654
EMR,Emerson Electric Co,Hardware,Hardware - Industrial & IoT,Primary,87892.5496,-0.0276,0.0687,0.159,52735.5298
EMR,Emerson Electric Co,Industrial Automation & Robotics,Automation - Factory & Process Automation Systems,Secondary,87892.5496,-0.0276,0.0687,0.159,35157.0198
ENB,Enbridge Inc,Energy - Traditional,Energy Base - Refining & Midstream Infrastructure,Primary,109379.0024,-0.0099,-0.1071,-0.1253,65627.4014
ENB,Enbridge Inc,Energy - Renewable,Energy Clean - Wind,Secondary,109379.0024,-0.0099,-0.1071,-0.1253,43751.601
ENLT,Enlight Renewable Energy Ltd.,Energy - Renewable,Energy Clean - Wind,Primary,10853.9617,-0.0707,-0.1076,-0.1584,10853.9617
ENPH,"Enphase Energy, Inc.",Energy - Renewable,Energy Clean - Batteries & Storage,Primary,4913.1382,-0.038,0.0131,-0.4193,2947.8829
ENPH,"Enphase Energy, Inc.",Energy - Renewable,Energy Clean - Solar,Secondary,4913.1382,-0.038,0.0131,-0.4193,1965.2553
ENS,Enersys,Energy - Renewable,Energy Clean - Batteries & Storage,Primary,6761.8688,-0.0734,-0.0171,-0.1918,6761.8688
ENSG,"Ensign Group, Inc",Healthcare & Biotech,Healthcare - Senior Care & Longevity,Primary,10454.1194,-0.0119,0.0369,0.0436,10454.1194
ENTG,"Entegris, Inc.",Semiconductors,"Semis - Equipment, Lithography & Deposition",Primary,21124.5998,-0.1523,0.0714,0.0228,21124.5998
ENVX,Enovix Corp,Electric Vehicles & Mobility,EVs - Batteries & Materials,Primary,717.5967,-0.0904,-0.1722,-0.5105,717.5967
EOG,Eog Resources Inc,Energy - Traditional,Energy Base - Oil & Gas Exploration & Production,Primary,78789.5337,0.0278,0.0261,0.0716,47273.7202
EOG,Eog Resources Inc,Commodities - Energy,Comm Energy - Crude Oil,Secondary,78789.5337,0.0278,0.0261,0.0716,31515.8135
EOSE,"Eos Energy Enterprises, Inc.",Energy - Renewable,Energy Clean - Batteries & Storage,Primary,1251.4382,-0.1196,-0.0029,-0.5707,1251.4382
EPD,Enterprise Products Partners L.P.,Energy - Traditional,Energy Base - Refining & Midstream Infrastructure,Primary,82837.545,-0.0065,0.0052,-0.0176,82837.545
EPR,EPR Properties,Real Estate & REITs,"Real Estate - Travel, Leisure & Entertainment Properties",Primary,4639.4363,0.001,-0.0421,0.0492,4639.4363
EPRT,"Essential Properties Realty Trust, Inc.",Real Estate & REITs,Real Estate - Retail & Consumer Real Estate,Primary,6717.8824,-0.0051,-0.0421,-0.0007,6717.8824
EQH,"Equitable Holdings, Inc.",Financials - Traditional,Fin Trad - Insurance & Reinsurance,Primary,13373.7062,-0.0411,0.0279,0.1672,8024.2237
EQH,"Equitable Holdings, Inc.",Financials - Traditional,"Fin Trad - Asset Management, Custody & Alternatives",Secondary,13373.7062,-0.0411,0.0279,0.1672,5349.4825
EQIX,Equinix Inc,Telecommunications,Telecom - Cloud & Edge Connectivity,Primary,104118.3621,-0.034,-0.0221,-0.0181,62471.0173
EQIX,Equinix Inc,Cloud Computing,Cloud - Data Centers & Infrastructure,Secondary,104118.3621,-0.034,-0.0221,-0.0181,41647.3448
EQNR,Equinor Asa,Energy - Traditional,Energy Base - Integrated Energy Majors,Primary,100583.8008,0.0132,0.0603,0.1023,100583.8008
EQT,Eqt Corp,Commodities - Energy,Comm Energy - Natural Gas & LNG,Primary,33646.508,0.0147,0.0175,-0.0684,33646.508
ERIC,Ericsson Lm Telephone Co,Hardware,Hardware - Communications & Telecom,Primary,33230.1394,-0.001,0.0878,-0.2474,33230.1394
ERIE,Erie Indemnity Co,Financials - Traditional,Fin Trad - Insurance & Reinsurance,Primary,14047.1511,0.0843,0.2017,0.2049,14047.1511
ERII,"Energy Recovery, Inc.",Environmental Sustainability,Environmental - Clean Technologies & Pollution Control,Primary,398.15,-0.0418,-0.0736,-0.1186,398.15
ERO,Ero Copper Corp.,Commodities - Metals,Comm Metals - Industrial & Base Metals,Primary,4020.8663,0.1043,0.4838,0.4288,4020.8663
ES,Eversource Energy,Energy - Traditional,Energy Base - Utilities & Conventional Power Operators,Primary,26838.0754,-0.0092,-0.0489,0.0179,26838.0754
ESAB,ESAB Corp,Industrials & Construction,"Industrials - Machinery, Flow Control & Components",Primary,4924.2757,-0.0351,-0.0615,-0.1359,4924.2757
ESNT,Essent Group Ltd.,Financials - Traditional,Fin Trad - Insurance & Reinsurance,Primary,6153.8437,-0.0138,0.0414,0.1334,6153.8437
ESS,"Essex Property Trust, Inc.",Real Estate & REITs,"Real Estate - Housing, Urban Living & Demographics",Primary,20239.3846,0.0373,0.0005,0.0705,20239.3846
ESTC,Elastic N.V.,Cybersecurity,Cybersecurity - Cloud Security,Primary,8652.9331,-0.0024,0.4185,0.5187,5191.7599
ESTC,Elastic N.V.,Cloud Computing,Cloud - Hyperscalers & Platforms,Secondary,8652.9331,-0.0024,0.4185,0.5187,3461.1732
ET,Energy Transfer Lp,Energy - Traditional,Energy Base - Refining & Midstream Infrastructure,Primary,72584.7572,0.0067,0.0527,0.0679,43550.8543
ET,Energy Transfer Lp,Commodities - Energy,Comm Energy - Natural Gas & LNG,Secondary,72584.7572,0.0067,0.0527,0.0679,29033.9029
ETN,Eaton Corp Plc,Energy - Renewable,Energy Clean - Smart Grid & Electrification,Primary,158727.4383,-0.1026,0.0139,0.0468,95236.463
ETN,Eaton Corp Plc,Hardware,Hardware - Data Center Infrastructure & Servers,Secondary,158727.4383,-0.1026,0.0139,0.0468,63490.9753
ETOR,eToro Group Ltd. - Class A,FinTech & Digital Finance,FinTech - Trading Platforms & WealthTech,Primary,2311.8525,0.0338,-0.2096,-0.2884,2311.8525
ETR,Entergy Corp /De/,Energy - Traditional,Energy Base - Utilities & Conventional Power Operators,Primary,49364.9469,-0.0252,-0.0822,-0.0532,49364.9469
ETSY,Etsy Inc,E-commerce,E-commerce - Online Marketplaces & Recommerce,Primary,7987.7652,0.1099,0.0795,0.3952,7987.7652
EVER,"Everquote, Inc.",FinTech & Digital Finance,FinTech - InsurTech & Embedded Insurance,Primary,938.0822,0.1256,0.0631,0.41,938.0822
EVGO,Evgo Inc.,Electric Vehicles & Mobility,EVs - Charging & Infrastructure,Primary,465.4833,-0.0452,0.0423,-0.2128,465.4833
EVH,"Evolent Health, Inc.",Healthcare & Biotech,"Healthcare - IT, Services & Data Infrastructure",Primary,533.64,0.0703,0.1185,0.1949,533.64
EVLV,"Evolv Technologies Holdings, Inc.",Cybersecurity,"Cybersecurity - Identity, Biometrics & Access Management",Primary,944.3249,-0.0402,0.0019,-0.1587,944.3249
EVR,Evercore Inc.,Financials - Traditional,Fin Trad - Capital Markets & Investment Banking,Primary,11156.9848,-0.0431,-0.1458,-0.1597,11156.9848
EVRG,"Evergy, Inc.",Energy - Traditional,Energy Base - Utilities & Conventional Power Operators,Primary,18765.8609,-0.0222,-0.0586,-0.0223,18765.8609
EW,Edwards Lifesciences Corp,Healthcare & Biotech,Healthcare - Medical Devices & HealthTech Hardware,Primary,52164.1984,-0.0034,0.0952,0.055,52164.1984
EWBC,"East West Bancorp, Inc.",Financials - Traditional,"Fin Trad - Banks, Lending & Mortgage Finance",Primary,17662.1998,-0.0488,-0.0099,0.0535,17662.1998
EXC,Exelon Corp,Energy - Renewable,Energy Clean - Smart Grid & Electrification,Primary,45681.4592,-0.027,-0.0671,-0.0319,27408.8755
EXC,Exelon Corp,Energy - Renewable,Energy Clean - Utilities & Clean Power Operators,Secondary,45681.4592,-0.027,-0.0671,-0.0319,18272.5837
EXE,Expand Energy Corp,Commodities - Energy,Comm Energy - Natural Gas & LNG,Primary,22300.7601,0.0229,0.0589,-0.0105,22300.7601
EXEL,"Exelixis, Inc.",Healthcare & Biotech,Healthcare - Oncology & Precision Cancer Therapeutics,Primary,13516.4918,0.0426,-0.0148,0.0877,13516.4918
EXK,Endeavour Silver Corp,Commodities - Metals,Comm Metals - Precious Metals,Primary,3186.5147,0.0611,0.376,0.1658,3186.5147
EXLS,"Exlservice Holdings, Inc.",Business Services & Consulting,"Business Services - Outsourcing, Facilities & Testing",Primary,5709.7267,0.0897,0.361,0.2762,3425.836
EXLS,"Exlservice Holdings, Inc.",Artificial Intelligence,"AI - Apps, Domain-Specific AI",Secondary,5709.7267,0.0897,0.361,0.2762,2283.8907
EXP,Eagle Materials Inc.,Industrials & Construction,Industrials - Construction Materials & Aggregates,Primary,6265.4351,-0.0061,-0.0435,0.0254,6265.4351
EXPD,Expeditors International Of Washington Inc,Transportation & Logistics,"Transportation - Logistics, Warehousing & Supply Chain Solutions",Primary,24416.1393,-0.0023,0.0715,0.1913,24416.1393
EXPE,"Expedia Group, Inc.",Consumer Goods & Retail,Consumer - Resale & Sharing Platforms,Primary,40702.4886,0.0648,0.3046,0.5833,24421.4932
EXPE,"Expedia Group, Inc.",Real Estate & REITs,"Real Estate - Travel, Leisure & Entertainment Properties",Secondary,40702.4886,0.0648,0.3046,0.5833,16280.9954
EXPO,"Exponent, Inc.",Business Services & Consulting,Consulting,Primary,3365.3117,0.0693,0.152,0.2316,3365.3117
EXR,Extra Space Storage Inc.,Real Estate & REITs,Real Estate - Retail & Consumer Real Estate,Primary,32277.7477,-0.0044,-0.0099,0.0317,32277.7477
EXTR,Extreme Networks Inc,Hardware,Hardware - Networking Equipment,Primary,2920.3807,-0.0783,-0.2411,-0.1258,2920.3807
F,Ford Motor Co,Electric Vehicles & Mobility,EVs - Manufacturers,Primary,55547.2118,-0.0085,-0.0201,-0.0569,55547.2118
FAF,First American Financial Corp,Financials - Traditional,Fin Trad - Insurance & Reinsurance,Primary,7377.7464,-0.0126,-0.0382,0.0683,7377.7464
FANG,"Diamondback Energy, Inc.",Energy - Traditional,Energy Base - Oil & Gas Exploration & Production,Primary,57572.0694,-0.0033,0.01,0.03,34543.2416
FANG,"Diamondback Energy, Inc.",Commodities - Energy,Comm Energy - Crude Oil,Secondary,57572.0694,-0.0033,0.01,0.03,23028.8278
FAST,Fastenal Co,Industrials & Construction,Industrials - Distribution & Rental Services,Primary,58843.6767,0.001,0.0966,0.1735,58843.6767
FATE,Fate Therapeutics Inc,Healthcare & Biotech,"Healthcare - Regenerative Medicine, Psychedelics, Cannabis",Primary,292.362,-0.0687,0.0124,0.0844,292.362
FBIN,"Fortune Brands Innovations, Inc.",Industrials & Construction,Industrials - Building Products & HVAC,Primary,5363.4319,-0.0285,-0.118,0.2011,5363.4319
FCEL,Fuelcell Energy Inc,Energy - Renewable,Energy Clean - Hydrogen & Fuel Cells,Primary,1499.1411,-0.1614,-0.1181,-0.2503,1499.1411
FCFS,"Firstcash Holdings, Inc.",Financials - Traditional,"Fin Trad - Banks, Lending & Mortgage Finance",Primary,10254.3944,0.0934,0.2145,0.0409,10254.3944
FCN,"FTI Consulting, Inc.",Business Services & Consulting,Consulting,Primary,4294.1524,0.038,-0.0267,0.0093,4294.1524
FCPT,"Four Corners Property Trust, Inc.",Real Estate & REITs,Real Estate - Retail & Consumer Real Estate,Primary,2798.7884,0.0172,-0.0172,0.0375,2798.7884
FCX,Freeport-Mcmoran Inc,Energy - Renewable,Energy Clean - Materials & Critical Metals,Primary,111722.1683,0.1378,0.2428,0.2581,67033.301
FCX,Freeport-Mcmoran Inc,Commodities - Metals,Comm Metals - Industrial & Base Metals,Secondary,111722.1683,0.1378,0.2428,0.2581,44688.8673
FDS,Factset Research Systems Inc,Big Data & Analytics,"Big Data - Data Generation, Sourcing & Providers",Primary,10858.5165,0.1032,0.2003,0.3224,10858.5165
FDX,Fedex Corp,Industrial Automation & Robotics,Automation - Smart Logistics & Warehouse Automation,Primary,79059.755,0.0077,0.0606,0.0556,47435.853
FDX,Fedex Corp,Transportation & Logistics,"Transportation - Logistics, Warehousing & Supply Chain Solutions",Secondary,79059.755,0.0077,0.0606,0.0556,31623.902
FDXF,FedEx Freight Corp,Transportation & Logistics,"Transportation - Trucking, LTL & Ground Freight",Primary,19627.2456,-0.0873,-0.1692,,19627.2456
FE,Firstenergy Corp,Energy - Traditional,Energy Base - Utilities & Conventional Power Operators,Primary,26947.2625,-0.0179,-0.0579,0.0156,26947.2625
FERG,Ferguson Enterprises Inc.,Industrials & Construction,Industrials - Distribution & Rental Services,Primary,45741.8957,-0.0312,0.0289,0.0628,27445.1374
FERG,Ferguson Enterprises Inc.,Industrials & Construction,Industrials - Building Products & HVAC,Secondary,45741.8957,-0.0312,0.0289,0.0628,18296.7583
FF,Futurefuel Corp.,Commodities - Agriculture,"Comm Agri - Grains, Oilseeds & Softs",Primary,241.2483,-0.0418,0.1828,0.3381,241.2483
FFIN,"First Financial Bankshares, Inc.",Financials - Traditional,"Fin Trad - Banks, Lending & Mortgage Finance",Primary,4867.4017,-0.0258,-0.0208,0.0604,4867.4017
FFIV,"F5, Inc.",Cybersecurity,Cybersecurity - Application Security,Primary,21463.9677,-0.0417,-0.0336,-0.0371,12878.3806
FFIV,"F5, Inc.",Cloud Computing,Cloud - Multi-Cloud Management,Secondary,21463.9677,-0.0417,-0.0336,-0.0371,8585.5871
FHI,"Federated Hermes, Inc.",Financials - Traditional,"Fin Trad - Asset Management, Custody & Alternatives",Primary,4832.0133,0.0089,0.1242,0.1879,4832.0133
FHN,First Horizon Corp,Financials - Traditional,"Fin Trad - Banks, Lending & Mortgage Finance",Primary,11621.7539,-0.0573,-0.0392,0.0193,11621.7539
FICO,Fair Isaac Corp,Big Data & Analytics,"Big Data - Analytics, AI Platforms & BI",Primary,25191.4834,0.0958,-0.0574,-0.0593,25191.4834
FIG,"Figma, Inc. Class A",Software,Software - Vertical SaaS Platforms,Primary,14625.791,0.098,0.2992,0.2083,14625.791
FIS,"Fidelity National Information Services, Inc.",FinTech & Digital Finance,FinTech - Digital Banking & Neobanks,Primary,21350.2259,0.0056,-0.0026,-0.0387,12810.1355
FIS,"Fidelity National Information Services, Inc.",FinTech & Digital Finance,FinTech - Digital Payments & Merchant Infrastructure,Secondary,21350.2259,0.0056,-0.0026,-0.0387,8540.0904
FISV,"Fiserv, Inc. -",FinTech & Digital Finance,FinTech - Digital Payments & Merchant Infrastructure,Primary,28162.3654,0.0144,0.038,-0.073,28162.3654
FITB,Fifth Third Bancorp,Financials - Traditional,"Fin Trad - Banks, Lending & Mortgage Finance",Primary,49788.4037,-0.0469,-0.0437,0.1174,49788.4037
FIVE,"Five Below, Inc.",E-commerce,"E-commerce - Omnichannel Retailers, Online & Physical Stores",Primary,14527.1951,0.1013,0.293,0.1969,14527.1951
FIX,"Comfort Systems USA, Inc.",Industrials & Construction,Industrials - Engineering & Construction,Primary,56651.9562,-0.1443,-0.071,-0.1191,33991.1737
FIX,"Comfort Systems USA, Inc.",Cloud Computing,Cloud - Data Centers & Infrastructure,Secondary,56651.9562,-0.1443,-0.071,-0.1191,22660.7825
FLEX,Flex Ltd.,Hardware,Hardware - Data Center Infrastructure & Servers,Primary,39396.8271,-0.1796,-0.1001,-0.1949,23638.0963
FLEX,Flex Ltd.,Industrial Automation & Robotics,Automation - Factory & Process Automation Systems,Secondary,39396.8271,-0.1796,-0.1001,-0.1949,15758.7308
FLG,"Flagstar Financial, Inc.",Financials - Traditional,"Fin Trad - Banks, Lending & Mortgage Finance",Primary,5570.5457,-0.0414,-0.031,-0.0304,5570.5457
FLNC,"Fluence Energy, Inc.",Energy - Renewable,Energy Clean - Batteries & Storage,Primary,2018.9757,-0.1401,-0.192,-0.4946,2018.9757
FLO,"Flowers Foods, Inc.",Consumer Goods & Retail,"Consumer - Health, Food & Beverages",Primary,1543.3107,-0.0041,-0.0594,-0.0682,1543.3107
FLR,Fluor Corp,Industrials & Construction,Industrials - Engineering & Construction,Primary,6858.2415,-0.0632,-0.0174,0.1429,6858.2415
FLS,Flowserve Corp,Industrials & Construction,"Industrials - Machinery, Flow Control & Components",Primary,10227.4949,-0.0063,0.1113,0.1593,10227.4949
FLUT,Flutter Entertainment Plc,Digital Entertainment & Media,"Entertainment - Sports Betting, Wagering & Prediction Markets",Primary,17801.642,0.0642,0.0131,0.0534,10680.9852
FLUT,Flutter Entertainment Plc,Digital Entertainment & Media,Entertainment - iGaming & Online Gambling,Secondary,17801.642,0.0642,0.0131,0.0534,7120.6568
FLY,Firefly Aerospace Inc. -,Space Tech,"Space - Infrastructure, Exploration & Launch",Primary,3867.0472,-0.1501,0.1732,-0.5333,3867.0472
FMC,Fmc Corp,Agriculture & FoodTech,Agriculture - Agricultural Inputs & Crop Science,Primary,1412.5587,0.1081,-0.0018,-0.1336,847.5352
FMC,Fmc Corp,Commodities - Agriculture,"Comm Agri - Fertilizers, Crop Inputs & Seeds",Secondary,1412.5587,0.1081,-0.0018,-0.1336,565.0235
FN,Fabrinet,Hardware,Hardware - Communications & Telecom,Primary,15091.4949,-0.2964,-0.1153,-0.4017,9054.8969
FN,Fabrinet,Hardware,Hardware - Data Center Infrastructure & Servers,Secondary,15091.4949,-0.2964,-0.1153,-0.4017,6036.598
FNB,F.N.B. Corp,Financials - Traditional,"Fin Trad - Banks, Lending & Mortgage Finance",Primary,6578.2134,-0.0474,-0.0299,0.0621,6578.2134
FND,"Floor & Decor Holdings, Inc.",E-commerce,"E-commerce - Omnichannel Retailers, Online & Physical Stores",Primary,5843.1043,-0.0309,0.0208,0.1381,3505.8626
FND,"Floor & Decor Holdings, Inc.",Industrials & Construction,Industrials - Building Products & HVAC,Secondary,5843.1043,-0.0309,0.0208,0.1381,2337.2417
FNF,"Fidelity National Financial, Inc.",Financials - Traditional,Fin Trad - Insurance & Reinsurance,Primary,12720.386,-0.0346,-0.0812,-0.0136,12720.386
FNV,Franco Nevada Corp,Commodities - Metals,Comm Metals - Gold,Primary,52101.0012,0.1323,0.2583,0.1968,31260.6007
FNV,Franco Nevada Corp,Commodities - Metals,Comm Metals - Precious Metals,Secondary,52101.0012,0.1323,0.2583,0.1968,20840.4005
FORM,Formfactor Inc,Semiconductors,"Semis - Testing, Packaging & Assembly",Primary,8429.2265,-0.219,0.0371,-0.1635,8429.2265
FOUR,"Shift4 Payments, Inc.",FinTech & Digital Finance,FinTech - Digital Payments & Merchant Infrastructure,Primary,3790.0856,0.0823,-0.0072,0.1101,3790.0856
FOXA,Fox Corp,Digital Entertainment & Media,Entertainment - Video Streaming,Primary,29098.4776,0.0003,0.2513,0.0817,17459.0866
FOXA,Fox Corp,Digital Entertainment & Media,Entertainment - Advertising & Social Platforms,Secondary,29098.4776,0.0003,0.2513,0.0817,11639.391
FR,"First Industrial Realty Trust, Inc.",Real Estate & REITs,"Real Estate - E-Commerce, Warehousing & Logistics",Primary,8691.114,0.0084,-0.0531,0.0103,8691.114
FROG,Jfrog Ltd,Cloud Computing,"Cloud - DevOps, Observability",Primary,11114.3803,-0.0475,0.1245,0.2183,6668.6282
FROG,Jfrog Ltd,Software,"Software - Data, Analytics & DevOps",Secondary,11114.3803,-0.0475,0.1245,0.2183,4445.7521
FRSH,Freshworks Inc.,Software,"Software - Collaboration, CRM & Communications",Primary,3441.5447,0.0697,0.2843,0.4526,3441.5447
FRT,Federal Realty Investment Trust,Real Estate & REITs,Real Estate - Retail & Consumer Real Estate,Primary,10275.1508,-0.0041,-0.0677,-0.0094,10275.1508
FSLR,"First Solar, Inc.",Energy - Renewable,Energy Clean - Solar,Primary,22387.0321,-0.0438,0.0271,-0.1921,13432.2193
FSLR,"First Solar, Inc.",Nanotechnology,NanoTech - Energy & Environment,Secondary,22387.0321,-0.0438,0.0271,-0.1921,8954.8128
FSLY,"Fastly, Inc.",Telecommunications,Telecom - Cloud & Edge Connectivity,Primary,3654.3421,-0.2101,0.1334,0.4056,2192.6053
FSLY,"Fastly, Inc.",Cloud Computing,Cloud - Data Centers & Infrastructure,Secondary,3654.3421,-0.2101,0.1334,0.4056,1461.7368
FTEK,"Fuel Tech, Inc.",Environmental Sustainability,Environmental - Clean Technologies & Pollution Control,Primary,43.0792,-0.0417,-0.1097,-0.0676,43.0792
FTI,Technipfmc Plc,Energy - Traditional,Energy Base - Oilfield Services & Equipment,Primary,29745.6681,-0.049,-0.0111,0.0691,29745.6681
FTNT,"Fortinet, Inc.",Industrial Automation & Robotics,"Automation - Industrial IoT, Connectivity",Primary,111517.1471,-0.0248,-0.0025,0.1348,66910.2883
FTNT,"Fortinet, Inc.",Cybersecurity,Cybersecurity - Application Security,Secondary,111517.1471,-0.0248,-0.0025,0.1348,44606.8588
FTV,Fortive Corp,Industrial Automation & Robotics,Automation - Industrial Sensors & Machine Vision,Primary,18259.9516,-0.003,-0.0297,0.0235,10955.971
FTV,Fortive Corp,Hardware,Hardware - Industrial & IoT,Secondary,18259.9516,-0.003,-0.0297,0.0235,7303.9806
FWRD,Forward Air Corp,Transportation & Logistics,"Transportation - Logistics, Warehousing & Supply Chain Solutions",Primary,593.5298,-0.0906,0.1521,0.9966,593.5298
G,Genpact Limited,Business Services & Consulting,"Business Services - Outsourcing, Facilities & Testing",Primary,6316.4129,0.1154,0.2025,0.1848,3789.8477
G,Genpact Limited,Artificial Intelligence,"AI - Apps, Domain-Specific AI",Secondary,6316.4129,0.1154,0.2025,0.1848,2526.5652
GAP,"Gap, Inc.",Consumer Goods & Retail,Consumer - Apparel & E-Commerce Retail,Primary,7329.1713,0.0089,0.071,-0.1215,7329.1713
GATX,GATX Corp,Transportation & Logistics,Transportation - Freight Rail & Infrastructure,Primary,6302.3053,-0.0118,-0.0331,0.0561,6302.3053
GBCI,"Glacier Bancorp, Inc.",Financials - Traditional,"Fin Trad - Banks, Lending & Mortgage Finance",Primary,6090.0132,-0.0572,-0.0696,-0.0125,6090.0132
GD,General Dynamics Corp,Defense & Aerospace,Defense - Cyber Defense & Electronic Warfare,Primary,103831.724,-0.0188,-0.0077,0.1241,62299.0344
GD,General Dynamics Corp,Defense & Aerospace,Defense - Secure Defense Supply Chains,Secondary,103831.724,-0.0188,-0.0077,0.1241,41532.6896
GDDY,Godaddy Inc.,E-commerce,E-commerce - Platforms,Primary,12730.6271,0.0882,0.079,0.1112,12730.6271
GDRX,"Goodrx Holdings, Inc.",Healthcare & Biotech,"Healthcare - IT, Services & Data Infrastructure",Primary,1173.5401,-0.0753,0.1622,0.2981,1173.5401
GE,General Electric Co,Defense & Aerospace,Defense - Next-Generation Aircraft & Maintenance,Primary,354680.3732,-0.0747,-0.0336,0.1302,212808.2239
GE,General Electric Co,Defense & Aerospace,Defense - Secure Defense Supply Chains,Secondary,354680.3732,-0.0747,-0.0336,0.1302,141872.1493
GEF,"Greif, Inc.",Industrials & Construction,Industrials - Packaging & Containers,Primary,4888.3732,-0.0157,0.0937,0.3494,4888.3732
GEHC,Ge Healthcare Technologies Inc.,Healthcare & Biotech,Healthcare - Medical Devices & HealthTech Hardware,Primary,33510.6028,0.0251,0.2247,0.1557,20106.3617
GEHC,Ge Healthcare Technologies Inc.,Healthcare & Biotech,Healthcare - Senior Care & Longevity,Secondary,33510.6028,0.0251,0.2247,0.1557,13404.2411
GEN,Gen Digital Inc.,Cybersecurity,"Cybersecurity - Endpoint, Identity & Zero Trust",Primary,17424.8673,0.062,0.1315,0.178,17424.8673
GENI,Genius Sports Ltd,Digital Entertainment & Media,"Entertainment - Sports Betting, Wagering & Prediction Markets",Primary,2138.3393,0.0296,0.233,0.4935,2138.3393
GERN,Geron Corp,Healthcare & Biotech,Healthcare - Age-Related & Longevity Therapeutics,Primary,976.5596,-0.0065,0.0704,0.1875,976.5596
GEV,Ge Vernova Inc.,Energy - Traditional,Energy Base - Nuclear Power & Advanced Reactors,Primary,250912.8663,-0.1269,-0.0716,-0.0926,150547.7198
GEV,Ge Vernova Inc.,Energy - Renewable,Energy Clean - Smart Grid & Electrification,Secondary,250912.8663,-0.1269,-0.0716,-0.0926,100365.1465
GEVO,"Gevo, Inc.",Commodities - Energy,Comm Energy - Biofuels & Renewable Fuels,Primary,378.2728,-0.0438,-0.0613,-0.1356,226.9637
GEVO,"Gevo, Inc.",Energy - Renewable,Energy Clean - Fuels & Bioenergy,Secondary,378.2728,-0.0438,-0.0613,-0.1356,151.3091
GFI,Gold Fields Ltd,Commodities - Metals,Comm Metals - Gold,Primary,42332.8311,0.1405,0.4474,0.1973,42332.8311
GFL,Gfl Environmental Inc.,Environmental Sustainability,Environmental - Waste Management & Recycling,Primary,14976.9492,-0.001,0.0459,0.1623,14976.9492
GFS,Globalfoundries Inc.,Semiconductors,"Semis - Logic & CPUs, GPUs, Accelerators",Primary,25212.8051,-0.1402,-0.1416,-0.4627,25212.8051
GGG,Graco Inc.,Industrials & Construction,"Industrials - Machinery, Flow Control & Components",Primary,12982.2188,-0.017,0.0083,0.0641,12982.2188
GGRP,"The Glimpse Group, Inc.",Hardware,Hardware - Next-Gen & Specialty,Primary,20.2016,0.0184,0.2762,0.8953,20.2016
GH,"Guardant Health, Inc.",Healthcare & Biotech,"Healthcare - Diagnostics, Biomarkers & Liquid Biopsy",Primary,21898.1294,0.0093,0.1076,0.3718,13138.8776
GH,"Guardant Health, Inc.",Healthcare & Biotech,Healthcare - Genomics & Personalized Medicine,Secondary,21898.1294,0.0093,0.1076,0.3718,8759.2518
GHC,Graham Holdings Co,Education Technology,Education - Digital Curriculum,Primary,4977.2687,0.0086,0.0177,0.0656,4977.2687
GHRS,Gh Research Plc,Healthcare & Biotech,"Healthcare - Regenerative Medicine, Psychedelics, Cannabis",Primary,1928.8483,-0.0627,0.0301,0.2703,1928.8483
GILD,"Gilead Sciences, Inc.",Healthcare & Biotech,Healthcare - Oncology & Precision Cancer Therapeutics,Primary,181951.0374,0.0563,0.1348,0.0993,109170.6224
GILD,"Gilead Sciences, Inc.",Healthcare & Biotech,"Healthcare - Regenerative Medicine, Psychedelics, Cannabis",Secondary,181951.0374,0.0563,0.1348,0.0993,72780.415
GIS,General Mills Inc,Consumer Goods & Retail,"Consumer - Health, Food & Beverages",Primary,21877.0371,0.0774,0.1357,0.2356,21877.0371
GL,Globe Life Inc.,Financials - Traditional,Fin Trad - Insurance & Reinsurance,Primary,13304.9457,-0.035,-0.002,0.1098,13304.9457
GLPI,"Gaming & Leisure Properties, Inc.",Real Estate & REITs,"Real Estate - Travel, Leisure & Entertainment Properties",Primary,13157.0883,0.0398,-0.0275,-0.0646,13157.0883
GLW,Corning Inc /Ny,Telecommunications,Telecom - Infrastructure & Equipment,Primary,125375.0784,-0.1597,-0.0075,-0.2488,125375.0784
GM,General Motors Co,Transportation & Logistics,Transportation - Urban Mobility & Emerging Transport Tech,Primary,78669.1932,0.0309,0.0525,0.1063,47201.5159
GM,General Motors Co,Electric Vehicles & Mobility,EVs - Manufacturers,Secondary,78669.1932,0.0309,0.0525,0.1063,31467.6773
GME,Gamestop Corp,E-commerce,"E-commerce - Omnichannel Retailers, Online & Physical Stores",Primary,8094.3908,-0.0196,-0.1479,-0.1785,8094.3908
GMED,Globus Medical Inc,Industrial Automation & Robotics,Robotics - Medical & Surgical Robotics,Primary,11288.7429,-0.0122,0.0992,-0.0086,11288.7429
GNK,Genco Shipping & Trading Ltd,Transportation & Logistics,Transportation - Marine Shipping & Ports,Primary,1174.2231,0.0275,0.0379,0.1879,1174.2231
GNRC,Generac Holdings Inc.,Energy - Renewable,Energy Clean - Batteries & Storage,Primary,12011.3347,-0.08,0.0077,-0.2465,7206.8008
GNRC,Generac Holdings Inc.,Smart Home & IoT,Smart Home - Energy & Utilities,Secondary,12011.3347,-0.08,0.0077,-0.2465,4804.5339
GNTX,Gentex Corp,Electric Vehicles & Mobility,EVs - Key Suppliers & Autonomy Tech,Primary,4970.0198,-0.0092,0.0301,-0.0059,4970.0198
GOOGL,Alphabet Inc.,Artificial Intelligence,"AI - Ads, Search & Recommendations",Primary,4256751.1572,0.0118,0.0886,-0.0906,2554050.6943
GOOGL,Alphabet Inc.,Cloud Computing,Cloud - Hyperscalers & Platforms,Secondary,4256751.1572,0.0118,0.0886,-0.0906,1702700.4629
GPC,Genuine Parts Co,Industrials & Construction,Industrials - Distribution & Rental Services,Primary,18706.1903,0.0239,0.0924,0.4015,11223.7142
GPC,Genuine Parts Co,E-commerce,"E-commerce - Omnichannel Retailers, Online & Physical Stores",Secondary,18706.1903,0.0239,0.0924,0.4015,7482.4761
GPCR,Structure Therapeutics Inc.,Healthcare & Biotech,Healthcare - Metabolic & Cardiometabolic,Primary,3494.8959,-0.0884,-0.0022,0.2506,3494.8959
GPK,Graphic Packaging Holding Co,Industrials & Construction,Industrials - Packaging & Containers,Primary,3390.0196,0.0409,0.039,0.1376,3390.0196
GPN,Global Payments Inc,FinTech & Digital Finance,FinTech - Digital Payments & Merchant Infrastructure,Primary,24953.514,0.0434,0.1653,0.2921,24953.514
GPRE,Green Plains Inc.,Energy - Renewable,Energy Clean - Fuels & Bioenergy,Primary,1049.3271,-0.0725,-0.1168,-0.0323,629.5963
GPRE,Green Plains Inc.,Commodities - Agriculture,"Comm Agri - Grains, Oilseeds & Softs",Secondary,1049.3271,-0.0725,-0.1168,-0.0323,419.7308
GRMN,Garmin Ltd,Hardware,"Hardware - Consumer Electronics, PCs & Peripherals",Primary,56168.3046,-0.0528,0.1984,0.2153,33700.9828
GRMN,Garmin Ltd,Smart Home & IoT,"Smart Home & IoT - Devices, Sensors & Connectivity",Secondary,56168.3046,-0.0528,0.1984,0.2153,22467.3218
GS,"Goldman Sachs Group, Inc.",Financials - Traditional,Fin Trad - Capital Markets & Investment Banking,Primary,301735.084,-0.0143,-0.0235,0.0443,301735.084
GSAT,"Globalstar, Inc.",Telecommunications,Telecom - Satellite & Space Communication,Primary,10638.4507,-0.0111,0.0403,-0.0107,6383.0704
GSAT,"Globalstar, Inc.",Space Tech,"Space - Infrastructure, Exploration & Launch",Secondary,10638.4507,-0.0111,0.0403,-0.0107,4255.3803
GSL,"Global Ship Lease, Inc.",Transportation & Logistics,Transportation - Marine Shipping & Ports,Primary,1608.6218,0.0441,0.0386,0.1913,1608.6218
GT,Goodyear Tire & Rubber Co,Electric Vehicles & Mobility,EVs - Key Suppliers & Autonomy Tech,Primary,1727.3925,-0.0083,-0.1678,0.0187,1727.3925
GTLB,Gitlab Inc.,Cloud Computing,"Cloud - DevOps, Observability",Primary,7098.8667,0.0373,0.3437,0.5724,4259.32
GTLB,Gitlab Inc.,Software,"Software - Data, Analytics & DevOps",Secondary,7098.8667,0.0373,0.3437,0.5724,2839.5467
GTLS,"Chart Industries, Inc.",Industrials & Construction,"Industrials - Machinery, Flow Control & Components",Primary,10047.7188,,,,6028.6313
GTLS,"Chart Industries, Inc.",Commodities - Energy,Comm Energy - Natural Gas & LNG,Secondary,10047.7188,,,,4019.0875
GWH,"Ess Tech, Inc.",Energy - Renewable,Energy Clean - Batteries & Storage,Primary,15.3189,-0.3612,-0.482,-0.5939,15.3189
GWRE,"Guidewire Software, Inc.",FinTech & Digital Finance,FinTech - InsurTech & Embedded Insurance,Primary,15976.064,0.1157,0.3882,0.3681,9585.6384
GWRE,"Guidewire Software, Inc.",Software,Software - Vertical SaaS Platforms,Secondary,15976.064,0.1157,0.3882,0.3681,6390.4256
GWW,"W.W. Grainger, Inc.",Industrials & Construction,Industrials - Distribution & Rental Services,Primary,62262.7389,0.0032,-0.042,0.0615,62262.7389
GXO,"Gxo Logistics, Inc.",Industrial Automation & Robotics,Automation - Smart Logistics & Warehouse Automation,Primary,5387.8815,-0.0072,-0.1087,-0.0103,3232.7289
GXO,"Gxo Logistics, Inc.",Transportation & Logistics,"Transportation - Logistics, Warehousing & Supply Chain Solutions",Secondary,5387.8815,-0.0072,-0.1087,-0.0103,2155.1526
H,Hyatt Hotels Corp,Real Estate & REITs,"Real Estate - Travel, Leisure & Entertainment Properties",Primary,16971.093,-0.0083,-0.0376,0.0349,16971.093
HAE,Haemonetics Corp,Healthcare & Biotech,Healthcare - Medical Devices & HealthTech Hardware,Primary,4931.8804,0.2008,0.376,0.6552,4931.8804
HAIN,Hain Celestial Group Inc,Consumer Goods & Retail,"Consumer - Health, Food & Beverages",Primary,75.849,0.5,0.5849,0.0769,75.849
HAL,Halliburton Co,Energy - Traditional,Energy Base - Oilfield Services & Equipment,Primary,28851.3065,-0.0029,0.0381,-0.1614,28851.3065
HALO,"Halozyme Therapeutics, Inc.",Healthcare & Biotech,Healthcare - Next-Gen Biotech Platforms,Primary,12330.4223,0.0548,0.326,0.5902,7398.2534
HALO,"Halozyme Therapeutics, Inc.",Nanotechnology,NanoTech - Nanomedicine & Drug Delivery,Secondary,12330.4223,0.0548,0.326,0.5902,4932.1689
HAS,"Hasbro, Inc.",Consumer Goods & Retail,Consumer - Modern Luxury & Lifestyle,Primary,13457.0527,0.0113,0.0826,0.1,8074.2316
HAS,"Hasbro, Inc.",Digital Entertainment & Media,Entertainment - Game Publishers & Developers,Secondary,13457.0527,0.0113,0.0826,0.1,5382.8211
HBAN,Huntington Bancshares Inc,Financials - Traditional,"Fin Trad - Banks, Lending & Mortgage Finance",Primary,34427.8712,-0.0507,-0.0184,0.08,34427.8712
HCA,"HCA Healthcare, Inc.",Healthcare & Biotech,"Healthcare - IT, Services & Data Infrastructure",Primary,92931.1048,0.0599,0.1231,0.0914,92931.1048
HCAT,"Health Catalyst, Inc.",Healthcare & Biotech,"Healthcare - IT, Services & Data Infrastructure",Primary,119.6577,-0.0647,-0.2356,0.2326,119.6577
HCC,"Warrior Met Coal, Inc.",Energy - Traditional,Energy Base - Coal & Thermal Power Generation,Primary,5628.7027,0.0808,0.3325,0.2712,5628.7027
HD,"Home Depot, Inc.",E-commerce,"E-commerce - Omnichannel Retailers, Online & Physical Stores",Primary,336457.0747,-0.0013,0.0134,0.0859,201874.2448
HD,"Home Depot, Inc.",E-commerce,E-commerce - Retail Media & Advertising,Secondary,336457.0747,-0.0013,0.0134,0.0859,134582.8299
HEI,Heico Corp,Defense & Aerospace,Defense - Next-Generation Aircraft & Maintenance,Primary,49281.2994,-0.0501,0.0088,0.1719,29568.7796
HEI,Heico Corp,Defense & Aerospace,Defense - Secure Defense Supply Chains,Secondary,49281.2994,-0.0501,0.0088,0.1719,19712.5198
HELP,Cybin Inc. -,Healthcare & Biotech,"Healthcare - Regenerative Medicine, Psychedelics, Cannabis",Primary,951.2435,0.1253,0.7087,1.7821,951.2435
HGV,Hilton Grand Vacations Inc.,Real Estate & REITs,"Real Estate - Travel, Leisure & Entertainment Properties",Primary,3525.5672,0.0098,-0.0722,-0.063,3525.5672
HIG,"Hartford Insurance Group, Inc.",Financials - Traditional,Fin Trad - Insurance & Reinsurance,Primary,37645.7912,0.0166,-0.011,0.0266,37645.7912
HII,"Huntington Ingalls Industries, Inc.",Defense & Aerospace,Defense - Secure Defense Supply Chains,Primary,11609.7772,-0.0745,0.0245,-0.0771,6965.8663
HII,"Huntington Ingalls Industries, Inc.",Transportation & Logistics,Transportation - Marine Shipping & Ports,Secondary,11609.7772,-0.0745,0.0245,-0.0771,4643.9109
HIMS,"Hims & Hers Health, Inc.",Healthcare & Biotech,"Healthcare - Digital Health, Telemedicine & Remote Care",Primary,7251.3807,0.0863,0.1064,0.3086,4350.8284
HIMS,"Hims & Hers Health, Inc.",Healthcare & Biotech,Healthcare - Healthy Aging & Nutrition,Secondary,7251.3807,0.0863,0.1064,0.3086,2900.5523
HIPO,Hippo Holdings Inc.,FinTech & Digital Finance,FinTech - InsurTech & Embedded Insurance,Primary,877.4469,0.0187,0.1978,0.2691,877.4469
HIW,"Highwoods Properties, Inc.",Real Estate & REITs,Real Estate - Office & Commercial Workspaces,Primary,3568.5164,0.0362,-0.0406,0.2586,3568.5164
HL,Hecla Mining Co/De/,Commodities - Metals,Comm Metals - Precious Metals,Primary,13704.0763,0.084,0.3474,0.2014,13704.0763
HLF,Herbalife Ltd.,Consumer Goods & Retail,"Consumer - Health, Food & Beverages",Primary,1304.1613,0.0492,0.058,0.0121,1304.1613
HLI,"Houlihan Lokey, Inc.",Financials - Traditional,Fin Trad - Capital Markets & Investment Banking,Primary,9011.8636,0.0298,-0.0804,-0.1454,9011.8636
HLN,Haleon Plc,Consumer Goods & Retail,"Consumer - Health, Food & Beverages",Primary,44679.7906,0.0605,0.0457,0.1008,44679.7906
HLNE,Hamilton Lane Inc,Financials - Traditional,"Fin Trad - Asset Management, Custody & Alternatives",Primary,5805.5265,0.0432,0.265,0.1734,5805.5265
HLT,Hilton Worldwide Holdings Inc.,Real Estate & REITs,"Real Estate - Travel, Leisure & Entertainment Properties",Primary,74287.1777,0.0126,0.0162,0.0285,74287.1777
HNRG,Hallador Energy Co,Energy - Traditional,Energy Base - Coal & Thermal Power Generation,Primary,752.4079,-0.0142,0.0472,-0.1114,752.4079
HOG,"Harley-Davidson, Inc.",Consumer Goods & Retail,Consumer - Modern Luxury & Lifestyle,Primary,2944.2112,0.0466,0.1098,0.2014,2944.2112
HOMB,"Home Bancshares, Inc.",Financials - Traditional,"Fin Trad - Banks, Lending & Mortgage Finance",Primary,6013.4917,-0.0338,-0.0224,0.1381,6013.4917
HON,Honeywell International Inc,Hardware,Hardware - Industrial & IoT,Primary,68069.204,-0.064,-0.1141,-0.0988,40841.5224
HON,Honeywell International Inc,Industrial Automation & Robotics,Automation - Factory & Process Automation Systems,Secondary,68069.204,-0.064,-0.1141,-0.0988,27227.6816
HONA,Honeywell Aerospace Inc.,Defense & Aerospace,Defense - Next-Generation Aircraft & Maintenance,Primary,51092.779,-0.0022,-0.2101,,30655.6674
HONA,Honeywell Aerospace Inc.,Defense & Aerospace,Defense - Secure Defense Supply Chains,Secondary,51092.779,-0.0022,-0.2101,,20437.1116
HOOD,"Robinhood Markets, Inc.",FinTech & Digital Finance,FinTech - Trading Platforms & WealthTech,Primary,93162.9138,0.0766,0.0918,0.4071,55897.7483
HOOD,"Robinhood Markets, Inc.",Crypto & Blockchain,"Blockchain - Platforms, Tokenization & Financial Services",Secondary,93162.9138,0.0766,0.0918,0.4071,37265.1655
HPE,Hewlett Packard Enterprise Co,Hardware,Hardware - Communications & Telecom,Primary,69427.9946,-0.0899,0.0994,0.3992,41656.7968
HPE,Hewlett Packard Enterprise Co,Hardware,Hardware - Networking Equipment,Secondary,69427.9946,-0.0899,0.0994,0.3992,27771.1978
HPQ,Hp Inc,Hardware,"Hardware - Consumer Electronics, PCs & Peripherals",Primary,26137.0584,-0.0279,0.1099,0.1461,26137.0584
HQY,"Healthequity, Inc.",Healthcare & Biotech,"Healthcare - IT, Services & Data Infrastructure",Primary,8811.6675,0.03,0.1138,0.1962,8811.6675
HR,Healthcare Realty Trust Inc,Real Estate & REITs,Real Estate - Healthcare & Senior Living,Primary,6703.9974,0.0089,-0.086,-0.0393,6703.9974
HRB,"H&R Block, Inc.",Business Services & Consulting,"Business Services - Outsourcing, Facilities & Testing",Primary,6616.9144,0.0708,0.3147,0.3955,6616.9144
HRL,Hormel Foods Corp /De/,Commodities - Agriculture,Comm Agri - Livestock & Animal Protein,Primary,13257.0874,0.0029,-0.0482,0.1478,13257.0874
HSAI,Hesai Group,Electric Vehicles & Mobility,EVs - Autonomous Driving & Fleet,Primary,22817.0486,0.0044,0.2432,-0.1202,22817.0486
HSIC,"Henry Schein, Inc.",Healthcare & Biotech,"Healthcare - IT, Services & Data Infrastructure",Primary,9975.5807,-0.0001,0.0473,0.2062,9975.5807
HST,"Host Hotels & Resorts, Inc.",Real Estate & REITs,"Real Estate - Travel, Leisure & Entertainment Properties",Primary,16110.7067,0.0167,-0.0535,0.0759,16110.7067
HSY,Hershey Co,Commodities - Agriculture,Comm Agri - Softs & Plantation Crops,Primary,38163.8205,0.049,0.0983,-0.0172,38163.8205
HTOO,Fusion Fuel Green Plc,Energy - Renewable,Energy Clean - Hydrogen & Fuel Cells,Primary,14.1655,-0.0905,-0.2269,-0.3322,14.1655
HUBB,Hubbell Inc,Energy - Renewable,Energy Clean - Smart Grid & Electrification,Primary,24660.1318,-0.0744,-0.0398,-0.0144,24660.1318
HUBG,"Hub Group, Inc.",Transportation & Logistics,"Transportation - Logistics, Warehousing & Supply Chain Solutions",Primary,2458.9827,0.0187,-0.1841,-0.0274,2458.9827
HUBS,Hubspot Inc,Cloud Computing,Cloud - Horizontal SaaS & Cloud Applications,Primary,12499.2348,0.1348,0.1917,0.2089,7499.5409
HUBS,Hubspot Inc,Software,"Software - Collaboration, CRM & Communications",Secondary,12499.2348,0.1348,0.1917,0.2089,4999.6939
HUM,Humana Inc.,Healthcare & Biotech,"Healthcare - IT, Services & Data Infrastructure",Primary,46424.2442,0.006,-0.007,0.2584,46424.2442
HUT,Hut 8 Corp.,Crypto & Blockchain,Blockchain - Cryptocurrency Mining & Staking,Primary,9806.5234,-0.0963,-0.2767,-0.2487,9806.5234
HWC,Hancock Whitney Corp,Financials - Traditional,"Fin Trad - Banks, Lending & Mortgage Finance",Primary,6005.4979,-0.0505,-0.0176,0.1171,6005.4979
HWM,Howmet Aerospace Inc.,Defense & Aerospace,Defense - Secure Defense Supply Chains,Primary,105000.4275,-0.0893,-0.0893,0.0268,105000.4275
HXL,Hexcel Corp /De/,Defense & Aerospace,Defense - Secure Defense Supply Chains,Primary,7000.4634,-0.1021,-0.1591,0.0759,7000.4634
HYFM,"Hydrofarm Holdings Group, Inc.",Agriculture & FoodTech,Agriculture - Precision Agriculture & Farm Automation,Primary,4.3851,-0.272,0.3872,-0.0638,4.3851
IBKR,"Interactive Brokers Group, Inc.",FinTech & Digital Finance,FinTech - Trading Platforms & WealthTech,Primary,158540.0381,-0.0136,0.0143,0.145,158540.0381
IBM,International Business Machines Corp,Hardware,Hardware - Data Center Infrastructure & Servers,Primary,217670.7297,0.0096,0.0864,-0.0833,130602.4378
IBM,International Business Machines Corp,Cybersecurity,Cybersecurity - Cloud Security,Secondary,217670.7297,0.0096,0.0864,-0.0833,87068.2919
IBOC,International Bancshares Corp,Financials - Traditional,"Fin Trad - Banks, Lending & Mortgage Finance",Primary,4449.1807,-0.0219,-0.059,-0.0072,4449.1807
ICE,"Intercontinental Exchange, Inc.",FinTech & Digital Finance,FinTech - Exchanges & Market Infrastructure,Primary,91501.6909,0.0563,0.118,0.0695,54901.0145
ICE,"Intercontinental Exchange, Inc.",Big Data & Analytics,"Big Data - Data Generation, Sourcing & Providers",Secondary,91501.6909,0.0563,0.118,0.0695,36600.6764
IDA,"Idacorp, Inc.",Energy - Traditional,Energy Base - Utilities & Conventional Power Operators,Primary,7995.5057,-0.0229,-0.0639,-0.0206,7995.5057
IDCC,"Interdigital, Inc.",Semiconductors,Semis - Wireless & Connectivity,Primary,8802.1709,-0.021,0.3205,0.3103,5281.3025
IDCC,"Interdigital, Inc.",Telecommunications,"Telecom - 5G, Wireless & Carriers",Secondary,8802.1709,-0.021,0.3205,0.3103,3520.8684
IDN,"Intellicheck, Inc.",Cybersecurity,"Cybersecurity - Identity, Biometrics & Access Management",Primary,58.5709,-0.0203,-0.2039,-0.3447,58.5709
IDXX,"Idexx Laboratories, Inc.",Healthcare & Biotech,Healthcare - Animal Health & Veterinary,Primary,44078.8255,0.0246,0.0279,0.0003,26447.2953
IDXX,"Idexx Laboratories, Inc.",Healthcare & Biotech,"Healthcare - Diagnostics, Biomarkers & Liquid Biopsy",Secondary,44078.8255,0.0246,0.0279,0.0003,17631.5302
IEX,IDEX Corp,Industrials & Construction,"Industrials - Machinery, Flow Control & Components",Primary,17227.6019,-0.0279,0.0467,0.123,17227.6019
IFF,International Flavors & Fragrances Inc.,Industrials & Construction,Industrials - Chemicals & Advanced Materials,Primary,21894.4184,0.0486,0.13,0.1459,13136.651
IFF,International Flavors & Fragrances Inc.,Consumer Goods & Retail,"Consumer - Health, Food & Beverages",Secondary,21894.4184,0.0486,0.13,0.1459,8757.7674
ILMN,"Illumina, Inc.",Healthcare & Biotech,"Healthcare - Diagnostics, Biomarkers & Liquid Biopsy",Primary,33706.2195,0.1557,0.1501,0.5457,20223.7317
ILMN,"Illumina, Inc.",Healthcare & Biotech,Healthcare - Genomics & Personalized Medicine,Secondary,33706.2195,0.1557,0.1501,0.5457,13482.4878
IMMR,Immersion Corp,Hardware,"Hardware - Consumer Electronics, PCs & Peripherals",Primary,250.2669,0.004,0.1564,0.2163,250.2669
INCY,Incyte Corp,Healthcare & Biotech,Healthcare - Oncology & Precision Cancer Therapeutics,Primary,25941.2582,0.0363,0.0876,0.3172,25941.2582
INFY,Infosys Ltd,Business Services & Consulting,Consulting,Primary,47872.4588,0.0172,0.0639,-0.0469,47872.4588
INGR,Ingredion Inc,Agriculture & FoodTech,Agriculture - Alternative Proteins,Primary,6692.9802,0.0245,0.0495,0.0454,4015.7881
INGR,Ingredion Inc,Consumer Goods & Retail,"Consumer - Health, Food & Beverages",Secondary,6692.9802,0.0245,0.0495,0.0454,2677.1921
INOD,Innodata Inc,Artificial Intelligence,"AI - Apps, Domain-Specific AI",Primary,1964.281,-0.1115,0.0222,-0.4017,1964.281
INSE,"Inspired Entertainment, Inc.",Digital Entertainment & Media,Entertainment - iGaming & Online Gambling,Primary,160.8524,0.0,-0.0919,-0.1435,160.8524
INTC,Intel Corp,Semiconductors,Semis - Emerging Technologies,Primary,461265.535,-0.1568,-0.0548,-0.2719,276759.321
INTC,Intel Corp,Semiconductors,"Semis - Logic & CPUs, GPUs, Accelerators",Secondary,461265.535,-0.1568,-0.0548,-0.2719,184506.214
INTU,Intuit Inc.,Cloud Computing,Cloud - Horizontal SaaS & Cloud Applications,Primary,101186.8058,0.1023,0.2483,0.1613,60712.0835
INTU,Intuit Inc.,Software,"Software - Collaboration, CRM & Communications",Secondary,101186.8058,0.1023,0.2483,0.1613,40474.7223
INVH,Invitation Homes Inc.,Real Estate & REITs,"Real Estate - Housing, Urban Living & Demographics",Primary,18094.5183,0.0259,0.0228,0.0506,18094.5183
INVZ,Innoviz Technologies Ltd.,Industrial Automation & Robotics,Robotics - Sensors & Vision Systems,Primary,100.9689,-0.0788,-0.4461,-0.5225,60.5813
INVZ,Innoviz Technologies Ltd.,Electric Vehicles & Mobility,EVs - Autonomous Driving & Fleet,Secondary,100.9689,-0.0788,-0.4461,-0.5225,40.3876
IONQ,"Ionq, Inc.",Semiconductors,Semis - Emerging Technologies,Primary,16634.8698,-0.1234,0.2503,-0.3548,9980.9219
IONQ,"Ionq, Inc.",Hardware,Hardware - Next-Gen & Specialty,Secondary,16634.8698,-0.1234,0.2503,-0.3548,6653.9479
IOT,Samsara Inc.,Hardware,Hardware - Industrial & IoT,Primary,23500.6987,0.0341,0.2181,0.2947,14100.4192
IOT,Samsara Inc.,Industrial Automation & Robotics,"Automation - Industrial IoT, Connectivity",Secondary,23500.6987,0.0341,0.2181,0.2947,9400.2795
IP,International Paper Co,Industrials & Construction,Industrials - Packaging & Containers,Primary,21733.548,0.0194,-0.0155,0.3265,21733.548
IPGP,IPG Photonics Corp,Hardware,Hardware - Next-Gen & Specialty,Primary,3008.8932,-0.197,-0.2286,-0.4055,1805.3359
IPGP,IPG Photonics Corp,Industrial Automation & Robotics,Automation - Industrial Sensors & Machine Vision,Secondary,3008.8932,-0.197,-0.2286,-0.4055,1203.5573
IPX,Iperionx Ltd,Commodities - Metals,Comm Metals - Rare Earth & Strategic Materials,Primary,786.193,-0.1157,0.007,-0.4229,786.193
IQV,Iqvia Holdings Inc.,Healthcare & Biotech,"Healthcare - IT, Services & Data Infrastructure",Primary,42835.5011,0.0788,0.2509,0.55,25701.3007
IQV,Iqvia Holdings Inc.,Big Data & Analytics,"Big Data - Data Generation, Sourcing & Providers",Secondary,42835.5011,0.0788,0.2509,0.55,17134.2004
IR,Ingersoll Rand Inc.,Industrials & Construction,"Industrials - Machinery, Flow Control & Components",Primary,31036.074,-0.0282,-0.052,0.1283,31036.074
IRDM,Iridium Communications Inc.,Defense & Aerospace,Defense - Space Technology & Satellite Services,Primary,5011.926,-0.0549,0.0332,-0.0285,3007.1556
IRDM,Iridium Communications Inc.,Telecommunications,Telecom - Satellite & Space Communication,Secondary,5011.926,-0.0549,0.0332,-0.0285,2004.7704
IREN,Iren Ltd,Crypto & Blockchain,Blockchain - Cryptocurrency Mining & Staking,Primary,14227.2461,-0.1134,0.0739,-0.2995,14227.2461
IRM,Iron Mountain Inc,Cloud Computing,Cloud - Data Centers & Infrastructure,Primary,36078.6043,-0.0671,-0.0555,-0.0351,21647.1626
IRM,Iron Mountain Inc,Real Estate & REITs,Real Estate - Digital Infrastructure,Secondary,36078.6043,-0.0671,-0.0555,-0.0351,14431.4417
IRT,"Independence Realty Trust, Inc.",Real Estate & REITs,"Real Estate - Housing, Urban Living & Demographics",Primary,4079.6631,0.0126,0.0163,0.0121,4079.6631
IRTC,"Irhythm Technologies, Inc.",Healthcare & Biotech,"Healthcare - Digital Health, Telemedicine & Remote Care",Primary,4128.6162,0.0712,0.147,0.0746,2477.1697
IRTC,"Irhythm Technologies, Inc.",Healthcare & Biotech,Healthcare - Medical Devices & HealthTech Hardware,Secondary,4128.6162,0.0712,0.147,0.0746,1651.4465
ISRG,Intuitive Surgical Inc,Industrial Automation & Robotics,Robotics - Medical & Surgical Robotics,Primary,133841.9364,-0.0429,0.1069,-0.1473,80305.1618
ISRG,Intuitive Surgical Inc,Hardware,Hardware - Next-Gen & Specialty,Secondary,133841.9364,-0.0429,0.1069,-0.1473,53536.7746
IT,"Gartner, Inc.",Business Services & Consulting,Consulting,Primary,12805.3494,0.1316,0.4433,0.2673,7683.2096
IT,"Gartner, Inc.",Big Data & Analytics,"Big Data - Data Generation, Sourcing & Providers",Secondary,12805.3494,0.1316,0.4433,0.2673,5122.1398
ITRI,"Itron, Inc.",Energy - Renewable,Energy Clean - Smart Grid & Electrification,Primary,4321.3148,-0.0191,0.1718,0.1887,2592.7889
ITRI,"Itron, Inc.",Smart Home & IoT,Smart Home - Energy & Utilities,Secondary,4321.3148,-0.0191,0.1718,0.1887,1728.5259
ITT,ITT Inc.,Industrials & Construction,"Industrials - Machinery, Flow Control & Components",Primary,18413.5709,-0.0676,0.0465,0.0531,18413.5709
ITW,Illinois Tool Works Inc.,Industrials & Construction,"Industrials - Machinery, Flow Control & Components",Primary,80868.9664,-0.0116,0.0033,0.1327,80868.9664
IVZ,Invesco Ltd.,Financials - Traditional,"Fin Trad - Asset Management, Custody & Alternatives",Primary,14326.6683,-0.0037,0.0914,0.2077,14326.6683
J,Jacobs Solutions Inc.,Industrials & Construction,Industrials - Engineering & Construction,Primary,17744.2243,0.0581,0.1295,0.3251,10646.5346
J,Jacobs Solutions Inc.,Business Services & Consulting,Consulting,Secondary,17744.2243,0.0581,0.1295,0.3251,7097.6897
JAZZ,Jazz Pharmaceuticals Plc,Healthcare & Biotech,"Healthcare - Regenerative Medicine, Psychedelics, Cannabis",Primary,16518.8127,0.0246,0.0024,0.061,16518.8127
JBHT,Hunt J B Transport Services Inc,Transportation & Logistics,"Transportation - Trucking, LTL & Ground Freight",Primary,24406.614,-0.0829,-0.0971,0.006,24406.614
JBL,Jabil Inc.,Hardware,Hardware - Data Center Infrastructure & Servers,Primary,31948.5358,-0.1757,-0.0244,-0.163,19169.1215
JBL,Jabil Inc.,Industrial Automation & Robotics,Automation - Factory & Process Automation Systems,Secondary,31948.5358,-0.1757,-0.0244,-0.163,12779.4143
JBS,JBS N.V. Class A,Commodities - Agriculture,Comm Agri - Livestock & Animal Protein,Primary,14864.2427,0.0327,0.1303,0.0507,14864.2427
JCI,Johnson Controls International Plc,Smart Home & IoT,"Smart Home - Connectivity, Security & Networking",Primary,86614.9745,-0.071,-0.0027,0.0363,51968.9847
JCI,Johnson Controls International Plc,Environmental Sustainability,Environmental - Climate Technologies & Carbon Solutions,Secondary,86614.9745,-0.071,-0.0027,0.0363,34645.9898
JD,"Jd.Com, Inc.",Software,Software - Vertical SaaS Platforms,Primary,39434.601,0.0246,-0.0328,-0.0433,39434.601
JEF,Jefferies Financial Group Inc.,Financials - Traditional,Fin Trad - Capital Markets & Investment Banking,Primary,10558.079,-0.0415,-0.0638,0.006,10558.079
JHG,Janus Henderson Group Plc,Financials - Traditional,"Fin Trad - Asset Management, Custody & Alternatives",Primary,8004.228,,,,8004.228
JKHY,"Jack Henry & Associates, Inc.",FinTech & Digital Finance,FinTech - Digital Banking & Neobanks,Primary,12114.8692,0.1377,0.1324,0.2217,12114.8692
JKS,"Jinkosolar Holding Co., Ltd.",Energy - Renewable,Energy Clean - Solar,Primary,846.3022,-0.0277,0.0919,-0.2343,846.3022
JLL,Jones Lang Lasalle Inc,Real Estate & REITs,Real Estate - Office & Commercial Workspaces,Primary,17814.6427,0.0456,0.1898,0.3275,17814.6427
JNJ,Johnson & Johnson,Healthcare & Biotech,Healthcare - Medical Devices & HealthTech Hardware,Primary,657998.676,0.0407,0.0366,0.1718,394799.2056
JNJ,Johnson & Johnson,Healthcare & Biotech,Healthcare - Oncology & Precision Cancer Therapeutics,Secondary,657998.676,0.0407,0.0366,0.1718,263199.4704
JOBY,"Joby Aviation, Inc.",Transportation & Logistics,Transportation - Air Travel & Passenger Transportation,Primary,7111.8034,-0.091,0.0375,-0.3416,4267.082
JOBY,"Joby Aviation, Inc.",Transportation & Logistics,Transportation - Urban Mobility & Emerging Transport Tech,Secondary,7111.8034,-0.091,0.0375,-0.3416,2844.7214
JPM,JPMorgan Chase & Co.,Financials - Traditional,"Fin Trad - Banks, Lending & Mortgage Finance",Primary,947351.0605,-0.0127,0.009,0.1685,568410.6363
JPM,JPMorgan Chase & Co.,FinTech & Digital Finance,FinTech - Digital Banking & Neobanks,Secondary,947351.0605,-0.0127,0.009,0.1685,378940.4242
KBH,KB Home,Real Estate & REITs,"Real Estate - Housing, Urban Living & Demographics",Primary,3410.732,0.0036,-0.0156,0.1497,3410.732
KBR,"KBR, Inc.",Industrials & Construction,Industrials - Engineering & Construction,Primary,4751.4936,0.0037,0.0206,0.1316,2850.8962
KBR,"KBR, Inc.",Defense & Aerospace,Defense - Cyber Defense & Electronic Warfare,Secondary,4751.4936,0.0037,0.0206,0.1316,1900.5974
KD,"Kyndryl Holdings, Inc.",Business Services & Consulting,Consulting,Primary,2777.1827,0.0024,0.0581,0.0374,1666.3096
KD,"Kyndryl Holdings, Inc.",Cloud Computing,Cloud - Multi-Cloud Management,Secondary,2777.1827,0.0024,0.0581,0.0374,1110.8731
KDP,Keurig Dr Pepper Inc.,Consumer Goods & Retail,"Consumer - Health, Food & Beverages",Primary,44240.4495,0.0736,0.0954,0.1244,44240.4495
KEX,Kirby Corp,Transportation & Logistics,Transportation - Marine Shipping & Ports,Primary,7324.416,-0.0171,-0.0668,-0.0322,7324.416
KEY,Keycorp,Financials - Traditional,"Fin Trad - Banks, Lending & Mortgage Finance",Primary,23338.1028,-0.0508,-0.0344,0.0244,23338.1028
KEYS,"Keysight Technologies, Inc.",Semiconductors,Semis - EDA Tools & Design Software,Primary,52905.3983,-0.1398,-0.0251,-0.1036,31743.239
KEYS,"Keysight Technologies, Inc.",Semiconductors,Semis - Emerging Technologies,Secondary,52905.3983,-0.1398,-0.0251,-0.1036,21162.1593
KGC,Kinross Gold Corp,Commodities - Metals,Comm Metals - Gold,Primary,39122.219,0.1913,0.3847,0.1673,39122.219
KHC,Kraft Heinz Co,Consumer Goods & Retail,"Consumer - Health, Food & Beverages",Primary,30440.0957,0.0372,0.0,0.0986,30440.0957
KIM,Kimco Realty Corp,Real Estate & REITs,Real Estate - Retail & Consumer Real Estate,Primary,16246.5178,-0.0057,-0.072,0.0156,16246.5178
KKR,KKR & Co. Inc.,Financials - Traditional,"Fin Trad - Asset Management, Custody & Alternatives",Primary,99119.7348,-0.0139,0.0822,0.1434,99119.7348
KLAC,Kla Corp,Semiconductors,"Semis - Equipment, Lithography & Deposition",Primary,237229.7196,-0.1176,-0.1365,-0.0374,142337.8318
KLAC,Kla Corp,Artificial Intelligence,"AI - Compute, Edge & Acceleration",Secondary,237229.7196,-0.1176,-0.1365,-0.0374,94891.8878
KMB,Kimberly-Clark Corp,Consumer Goods & Retail,Consumer - Household & Personal Care,Primary,37039.3293,0.0321,0.0152,0.1388,37039.3293
KMI,"Kinder Morgan, Inc.",Energy - Traditional,Energy Base - Refining & Midstream Infrastructure,Primary,69030.871,-0.0411,-0.0478,-0.074,41418.5226
KMI,"Kinder Morgan, Inc.",Commodities - Energy,Comm Energy - Natural Gas & LNG,Secondary,69030.871,-0.0411,-0.0478,-0.074,27612.3484
KNF,Knife River Corp,Industrials & Construction,Industrials - Construction Materials & Aggregates,Primary,3613.5593,-0.0449,-0.1845,-0.1183,3613.5593
KNSL,"Kinsale Capital Group, Inc.",Financials - Traditional,Fin Trad - Insurance & Reinsurance,Primary,9009.0947,0.0772,0.1329,0.2761,9009.0947
KNX,Knight-Swift Transportation Holdings Inc.,Transportation & Logistics,"Transportation - Trucking, LTL & Ground Freight",Primary,11249.6947,-0.0505,-0.0466,-0.0117,11249.6947
KO,Coca Cola Co,Consumer Goods & Retail,"Consumer - Health, Food & Beverages",Primary,395791.4665,0.0576,0.1184,0.1363,395791.4665
KOPN,Kopin Corp,Hardware,Hardware - Next-Gen & Specialty,Primary,881.0361,-0.109,0.324,-0.0778,881.0361
KR,Kroger Co,E-commerce,E-commerce - Grocery & Local Commerce Platforms,Primary,36195.2025,0.0537,0.046,-0.1155,21717.1215
KR,Kroger Co,E-commerce,"E-commerce - Omnichannel Retailers, Online & Physical Stores",Secondary,36195.2025,0.0537,0.046,-0.1155,14478.081
KRC,Kilroy Realty Corp,Real Estate & REITs,Real Estate - Office & Commercial Workspaces,Primary,4331.2814,0.0236,-0.0644,0.1011,4331.2814
KRG,Kite Realty Group Trust,Real Estate & REITs,Real Estate - Retail & Consumer Real Estate,Primary,5388.4611,-0.0083,-0.1041,-0.0186,5388.4611
KTOS,"Kratos Defense & Security Solutions, Inc.",Hardware,Hardware - Next-Gen & Specialty,Primary,9962.3711,-0.1615,0.1208,-0.0554,5977.4227
KTOS,"Kratos Defense & Security Solutions, Inc.",Defense & Aerospace,Defense - Drones & Anti-Drone Systems,Secondary,9962.3711,-0.1615,0.1208,-0.0554,3984.9484
KVHI,Kvh Industries Inc \De\,Industrial Automation & Robotics,"Robotics - Autonomous Vehicles, Service & Mobility",Primary,135.8758,-0.081,-0.1733,-0.3593,135.8758
KVUE,Kenvue Inc.,Consumer Goods & Retail,Consumer - Household & Personal Care,Primary,37320.6303,0.0341,0.019,0.1207,22392.3782
KVUE,Kenvue Inc.,Healthcare & Biotech,Healthcare - Healthy Aging & Nutrition,Secondary,37320.6303,0.0341,0.019,0.1207,14928.2521
L,Loews Corp,Conglomerates & Diversified Holdings,Diversified Holdings & Multi-Industry Conglomerates,Primary,22783.4675,-0.0077,-0.0542,0.0249,13670.0805
L,Loews Corp,Financials - Traditional,Fin Trad - Insurance & Reinsurance,Secondary,22783.4675,-0.0077,-0.0542,0.0249,9113.387
LAC,Lithium Americas Corp.,Energy - Renewable,Energy Clean - Materials & Critical Metals,Primary,1129.0636,-0.0127,0.1068,-0.3614,677.4382
LAC,Lithium Americas Corp.,Commodities - Metals,Comm Metals - Battery & Energy Transition Metals,Secondary,1129.0636,-0.0127,0.1068,-0.3614,451.6254
LAD,"Lithia Motors, Inc.",E-commerce,"E-commerce - Omnichannel Retailers, Online & Physical Stores",Primary,8101.8772,-0.0026,0.083,0.335,8101.8772
LAES,Sealsq Corp,Semiconductors,Semis - Emerging Technologies,Primary,552.4796,-0.1448,0.0206,-0.2663,552.4796
LAMR,Lamar Advertising Co,Real Estate & REITs,Real Estate - Retail & Consumer Real Estate,Primary,15504.6042,0.002,-0.0425,0.0077,9302.7625
LAMR,Lamar Advertising Co,Digital Entertainment & Media,Entertainment - Advertising & Social Platforms,Secondary,15504.6042,0.002,-0.0425,0.0077,6201.8417
LAR,Lithium Argentina Ag,Commodities - Metals,Comm Metals - Battery & Energy Transition Metals,Primary,1099.47,0.0152,0.1453,-0.2709,1099.47
LAUR,"Laureate Education, Inc.",Education Technology,Education - Workforce Training,Primary,5139.4289,-0.0106,0.0084,0.1265,5139.4289
LCID,"Lucid Group, Inc.",Transportation & Logistics,Transportation - Urban Mobility & Emerging Transport Tech,Primary,2005.8172,-0.1817,-0.1921,-0.1284,1203.4903
LCID,"Lucid Group, Inc.",Electric Vehicles & Mobility,EVs - Manufacturers,Secondary,2005.8172,-0.1817,-0.1921,-0.1284,802.3269
LDOS,"Leidos Holdings, Inc.",Defense & Aerospace,Defense - Cyber Defense & Electronic Warfare,Primary,17371.8856,-0.0269,0.2344,0.1024,10423.1314
LDOS,"Leidos Holdings, Inc.",Space Tech,Space - Data Analytics & Earth Observation,Secondary,17371.8856,-0.0269,0.2344,0.1024,6948.7542
LEA,Lear Corp,Electric Vehicles & Mobility,EVs - Key Suppliers & Autonomy Tech,Primary,8182.0385,-0.0159,-0.1442,-0.1163,8182.0385
LECO,"Lincoln Electric Holdings, Inc.",Industrials & Construction,"Industrials - Machinery, Flow Control & Components",Primary,15383.7036,-0.0132,0.1224,0.0746,9230.2222
LECO,"Lincoln Electric Holdings, Inc.",Industrial Automation & Robotics,"Robotics - Autonomous Vehicles, Service & Mobility",Secondary,15383.7036,-0.0132,0.1224,0.0746,6153.4814
LEN,Lennar Corp,Real Estate & REITs,"Real Estate - Housing, Urban Living & Demographics",Primary,21237.3156,0.0187,0.0416,-0.002,21237.3156
LEU,Centrus Energy Corp,Energy - Traditional,Energy Base - Nuclear Power & Advanced Reactors,Primary,3534.4492,-0.0379,0.0808,-0.0124,2120.6695
LEU,Centrus Energy Corp,Commodities - Energy,Comm Energy - Uranium & Nuclear Fuels,Secondary,3534.4492,-0.0379,0.0808,-0.0124,1413.7797
LEVI,Levi Strauss & Co,E-commerce,E-commerce - Direct-to-Consumer,Primary,8358.954,-0.0377,-0.1149,-0.0072,5015.3724
LEVI,Levi Strauss & Co,Consumer Goods & Retail,Consumer - Apparel & E-Commerce Retail,Secondary,8358.954,-0.0377,-0.1149,-0.0072,3343.5816
LFST,"Lifestance Health Group, Inc.",Healthcare & Biotech,"Healthcare - Digital Health, Telemedicine & Remote Care",Primary,4645.7964,-0.0311,0.1156,0.6455,4645.7964
LFUS,"Littelfuse, Inc.",Semiconductors,"Semis - Analog, Mixed-Signal & Power Management",Primary,10245.0924,-0.1434,-0.0018,-0.1223,6147.0554
LFUS,"Littelfuse, Inc.",Electric Vehicles & Mobility,EVs - Key Suppliers & Autonomy Tech,Secondary,10245.0924,-0.1434,-0.0018,-0.1223,4098.037
LH,Labcorp Holdings Inc.,Healthcare & Biotech,"Healthcare - Diagnostics, Biomarkers & Liquid Biopsy",Primary,27520.4731,0.0495,0.1434,0.3091,27520.4731
LHX,"L3Harris Technologies, Inc. /De/",Defense & Aerospace,Defense - Cyber Defense & Electronic Warfare,Primary,48942.7886,-0.0559,-0.1245,-0.1541,29365.6732
LHX,"L3Harris Technologies, Inc. /De/",Defense & Aerospace,Defense - Drones & Anti-Drone Systems,Secondary,48942.7886,-0.0559,-0.1245,-0.1541,19577.1154
LI,Li Auto Inc.,Transportation & Logistics,Transportation - Urban Mobility & Emerging Transport Tech,Primary,12221.9899,0.0056,0.0297,-0.2146,7333.1939
LI,Li Auto Inc.,Electric Vehicles & Mobility,EVs - Manufacturers,Secondary,12221.9899,0.0056,0.0297,-0.2146,4888.796
LII,Lennox International Inc.,Industrials & Construction,Industrials - Building Products & HVAC,Primary,13793.1663,-0.0409,-0.2625,-0.1745,13793.1663
LIN,Linde Plc,Energy - Renewable,Energy Clean - Hydrogen & Fuel Cells,Primary,225894.1051,0.0331,-0.0434,-0.0502,135536.4631
LIN,Linde Plc,Environmental Sustainability,Environmental - Climate Technologies & Carbon Solutions,Secondary,225894.1051,0.0331,-0.0434,-0.0502,90357.642
LINC,Lincoln Educational Services Corp,Education Technology,Education - Workforce Training,Primary,787.6444,-0.1354,-0.3871,-0.487,787.6444
LITE,Lumentum Holdings Inc.,Hardware,Hardware - Communications & Telecom,Primary,74466.2467,-0.1432,0.088,-0.1233,44679.748
LITE,Lumentum Holdings Inc.,Industrial Automation & Robotics,Robotics - Sensors & Vision Systems,Secondary,74466.2467,-0.1432,0.088,-0.1233,29786.4987
LIVN,Livanova Plc,Healthcare & Biotech,Healthcare - Medical Devices & HealthTech Hardware,Primary,4299.0986,-0.0395,0.0009,0.06,4299.0986
LKQ,Lkq Corp,Commodities - Metals,Comm Metals - Recycling & Circular Materials,Primary,6512.2734,0.0233,0.0086,-0.0408,6512.2734
LLY,Eli Lilly & Co,Healthcare & Biotech,Healthcare - Metabolic & Cardiometabolic,Primary,1111939.0884,0.0539,0.0441,0.1725,667163.453
LLY,Eli Lilly & Co,Healthcare & Biotech,Healthcare - Age-Related & Longevity Therapeutics,Secondary,1111939.0884,0.0539,0.0441,0.1725,444775.6354
LMND,"Lemonade, Inc.",FinTech & Digital Finance,FinTech - InsurTech & Embedded Insurance,Primary,4167.8077,0.0781,-0.1046,-0.0472,4167.8077
LMT,Lockheed Martin Corp,Defense & Aerospace,Defense - Cyber Defense & Electronic Warfare,Primary,130198.2986,-0.0499,-0.0317,0.0649,78118.9792
LMT,Lockheed Martin Corp,Defense & Aerospace,Defense - Drones & Anti-Drone Systems,Secondary,130198.2986,-0.0499,-0.0317,0.0649,52079.3194
LNG,"Cheniere Energy, Inc.",Commodities - Energy,Comm Energy - Natural Gas & LNG,Primary,57992.7286,0.0519,0.0433,0.1684,57992.7286
LNN,Lindsay Corp,Agriculture & FoodTech,Agriculture - Precision Agriculture & Farm Automation,Primary,1182.0312,0.0193,0.0234,0.0681,1182.0312
LNT,Alliant Energy Corp,Energy - Traditional,Energy Base - Utilities & Conventional Power Operators,Primary,17740.2593,-0.0274,-0.0801,-0.0677,17740.2593
LNTH,"Lantheus Holdings, Inc.",Healthcare & Biotech,"Healthcare - Diagnostics, Biomarkers & Liquid Biopsy",Primary,6579.455,-0.0011,-0.0384,-0.0214,3947.673
LNTH,"Lantheus Holdings, Inc.",Nanotechnology,NanoTech - Nanomedicine & Drug Delivery,Secondary,6579.455,-0.0011,-0.0384,-0.0214,2631.782
LNZA,"Lanzatech Global, Inc.",Environmental Sustainability,Environmental - Climate Technologies & Carbon Solutions,Primary,82.4617,0.0,0.1392,-0.2025,49.477
LNZA,"Lanzatech Global, Inc.",Environmental Sustainability,Environmental - Sustainable Agriculture & Resource Management,Secondary,82.4617,0.0,0.1392,-0.2025,32.9847
LOCL,Local Bounti Corporation/De,Agriculture & FoodTech,Agriculture - Precision Agriculture & Farm Automation,Primary,23.6139,-0.0472,-0.0472,-0.4684,23.6139
LOGI,Logitech International S.A.,Hardware,"Hardware - Consumer Electronics, PCs & Peripherals",Primary,13919.3385,-0.0387,-0.081,-0.1369,13919.3385
LOPE,"Grand Canyon Education, Inc.",Education Technology,"Education - Platforms, Infrastructure & Online Learning",Primary,3848.7634,0.041,0.0552,-0.0577,3848.7634
LOW,"Lowe's Companies, Inc.",E-commerce,"E-commerce - Omnichannel Retailers, Online & Physical Stores",Primary,121662.2114,0.0054,0.045,0.0153,72997.3268
LOW,"Lowe's Companies, Inc.",Industrials & Construction,Industrials - Building Products & HVAC,Secondary,121662.2114,0.0054,0.045,0.0153,48664.8846
LPX,Louisiana-Pacific Corp,Industrials & Construction,Industrials - Building Products & HVAC,Primary,5077.8383,0.0046,-0.021,0.0341,5077.8383
LQDA,Liquidia Corp,Nanotechnology,NanoTech - Nanomedicine & Drug Delivery,Primary,6289.7894,-0.0956,-0.185,0.1523,6289.7894
LRCX,Lam Research Corp,Semiconductors,"Semis - Equipment, Lithography & Deposition",Primary,388122.2472,-0.0979,0.0163,0.0165,232873.3483
LRCX,Lam Research Corp,Artificial Intelligence,"AI - Compute, Edge & Acceleration",Secondary,388122.2472,-0.0979,0.0163,0.0165,155248.8989
LRN,"Stride, Inc.",Education Technology,Education - Digital Curriculum,Primary,3535.4959,0.0197,-0.0208,-0.0402,2121.2975
LRN,"Stride, Inc.",Education Technology,"Education - Platforms, Infrastructure & Online Learning",Secondary,3535.4959,0.0197,-0.0208,-0.0402,1414.1984
LSCC,Lattice Semiconductor Corp,Semiconductors,Semis - Emerging Technologies,Primary,16212.7555,-0.1396,-0.1111,-0.203,9727.6533
LSCC,Lattice Semiconductor Corp,Industrial Automation & Robotics,Robotics - Sensors & Vision Systems,Secondary,16212.7555,-0.1396,-0.1111,-0.203,6485.1022
LSF,"Laird Superfood, Inc.",Agriculture & FoodTech,Agriculture - Alternative Proteins,Primary,42.1972,-0.1566,-0.1024,0.056,42.1972
LSPD,Lightspeed Commerce Inc.,E-commerce,E-commerce - Platforms,Primary,1365.4038,0.0323,0.0656,0.2336,1365.4038
LSTR,Landstar System Inc,Transportation & Logistics,"Transportation - Trucking, LTL & Ground Freight",Primary,6105.9313,-0.0675,-0.0996,-0.0705,6105.9313
LULU,Lululemon Athletica Inc.,E-commerce,E-commerce - Direct-to-Consumer,Primary,13942.1501,0.0608,0.0744,-0.0346,8365.2901
LULU,Lululemon Athletica Inc.,E-commerce,"E-commerce - Omnichannel Retailers, Online & Physical Stores",Secondary,13942.1501,0.0608,0.0744,-0.0346,5576.86
LUNR,"Intuitive Machines, Inc.",Space Tech,"Space - Infrastructure, Exploration & Launch",Primary,2673.1354,-0.1825,0.2895,-0.5646,2673.1354
LUV,Southwest Airlines Co,Transportation & Logistics,Transportation - Air Travel & Passenger Transportation,Primary,19915.6654,-0.0609,-0.0969,0.0007,19915.6654
LUXE,"LuxExperience B.V. American Depositary Shares, each representing one Ordinary Share",Consumer Goods & Retail,Consumer - Modern Luxury & Lifestyle,Primary,1072.0131,0.0156,-0.0238,0.1189,1072.0131
LVS,Las Vegas Sands Corp,Real Estate & REITs,"Real Estate - Travel, Leisure & Entertainment Properties",Primary,30422.526,0.0339,0.0258,-0.0437,30422.526
LXFR,Luxfer Holdings Plc,Commodities - Metals,Comm Metals - Rare Earth & Strategic Materials,Primary,458.1182,0.0,0.0041,0.0629,458.1182
LYB,Lyondellbasell Industries N.V.,Industrials & Construction,Industrials - Chemicals & Advanced Materials,Primary,21062.0744,0.0177,0.0921,-0.0453,21062.0744
LYFT,"Lyft, Inc.",Transportation & Logistics,Transportation - Urban Mobility & Emerging Transport Tech,Primary,6692.5916,0.0267,0.2451,0.2719,4015.555
LYFT,"Lyft, Inc.",Electric Vehicles & Mobility,EVs - Autonomous Driving & Fleet,Secondary,6692.5916,0.0267,0.2451,0.2719,2677.0366
LYV,"Live Nation Entertainment, Inc.",Real Estate & REITs,"Real Estate - Travel, Leisure & Entertainment Properties",Primary,43001.9953,0.0008,0.0415,0.115,25801.1972
LYV,"Live Nation Entertainment, Inc.",Digital Entertainment & Media,Entertainment - Advertising & Social Platforms,Secondary,43001.9953,0.0008,0.0415,0.115,17200.7981
M,"Macy'S, Inc.",E-commerce,"E-commerce - Omnichannel Retailers, Online & Physical Stores",Primary,6097.2196,-0.0017,-0.0086,0.1305,6097.2196
MA,Mastercard Inc,FinTech & Digital Finance,FinTech - Digital Payments & Merchant Infrastructure,Primary,525483.3111,0.0669,0.1116,0.2053,315289.9867
MA,Mastercard Inc,Crypto & Blockchain,"Blockchain - Platforms, Tokenization & Financial Services",Secondary,525483.3111,0.0669,0.1116,0.2053,210193.3244
MAA,Mid America Apartment Communities Inc.,Real Estate & REITs,"Real Estate - Housing, Urban Living & Demographics",Primary,15841.2186,0.0156,-0.0054,0.0272,15841.2186
MAC,Macerich Co,Real Estate & REITs,Real Estate - Retail & Consumer Real Estate,Primary,7186.9399,-0.0122,-0.0569,0.1062,7186.9399
MANH,Manhattan Associates Inc,Industrial Automation & Robotics,Automation - Smart Logistics & Warehouse Automation,Primary,12429.4533,0.0851,0.4056,0.5377,7457.672
MANH,Manhattan Associates Inc,Transportation & Logistics,Transportation - Infrastructure & Equipment,Secondary,12429.4533,0.0851,0.4056,0.5377,4971.7813
MAR,Marriott International Inc /Md/,Real Estate & REITs,"Real Estate - Travel, Leisure & Entertainment Properties",Primary,93928.022,0.0122,-0.036,-0.0223,93928.022
MARA,"Mara Holdings, Inc.",FinTech & Digital Finance,"FinTech - Crypto, Blockchain & Tokenization",Primary,4318.8265,0.1502,-0.0776,-0.1904,2591.2959
MARA,"Mara Holdings, Inc.",Crypto & Blockchain,Blockchain - Cryptocurrency Mining & Staking,Secondary,4318.8265,0.1502,-0.0776,-0.1904,1727.5306
MAS,Masco Corp,Industrials & Construction,Industrials - Building Products & HVAC,Primary,14436.0909,-0.0054,-0.0724,0.0932,14436.0909
MASI,Masimo Corp,Healthcare & Biotech,Healthcare - Medical Devices & HealthTech Hardware,Primary,,,,,
MAT,"Mattel, Inc.",Consumer Goods & Retail,Consumer - Modern Luxury & Lifestyle,Primary,4234.0739,0.0165,0.0335,-0.0179,4234.0739
MATX,"Matson, Inc.",Transportation & Logistics,Transportation - Marine Shipping & Ports,Primary,6658.902,0.0124,0.0595,0.2269,6658.902
MBLY,Mobileye Global Inc.,Hardware,Hardware - Next-Gen & Specialty,Primary,7345.621,-0.0639,0.0733,-0.1513,4407.3726
MBLY,Mobileye Global Inc.,Industrial Automation & Robotics,"Robotics - Autonomous Vehicles, Service & Mobility",Secondary,7345.621,-0.0639,0.0733,-0.1513,2938.2484
MCD,Mcdonald's Corp,Consumer Goods & Retail,Consumer - Restaurants & Dining,Primary,192860.6351,0.0264,0.0294,-0.0279,192860.6351
MCHP,Microchip Technology Inc,Semiconductors,"Semis - Analog, Mixed-Signal & Power Management",Primary,40296.6774,-0.0698,-0.0533,-0.2009,24178.0064
MCHP,Microchip Technology Inc,Smart Home & IoT,"Smart Home & IoT - Devices, Sensors & Connectivity",Secondary,40296.6774,-0.0698,-0.0533,-0.2009,16118.671
MCK,Mckesson Corp,Healthcare & Biotech,"Healthcare - IT, Services & Data Infrastructure",Primary,101875.4908,0.0161,0.0391,0.1419,101875.4908
MCO,Moodys Corp /De/,Big Data & Analytics,"Big Data - Data Generation, Sourcing & Providers",Primary,88556.1016,0.0716,0.0868,0.141,88556.1016
MDB,"Mongodb, Inc.",Cloud Computing,Cloud - Hyperscalers & Platforms,Primary,32389.1323,-0.0821,0.3503,0.2348,19433.4794
MDB,"Mongodb, Inc.",Big Data & Analytics,"Big Data - Analytics, AI Platforms & BI",Secondary,32389.1323,-0.0821,0.3503,0.2348,12955.6529
MDLZ,"Mondelez International, Inc.",Consumer Goods & Retail,"Consumer - Health, Food & Beverages",Primary,82577.1295,0.0405,0.0691,0.0564,82577.1295
MDT,Medtronic Plc,Industrial Automation & Robotics,Robotics - Medical & Surgical Robotics,Primary,118910.2223,0.0254,0.1165,0.1926,71346.1334
MDT,Medtronic Plc,Healthcare & Biotech,"Healthcare - Digital Health, Telemedicine & Remote Care",Secondary,118910.2223,0.0254,0.1165,0.1926,47564.0889
MEDP,"Medpace Holdings, Inc.",Healthcare & Biotech,"Healthcare - IT, Services & Data Infrastructure",Primary,17306.0649,0.0384,0.031,0.4326,10383.6389
MEDP,"Medpace Holdings, Inc.",Healthcare & Biotech,Healthcare - Next-Gen Biotech Platforms,Secondary,17306.0649,0.0384,0.031,0.4326,6922.426
MELI,Mercadolibre Inc,E-commerce,E-commerce - Online Marketplaces & Recommerce,Primary,98752.299,0.0897,0.0813,0.1703,59251.3794
MELI,Mercadolibre Inc,Software,Software - Vertical SaaS Platforms,Secondary,98752.299,0.0897,0.0813,0.1703,39500.9196
MESO,Mesoblast Ltd,Healthcare & Biotech,"Healthcare - Regenerative Medicine, Psychedelics, Cannabis",Primary,2158.1427,-0.0223,0.0869,0.0947,2158.1427
MET,"Metlife, Inc.",Financials - Traditional,Fin Trad - Insurance & Reinsurance,Primary,61139.2348,-0.0049,0.0208,0.1516,61139.2348
META,"Meta Platforms, Inc.",Digital Entertainment & Media,Entertainment - Advertising & Social Platforms,Primary,1424106.9793,-0.0175,-0.0608,-0.0831,854464.1876
META,"Meta Platforms, Inc.",Artificial Intelligence,"AI - Apps, Domain-Specific AI",Secondary,1424106.9793,-0.0175,-0.0608,-0.0831,569642.7917
METC,"Ramaco Resources, Inc.",Energy - Traditional,Energy Base - Coal & Thermal Power Generation,Primary,787.9158,0.0164,0.201,-0.107,787.9158
MGA,Magna International Inc,Electric Vehicles & Mobility,EVs - Key Suppliers & Autonomy Tech,Primary,18137.8458,-0.049,0.0399,0.0573,18137.8458
MGM,Mgm Resorts International,Digital Entertainment & Media,"Entertainment - Sports Betting, Wagering & Prediction Markets",Primary,11178.1396,-0.0021,-0.0406,0.1378,6706.8838
MGM,Mgm Resorts International,Digital Entertainment & Media,Entertainment - iGaming & Online Gambling,Secondary,11178.1396,-0.0021,-0.0406,0.1378,4471.2558
MGNI,"Magnite, Inc.",E-commerce,E-commerce - Retail Media & Advertising,Primary,3379.073,-0.026,0.2728,0.7848,2027.4438
MGNI,"Magnite, Inc.",Artificial Intelligence,"AI - Ads, Search & Recommendations",Secondary,3379.073,-0.026,0.2728,0.7848,1351.6292
MH,"McGraw Hill, Inc.",Education Technology,Education - Digital Curriculum,Primary,2634.3224,0.0783,0.3881,0.1446,2634.3224
MIDD,Middleby Corp,Industrials & Construction,"Industrials - Machinery, Flow Control & Components",Primary,5210.519,0.003,-0.1394,-0.0329,5210.519
MITK,Mitek Systems Inc,Cybersecurity,"Cybersecurity - Identity, Biometrics & Access Management",Primary,805.66,-0.0362,0.0587,0.1142,805.66
MKC,"Mccormick & Co, Inc.",Consumer Goods & Retail,"Consumer - Health, Food & Beverages",Primary,15109.4579,0.0419,0.1249,0.1864,15109.4579
MKSI,MKS Inc.,Semiconductors,"Semis - Equipment, Lithography & Deposition",Primary,18193.1807,-0.1611,-0.1826,-0.1602,18193.1807
MKTX,Marketaxess Holdings Inc,FinTech & Digital Finance,FinTech - Exchanges & Market Infrastructure,Primary,5717.4374,0.0042,0.3989,0.1904,5717.4374
MLEC,Moolec Science Sa,Agriculture & FoodTech,Agriculture - Alternative Proteins,Primary,5.1337,-0.175,-0.0174,-0.0901,5.1337
MLI,"Mueller Industries, Inc.",Industrials & Construction,"Industrials - Machinery, Flow Control & Components",Primary,14033.9599,-0.0477,-0.0072,-0.0461,8420.3759
MLI,"Mueller Industries, Inc.",Industrials & Construction,Industrials - Building Products & HVAC,Secondary,14033.9599,-0.0477,-0.0072,-0.0461,5613.584
MLM,"Martin Marietta Materials, Inc.",Industrials & Construction,Industrials - Construction Materials & Aggregates,Primary,37861.1425,-0.0103,-0.0473,-0.0049,37861.1425
MMM,3M Co,Nanotechnology,NanoTech - Consumer & Industrial Products,Primary,92319.4737,-0.0023,0.0416,0.1794,55391.6842
MMM,3M Co,Nanotechnology,NanoTech - Research Tools & Advanced Instruments,Secondary,92319.4737,-0.0023,0.0416,0.1794,36927.7895
MMS,"Maximus, Inc.",Business Services & Consulting,"Business Services - Outsourcing, Facilities & Testing",Primary,3049.3164,0.07,-0.0182,-0.0423,3049.3164
MNDY,Monday.Com Ltd.,Cloud Computing,Cloud - Horizontal SaaS & Cloud Applications,Primary,3984.3359,0.131,0.2172,0.1922,3984.3359
MNST,Monster Beverage Corp,Consumer Goods & Retail,"Consumer - Health, Food & Beverages",Primary,95836.8072,0.0747,-0.4771,-0.4333,95836.8072
MNTK,"Montauk Renewables, Inc.",Commodities - Energy,Comm Energy - Biofuels & Renewable Fuels,Primary,264.7545,-0.0053,-0.0053,0.2,158.8527
MNTK,"Montauk Renewables, Inc.",Energy - Renewable,Energy Clean - Fuels & Bioenergy,Secondary,264.7545,-0.0053,-0.0053,0.2,105.9018
MNTS,Momentus Inc.,Space Tech,"Space - Infrastructure, Exploration & Launch",Primary,91.3677,-0.113,-0.1168,-0.4363,91.3677
MO,"Altria Group, Inc.",Consumer Goods & Retail,"Consumer - Health, Food & Beverages",Primary,114327.3636,0.0705,-0.0619,-0.0596,114327.3636
MOD,Modine Manufacturing Co,Hardware,Hardware - Data Center Infrastructure & Servers,Primary,10004.8404,-0.1309,-0.2209,-0.2769,10004.8404
MOG.A,Moog Inc.,Defense & Aerospace,Defense - Next-Generation Aircraft & Maintenance,Primary,12028.7089,-0.1472,-0.0733,0.1917,7217.2253
MOG.A,Moog Inc.,Space Tech,"Space - Infrastructure, Exploration & Launch",Secondary,12028.7089,-0.1472,-0.0733,0.1917,4811.4836
MORN,"Morningstar, Inc.",Big Data & Analytics,"Big Data - Data Generation, Sourcing & Providers",Primary,8159.2018,0.052,0.2601,0.2144,8159.2018
MOS,Mosaic Co,Agriculture & FoodTech,Agriculture - Agricultural Inputs & Crop Science,Primary,7629.4953,0.1305,0.0762,0.0662,4577.6972
MOS,Mosaic Co,Commodities - Agriculture,"Comm Agri - Fertilizers, Crop Inputs & Seeds",Secondary,7629.4953,0.1305,0.0762,0.0662,3051.7981
MP,Mp Materials Corp. / De,Energy - Renewable,Energy Clean - Materials & Critical Metals,Primary,10226.5928,-0.0186,0.3903,-0.1092,6135.9557
MP,Mp Materials Corp. / De,Defense & Aerospace,Defense - Secure Defense Supply Chains,Secondary,10226.5928,-0.0186,0.3903,-0.1092,4090.6371
MPC,Marathon Petroleum Corp,Energy - Traditional,Energy Base - Refining & Midstream Infrastructure,Primary,101804.5891,0.0149,0.1755,0.4275,61082.7535
MPC,Marathon Petroleum Corp,Commodities - Energy,Comm Energy - Crude Oil,Secondary,101804.5891,0.0149,0.1755,0.4275,40721.8356
MPT,"Medical Properties Trust, Inc. common stock",Real Estate & REITs,Real Estate - Healthcare & Senior Living,Primary,2460.4639,0.0173,-0.1488,-0.1733,2460.4639
MPWR,Monolithic Power Systems Inc,Semiconductors,"Semis - Analog, Mixed-Signal & Power Management",Primary,63150.2316,-0.0925,-0.0366,-0.1905,37890.139
MPWR,Monolithic Power Systems Inc,Energy - Renewable,Energy Clean - Smart Grid & Electrification,Secondary,63150.2316,-0.0925,-0.0366,-0.1905,25260.0926
MQ,"Marqeta, Inc.",FinTech & Digital Finance,FinTech - Digital Banking & Neobanks,Primary,1697.8519,0.0509,-0.0445,0.0271,1697.8519
MRAM,Everspin Technologies Inc.,Semiconductors,Semis - Emerging Technologies,Primary,393.0091,-0.1869,0.0696,-0.5208,393.0091
MRCY,Mercury Systems Inc,Defense & Aerospace,Defense - Cyber Defense & Electronic Warfare,Primary,5387.5958,-0.2097,-0.1325,-0.0909,5387.5958
MRK,"Merck & Co., Inc.",Healthcare & Biotech,Healthcare - Metabolic & Cardiometabolic,Primary,371704.0701,0.108,0.1495,0.2396,223022.4421
MRK,"Merck & Co., Inc.",Healthcare & Biotech,Healthcare - Oncology & Precision Cancer Therapeutics,Secondary,371704.0701,0.108,0.1495,0.2396,148681.628
MRNA,"Moderna, Inc.",Healthcare & Biotech,Healthcare - Next-Gen Biotech Platforms,Primary,55449.8744,1.1547,1.5687,1.9627,33269.9246
MRNA,"Moderna, Inc.",Nanotechnology,NanoTech - Nanomedicine & Drug Delivery,Secondary,55449.8744,1.1547,1.5687,1.9627,22179.9498
MRSH,"Marsh McLennan Companies, Inc.",Financials - Traditional,Fin Trad - Insurance & Reinsurance,Primary,92898.7136,0.0568,0.0771,0.1929,92898.7136
MRVL,"Marvell Technology, Inc.",Semiconductors,Semis - Emerging Technologies,Primary,206063.9764,-0.0215,0.1805,0.1682,123638.3858
MRVL,"Marvell Technology, Inc.",Semiconductors,"Semis - Logic & CPUs, GPUs, Accelerators",Secondary,206063.9764,-0.0215,0.1805,0.1682,82425.5906
MS,Morgan Stanley,Financials - Traditional,Fin Trad - Capital Markets & Investment Banking,Primary,336226.8447,-0.0189,0.0036,0.0708,201736.1068
MS,Morgan Stanley,Financials - Traditional,"Fin Trad - Asset Management, Custody & Alternatives",Secondary,336226.8447,-0.0189,0.0036,0.0708,134490.7379
MSA,MSA Safety Inc,Industrials & Construction,"Industrials - Machinery, Flow Control & Components",Primary,7287.4383,-0.0013,0.0847,0.1082,7287.4383
MSCI,Msci Inc.,Big Data & Analytics,"Big Data - Data Generation, Sourcing & Providers",Primary,41537.8719,0.0376,0.0411,-0.0257,41537.8719
MSEX,Middlesex Water Co,Environmental Sustainability,Environmental - Water Infrastructure & Treatment,Primary,1120.6495,0.025,0.0649,0.1483,1120.6495
MSFT,Microsoft Corporation,Cloud Computing,Cloud - Hyperscalers & Platforms,Primary,3618542.7149,0.0164,0.2791,0.1664,2171125.6289
MSFT,Microsoft Corporation,Software,Software - Vertical SaaS Platforms,Secondary,3618542.7149,0.0164,0.2791,0.1664,1447417.086
MSI,"Motorola Solutions, Inc.",Hardware,Hardware - Communications & Telecom,Primary,79688.5729,0.0535,0.1524,0.1952,47813.1437
MSI,"Motorola Solutions, Inc.",Telecommunications,Telecom - Infrastructure & Equipment,Secondary,79688.5729,0.0535,0.1524,0.1952,31875.4292
MSM,"MSC Industrial Direct Co., Inc.",Industrials & Construction,Industrials - Distribution & Rental Services,Primary,6660.2296,-0.0429,-0.0508,0.128,6660.2296
MSTR,MicroStrategy Incorporated,FinTech & Digital Finance,"FinTech - Crypto, Blockchain & Tokenization",Primary,48718.6514,0.2554,0.3377,-0.233,29231.1908
MSTR,MicroStrategy Incorporated,Crypto & Blockchain,"Blockchain - Platforms, Tokenization & Financial Services",Secondary,48718.6514,0.2554,0.3377,-0.233,19487.4606
MTA,Metalla Royalty & Streaming Ltd.,Commodities - Metals,Comm Metals - Precious Metals,Primary,1056.5034,0.1357,0.5007,0.6642,1056.5034
MTB,M&T Bank Corp,Financials - Traditional,"Fin Trad - Banks, Lending & Mortgage Finance",Primary,34918.4041,-0.0438,-0.0313,0.1421,34918.4041
MTCH,"Match Group, Inc.",Digital Entertainment & Media,Entertainment - Advertising & Social Platforms,Primary,9734.2126,0.1212,0.1008,0.1719,9734.2126
MTD,Mettler-Toledo International Inc.,Nanotechnology,NanoTech - Research Tools & Advanced Instruments,Primary,28028.9444,-0.0131,0.054,0.2682,16817.3666
MTD,Mettler-Toledo International Inc.,Healthcare & Biotech,"Healthcare - Diagnostics, Biomarkers & Liquid Biopsy",Secondary,28028.9444,-0.0131,0.054,0.2682,11211.5778
MTDR,Matador Resources Co,Energy - Traditional,Energy Base - Oil & Gas Exploration & Production,Primary,7115.8676,0.0279,0.1404,0.023,7115.8676
MTG,MGIC Investment Corp,Financials - Traditional,Fin Trad - Insurance & Reinsurance,Primary,6379.3823,-0.0003,0.0547,0.2028,6379.3823
MTLS,Materialise Nv,Hardware,Hardware - Printing & Imaging,Primary,387.0888,-0.0059,0.0214,0.1339,232.2533
MTLS,Materialise Nv,Industrial Automation & Robotics,"Automation - Additive Manufacturing, 3D Printing",Secondary,387.0888,-0.0059,0.0214,0.1339,154.8355
MTN,"Vail Resorts, Inc.",Real Estate & REITs,"Real Estate - Travel, Leisure & Entertainment Properties",Primary,5345.0291,0.0232,0.0294,0.1937,5345.0291
MTSI,"MACOM Technology Solutions Holdings, Inc.",Semiconductors,Semis - Wireless & Connectivity,Primary,19660.1672,-0.214,-0.0358,-0.333,11796.1003
MTSI,"MACOM Technology Solutions Holdings, Inc.",Defense & Aerospace,Defense - Cyber Defense & Electronic Warfare,Secondary,19660.1672,-0.214,-0.0358,-0.333,7864.0669
MTZ,"Mastec, Inc.",Industrials & Construction,Industrials - Engineering & Construction,Primary,20506.6711,-0.1558,-0.2441,-0.3317,12304.0027
MTZ,"Mastec, Inc.",Energy - Renewable,Energy Clean - Smart Grid & Electrification,Secondary,20506.6711,-0.1558,-0.2441,-0.3317,8202.6684
MU,Micron Technology Inc,Semiconductors,Semis - Memory & Storage,Primary,1028233.3982,-0.1001,-0.0114,0.2125,616940.0389
MU,Micron Technology Inc,Artificial Intelligence,"AI - Compute, Edge & Acceleration",Secondary,1028233.3982,-0.1001,-0.0114,0.2125,411293.3593
MUR,Murphy Oil Corp,Energy - Traditional,Energy Base - Oil & Gas Exploration & Production,Primary,5160.5842,0.0339,-0.0663,-0.0429,5160.5842
MUSA,Murphy USA Inc.,E-commerce,E-commerce - Grocery & Local Commerce Platforms,Primary,10438.2003,-0.0299,-0.0727,0.0476,10438.2003
MVST,"Microvast Holdings, Inc.",Electric Vehicles & Mobility,EVs - Batteries & Materials,Primary,298.3988,-0.0384,-0.03,-0.4685,298.3988
MZTI,The Marzetti Co,Consumer Goods & Retail,"Consumer - Health, Food & Beverages",Primary,3174.4148,0.0087,0.08,0.0162,3174.4148
NATR,Natures Sunshine Products Inc,Consumer Goods & Retail,"Consumer - Health, Food & Beverages",Primary,251.6159,-0.0272,-0.299,-0.3455,251.6159
NB,Niocorp Developments Ltd,Commodities - Metals,Comm Metals - Rare Earth & Strategic Materials,Primary,618.7449,-0.1164,0.0266,-0.213,618.7449
NBIX,"Neurocrine Biosciences, Inc.",Healthcare & Biotech,Healthcare - Next-Gen Biotech Platforms,Primary,15556.3909,-0.0094,-0.1293,-0.0234,15556.3909
NBTX,Nanobiotix S.A.,Nanotechnology,NanoTech - Nanomedicine & Drug Delivery,Primary,2014.8694,-0.0568,-0.001,-0.0329,2014.8694
NCLH,Norwegian Cruise Line Holdings Ltd.,Real Estate & REITs,"Real Estate - Travel, Leisure & Entertainment Properties",Primary,7907.2143,-0.0528,-0.111,0.0564,7907.2143
NDAQ,"Nasdaq, Inc.",FinTech & Digital Finance,FinTech - Exchanges & Market Infrastructure,Primary,55221.3709,0.0218,0.0728,0.0894,33132.8225
NDAQ,"Nasdaq, Inc.",Crypto & Blockchain,"Blockchain - Platforms, Tokenization & Financial Services",Secondary,55221.3709,0.0218,0.0728,0.0894,22088.5484
NDSN,Nordson Corp,Industrials & Construction,"Industrials - Machinery, Flow Control & Components",Primary,18605.8936,0.0778,0.129,0.1551,18605.8936
NEE,Nextera Energy Inc,Energy - Renewable,Energy Clean - Utilities & Clean Power Operators,Primary,175430.7625,-0.0246,-0.0633,-0.0433,105258.4575
NEE,Nextera Energy Inc,Energy - Traditional,Energy Base - Nuclear Power & Advanced Reactors,Secondary,175430.7625,-0.0246,-0.0633,-0.0433,70172.305
NEM,Newmont Corp /De/,Commodities - Metals,Comm Metals - Gold,Primary,138918.7891,0.0957,0.4147,0.2277,83351.2735
NEM,Newmont Corp /De/,Commodities - Metals,Comm Metals - Precious Metals,Secondary,138918.7891,0.0957,0.4147,0.2277,55567.5156
NET,"Cloudflare, Inc.",Cybersecurity,Cybersecurity - Application Security,Primary,99826.9501,-0.0868,0.0694,0.2969,59896.1701
NET,"Cloudflare, Inc.",Cybersecurity,Cybersecurity - Cloud Security,Secondary,99826.9501,-0.0868,0.0694,0.2969,39930.78
NEU,Newmarket Corp,Industrials & Construction,Industrials - Chemicals & Advanced Materials,Primary,8613.5378,-0.0152,0.2018,0.2742,8613.5378
NEXT,Nextdecade Corp.,Commodities - Energy,Comm Energy - Natural Gas & LNG,Primary,1956.463,0.0576,0.0493,-0.1312,1956.463
NFG,National Fuel Gas Co,Energy - Traditional,Energy Base - Utilities & Conventional Power Operators,Primary,7837.4185,0.0078,-0.0004,0.0263,4702.4511
NFG,National Fuel Gas Co,Commodities - Energy,Comm Energy - Natural Gas & LNG,Secondary,7837.4185,0.0078,-0.0004,0.0263,3134.9674
NFLX,Netflix Inc,Digital Entertainment & Media,Entertainment - Video Streaming,Primary,333156.8108,0.0525,0.1415,-0.097,333156.8108
NGG,National Grid Plc,Energy - Renewable,Energy Clean - Smart Grid & Electrification,Primary,80851.0505,-0.0107,-0.0228,-0.0471,80851.0505
NGVC,"Natural Grocers By Vitamin Cottage, Inc.",Consumer Goods & Retail,"Consumer - Health, Food & Beverages",Primary,647.5885,0.009,-0.0586,-0.0177,647.5885
NHI,National Health Investors Inc,Healthcare & Biotech,Healthcare - Senior Care & Longevity,Primary,3588.4992,-0.0046,-0.0927,-0.0324,3588.4992
NI,Nisource Inc.,Energy - Traditional,Energy Base - Utilities & Conventional Power Operators,Primary,19580.4406,-0.0363,-0.1195,-0.141,11748.2644
NI,Nisource Inc.,Commodities - Energy,Comm Energy - Natural Gas & LNG,Secondary,19580.4406,-0.0363,-0.1195,-0.141,7832.1762
NICE,Nice Ltd.,Big Data & Analytics,"Big Data - Analytics, AI Platforms & BI",Primary,5874.368,0.024,0.1107,0.0613,5874.368
NIO,Nio Inc.,Electric Vehicles & Mobility,EVs - Manufacturers,Primary,10924.7086,-0.0522,-0.029,-0.1615,10924.7086
NJR,New Jersey Resources Corp,Energy - Traditional,Energy Base - Utilities & Conventional Power Operators,Primary,5452.8876,-0.0224,-0.1051,-0.0535,3271.7326
NJR,New Jersey Resources Corp,Commodities - Energy,Comm Energy - Natural Gas & LNG,Secondary,5452.8876,-0.0224,-0.1051,-0.0535,2181.155
NKE,"Nike, Inc.",E-commerce,E-commerce - Direct-to-Consumer,Primary,60452.5732,0.0425,-0.0228,-0.0796,36271.5439
NKE,"Nike, Inc.",Consumer Goods & Retail,Consumer - Apparel & E-Commerce Retail,Secondary,60452.5732,0.0425,-0.0228,-0.0796,24181.0293
NLY,"Annaly Capital Management, Inc.",Financials - Traditional,"Fin Trad - Banks, Lending & Mortgage Finance",Primary,17523.8615,-0.0051,0.0356,0.1202,17523.8615
NMG,Nouveau Monde Graphite Inc.,Commodities - Metals,Comm Metals - Battery & Energy Transition Metals,Primary,477.2774,-0.0068,0.1508,-0.2448,477.2774
NNDM,Nano Dimension Ltd.,Hardware,Hardware - Printing & Imaging,Primary,324.6921,-0.0314,0.0476,-0.0723,194.8153
NNDM,Nano Dimension Ltd.,Industrial Automation & Robotics,"Automation - Additive Manufacturing, 3D Printing",Secondary,324.6921,-0.0314,0.0476,-0.0723,129.8768
NNN,"Nnn Reit, Inc.",Real Estate & REITs,Real Estate - Retail & Consumer Real Estate,Primary,8816.1004,0.0039,-0.0493,0.0432,8816.1004
NOC,Northrop Grumman Corp /De/,Defense & Aerospace,Defense - Cyber Defense & Electronic Warfare,Primary,78032.3799,-0.0367,0.013,-0.007,46819.4279
NOC,Northrop Grumman Corp /De/,Defense & Aerospace,Defense - Drones & Anti-Drone Systems,Secondary,78032.3799,-0.0367,0.013,-0.007,31212.952
NOK,Nokia Corp,Hardware,Hardware - Communications & Telecom,Primary,55602.0406,-0.0761,0.0945,-0.3562,55602.0406
NOV,Nov Inc.,Energy - Traditional,Energy Base - Oilfield Services & Equipment,Primary,7044.0074,-0.0852,-0.0482,-0.0421,7044.0074
NOVT,Novanta Inc,Industrial Automation & Robotics,Automation - Factory & Process Automation Systems,Primary,5274.8221,-0.1735,-0.0146,-0.1266,5274.8221
NOW,"Servicenow, Inc.",Cloud Computing,Cloud - Horizontal SaaS & Cloud Applications,Primary,132386.0378,0.0879,0.2963,0.2538,79431.6227
NOW,"Servicenow, Inc.",Cloud Computing,Cloud - Multi-Cloud Management,Secondary,132386.0378,0.0879,0.2963,0.2538,52954.4151
NPWR,Net Power Inc.,Environmental Sustainability,Environmental - Climate Technologies & Carbon Solutions,Primary,176.0766,0.1503,0.4113,0.0311,105.646
NPWR,Net Power Inc.,Environmental Sustainability,Environmental - Sustainable Agriculture & Resource Management,Secondary,176.0766,0.1503,0.4113,0.0311,70.4306
NRG,"Nrg Energy, Inc.",Energy - Traditional,Energy Base - Coal & Thermal Power Generation,Primary,23497.3266,-0.0865,-0.2046,-0.1851,14098.396
NRG,"Nrg Energy, Inc.",Smart Home & IoT,Smart Home - Automation & Control Systems,Secondary,23497.3266,-0.0865,-0.2046,-0.1851,9398.9306
NRGV,"Energy Vault Holdings, Inc.",Energy - Renewable,Energy Clean - Batteries & Storage,Primary,661.8961,-0.0471,0.2639,-0.2904,661.8961
NSA,National Storage Affiliates Trust,Real Estate & REITs,Real Estate - Retail & Consumer Real Estate,Primary,3369.7259,,,,3369.7259
NSC,Norfolk Southern Corp,Transportation & Logistics,Transportation - Freight Rail & Infrastructure,Primary,79282.2661,0.0348,0.0106,0.1267,79282.2661
NTAP,"Netapp, Inc.",Hardware,Hardware - Data Center Infrastructure & Servers,Primary,36668.3382,-0.0849,0.114,0.3449,36668.3382
NTES,"Netease, Inc.",Software,Software - Gaming & Platforms,Primary,78728.364,-0.0115,0.0286,0.0613,47237.0184
NTES,"Netease, Inc.",Digital Entertainment & Media,Entertainment - Game Publishers & Developers,Secondary,78728.364,-0.0115,0.0286,0.0613,31491.3456
NTGR,"Netgear, Inc.",Smart Home & IoT,"Smart Home - Connectivity, Security & Networking",Primary,563.1492,-0.0836,-0.1689,-0.1966,563.1492
NTLA,"Intellia Therapeutics, Inc.",Healthcare & Biotech,Healthcare - Genomics & Personalized Medicine,Primary,1759.9913,0.0389,0.1705,-0.0032,1055.9948
NTLA,"Intellia Therapeutics, Inc.",Healthcare & Biotech,Healthcare - Next-Gen Biotech Platforms,Secondary,1759.9913,0.0389,0.1705,-0.0032,703.9965
NTNX,"Nutanix, Inc.",Cloud Computing,Cloud - Multi-Cloud Management,Primary,18024.9723,0.0155,0.2115,0.4151,18024.9723
NTR,Nutrien Ltd.,Agriculture & FoodTech,Agriculture - Agricultural Inputs & Crop Science,Primary,35451.9368,0.0879,0.0909,0.0689,21271.1621
NTR,Nutrien Ltd.,Commodities - Agriculture,"Comm Agri - Fertilizers, Crop Inputs & Seeds",Secondary,35451.9368,0.0879,0.0909,0.0689,14180.7747
NTRA,"Natera, Inc.",Healthcare & Biotech,"Healthcare - Diagnostics, Biomarkers & Liquid Biopsy",Primary,47238.9304,0.0431,0.2509,0.6129,47238.9304
NTRS,Northern Trust Corp,Financials - Traditional,"Fin Trad - Asset Management, Custody & Alternatives",Primary,34150.5024,-0.0251,0.034,0.1178,34150.5024
NU,Nu Holdings Ltd.,FinTech & Digital Finance,FinTech - Digital Banking & Neobanks,Primary,71300.9644,0.0014,0.0476,0.1595,71300.9644
NUE,Nucor Corp,Commodities - Metals,Comm Metals - Industrial & Base Metals,Primary,55502.8644,-0.1028,-0.0118,0.0571,33301.7186
NUE,Nucor Corp,Commodities - Metals,Comm Metals - Recycling & Circular Materials,Secondary,55502.8644,-0.1028,-0.0118,0.0571,22201.1458
NUS,"Nu Skin Enterprises, Inc.",Healthcare & Biotech,Healthcare - Healthy Aging & Nutrition,Primary,232.1875,0.0192,-0.061,-0.1875,139.3125
NUS,"Nu Skin Enterprises, Inc.",Consumer Goods & Retail,"Consumer - Health, Food & Beverages",Secondary,232.1875,0.0192,-0.061,-0.1875,92.875
NVDA,Nvidia Corp,Semiconductors,Semis - Emerging Technologies,Primary,5049593.8888,-0.0735,0.0079,-0.0307,3029756.3333
NVDA,Nvidia Corp,Semiconductors,"Semis - Logic & CPUs, GPUs, Accelerators",Secondary,5049593.8888,-0.0735,0.0079,-0.0307,2019837.5555
NVEC,Nve Corp /New/,Semiconductors,Semis - Emerging Technologies,Primary,515.9806,-0.1191,-0.0847,0.1791,309.5884
NVEC,Nve Corp /New/,Nanotechnology,NanoTech - Research Tools & Advanced Instruments,Secondary,515.9806,-0.1191,-0.0847,0.1791,206.3922
NVO,Novo Nordisk A S,Healthcare & Biotech,Healthcare - Metabolic & Cardiometabolic,Primary,207483.7484,0.0455,-0.0256,0.0569,124490.249
NVO,Novo Nordisk A S,Healthcare & Biotech,Healthcare - Age-Related & Longevity Therapeutics,Secondary,207483.7484,0.0455,-0.0256,0.0569,82993.4994
NVR,"NVR, Inc.",Real Estate & REITs,"Real Estate - Housing, Urban Living & Demographics",Primary,17133.7247,0.0157,-0.0027,0.0597,17133.7247
NVST,Envista Holdings Corp,Healthcare & Biotech,Healthcare - Medical Devices & HealthTech Hardware,Primary,4391.2883,-0.0109,0.0384,0.1669,4391.2883
NVT,Nvent Electric Plc,Hardware,Hardware - Data Center Infrastructure & Servers,Primary,24820.9162,-0.1346,0.0103,-0.0675,24820.9162
NVTS,Navitas Semiconductor Corp,Semiconductors,Semis - Emerging Technologies,Primary,3193.1732,-0.1612,0.12,-0.5819,1915.9039
NVTS,Navitas Semiconductor Corp,Electric Vehicles & Mobility,EVs - Key Suppliers & Autonomy Tech,Secondary,3193.1732,-0.1612,0.12,-0.5819,1277.2693
NWE,"Northwestern Energy Group, Inc.",Energy - Traditional,Energy Base - Utilities & Conventional Power Operators,Primary,4285.3335,-0.0164,-0.0349,-0.0131,4285.3335
NWSA,News Corp,Digital Entertainment & Media,Entertainment - Advertising & Social Platforms,Primary,16607.6989,0.0718,0.1495,0.1881,9964.6193
NWSA,News Corp,Big Data & Analytics,"Big Data - Data Generation, Sourcing & Providers",Secondary,16607.6989,0.0718,0.1495,0.1881,6643.0796
NXE,Nexgen Energy Ltd.,Commodities - Energy,Comm Energy - Uranium & Nuclear Fuels,Primary,7328.6318,0.0167,0.1958,0.0253,7328.6318
NXPI,Nxp Semiconductors N.V.,Semiconductors,"Semis - Analog, Mixed-Signal & Power Management",Primary,56091.3981,-0.0442,-0.1738,-0.2947,33654.8389
NXPI,Nxp Semiconductors N.V.,Semiconductors,Semis - Wireless & Connectivity,Secondary,56091.3981,-0.0442,-0.1738,-0.2947,22436.5592
NXST,"Nexstar Media Group, Inc.",Digital Entertainment & Media,Entertainment - Advertising & Social Platforms,Primary,5737.7377,0.0078,0.0261,-0.0031,5737.7377
NXT,Nextracker Inc.,Energy - Renewable,Energy Clean - Solar,Primary,13016.2412,-0.145,-0.1531,-0.3508,13016.2412
NYT,New York Times Co,Digital Entertainment & Media,Entertainment - Advertising & Social Platforms,Primary,10885.0289,0.034,-0.0581,-0.0968,10885.0289
O,Realty Income Corp,Real Estate & REITs,Real Estate - Retail & Consumer Real Estate,Primary,59772.5921,0.0123,-0.033,0.0318,59772.5921
OC,Owens Corning,Environmental Sustainability,Environmental - Climate Technologies & Carbon Solutions,Primary,11617.7848,-0.0445,0.0325,0.2586,6970.6709
OC,Owens Corning,Environmental Sustainability,Environmental - Sustainable Agriculture & Resource Management,Secondary,11617.7848,-0.0445,0.0325,0.2586,4647.1139
ODFL,"Old Dominion Freight Line, Inc.",Transportation & Logistics,"Transportation - Trucking, LTL & Ground Freight",Primary,41901.4492,-0.0494,-0.1352,-0.0415,41901.4492
OGE,OGE Energy Corp,Energy - Traditional,Energy Base - Utilities & Conventional Power Operators,Primary,9494.4758,-0.0294,-0.0799,-0.0449,9494.4758
OGS,"One Gas, Inc.",Energy - Traditional,Energy Base - Utilities & Conventional Power Operators,Primary,5050.5011,0.0046,0.0062,-0.0178,3030.3007
OGS,"One Gas, Inc.",Commodities - Energy,Comm Energy - Natural Gas & LNG,Secondary,5050.5011,0.0046,0.0062,-0.0178,2020.2004
OHI,Omega Healthcare Investors Inc,Healthcare & Biotech,Healthcare - Senior Care & Longevity,Primary,14876.0607,0.0004,-0.0869,-0.0141,8925.6364
OHI,Omega Healthcare Investors Inc,Real Estate & REITs,Real Estate - Healthcare & Senior Living,Secondary,14876.0607,0.0004,-0.0869,-0.0141,5950.4243
OII,Oceaneering International Inc,Energy - Traditional,Energy Base - Oilfield Services & Equipment,Primary,5022.2659,-0.0675,-0.043,0.3015,3013.3595
OII,Oceaneering International Inc,Industrial Automation & Robotics,"Robotics - Autonomous Vehicles, Service & Mobility",Secondary,5022.2659,-0.0675,-0.043,0.3015,2008.9064
OKE,Oneok Inc /New/,Energy - Traditional,Energy Base - Refining & Midstream Infrastructure,Primary,58636.9843,-0.0241,0.0104,0.0011,35182.1906
OKE,Oneok Inc /New/,Commodities - Energy,Comm Energy - Natural Gas & LNG,Secondary,58636.9843,-0.0241,0.0104,0.0011,23454.7937
OKLO,Oklo Inc.,Energy - Traditional,Energy Base - Nuclear Power & Advanced Reactors,Primary,7383.04,-0.0955,-0.0139,-0.3975,4429.824
OKLO,Oklo Inc.,Artificial Intelligence,"AI - Compute, Edge & Acceleration",Secondary,7383.04,-0.0955,-0.0139,-0.3975,2953.216
OKTA,"Okta, Inc.",Cybersecurity,"Cybersecurity - Endpoint, Identity & Zero Trust",Primary,22763.5507,-0.0857,-0.0544,0.4199,22763.5507
OLED,Universal Display Corp,Semiconductors,Semis - Emerging Technologies,Primary,3893.8506,-0.0223,0.0686,-0.0969,2336.3104
OLED,Universal Display Corp,Hardware,Hardware - Next-Gen & Specialty,Secondary,3893.8506,-0.0223,0.0686,-0.0969,1557.5402
OLLI,"Ollie's Bargain Outlet Holdings, Inc.",E-commerce,"E-commerce - Omnichannel Retailers, Online & Physical Stores",Primary,4615.6088,0.019,0.1514,-0.0671,4615.6088
OLN,Olin Corp,Defense & Aerospace,Defense - Secure Defense Supply Chains,Primary,2002.6723,-0.0757,-0.2427,-0.325,2002.6723
OMC,Omnicom Group Inc.,Digital Entertainment & Media,Entertainment - Advertising & Social Platforms,Primary,24400.3287,0.0407,0.1165,0.1997,24400.3287
OMCL,"Omnicell, Inc.",Healthcare & Biotech,"Healthcare - IT, Services & Data Infrastructure",Primary,1576.299,-0.038,-0.1546,-0.2195,1576.299
ON,On Semiconductor Corp,Semiconductors,"Semis - Analog, Mixed-Signal & Power Management",Primary,28003.6884,-0.1373,-0.1714,-0.381,16802.213
ON,On Semiconductor Corp,Semiconductors,Semis - Emerging Technologies,Secondary,28003.6884,-0.1373,-0.1714,-0.381,11201.4754
ONB,Old National Bancorp,Financials - Traditional,"Fin Trad - Banks, Lending & Mortgage Finance",Primary,9858.8283,-0.048,-0.0272,0.083,9858.8283
ONDS,Ondas Holdings Inc.,Defense & Aerospace,Defense - Drones & Anti-Drone Systems,Primary,4701.3509,-0.0844,0.0564,-0.0905,4701.3509
ONTO,Onto Innovation Inc.,Nanotechnology,NanoTech - Research Tools & Advanced Instruments,Primary,17292.4314,-0.1944,0.0377,0.0788,17292.4314
OPAL,Opal Fuels Inc.,Commodities - Energy,Comm Energy - Biofuels & Renewable Fuels,Primary,366.9888,-0.0455,-0.0498,-0.0278,220.1933
OPAL,Opal Fuels Inc.,Energy - Renewable,Energy Clean - Fuels & Bioenergy,Secondary,366.9888,-0.0455,-0.0498,-0.0278,146.7955
OPCH,"Option Care Health, Inc.",Healthcare & Biotech,"Healthcare - IT, Services & Data Infrastructure",Primary,3545.4167,0.0128,0.0928,0.1309,2127.25
OPCH,"Option Care Health, Inc.",Healthcare & Biotech,"Healthcare - Digital Health, Telemedicine & Remote Care",Secondary,3545.4167,0.0128,0.0928,0.1309,1418.1667
ORA,"Ormat Technologies, Inc.",Energy - Renewable,Energy Clean - Utilities & Clean Power Operators,Primary,6481.7777,-0.0737,0.0615,-0.2094,6481.7777
ORCL,Oracle Corp,Cloud Computing,Cloud - Horizontal SaaS & Cloud Applications,Primary,410323.0915,-0.0286,0.2388,-0.2558,246193.8549
ORCL,Oracle Corp,Software,Software - Vertical SaaS Platforms,Secondary,410323.0915,-0.0286,0.2388,-0.2558,164129.2366
ORI,Old Republic International Corp,Financials - Traditional,Fin Trad - Insurance & Reinsurance,Primary,10132.9398,-0.0127,-0.0076,0.0757,10132.9398
ORLY,O Reilly Automotive Inc,FinTech & Digital Finance,FinTech - Trading Platforms & WealthTech,Primary,73356.5665,0.005,0.0375,-0.0116,73356.5665
OSCR,"Oscar Health, Inc.",Healthcare & Biotech,"Healthcare - Digital Health, Telemedicine & Remote Care",Primary,9817.9973,0.0082,0.1284,0.405,5890.7984
OSCR,"Oscar Health, Inc.",FinTech & Digital Finance,FinTech - InsurTech & Embedded Insurance,Secondary,9817.9973,0.0082,0.1284,0.405,3927.1989
OSK,Oshkosh Corp,Transportation & Logistics,Transportation - Infrastructure & Equipment,Primary,9651.7745,0.0153,0.0114,0.2264,9651.7745
OTIS,Otis Worldwide Corp,Industrials & Construction,Industrials - Building Products & HVAC,Primary,27480.5207,0.0231,0.0097,-0.002,27480.5207
OTLY,Oatly Group Ab,Agriculture & FoodTech,Agriculture - Alternative Proteins,Primary,507.2453,0.1645,0.1889,0.566,304.3472
OTLY,Oatly Group Ab,Consumer Goods & Retail,"Consumer - Health, Food & Beverages",Secondary,507.2453,0.1645,0.1889,0.566,202.8981
OUST,"Ouster, Inc.",Industrial Automation & Robotics,Automation - Industrial Sensors & Machine Vision,Primary,2578.016,-0.2572,0.0502,-0.0346,1546.8096
OUST,"Ouster, Inc.",Industrial Automation & Robotics,Robotics - Sensors & Vision Systems,Secondary,2578.016,-0.2572,0.0502,-0.0346,1031.2064
OVV,Ovintiv Inc.,Energy - Traditional,Energy Base - Oil & Gas Exploration & Production,Primary,18233.471,0.0324,0.0442,0.1281,18233.471
OXY,Occidental Petroleum Corp /De/,Energy - Traditional,Energy Base - Oil & Gas Exploration & Production,Primary,60088.2053,0.0181,0.049,0.0268,36052.9232
OXY,Occidental Petroleum Corp /De/,Commodities - Energy,Comm Energy - Crude Oil,Secondary,60088.2053,0.0181,0.049,0.0268,24035.2821
OZK,Bank OZK,Financials - Traditional,"Fin Trad - Banks, Lending & Mortgage Finance",Primary,5379.9158,-0.0346,-0.0197,0.0347,5379.9158
PAA,Plains All American Pipeline Lp,Energy - Traditional,Energy Base - Refining & Midstream Infrastructure,Primary,17610.9384,0.0509,0.032,0.0512,17610.9384
PAAS,Pan American Silver Corp,Commodities - Metals,Comm Metals - Gold,Primary,22235.9634,0.1186,0.2223,-0.0023,13341.578
PAAS,Pan American Silver Corp,Commodities - Metals,Comm Metals - Precious Metals,Secondary,22235.9634,0.1186,0.2223,-0.0023,8894.3854
PACB,"Pacific Biosciences Of California, Inc.",Healthcare & Biotech,"Healthcare - Diagnostics, Biomarkers & Liquid Biopsy",Primary,397.8634,0.0579,-0.0588,0.0492,238.718
PACB,"Pacific Biosciences Of California, Inc.",Healthcare & Biotech,Healthcare - Genomics & Personalized Medicine,Secondary,397.8634,0.0579,-0.0588,0.0492,159.1454
PAG,"Penske Automotive Group, Inc.",E-commerce,"E-commerce - Omnichannel Retailers, Online & Physical Stores",Primary,14319.103,0.0006,0.01,0.3442,14319.103
PANW,Palo Alto Networks Inc,Industrial Automation & Robotics,"Automation - Industrial IoT, Connectivity",Primary,285983.5064,-0.0662,0.0837,0.3466,171590.1038
PANW,Palo Alto Networks Inc,Cybersecurity,Cybersecurity - Application Security,Secondary,285983.5064,-0.0662,0.0837,0.3466,114393.4026
PATH,"UiPath, Inc.",Software,Software - Vertical SaaS Platforms,Primary,8585.2524,0.0363,0.5286,0.516,5151.1514
PATH,"UiPath, Inc.",Industrial Automation & Robotics,Automation - Industrial Software & Digital Twin,Secondary,8585.2524,0.0363,0.5286,0.516,3434.101
PAYX,"Paychex, Inc.",Cloud Computing,Cloud - Horizontal SaaS & Cloud Applications,Primary,44819.5953,0.063,0.1213,0.3126,26891.7572
PAYX,"Paychex, Inc.",Business Services & Consulting,"Business Services - Outsourcing, Facilities & Testing",Secondary,44819.5953,0.063,0.1213,0.3126,17927.8381
PB,"Prosperity Bancshares, Inc.",Financials - Traditional,"Fin Trad - Banks, Lending & Mortgage Finance",Primary,8742.8598,-0.0232,-0.0055,0.0617,8742.8598
PBF,PBF Energy Inc.,Energy - Traditional,Energy Base - Refining & Midstream Infrastructure,Primary,8239.4967,-0.0741,0.132,0.7351,8239.4967
PCAR,Paccar Inc,Transportation & Logistics,Transportation - Infrastructure & Equipment,Primary,68395.8641,-0.0069,-0.0148,0.1914,68395.8641
PCG,PG&E Corp,Energy - Traditional,Energy Base - Utilities & Conventional Power Operators,Primary,39884.8655,0.0349,0.0146,0.1014,39884.8655
PCOR,"Procore Technologies, Inc.",Software,Software - Vertical SaaS Platforms,Primary,9434.9076,0.0635,0.4497,0.3253,9434.9076
PCTY,Paylocity Holding Corp,Cloud Computing,Cloud - Horizontal SaaS & Cloud Applications,Primary,8440.5463,0.048,0.217,0.3489,8440.5463
PD,"Pagerduty, Inc.",Cloud Computing,"Cloud - DevOps, Observability",Primary,956.3198,0.0598,0.3656,0.7222,573.7919
PD,"Pagerduty, Inc.",Software,"Software - Data, Analytics & DevOps",Secondary,956.3198,0.0598,0.3656,0.7222,382.5279
PDD,Pdd Holdings Inc.,E-commerce,E-commerce - Platforms,Primary,123935.1296,0.0015,0.0534,-0.0788,74361.0778
PDD,Pdd Holdings Inc.,Software,Software - Vertical SaaS Platforms,Secondary,123935.1296,0.0015,0.0534,-0.0788,49574.0518
PDFS,Pdf Solutions Inc,Semiconductors,Semis - EDA Tools & Design Software,Primary,1860.5312,-0.1655,-0.1357,-0.044,1860.5312
PEB,Pebblebrook Hotel Trust,Real Estate & REITs,"Real Estate - Travel, Leisure & Entertainment Properties",Primary,2067.2786,0.0099,-0.0403,0.2402,2067.2786
PECO,"Phillips Edison & Company, Inc.",Real Estate & REITs,Real Estate - Retail & Consumer Real Estate,Primary,5605.5265,-0.008,-0.0872,-0.0089,5605.5265
PEG,Public Service Enterprise Group Inc,Energy - Renewable,Energy Clean - Utilities & Clean Power Operators,Primary,36648.8248,-0.0275,-0.0787,-0.0672,36648.8248
PEGA,Pegasystems Inc.,Software,"Software - Collaboration, CRM & Communications",Primary,5635.8011,0.0753,0.2814,0.0015,3381.4807
PEGA,Pegasystems Inc.,Artificial Intelligence,"AI - Apps, Domain-Specific AI",Secondary,5635.8011,0.0753,0.2814,0.0015,2254.3204
PEN,"Penumbra, Inc.",Healthcare & Biotech,Healthcare - Medical Devices & HealthTech Hardware,Primary,12752.3256,-0.0105,0.0157,-0.015,12752.3256
PENN,"Penn Entertainment, Inc.",Digital Entertainment & Media,"Entertainment - Sports Betting, Wagering & Prediction Markets",Primary,2451.6685,-0.0209,-0.1084,0.0818,1471.0011
PENN,"Penn Entertainment, Inc.",Digital Entertainment & Media,Entertainment - iGaming & Online Gambling,Secondary,2451.6685,-0.0209,-0.1084,0.0818,980.6674
PEP,Pepsico Inc,Consumer Goods & Retail,"Consumer - Health, Food & Beverages",Primary,197619.2205,0.0465,0.0588,-0.0291,197619.2205
PFE,Pfizer Inc,Healthcare & Biotech,Healthcare - Metabolic & Cardiometabolic,Primary,159419.8589,0.0409,0.1398,0.0988,95651.9153
PFE,Pfizer Inc,Healthcare & Biotech,Healthcare - Oncology & Precision Cancer Therapeutics,Secondary,159419.8589,0.0409,0.1398,0.0988,63767.9436
PFG,"Principal Financial Group, Inc.",Financials - Traditional,"Fin Trad - Asset Management, Custody & Alternatives",Primary,23956.1687,-0.0096,0.0228,0.086,14373.7012
PFG,"Principal Financial Group, Inc.",Financials - Traditional,Fin Trad - Insurance & Reinsurance,Secondary,23956.1687,-0.0096,0.0228,0.086,9582.4675
PFGC,Performance Food Group Co,Agriculture & FoodTech,Agriculture - Agri-Food Processing & Distribution,Primary,16615.125,0.0105,-0.0512,0.1298,16615.125
PG,Procter & Gamble Co,Consumer Goods & Retail,Consumer - Household & Personal Care,Primary,340761.9031,0.0243,-0.0055,0.0225,204457.1419
PG,Procter & Gamble Co,Nanotechnology,NanoTech - Consumer & Industrial Products,Secondary,340761.9031,0.0243,-0.0055,0.0225,136304.7612
PGR,Progressive Corp,Financials - Traditional,Fin Trad - Insurance & Reinsurance,Primary,130119.9176,0.0985,0.0472,0.1228,130119.9176
PH,Parker-Hannifin Corp,Industrials & Construction,"Industrials - Machinery, Flow Control & Components",Primary,127842.3859,-0.0375,0.027,0.1699,76705.4315
PH,Parker-Hannifin Corp,Defense & Aerospace,Defense - Secure Defense Supply Chains,Secondary,127842.3859,-0.0375,0.027,0.1699,51136.9544
PHM,"Pultegroup, Inc.",Real Estate & REITs,"Real Estate - Housing, Urban Living & Demographics",Primary,24688.9363,0.0087,0.0067,0.1156,24688.9363
PHR,"Phreesia, Inc.",Healthcare & Biotech,"Healthcare - IT, Services & Data Infrastructure",Primary,722.5809,0.0095,0.1438,0.3105,722.5809
PI,Impinj Inc,Hardware,Hardware - Industrial & IoT,Primary,4919.5658,-0.0623,0.2623,0.0751,2951.7395
PI,Impinj Inc,Smart Home & IoT,"Smart Home & IoT - Devices, Sensors & Connectivity",Secondary,4919.5658,-0.0623,0.2623,0.0751,1967.8263
PII,Polaris Inc.,Consumer Goods & Retail,Consumer - Modern Luxury & Lifestyle,Primary,3661.1725,-0.0584,-0.1191,-0.0422,3661.1725
PINS,"Pinterest, Inc.",E-commerce,E-commerce - Online Marketplaces & Recommerce,Primary,13291.3664,0.0173,0.0606,0.2167,7974.8198
PINS,"Pinterest, Inc.",Artificial Intelligence,"AI - Ads, Search & Recommendations",Secondary,13291.3664,0.0173,0.0606,0.2167,5316.5466
PK,Park Hotels & Resorts Inc.,Real Estate & REITs,"Real Estate - Travel, Leisure & Entertainment Properties",Primary,3193.226,0.0573,0.076,0.4021,3193.226
PKG,Packaging Corp Of America,Industrials & Construction,Industrials - Packaging & Containers,Primary,22174.7835,-0.0162,-0.0217,0.1603,22174.7835
PL,Planet Labs Pbc,Defense & Aerospace,Defense - Space Technology & Satellite Services,Primary,7687.6022,-0.1153,0.0537,-0.5136,4612.5613
PL,Planet Labs Pbc,Space Tech,Space - Data Analytics & Earth Observation,Secondary,7687.6022,-0.1153,0.0537,-0.5136,3075.0409
PLD,"Prologis, Inc.",E-commerce,"E-commerce - Omnichannel Retailers, Online & Physical Stores",Primary,139359.0272,0.0195,-0.0289,-0.0103,83615.4163
PLD,"Prologis, Inc.",Real Estate & REITs,"Real Estate - E-Commerce, Warehousing & Logistics",Secondary,139359.0272,0.0195,-0.0289,-0.0103,55743.6109
PLNT,"Planet Fitness, Inc.",Real Estate & REITs,"Real Estate - Travel, Leisure & Entertainment Properties",Primary,4085.2393,0.0638,0.0071,0.0348,2451.1436
PLNT,"Planet Fitness, Inc.",Healthcare & Biotech,Healthcare - Healthy Aging & Nutrition,Secondary,4085.2393,0.0638,0.0071,0.0348,1634.0957
PLTK,Playtika Holding Corp.,Digital Entertainment & Media,Entertainment - Game Publishers & Developers,Primary,923.032,0.0708,-0.3424,-0.2924,923.032
PLTR,Palantir Technologies Inc.,Defense & Aerospace,Defense - Cyber Defense & Electronic Warfare,Primary,422673.9405,0.0194,0.4309,0.285,253604.3643
PLTR,Palantir Technologies Inc.,Industrial Automation & Robotics,"Robotics - Autonomous Vehicles, Service & Mobility",Secondary,422673.9405,0.0194,0.4309,0.285,169069.5762
PLUG,Plug Power Inc,Energy - Renewable,Energy Clean - Hydrogen & Fuel Cells,Primary,3031.9137,-0.0482,0.0383,-0.4259,1819.1482
PLUG,Plug Power Inc,Nanotechnology,NanoTech - Energy & Environment,Secondary,3031.9137,-0.0482,0.0383,-0.4259,1212.7655
PM,Philip Morris International Inc.,Consumer Goods & Retail,"Consumer - Health, Food & Beverages",Primary,298412.1139,0.0376,-0.008,0.0215,298412.1139
PNC,"PNC Financial Services Group, Inc.",Financials - Traditional,"Fin Trad - Banks, Lending & Mortgage Finance",Primary,97214.5951,-0.0427,-0.0291,0.1204,97214.5951
PNFP,"Pinnacle Financial Partners, Inc.",Financials - Traditional,"Fin Trad - Banks, Lending & Mortgage Finance",Primary,15313.7541,-0.056,-0.0076,0.0481,15313.7541
PNR,Pentair Plc,Environmental Sustainability,Environmental - Water Infrastructure & Treatment,Primary,10104.276,-0.0123,0.0068,-0.1501,10104.276
PNW,Pinnacle West Capital Corp,Energy - Traditional,Energy Base - Utilities & Conventional Power Operators,Primary,11842.1811,-0.0269,-0.0704,-0.0422,11842.1811
PODD,Insulet Corp,Healthcare & Biotech,Healthcare - Medical Devices & HealthTech Hardware,Primary,10085.4876,0.0409,-0.1093,-0.061,6051.2926
PODD,Insulet Corp,Healthcare & Biotech,Healthcare - Metabolic & Cardiometabolic,Secondary,10085.4876,0.0409,-0.1093,-0.061,4034.195
POR,Portland General Electric Co,Energy - Traditional,Energy Base - Utilities & Conventional Power Operators,Primary,5845.1052,-0.023,-0.0451,0.0083,5845.1052
POST,"Post Holdings, Inc.",Consumer Goods & Retail,"Consumer - Health, Food & Beverages",Primary,3733.6742,0.0382,-0.0938,-0.1522,3733.6742
POWI,Power Integrations Inc,Semiconductors,Semis - Emerging Technologies,Primary,2971.3418,-0.1436,-0.162,-0.2475,2971.3418
PPC,Pilgrims Pride Corp,Agriculture & FoodTech,Agriculture - Agri-Food Processing & Distribution,Primary,7569.4705,0.105,0.1084,0.117,4541.6823
PPC,Pilgrims Pride Corp,Commodities - Agriculture,Comm Agri - Livestock & Animal Protein,Secondary,7569.4705,0.105,0.1084,0.117,3027.7882
PPG,Ppg Industries Inc,Nanotechnology,NanoTech - Research Tools & Advanced Instruments,Primary,25171.03,-0.0019,-0.0178,0.0571,25171.03
PPL,Ppl Corp,Energy - Renewable,Energy Clean - Utilities & Clean Power Operators,Primary,26369.1715,-0.0253,-0.0326,-0.0275,26369.1715
PR,Permian Resources Corp,Energy - Traditional,Energy Base - Oil & Gas Exploration & Production,Primary,19841.7265,0.0681,0.1096,0.1689,19841.7265
PRCT,Procept Biorobotics Corp,Industrial Automation & Robotics,Robotics - Medical & Surgical Robotics,Primary,1209.5254,0.0076,0.2732,-0.2672,1209.5254
PRDO,Perdoceo Education Corp,Education Technology,Education - Workforce Training,Primary,2065.6685,0.0303,0.0873,-0.024,2065.6685
PRI,"Primerica, Inc.",Financials - Traditional,Fin Trad - Insurance & Reinsurance,Primary,9232.5898,-0.0282,-0.0426,0.0767,9232.5898
PRLB,Proto Labs Inc,Industrial Automation & Robotics,"Automation - Additive Manufacturing, 3D Printing",Primary,1836.7232,-0.155,-0.0187,0.076,1836.7232
PRU,"Prudential Financial, Inc.",Financials - Traditional,Fin Trad - Insurance & Reinsurance,Primary,42321.15,-0.0152,0.0226,0.1942,42321.15
PRVA,"Privia Health Group, Inc.",Healthcare & Biotech,"Healthcare - Digital Health, Telemedicine & Remote Care",Primary,2684.9731,-0.0223,-0.1757,-0.0777,2684.9731
PSA,Public Storage,Real Estate & REITs,Real Estate - Retail & Consumer Real Estate,Primary,60686.7661,0.002,0.0077,0.0745,60686.7661
PSKY,Paramount Skydance Corporation - Class B,Digital Entertainment & Media,Entertainment - Video Streaming,Primary,11612.1385,0.0068,0.2607,-0.0058,11612.1385
PSN,Parsons Corp,Defense & Aerospace,Defense - Cyber Defense & Electronic Warfare,Primary,5213.1712,0.0667,-0.1689,-0.0912,3127.9027
PSN,Parsons Corp,Cybersecurity,"Cybersecurity - Identity, Biometrics & Access Management",Secondary,5213.1712,0.0667,-0.1689,-0.0912,2085.2685
PSNY,Polestar Automotive Holding Uk Plc,Electric Vehicles & Mobility,EVs - Manufacturers,Primary,1866.3628,-0.0754,-0.0581,-0.4211,1866.3628
PSO,Pearson Plc,Education Technology,Education - Digital Curriculum,Primary,10011.5907,0.0303,0.0284,0.1029,10011.5907
PSTG,"Pure Storage, Inc.",Hardware,Hardware - Data Center Infrastructure & Servers,Primary,,,,,
PSTG,"Pure Storage, Inc.",Cloud Computing,Cloud - Data Centers & Infrastructure,Secondary,,,,,
PSX,Phillips 66,Energy - Traditional,Energy Base - Refining & Midstream Infrastructure,Primary,97010.2374,0.0112,0.1764,0.3689,97010.2374
PTC,Ptc Inc.,Industrial Automation & Robotics,"Automation - Industrial IoT, Connectivity",Primary,16743.6012,0.0571,0.302,0.041,10046.1607
PTC,Ptc Inc.,Industrial Automation & Robotics,Automation - Industrial Software & Digital Twin,Secondary,16743.6012,0.0571,0.302,0.041,6697.4405
PTEN,Patterson Uti Energy Inc,Energy - Traditional,Energy Base - Oilfield Services & Equipment,Primary,4523.2246,-0.0295,0.1627,-0.0279,4523.2246
PTON,"Peloton Interactive, Inc.",Healthcare & Biotech,Healthcare - Medical Devices & HealthTech Hardware,Primary,2352.353,0.0132,-0.1184,-0.0613,2352.353
PUBM,"Pubmatic, Inc.",E-commerce,E-commerce - Retail Media & Advertising,Primary,745.199,-0.0527,0.3067,0.5792,447.1194
PUBM,"Pubmatic, Inc.",Artificial Intelligence,"AI - Ads, Search & Recommendations",Secondary,745.199,-0.0527,0.3067,0.5792,298.0796
PVH,PVH Corp,Consumer Goods & Retail,Consumer - Apparel & E-Commerce Retail,Primary,3551.7063,-0.0147,-0.042,-0.1334,3551.7063
PWR,"Quanta Services, Inc.",Energy - Renewable,Energy Clean - Smart Grid & Electrification,Primary,92728.8033,-0.1461,-0.0145,-0.1473,55637.282
PWR,"Quanta Services, Inc.",Artificial Intelligence,"AI - Compute, Edge & Acceleration",Secondary,92728.8033,-0.1461,-0.0145,-0.1473,37091.5213
PYPL,"Paypal Holdings, Inc.",FinTech & Digital Finance,FinTech - Digital Payments & Merchant Infrastructure,Primary,52764.8276,0.02,0.0985,0.3991,52764.8276
Q,"Qnity Electronics, Inc.",Semiconductors,"Semis - Equipment, Lithography & Deposition",Primary,26410.4858,-0.1032,-0.0653,-0.1952,15846.2915
Q,"Qnity Electronics, Inc.",Nanotechnology,NanoTech - Consumer & Industrial Products,Secondary,26410.4858,-0.1032,-0.0653,-0.1952,10564.1943
QBTS,D-Wave Quantum Inc.,Hardware,Hardware - Next-Gen & Specialty,Primary,6957.1784,-0.1049,0.1524,-0.3646,4174.307
QBTS,D-Wave Quantum Inc.,Semiconductors,Semis - Emerging Technologies,Secondary,6957.1784,-0.1049,0.1524,-0.3646,2782.8714
QCOM,Qualcomm Inc/De,Semiconductors,"Semis - Logic & CPUs, GPUs, Accelerators",Primary,166493.5854,-0.0225,-0.0505,-0.3319,99896.1512
QCOM,Qualcomm Inc/De,Semiconductors,Semis - Wireless & Connectivity,Secondary,166493.5854,-0.0225,-0.0505,-0.3319,66597.4342
QDEL,Quidelortho Corp,Healthcare & Biotech,"Healthcare - Diagnostics, Biomarkers & Liquid Biopsy",Primary,993.6579,-0.0062,-0.0972,0.2218,993.6579
QLYS,"Qualys, Inc.",Cybersecurity,Cybersecurity - Application Security,Primary,6173.824,-0.0265,0.2981,0.7433,3704.2944
QLYS,"Qualys, Inc.",Cybersecurity,Cybersecurity - Cloud Security,Secondary,6173.824,-0.0265,0.2981,0.7433,2469.5296
QRVO,"Qorvo, Inc.",Semiconductors,Semis - Wireless & Connectivity,Primary,8413.6975,-0.007,0.1024,-0.1039,5048.2185
QRVO,"Qorvo, Inc.",Telecommunications,"Telecom - 5G, Wireless & Carriers",Secondary,8413.6975,-0.007,0.1024,-0.1039,3365.479
QS,Quantumscape Corp,Electric Vehicles & Mobility,EVs - Batteries & Materials,Primary,3518.6299,-0.0654,0.1709,-0.3024,2111.1779
QS,Quantumscape Corp,Nanotechnology,NanoTech - Energy & Environment,Secondary,3518.6299,-0.0654,0.1709,-0.3024,1407.452
QUBT,Quantum Computing Inc.,Semiconductors,Semis - Emerging Technologies,Primary,1865.0981,-0.0895,0.109,-0.3306,1865.0981
R,Ryder System Inc,Transportation & Logistics,"Transportation - Logistics, Warehousing & Supply Chain Solutions",Primary,9392.298,-0.0709,-0.0813,0.0079,9392.298
RACE,Ferrari N.V.,Consumer Goods & Retail,Consumer - Modern Luxury & Lifestyle,Primary,74601.6276,0.0176,0.1785,0.2188,74601.6276
RBA,"RB Global, Inc.",Industrials & Construction,Industrials - Distribution & Rental Services,Primary,15569.7644,0.0239,-0.2466,-0.1948,9341.8586
RBA,"RB Global, Inc.",E-commerce,E-commerce - Online Marketplaces & Recommerce,Secondary,15569.7644,0.0239,-0.2466,-0.1948,6227.9058
RBC,RBC Bearings Inc,Industrials & Construction,"Industrials - Machinery, Flow Control & Components",Primary,15699.8185,-0.1107,-0.1667,-0.1144,9419.8911
RBC,RBC Bearings Inc,Defense & Aerospace,Defense - Secure Defense Supply Chains,Secondary,15699.8185,-0.1107,-0.1667,-0.1144,6279.9274
RBLX,Roblox Corp,Software,Software - Gaming & Platforms,Primary,27689.2099,0.0219,-0.1849,-0.1952,16613.5259
RBLX,Roblox Corp,Digital Entertainment & Media,Entertainment - Game Publishers & Developers,Secondary,27689.2099,0.0219,-0.1849,-0.1952,11075.684
RCAT,"Red Cat Holdings, Inc.",Defense & Aerospace,Defense - Drones & Anti-Drone Systems,Primary,1363.7394,-0.1446,0.1688,-0.051,818.2436
RCAT,"Red Cat Holdings, Inc.",Industrial Automation & Robotics,"Robotics - Autonomous Vehicles, Service & Mobility",Secondary,1363.7394,-0.1446,0.1688,-0.051,545.4958
RCL,Royal Caribbean Group,Real Estate & REITs,"Real Estate - Travel, Leisure & Entertainment Properties",Primary,78363.4596,-0.0291,-0.0018,0.15,78363.4596
RDDT,"Reddit, Inc.",Digital Entertainment & Media,Entertainment - Advertising & Social Platforms,Primary,29378.9471,-0.0717,-0.095,0.0779,29378.9471
RDW,Redwire Corp,Space Tech,Space - Data Analytics & Earth Observation,Primary,2844.916,-0.1514,0.3096,-0.3493,1706.9496
RDW,Redwire Corp,Space Tech,"Space - Infrastructure, Exploration & Launch",Secondary,2844.916,-0.1514,0.3096,-0.3493,1137.9664
REAL,"Therealreal, Inc.",E-commerce,E-commerce - Online Marketplaces & Recommerce,Primary,1371.2335,0.0171,0.0126,0.225,822.7401
REAL,"Therealreal, Inc.",Consumer Goods & Retail,Consumer - Modern Luxury & Lifestyle,Secondary,1371.2335,0.0171,0.0126,0.225,548.4934
REG,Regency Centers Corp,Real Estate & REITs,Real Estate - Retail & Consumer Real Estate,Primary,14337.8657,0.0042,-0.0665,-0.0181,14337.8657
REGN,"Regeneron Pharmaceuticals, Inc.",Healthcare & Biotech,Healthcare - Next-Gen Biotech Platforms,Primary,85298.2088,0.0292,0.2644,0.2983,51178.9253
REGN,"Regeneron Pharmaceuticals, Inc.",Nanotechnology,NanoTech - Nanomedicine & Drug Delivery,Secondary,85298.2088,0.0292,0.2644,0.2983,34119.2835
RELX,Relx Plc,Big Data & Analytics,"Big Data - Data Generation, Sourcing & Providers",Primary,63379.243,0.0843,0.0659,0.1111,63379.243
RENT,"Rent The Runway, Inc.",Consumer Goods & Retail,Consumer - Resale & Sharing Platforms,Primary,119.2318,-0.0247,0.1794,-0.0301,119.2318
REX,Rex American Resources Corp,Commodities - Agriculture,"Comm Agri - Grains, Oilseeds & Softs",Primary,1396.5592,-0.0605,-0.0453,-0.1306,1396.5592
REXR,"Rexford Industrial Realty, Inc.",Real Estate & REITs,"Real Estate - E-Commerce, Warehousing & Logistics",Primary,8612.6602,0.0505,-0.0341,0.0546,8612.6602
REZI,"Resideo Technologies, Inc.",Smart Home & IoT,Smart Home - Automation & Control Systems,Primary,2927.6175,-0.0659,-0.1979,-0.0367,1756.5705
REZI,"Resideo Technologies, Inc.",Smart Home & IoT,Smart Home - Connected Devices & Appliances,Secondary,2927.6175,-0.0659,-0.1979,-0.0367,1171.047
RF,Regions Financial Corp,Financials - Traditional,"Fin Trad - Banks, Lending & Mortgage Finance",Primary,26094.6002,-0.0338,-0.0075,0.1111,26094.6002
RGA,"Reinsurance Group Of America, Inc.",Financials - Traditional,Fin Trad - Insurance & Reinsurance,Primary,16036.1298,-0.0017,0.0319,0.1519,16036.1298
RGEN,Repligen Corp,Healthcare & Biotech,Healthcare - Next-Gen Biotech Platforms,Primary,10249.8365,0.0744,0.3763,0.5785,6149.9019
RGEN,Repligen Corp,Nanotechnology,NanoTech - Research Tools & Advanced Instruments,Secondary,10249.8365,0.0744,0.3763,0.5785,4099.9346
RGLD,Royal Gold Inc,Commodities - Metals,Comm Metals - Gold,Primary,22346.9711,0.1147,0.3125,0.2002,13408.1827
RGLD,Royal Gold Inc,Commodities - Metals,Comm Metals - Precious Metals,Secondary,22346.9711,0.1147,0.3125,0.2002,8938.7884
RGTI,"Rigetti Computing, Inc.",Hardware,Hardware - Next-Gen & Specialty,Primary,5463.7947,-0.1232,0.1569,-0.3804,3278.2768
RGTI,"Rigetti Computing, Inc.",Semiconductors,Semis - Emerging Technologies,Secondary,5463.7947,-0.1232,0.1569,-0.3804,2185.5179
RH,RH,Consumer Goods & Retail,Consumer - Modern Luxury & Lifestyle,Primary,2712.8842,-0.1851,-0.1786,0.0507,2712.8842
RHP,"Ryman Hospitality Properties, Inc.",Real Estate & REITs,"Real Estate - Travel, Leisure & Entertainment Properties",Primary,9045.9105,0.0566,-0.0147,0.182,9045.9105
RIO,Rio Tinto Plc,Energy - Renewable,Energy Clean - Materials & Critical Metals,Primary,170442.4571,0.0781,0.1741,0.0275,102265.4743
RIO,Rio Tinto Plc,Commodities - Metals,Comm Metals - Industrial & Base Metals,Secondary,170442.4571,0.0781,0.1741,0.0275,68176.9828
RIOT,"Riot Platforms, Inc.",FinTech & Digital Finance,"FinTech - Crypto, Blockchain & Tokenization",Primary,7505.1786,-0.002,-0.1123,-0.1833,4503.1072
RIOT,"Riot Platforms, Inc.",Crypto & Blockchain,Blockchain - Cryptocurrency Mining & Staking,Secondary,7505.1786,-0.002,-0.1123,-0.1833,3002.0714
RIVN,"Rivian Automotive, Inc. / De",Transportation & Logistics,Transportation - Urban Mobility & Emerging Transport Tech,Primary,24034.4863,0.1163,0.048,0.1674,14420.6918
RIVN,"Rivian Automotive, Inc. / De",Electric Vehicles & Mobility,EVs - Manufacturers,Secondary,24034.4863,0.1163,0.048,0.1674,9613.7945
RJF,"Raymond James Financial, Inc.",Financials - Traditional,Fin Trad - Capital Markets & Investment Banking,Primary,33940.226,-0.0156,0.0436,0.1707,33940.226
RKLB,"Rocket Lab Usa, Inc.",Defense & Aerospace,Defense - Space Technology & Satellite Services,Primary,43658.9814,-0.1681,0.0684,-0.4971,26195.3888
RKLB,"Rocket Lab Usa, Inc.",Space Tech,Space - Data Analytics & Earth Observation,Secondary,43658.9814,-0.1681,0.0684,-0.4971,17463.5926
RL,Ralph Lauren Corp,Consumer Goods & Retail,Consumer - Modern Luxury & Lifestyle,Primary,22094.2868,-0.0224,-0.0074,-0.016,22094.2868
RLI,RLI Corp,Financials - Traditional,Fin Trad - Insurance & Reinsurance,Primary,6113.9154,0.0673,0.0759,0.3235,6113.9154
RMBS,Rambus Inc,Semiconductors,Semis - EDA Tools & Design Software,Primary,9443.7519,-0.1346,-0.0931,-0.391,5666.2511
RMBS,Rambus Inc,Semiconductors,Semis - Memory & Storage,Secondary,9443.7519,-0.1346,-0.0931,-0.391,3777.5008
RMD,Resmed Inc,Healthcare & Biotech,Healthcare - Medical Devices & HealthTech Hardware,Primary,33531.4473,0.0578,0.1938,0.1205,33531.4473
RNG,"Ringcentral, Inc.",Telecommunications,Telecom - Enterprise & Unified Communications,Primary,5601.5933,0.047,0.3914,0.5462,3360.956
RNG,"Ringcentral, Inc.",Software,"Software - Collaboration, CRM & Communications",Secondary,5601.5933,0.047,0.3914,0.5462,2240.6373
RNR,Renaissancere Holdings Ltd.,Financials - Traditional,Fin Trad - Insurance & Reinsurance,Primary,13688.0251,0.0343,0.001,0.1161,13688.0251
RNW,Renew Energy Global Plc,Environmental Sustainability,Environmental - Climate Technologies & Carbon Solutions,Primary,2479.0159,-0.0029,0.1057,0.1486,1487.4095
RNW,Renew Energy Global Plc,Environmental Sustainability,Environmental - Sustainable Agriculture & Resource Management,Secondary,2479.0159,-0.0029,0.1057,0.1486,991.6064
ROIV,Roivant Sciences Ltd.,Healthcare & Biotech,Healthcare - Next-Gen Biotech Platforms,Primary,26263.6646,0.0033,0.0386,0.2136,26263.6646
ROK,"Rockwell Automation, Inc",Hardware,Hardware - Industrial & IoT,Primary,47813.3043,-0.0335,-0.0674,-0.047,28687.9826
ROK,"Rockwell Automation, Inc",Industrial Automation & Robotics,Automation - Factory & Process Automation Systems,Secondary,47813.3043,-0.0335,-0.0674,-0.047,19125.3217
ROKU,"Roku, Inc",E-commerce,E-commerce - Retail Media & Advertising,Primary,23476.9121,-0.0008,0.1142,0.2599,14086.1473
ROKU,"Roku, Inc",Digital Entertainment & Media,Entertainment - Video Streaming,Secondary,23476.9121,-0.0008,0.1142,0.2599,9390.7648
ROL,"Rollins, Inc.",Environmental Sustainability,Environmental - Clean Technologies & Pollution Control,Primary,17927.4772,0.0344,-0.029,-0.2996,17927.4772
ROOT,"Root, Inc.",FinTech & Digital Finance,FinTech - InsurTech & Embedded Insurance,Primary,875.9885,0.1376,-0.0243,-0.0146,875.9885
ROP,Roper Technologies Inc,Software,Software - Vertical SaaS Platforms,Primary,41094.3037,0.0662,0.1311,0.2741,41094.3037
ROST,"Ross Stores, Inc.",E-commerce,"E-commerce - Omnichannel Retailers, Online & Physical Stores",Primary,77475.0536,0.0265,0.011,0.0306,46485.0322
ROST,"Ross Stores, Inc.",Consumer Goods & Retail,Consumer - Apparel & E-Commerce Retail,Secondary,77475.0536,0.0265,0.011,0.0306,30990.0214
RPD,"Rapid7, Inc.",Cybersecurity,Cybersecurity - Application Security,Primary,821.6138,-0.0146,0.2845,0.6768,492.9683
RPD,"Rapid7, Inc.",Cybersecurity,Cybersecurity - Cloud Security,Secondary,821.6138,-0.0146,0.2845,0.6768,328.6455
RPM,RPM International Inc.,Industrials & Construction,Industrials - Chemicals & Advanced Materials,Primary,13576.1091,-0.0523,-0.006,0.0597,8145.6655
RPM,RPM International Inc.,Industrials & Construction,Industrials - Building Products & HVAC,Secondary,13576.1091,-0.0523,-0.006,0.0597,5430.4436
RRC,Range Resources Corp,Energy - Traditional,Energy Base - Oil & Gas Exploration & Production,Primary,9639.2806,0.048,0.0585,0.0075,5783.5684
RRC,Range Resources Corp,Commodities - Energy,Comm Energy - Natural Gas & LNG,Secondary,9639.2806,0.048,0.0585,0.0075,3855.7122
RRX,Regal Rexnord Corp,Industrial Automation & Robotics,Automation - Factory & Process Automation Systems,Primary,10832.2007,-0.0676,-0.2351,-0.1883,10832.2007
RS,"Reliance, Inc.",Commodities - Metals,Comm Metals - Industrial & Base Metals,Primary,19527.8561,-0.1064,-0.0594,0.0453,11716.7137
RS,"Reliance, Inc.",Industrials & Construction,Industrials - Distribution & Rental Services,Secondary,19527.8561,-0.1064,-0.0594,0.0453,7811.1424
RSG,"Republic Services, Inc.",Environmental Sustainability,Environmental - Waste Management & Recycling,Primary,68309.9955,0.0363,0.0284,0.0708,68309.9955
RSI,"Rush Street Interactive, Inc.",Digital Entertainment & Media,"Entertainment - Sports Betting, Wagering & Prediction Markets",Primary,6453.0063,0.0381,-0.1594,-0.0237,3871.8038
RSI,"Rush Street Interactive, Inc.",Digital Entertainment & Media,Entertainment - iGaming & Online Gambling,Secondary,6453.0063,0.0381,-0.1594,-0.0237,2581.2025
RTX,Rtx Corp,Defense & Aerospace,Defense - Cyber Defense & Electronic Warfare,Primary,281977.9461,-0.056,-0.0135,0.1859,169186.7677
RTX,Rtx Corp,Defense & Aerospace,Defense - Drones & Anti-Drone Systems,Secondary,281977.9461,-0.056,-0.0135,0.1859,112791.1784
RUN,Sunrun Inc.,Energy - Renewable,Energy Clean - Solar,Primary,2127.8596,-0.0926,-0.1026,-0.3899,2127.8596
RVTY,"Revvity, Inc.",Healthcare & Biotech,"Healthcare - Diagnostics, Biomarkers & Liquid Biopsy",Primary,13725.1277,0.0588,0.1134,0.2695,8235.0766
RVTY,"Revvity, Inc.",Nanotechnology,NanoTech - Research Tools & Advanced Instruments,Secondary,13725.1277,0.0588,0.1134,0.2695,5490.0511
RXRX,"Recursion Pharmaceuticals, Inc.",Artificial Intelligence,"AI - Apps, Domain-Specific AI",Primary,1742.881,0.045,0.098,0.0797,1742.881
RXT,"Rackspace Technology, Inc.",Cloud Computing,Cloud - Multi-Cloud Management,Primary,795.2033,-0.2101,-0.2081,-0.2482,795.2033
RYAN,"Ryan Specialty Holdings, Inc.",Financials - Traditional,Fin Trad - Insurance & Reinsurance,Primary,17292.8696,0.0638,0.0653,0.361,17292.8696
RYN,Rayonier Inc.,Environmental Sustainability,Environmental - Sustainable Agriculture & Resource Management,Primary,6350.0749,-0.0089,-0.0167,0.055,6350.0749
S,"Sentinelone, Inc.",Cybersecurity,Cybersecurity - Cloud Security,Primary,7137.173,-0.0458,0.1477,0.1128,4282.3038
S,"Sentinelone, Inc.",Cybersecurity,"Cybersecurity - Endpoint, Identity & Zero Trust",Secondary,7137.173,-0.0458,0.1477,0.1128,2854.8692
SAIA,Saia Inc,Transportation & Logistics,"Transportation - Trucking, LTL & Ground Freight",Primary,9323.8569,-0.0926,-0.175,-0.2339,9323.8569
SAIC,Science Applications International Corp,Defense & Aerospace,Defense - Cyber Defense & Electronic Warfare,Primary,5362.8145,0.0202,0.0661,0.2725,3217.6887
SAIC,Science Applications International Corp,Business Services & Consulting,Consulting,Secondary,5362.8145,0.0202,0.0661,0.2725,2145.1258
SAIL,"Sailpoint, Inc.",Cybersecurity,"Cybersecurity - Endpoint, Identity & Zero Trust",Primary,10283.0264,-0.0247,0.2127,0.1511,10283.0264
SAM,"Boston Beer Co, Inc.",Consumer Goods & Retail,"Consumer - Health, Food & Beverages",Primary,1949.6561,0.0392,0.0516,-0.0035,1949.6561
SANA,"Sana Biotechnology, Inc.",Healthcare & Biotech,"Healthcare - Regenerative Medicine, Psychedelics, Cannabis",Primary,1131.5832,0.0272,0.1887,0.2313,1131.5832
SAP,Sap Se,Big Data & Analytics,"Big Data - Analytics, AI Platforms & BI",Primary,252378.3168,0.0521,0.3666,0.2427,252378.3168
SARO,"StandardAero, Inc.",Defense & Aerospace,Defense - Next-Generation Aircraft & Maintenance,Primary,8130.69,-0.103,-0.1439,-0.0812,8130.69
SBAC,Sba Communications Corp,Telecommunications,Telecom - Infrastructure & Equipment,Primary,19633.7275,0.0233,0.0736,-0.0935,11780.2365
SBAC,Sba Communications Corp,Real Estate & REITs,Real Estate - Digital Infrastructure,Secondary,19633.7275,0.0233,0.0736,-0.0935,7853.491
SBLK,Star Bulk Carriers Corp.,Transportation & Logistics,Transportation - Marine Shipping & Ports,Primary,3428.3116,0.0518,0.1246,0.2213,3428.3116
SBRA,"Sabra Health Care Reit, Inc.",Healthcare & Biotech,Healthcare - Senior Care & Longevity,Primary,5229.3222,0.0079,-0.0707,0.0029,3137.5933
SBRA,"Sabra Health Care Reit, Inc.",Real Estate & REITs,Real Estate - Healthcare & Senior Living,Secondary,5229.3222,0.0079,-0.0707,0.0029,2091.7289
SBSW,Sibanye Stillwater Ltd,Commodities - Metals,Comm Metals - Precious Metals,Primary,9020.4283,0.1367,0.4916,0.09,9020.4283
SBUX,Starbucks Corp,Consumer Goods & Retail,Consumer - Restaurants & Dining,Primary,122538.5984,-0.004,0.047,0.0485,122538.5984
SCCO,Southern Copper Corp/,Energy - Renewable,Energy Clean - Materials & Critical Metals,Primary,180900.6264,0.1157,0.1758,0.1961,108540.3758
SCCO,Southern Copper Corp/,Commodities - Metals,Comm Metals - Industrial & Base Metals,Secondary,180900.6264,0.1157,0.1758,0.1961,72360.2506
SCHW,Schwab Charles Corp,FinTech & Digital Finance,FinTech - Trading Platforms & WealthTech,Primary,196539.007,0.0278,0.1178,0.2644,196539.007
SCI,Service Corp International,Healthcare & Biotech,Healthcare - Senior Care & Longevity,Primary,11479.8408,0.0206,0.0231,0.0935,11479.8408
SEDG,"Solaredge Technologies, Inc.",Energy - Renewable,Energy Clean - Solar,Primary,1851.3098,-0.0227,-0.2937,-0.5143,1110.7859
SEDG,"Solaredge Technologies, Inc.",Smart Home & IoT,Smart Home - Energy & Utilities,Secondary,1851.3098,-0.0227,-0.2937,-0.5143,740.5239
SEER,"Seer, Inc.",Healthcare & Biotech,Healthcare - Genomics & Personalized Medicine,Primary,112.9589,0.0049,0.0355,0.1397,112.9589
SEIC,SEI Investments Co,Financials - Traditional,"Fin Trad - Asset Management, Custody & Alternatives",Primary,13292.1242,0.0501,0.1162,0.2305,13292.1242
SERV,Serve Robotics Inc. /De/,Industrial Automation & Robotics,"Robotics - Autonomous Vehicles, Service & Mobility",Primary,404.9241,-0.0469,-0.0291,-0.4632,242.9545
SERV,Serve Robotics Inc. /De/,Transportation & Logistics,Transportation - Urban Mobility & Emerging Transport Tech,Secondary,404.9241,-0.0469,-0.0291,-0.4632,161.9696
SES,Ses Ai Corp,Electric Vehicles & Mobility,EVs - Batteries & Materials,Primary,200.4952,-0.051,0.0736,-0.5574,200.4952
SF,Stifel Financial Corp,Financials - Traditional,Fin Trad - Capital Markets & Investment Banking,Primary,12200.9405,-0.038,-0.0002,0.1185,12200.9405
SFIX,"Stitch Fix, Inc.",Consumer Goods & Retail,Consumer - Apparel & E-Commerce Retail,Primary,438.9711,-0.012,-0.081,-0.012,438.9711
SFM,"Sprouts Farmers Market, Inc.",Healthcare & Biotech,Healthcare - Healthy Aging & Nutrition,Primary,8031.4173,0.0686,0.1501,-0.0067,4818.8504
SFM,"Sprouts Farmers Market, Inc.",E-commerce,E-commerce - Grocery & Local Commerce Platforms,Secondary,8031.4173,0.0686,0.1501,-0.0067,3212.5669
SGHC,Super Group (Sghc) Ltd,Digital Entertainment & Media,Entertainment - iGaming & Online Gambling,Primary,7107.9941,0.0737,-0.0258,0.0393,7107.9941
SGI,Somnigroup International Inc.,Consumer Goods & Retail,Consumer - Modern Luxury & Lifestyle,Primary,13528.6036,-0.0082,-0.099,-0.0361,13528.6036
SGML,Sigma Lithium Corp,Commodities - Metals,Comm Metals - Battery & Energy Transition Metals,Primary,1374.4591,0.0682,0.2679,-0.1794,1374.4591
SHC,Sotera Health Co,Healthcare & Biotech,"Healthcare - IT, Services & Data Infrastructure",Primary,5470.6345,0.0197,0.1049,0.2241,5470.6345
SHEL,Shell Plc,Energy - Traditional,Energy Base - Integrated Energy Majors,Primary,256211.5502,0.0151,0.0615,0.0946,153726.9301
SHEL,Shell Plc,Energy - Traditional,Energy Base - Oil & Gas Exploration & Production,Secondary,256211.5502,0.0151,0.0615,0.0946,102484.6201
SHOP,Shopify Inc.,Cloud Computing,Cloud - Horizontal SaaS & Cloud Applications,Primary,194388.6725,0.0077,0.3169,0.4544,116633.2035
SHOP,Shopify Inc.,E-commerce,"E-commerce - Omnichannel Retailers, Online & Physical Stores",Secondary,194388.6725,0.0077,0.3169,0.4544,77755.469
SHW,Sherwin-Williams Co,Industrials & Construction,Industrials - Chemicals & Advanced Materials,Primary,84171.5302,-0.007,0.0946,0.1244,50502.9181
SHW,Sherwin-Williams Co,Industrials & Construction,Industrials - Building Products & HVAC,Secondary,84171.5302,-0.007,0.0946,0.1244,33668.6121
SIG,Signet Jewelers Ltd,Consumer Goods & Retail,Consumer - Modern Luxury & Lifestyle,Primary,3242.0143,-0.0309,-0.0859,0.0266,3242.0143
SIGI,"Selective Insurance Group, Inc.",Financials - Traditional,Fin Trad - Insurance & Reinsurance,Primary,5519.0789,0.006,-0.0338,0.0262,5519.0789
SIMO,Silicon Motion Technology Corp,Semiconductors,Semis - Emerging Technologies,Primary,8245.6868,-0.1083,-0.1005,-0.1176,8245.6868
SIRI,Sirius Xm Holdings Inc.,Digital Entertainment & Media,Entertainment - Video Streaming,Primary,9589.5532,-0.0233,-0.0366,-0.0063,9589.5532
SITM,Sitime Corp,Semiconductors,"Semis - Analog, Mixed-Signal & Power Management",Primary,17403.2568,-0.2248,0.0478,-0.2026,17403.2568
SJM,J M Smucker Co,Commodities - Agriculture,Comm Agri - Softs & Plantation Crops,Primary,13453.0724,0.0682,0.0738,0.2292,13453.0724
SKIL,Skillsoft Corp.,Education Technology,"Education - Platforms, Infrastructure & Online Learning",Primary,71.2022,0.0285,0.2504,0.1058,71.2022
SKT,Tanger Inc.,Real Estate & REITs,Real Estate - Retail & Consumer Real Estate,Primary,4656.1572,0.0141,-0.0639,0.1056,4656.1572
SLAB,Silicon Laboratories Inc.,Semiconductors,Semis - Wireless & Connectivity,Primary,7276.6228,-0.0055,0.0055,0.0027,4365.9737
SLAB,Silicon Laboratories Inc.,Smart Home & IoT,"Smart Home & IoT - Devices, Sensors & Connectivity",Secondary,7276.6228,-0.0055,0.0055,0.0027,2910.6491
SLB,Schlumberger Limited/Nv,Energy - Traditional,Energy Base - Oilfield Services & Equipment,Primary,80143.7368,0.0026,0.0301,-0.0523,48086.2421
SLB,Schlumberger Limited/Nv,Energy - Renewable,Energy Clean - Utilities & Clean Power Operators,Secondary,80143.7368,0.0026,0.0301,-0.0523,32057.4947
SLDP,"Solid Power, Inc.",Electric Vehicles & Mobility,EVs - Batteries & Materials,Primary,524.8168,-0.0213,0.1058,-0.2484,314.8901
SLDP,"Solid Power, Inc.",Nanotechnology,NanoTech - Energy & Environment,Secondary,524.8168,-0.0213,0.1058,-0.2484,209.9267
SLG,Sl Green Realty Corp,Real Estate & REITs,Real Estate - Office & Commercial Workspaces,Primary,4493.972,0.0438,0.0725,0.3696,4493.972
SLGN,Silgan Holdings Inc.,Industrials & Construction,Industrials - Packaging & Containers,Primary,4491.4857,0.0199,-0.0846,0.1274,4491.4857
SLM,SLM Corp,Financials - Traditional,"Fin Trad - Banks, Lending & Mortgage Finance",Primary,4951.9201,-0.0345,0.0844,0.1964,4951.9201
SLQT,"Selectquote, Inc.",FinTech & Digital Finance,FinTech - InsurTech & Embedded Insurance,Primary,136.8459,0.0674,0.2031,-0.224,136.8459
SMCI,"Super Micro Computer, Inc.",Hardware,Hardware - Data Center Infrastructure & Servers,Primary,22750.5234,-0.0812,0.1684,-0.0115,22750.5234
SMG,Scotts Miracle-Gro Co,Commodities - Agriculture,"Comm Agri - Fertilizers, Crop Inputs & Seeds",Primary,3533.3883,0.0364,-0.1148,0.0371,3533.3883
SMPL,Simply Good Foods Co,Consumer Goods & Retail,"Consumer - Health, Food & Beverages",Primary,970.2001,0.012,0.0734,-0.075,970.2001
SMR,Nuscale Power Corp,Energy - Traditional,Energy Base - Nuclear Power & Advanced Reactors,Primary,3714.0255,-0.0152,0.1187,-0.2061,2228.4153
SMR,Nuscale Power Corp,Commodities - Energy,Comm Energy - Uranium & Nuclear Fuels,Secondary,3714.0255,-0.0152,0.1187,-0.2061,1485.6102
SMTC,Semtech Corp,Smart Home & IoT,"Smart Home & IoT - Devices, Sensors & Connectivity",Primary,11262.9084,-0.216,-0.0398,-0.2288,11262.9084
SN,"Sharkninja, Inc.",Consumer Goods & Retail,"Consumer - Health, Food & Beverages",Primary,25896.8166,-0.0034,0.2314,0.6334,25896.8166
SNA,Snap-On Inc,Industrials & Construction,"Industrials - Machinery, Flow Control & Components",Primary,20405.8317,-0.0107,-0.0178,0.0826,20405.8317
SNAP,Snap Inc,E-commerce,E-commerce - Online Marketplaces & Recommerce,Primary,9352.3241,0.0676,0.2713,-0.0332,5611.3945
SNAP,Snap Inc,Artificial Intelligence,"AI - Ads, Search & Recommendations",Secondary,9352.3241,0.0676,0.2713,-0.0332,3740.9296
SNDK,Sandisk Corp,Semiconductors,Semis - Memory & Storage,Primary,218621.1492,-0.1644,0.0394,0.0098,131172.6895
SNDK,Sandisk Corp,Hardware,"Hardware - Consumer Electronics, PCs & Peripherals",Secondary,218621.1492,-0.1644,0.0394,0.0098,87448.4597
SNDR,"Schneider National, Inc.",Transportation & Logistics,"Transportation - Trucking, LTL & Ground Freight",Primary,6107.4831,-0.0431,-0.0737,0.0459,6107.4831
SNOW,Snowflake Inc.,Cloud Computing,Cloud - Hyperscalers & Platforms,Primary,111875.5471,-0.0222,0.2041,0.8744,67125.3283
SNOW,Snowflake Inc.,Big Data & Analytics,"Big Data - Analytics, AI Platforms & BI",Secondary,111875.5471,-0.0222,0.2041,0.8744,44750.2188
SNPS,Synopsys Inc,Semiconductors,Semis - EDA Tools & Design Software,Primary,75540.5128,-0.0453,0.0563,-0.2482,45324.3077
SNPS,Synopsys Inc,Industrial Automation & Robotics,Automation - Industrial Software & Digital Twin,Secondary,75540.5128,-0.0453,0.0563,-0.2482,30216.2051
SNX,TD Synnex Corp,Industrials & Construction,Industrials - Distribution & Rental Services,Primary,19481.9494,-0.0767,0.003,0.0286,11689.1696
SNX,TD Synnex Corp,Hardware,Hardware - Data Center Infrastructure & Servers,Secondary,19481.9494,-0.0767,0.003,0.0286,7792.7798
SO,Southern Co,Energy - Traditional,Energy Base - Utilities & Conventional Power Operators,Primary,103647.7071,-0.0237,-0.0659,-0.0392,62188.6243
SO,Southern Co,Energy - Renewable,Energy Clean - Utilities & Clean Power Operators,Secondary,103647.7071,-0.0237,-0.0659,-0.0392,41459.0828
SOFI,"Sofi Technologies, Inc.",FinTech & Digital Finance,FinTech - Digital Banking & Neobanks,Primary,23558.2423,-0.0038,0.1081,0.1677,14134.9454
SOFI,"Sofi Technologies, Inc.",FinTech & Digital Finance,FinTech - Digital Payments & Merchant Infrastructure,Secondary,23558.2423,-0.0038,0.1081,0.1677,9423.2969
SOLS,"Solstice Advanced Materials, Inc.",Industrials & Construction,Industrials - Chemicals & Advanced Materials,Primary,8793.7905,-0.1149,-0.0856,-0.3223,5276.2743
SOLS,"Solstice Advanced Materials, Inc.",Nanotechnology,NanoTech - Consumer & Industrial Products,Secondary,8793.7905,-0.1149,-0.0856,-0.3223,3517.5162
SOLV,Solventum Corp,Healthcare & Biotech,Healthcare - Medical Devices & HealthTech Hardware,Primary,15532.9147,0.051,0.1697,0.1877,15532.9147
SON,Sonoco Products Co,Environmental Sustainability,Environmental - Waste Management & Recycling,Primary,5684.3238,0.013,-0.0034,0.1754,5684.3238
SONO,Sonos Inc,Smart Home & IoT,Smart Home - Connected Devices & Appliances,Primary,1822.9102,-0.0026,0.049,-0.0064,1093.7461
SONO,Sonos Inc,Consumer Goods & Retail,"Consumer - Health, Food & Beverages",Secondary,1822.9102,-0.0026,0.049,-0.0064,729.1641
SONY,Sony Group Corp,Hardware,"Hardware - Consumer Electronics, PCs & Peripherals",Primary,142013.3335,0.0236,0.1563,0.0958,142013.3335
SOUN,"Soundhound Ai, Inc.",Artificial Intelligence,"AI - Apps, Domain-Specific AI",Primary,3108.769,-0.0057,0.1364,-0.1432,1865.2614
SOUN,"Soundhound Ai, Inc.",Smart Home & IoT,Smart Home - Automation & Control Systems,Secondary,3108.769,-0.0057,0.1364,-0.1432,1243.5076
SPCB,Supercom Ltd,Cybersecurity,"Cybersecurity - Identity, Biometrics & Access Management",Primary,67.8917,-0.0252,0.0093,-0.0191,67.8917
SPCE,"Virgin Galactic Holdings, Inc",Space Tech,"Space - Infrastructure, Exploration & Launch",Primary,454.7877,-0.0415,0.2048,-0.0741,454.7877
SPG,Simon Property Group Inc /De/,Real Estate & REITs,Real Estate - Retail & Consumer Real Estate,Primary,83794.2886,-0.0042,-0.0394,0.0917,83794.2886
SPGI,S&P Global Inc.,Big Data & Analytics,"Big Data - Data Generation, Sourcing & Providers",Primary,128361.8161,0.0606,0.0212,0.1047,128361.8161
SPIR,"Spire Global, Inc.",Defense & Aerospace,Defense - Space Technology & Satellite Services,Primary,563.4323,0.0095,0.2621,-0.3445,338.0594
SPIR,"Spire Global, Inc.",Space Tech,Space - Data Analytics & Earth Observation,Secondary,563.4323,0.0095,0.2621,-0.3445,225.3729
SPOT,Spotify Technology S.A.,Digital Entertainment & Media,Entertainment - Video Streaming,Primary,110571.4135,0.0921,0.1143,0.0346,110571.4135
SPWR,SunPower Inc. -,Energy - Renewable,Energy Clean - Solar,Primary,59.6533,0.3119,-0.4066,-0.7446,59.6533
SPXC,"SPX Technologies, Inc.",Industrials & Construction,"Industrials - Machinery, Flow Control & Components",Primary,10062.249,-0.0769,-0.0871,-0.0332,6037.3494
SPXC,"SPX Technologies, Inc.",Industrials & Construction,Industrials - Building Products & HVAC,Secondary,10062.249,-0.0769,-0.0871,-0.0332,4024.8996
SQM,Chemical & Mining Co Of Chile Inc,Energy - Renewable,Energy Clean - Materials & Critical Metals,Primary,23516.5635,0.0963,0.1979,0.0268,14109.9381
SQM,Chemical & Mining Co Of Chile Inc,Commodities - Metals,Comm Metals - Battery & Energy Transition Metals,Secondary,23516.5635,0.0963,0.1979,0.0268,9406.6254
SR,Spire Inc.,Energy - Traditional,Energy Base - Utilities & Conventional Power Operators,Primary,4869.122,0.001,-0.0109,-0.0433,2921.4732
SR,Spire Inc.,Commodities - Energy,Comm Energy - Natural Gas & LNG,Secondary,4869.122,0.001,-0.0109,-0.0433,1947.6488
SRAD,Sportradar Group Ag,Digital Entertainment & Media,"Entertainment - Sports Betting, Wagering & Prediction Markets",Primary,3876.9667,-0.0023,-0.0833,0.0054,2326.18
SRAD,Sportradar Group Ag,Digital Entertainment & Media,Entertainment - iGaming & Online Gambling,Secondary,3876.9667,-0.0023,-0.0833,0.0054,1550.7867
SRE,Sempra,Energy - Traditional,Energy Base - Utilities & Conventional Power Operators,Primary,55300.354,-0.0159,-0.0904,-0.0822,33180.2124
SRE,Sempra,Commodities - Energy,Comm Energy - Natural Gas & LNG,Secondary,55300.354,-0.0159,-0.0904,-0.0822,22120.1416
SSB,Southstate Corp,Financials - Traditional,"Fin Trad - Banks, Lending & Mortgage Finance",Primary,10367.5484,-0.0353,0.0148,0.137,10367.5484
SSD,"Simpson Manufacturing Co., Inc.",Industrials & Construction,Industrials - Building Products & HVAC,Primary,7685.8568,-0.0427,-0.0328,0.0151,7685.8568
SSYS,Stratasys Ltd.,Hardware,Hardware - Next-Gen & Specialty,Primary,670.0406,-0.1346,-0.0473,-0.1519,402.0244
SSYS,Stratasys Ltd.,Hardware,Hardware - Printing & Imaging,Secondary,670.0406,-0.1346,-0.0473,-0.1519,268.0162
ST,Sensata Technologies Holding Plc,Industrial Automation & Robotics,Automation - Industrial Sensors & Machine Vision,Primary,6106.6844,-0.0862,-0.0796,-0.1342,6106.6844
STAG,"Stag Industrial, Inc.",Real Estate & REITs,"Real Estate - E-Commerce, Warehousing & Logistics",Primary,7291.7243,0.0068,-0.0988,-0.0191,7291.7243
STE,Steris Plc,Healthcare & Biotech,Healthcare - Medical Devices & HealthTech Hardware,Primary,23192.3507,0.0353,0.1112,0.1016,23192.3507
STEM,"Stem, Inc.",Energy - Renewable,Energy Clean - Batteries & Storage,Primary,52.562,-0.1049,-0.0055,-0.4228,31.5372
STEM,"Stem, Inc.",Smart Home & IoT,Smart Home - Energy & Utilities,Secondary,52.562,-0.1049,-0.0055,-0.4228,21.0248
STKH,Steakholder Foods Ltd.,Agriculture & FoodTech,Agriculture - Alternative Proteins,Primary,3.8754,-0.1212,1.7423,-0.2564,3.8754
STLD,Steel Dynamics Inc,Commodities - Metals,Comm Metals - Industrial & Base Metals,Primary,32860.8338,-0.1119,-0.0722,-0.0427,19716.5003
STLD,Steel Dynamics Inc,Commodities - Metals,Comm Metals - Recycling & Circular Materials,Secondary,32860.8338,-0.1119,-0.0722,-0.0427,13144.3335
STM,Stmicroelectronics N.V.,Semiconductors,"Semis - Analog, Mixed-Signal & Power Management",Primary,44042.58,-0.1154,-0.0425,-0.2611,26425.548
STM,Stmicroelectronics N.V.,Semiconductors,Semis - Emerging Technologies,Secondary,44042.58,-0.1154,-0.0425,-0.2611,17617.032
STRL,"Sterling Infrastructure, Inc.",Industrials & Construction,Industrials - Engineering & Construction,Primary,15192.0937,-0.1776,-0.2486,-0.3224,9115.2562
STRL,"Sterling Infrastructure, Inc.",Cloud Computing,Cloud - Data Centers & Infrastructure,Secondary,15192.0937,-0.1776,-0.2486,-0.3224,6076.8375
STT,State Street Corp,Financials - Traditional,"Fin Trad - Asset Management, Custody & Alternatives",Primary,52446.0605,-0.011,0.0298,0.2463,52446.0605
STWD,"Starwood Property Trust, Inc.",Financials - Traditional,"Fin Trad - Banks, Lending & Mortgage Finance",Primary,6186.4366,0.0031,-0.0139,-0.0304,6186.4366
STX,Seagate Technology Holdings Plc,Semiconductors,Semis - Memory & Storage,Primary,180103.0697,-0.2012,-0.067,-0.0215,108061.8418
STX,Seagate Technology Holdings Plc,Hardware,"Hardware - Consumer Electronics, PCs & Peripherals",Secondary,180103.0697,-0.2012,-0.067,-0.0215,72041.2279
STZ,"Constellation Brands, Inc.",Consumer Goods & Retail,"Consumer - Health, Food & Beverages",Primary,23502.6801,0.0539,0.0655,-0.0723,23502.6801
SUI,Sun Communities Inc,Real Estate & REITs,"Real Estate - Housing, Urban Living & Demographics",Primary,15595.7135,0.0171,0.0131,-0.0248,15595.7135
SVM,Silvercorp Metals Inc,Commodities - Metals,Comm Metals - Precious Metals,Primary,2798.2597,0.0612,0.3122,0.0704,2798.2597
SW,Smurfit Westrock Plc,Industrials & Construction,Industrials - Packaging & Containers,Primary,25539.0208,0.0184,0.0118,0.2913,25539.0208
SWK,"Stanley Black & Decker, Inc.",Industrials & Construction,"Industrials - Machinery, Flow Control & Components",Primary,14876.6495,-0.0108,0.0794,0.3022,8925.9897
SWK,"Stanley Black & Decker, Inc.",Industrials & Construction,Industrials - Building Products & HVAC,Secondary,14876.6495,-0.0108,0.0794,0.3022,5950.6598
SWKS,"Skyworks Solutions, Inc.",Semiconductors,Semis - Wireless & Connectivity,Primary,10060.6106,-0.0128,0.1104,-0.1817,6036.3664
SWKS,"Skyworks Solutions, Inc.",Telecommunications,"Telecom - 5G, Wireless & Carriers",Secondary,10060.6106,-0.0128,0.1104,-0.1817,4024.2442
SWX,"Southwest Gas Holdings, Inc.",Energy - Traditional,Energy Base - Utilities & Conventional Power Operators,Primary,6488.9754,-0.0185,-0.0309,0.0032,3893.3852
SWX,"Southwest Gas Holdings, Inc.",Commodities - Energy,Comm Energy - Natural Gas & LNG,Secondary,6488.9754,-0.0185,-0.0309,0.0032,2595.5902
SYF,Synchrony Financial,Financials - Traditional,"Fin Trad - Banks, Lending & Mortgage Finance",Primary,26036.1748,-0.009,0.1024,0.1188,15621.7049
SYF,Synchrony Financial,FinTech & Digital Finance,FinTech - Digital Payments & Merchant Infrastructure,Secondary,26036.1748,-0.009,0.1024,0.1188,10414.4699
SYK,Stryker Corp,Industrial Automation & Robotics,Robotics - Medical & Surgical Robotics,Primary,125739.0817,-0.0117,-0.0074,0.0386,75443.449
SYK,Stryker Corp,Healthcare & Biotech,Healthcare - Medical Devices & HealthTech Hardware,Secondary,125739.0817,-0.0117,-0.0074,0.0386,50295.6327
SYM,Symbotic Inc.,Industrial Automation & Robotics,Automation - Factory & Process Automation Systems,Primary,24232.7532,-0.0548,-0.003,-0.2591,14539.6519
SYM,Symbotic Inc.,Industrial Automation & Robotics,Automation - Smart Logistics & Warehouse Automation,Secondary,24232.7532,-0.0548,-0.003,-0.2591,9693.1013
SYNA,Synaptics Inc,Artificial Intelligence,"AI - Compute, Edge & Acceleration",Primary,3663.5423,-0.1528,-0.171,-0.348,2198.1254
SYNA,Synaptics Inc,Healthcare & Biotech,Healthcare - Medical Devices & HealthTech Hardware,Secondary,3663.5423,-0.1528,-0.171,-0.348,1465.4169
SYY,Sysco Corp,Agriculture & FoodTech,Agriculture - Agri-Food Processing & Distribution,Primary,40176.9923,0.0246,0.009,0.1065,40176.9923
T,At&T Inc.,Telecommunications,Telecom - Cloud & Edge Connectivity,Primary,176037.7897,0.0409,0.0646,0.0306,105622.6738
T,At&T Inc.,Telecommunications,"Telecom - 5G, Wireless & Carriers",Secondary,176037.7897,0.0409,0.0646,0.0306,70415.1159
TAL,Tal Education Group,Education Technology,Education - Digital Curriculum,Primary,6367.9701,-0.0171,0.1146,0.175,6367.9701
TAP,Molson Coors Beverage Co,Consumer Goods & Retail,"Consumer - Health, Food & Beverages",Primary,8015.6549,0.0552,0.0498,0.0224,8015.6549
TBCH,Turtle Beach Corp,Hardware,"Hardware - Consumer Electronics, PCs & Peripherals",Primary,225.4833,0.0286,0.0457,0.0161,225.4833
TCBI,"Texas Capital Bancshares, Inc.",Financials - Traditional,"Fin Trad - Banks, Lending & Mortgage Finance",Primary,4260.4882,-0.0306,-0.0126,-0.012,4260.4882
TDC,Teradata Corp /De/,Big Data & Analytics,"Big Data - Analytics, AI Platforms & BI",Primary,2559.36,-0.0004,-0.0351,-0.177,1535.616
TDC,Teradata Corp /De/,Software,"Software - Data, Analytics & DevOps",Secondary,2559.36,-0.0004,-0.0351,-0.177,1023.744
TDG,Transdigm Group Inc,Defense & Aerospace,Defense - Next-Generation Aircraft & Maintenance,Primary,66280.9723,-0.0313,-0.0304,-0.0119,39768.5834
TDG,Transdigm Group Inc,Defense & Aerospace,Defense - Secure Defense Supply Chains,Secondary,66280.9723,-0.0313,-0.0304,-0.0119,26512.3889
TDOC,"Teladoc Health, Inc.",Healthcare & Biotech,"Healthcare - Digital Health, Telemedicine & Remote Care",Primary,1126.4408,-0.052,-0.293,-0.0563,1126.4408
TDUP,Thredup Inc.,E-commerce,E-commerce - Online Marketplaces & Recommerce,Primary,369.0476,-0.0175,-0.507,-0.345,221.4286
TDUP,Thredup Inc.,Consumer Goods & Retail,Consumer - Resale & Sharing Platforms,Secondary,369.0476,-0.0175,-0.507,-0.345,147.619
TDY,Teledyne Technologies Inc,Industrial Automation & Robotics,Automation - Industrial Sensors & Machine Vision,Primary,28982.0303,-0.0769,-0.046,0.0077,17389.2182
TDY,Teledyne Technologies Inc,Industrial Automation & Robotics,Robotics - Sensors & Vision Systems,Secondary,28982.0303,-0.0769,-0.046,0.0077,11592.8121
TE,T1 Energy Inc.,Electric Vehicles & Mobility,EVs - Batteries & Materials,Primary,1272.357,-0.1148,-0.136,-0.4653,1272.357
TEAM,Atlassian Corp,Cloud Computing,Cloud - Horizontal SaaS & Cloud Applications,Primary,43370.2748,0.082,0.972,1.0057,26022.1649
TEAM,Atlassian Corp,Cloud Computing,Cloud - Hyperscalers & Platforms,Secondary,43370.2748,0.082,0.972,1.0057,17348.1099
TECH,Bio-Techne Corp,Nanotechnology,NanoTech - Research Tools & Advanced Instruments,Primary,11279.1337,0.0011,0.0122,0.5032,6767.4802
TECH,Bio-Techne Corp,Healthcare & Biotech,Healthcare - Genomics & Personalized Medicine,Secondary,11279.1337,0.0011,0.0122,0.5032,4511.6535
TECK,Teck Resources Ltd,Commodities - Metals,Comm Metals - Battery & Energy Transition Metals,Primary,34440.1183,0.0827,0.1663,0.1219,34440.1183
TEL,Te Connectivity Plc,Hardware,Hardware - Industrial & IoT,Primary,58600.3702,-0.0652,0.0013,0.0021,58600.3702
TEM,"Tempus Ai, Inc.",Healthcare & Biotech,Healthcare - Genomics & Personalized Medicine,Primary,11939.3669,0.2814,0.55,0.4329,11939.3669
TENB,"Tenable Holdings, Inc.",Cybersecurity,Cybersecurity - Cloud Security,Primary,3738.1509,-0.0383,0.0524,0.3336,2242.8905
TENB,"Tenable Holdings, Inc.",Software,"Software - Data, Analytics & DevOps",Secondary,3738.1509,-0.0383,0.0524,0.3336,1495.2604
TER,"Teradyne, Inc",Semiconductors,"Semis - Testing, Packaging & Assembly",Primary,57048.7398,-0.1766,0.0428,0.018,34229.2439
TER,"Teradyne, Inc",Industrial Automation & Robotics,Automation - Factory & Process Automation Systems,Secondary,57048.7398,-0.1766,0.0428,0.018,22819.4959
TEX,Terex Corp,Industrials & Construction,"Industrials - Machinery, Flow Control & Components",Primary,7530.0838,-0.0217,-0.0541,0.1467,7530.0838
TFC,Truist Financial Corp,Financials - Traditional,"Fin Trad - Banks, Lending & Mortgage Finance",Primary,62070.8291,-0.0327,-0.0086,0.0606,62070.8291
TFII,Tfi International Inc.,Transportation & Logistics,"Transportation - Trucking, LTL & Ground Freight",Primary,11163.4586,-0.0672,-0.0971,-0.0797,11163.4586
TFPM,Triple Flag Precious Metals Corp.,Commodities - Metals,Comm Metals - Precious Metals,Primary,7148.3049,0.0967,0.1953,0.1309,7148.3049
TGT,Target Corp,E-commerce,E-commerce - Grocery & Local Commerce Platforms,Primary,77162.5277,0.125,0.2516,0.363,46297.5166
TGT,Target Corp,E-commerce,"E-commerce - Omnichannel Retailers, Online & Physical Stores",Secondary,77162.5277,0.125,0.2516,0.363,30865.0111
THC,Tenet Healthcare Corp,Healthcare & Biotech,"Healthcare - IT, Services & Data Infrastructure",Primary,22431.787,0.053,0.1946,0.6031,22431.787
THG,"Hanover Insurance Group, Inc.",Financials - Traditional,Fin Trad - Insurance & Reinsurance,Primary,7920.5555,0.0242,0.0429,0.1714,7920.5555
THO,"Thor Industries, Inc.",Consumer Goods & Retail,Consumer - Modern Luxury & Lifestyle,Primary,4134.3964,0.0229,0.036,0.0385,4134.3964
THRM,Gentherm Inc,Electric Vehicles & Mobility,EVs - Key Suppliers & Autonomy Tech,Primary,1211.3204,-0.0898,-0.0759,0.2049,1211.3204
TJX,"TJX Companies, Inc.",E-commerce,"E-commerce - Omnichannel Retailers, Online & Physical Stores",Primary,155442.9542,-0.0672,-0.0847,-0.1081,93265.7725
TJX,"TJX Companies, Inc.",Consumer Goods & Retail,Consumer - Apparel & E-Commerce Retail,Secondary,155442.9542,-0.0672,-0.0847,-0.1081,62177.1817
TKO,"TKO Group Holdings, Inc.",Digital Entertainment & Media,Entertainment - Video Streaming,Primary,36608.5489,-0.0088,0.0709,0.014,36608.5489
TKR,Timken Co,Industrials & Construction,"Industrials - Machinery, Flow Control & Components",Primary,8504.1085,-0.0812,-0.1292,0.0259,8504.1085
TLN,Talen Energy Corp,Artificial Intelligence,"AI - Compute, Edge & Acceleration",Primary,14639.4839,-0.144,-0.1511,-0.1797,14639.4839
TLRY,"Tilray Brands, Inc.",Healthcare & Biotech,"Healthcare - Regenerative Medicine, Psychedelics, Cannabis",Primary,649.3819,0.0536,0.2165,-0.1078,649.3819
TME,Tencent Music Entertainment Group,Digital Entertainment & Media,Entertainment - Video Streaming,Primary,14178.7914,-0.0237,-0.0226,-0.017,14178.7914
TMHC,Taylor Morrison Home Corp,Real Estate & REITs,"Real Estate - Housing, Urban Living & Demographics",Primary,6665.3965,,,,6665.3965
TMO,Thermo Fisher Scientific Inc.,Healthcare & Biotech,"Healthcare - Diagnostics, Biomarkers & Liquid Biopsy",Primary,232474.9189,0.0738,0.1064,0.404,139484.9513
TMO,Thermo Fisher Scientific Inc.,Healthcare & Biotech,Healthcare - Genomics & Personalized Medicine,Secondary,232474.9189,0.0738,0.1064,0.404,92989.9676
TMUS,"T-Mobile Us, Inc.",Telecommunications,"Telecom - 5G, Wireless & Carriers",Primary,195891.2819,0.0139,0.014,-0.041,117534.7691
TMUS,"T-Mobile Us, Inc.",Smart Home & IoT,"Smart Home & IoT - Devices, Sensors & Connectivity",Secondary,195891.2819,0.0139,0.014,-0.041,78356.5128
TNDM,Tandem Diabetes Care Inc,Healthcare & Biotech,Healthcare - Medical Devices & HealthTech Hardware,Primary,1546.0388,-0.0016,0.2979,0.4848,1546.0388
TNGX,"Tango Therapeutics, Inc.",Healthcare & Biotech,Healthcare - Oncology & Precision Cancer Therapeutics,Primary,4132.6403,-0.0308,-0.0796,0.211,4132.6403
TNL,Travel + Leisure Co.,Real Estate & REITs,"Real Estate - Travel, Leisure & Entertainment Properties",Primary,4480.9462,-0.0077,-0.0126,0.1321,4480.9462
TOL,"Toll Brothers, Inc.",Real Estate & REITs,"Real Estate - Housing, Urban Living & Demographics",Primary,13619.6618,0.0138,-0.0161,0.0996,13619.6618
TOST,"Toast, Inc.",FinTech & Digital Finance,FinTech - Digital Payments & Merchant Infrastructure,Primary,21218.3798,0.0696,0.2641,0.5851,12731.0279
TOST,"Toast, Inc.",Software,Software - Vertical SaaS Platforms,Secondary,21218.3798,0.0696,0.2641,0.5851,8487.3519
TPL,Texas Pacific Land Corp,Energy - Traditional,Energy Base - Oil & Gas Exploration & Production,Primary,25758.5951,0.0351,-0.1096,-0.0697,15455.1571
TPL,Texas Pacific Land Corp,Commodities - Energy,Comm Energy - Crude Oil,Secondary,25758.5951,0.0351,-0.1096,-0.0697,10303.438
TPR,"Tapestry, Inc.",Consumer Goods & Retail,Consumer - Modern Luxury & Lifestyle,Primary,26351.6058,0.0243,-0.0732,-0.043,26351.6058
TREX,"Trex Co, Inc.",Industrials & Construction,Industrials - Building Products & HVAC,Primary,4815.1675,-0.0304,0.0884,0.2065,4815.1675
TRGP,Targa Resources Corp,Energy - Traditional,Energy Base - Refining & Midstream Infrastructure,Primary,63098.4745,0.0587,0.0509,0.0682,37859.0847
TRGP,Targa Resources Corp,Commodities - Energy,Comm Energy - Natural Gas & LNG,Secondary,63098.4745,0.0587,0.0509,0.0682,25239.3898
TRI,Thomson Reuters Corp /Can/,Big Data & Analytics,"Big Data - Data Generation, Sourcing & Providers",Primary,47056.855,0.1037,0.2128,0.2733,47056.855
TRMB,Trimble Inc.,Hardware,Hardware - Industrial & IoT,Primary,14147.0208,0.0894,0.1467,0.0769,8488.2125
TRMB,Trimble Inc.,Agriculture & FoodTech,Agriculture - Precision Agriculture & Farm Automation,Secondary,14147.0208,0.0894,0.1467,0.0769,5658.8083
TRNO,Terreno Realty Corp,Real Estate & REITs,"Real Estate - E-Commerce, Warehousing & Logistics",Primary,7509.1446,0.0107,-0.0519,0.0517,7509.1446
TROW,Price T Rowe Group Inc,Crypto & Blockchain,"Blockchain - Platforms, Tokenization & Financial Services",Primary,23955.372,0.0167,-0.0361,0.0992,23955.372
TRU,Transunion,Big Data & Analytics,"Big Data - Data Generation, Sourcing & Providers",Primary,16261.0924,0.08,0.1109,0.205,16261.0924
TRUP,"Trupanion, Inc.",FinTech & Digital Finance,FinTech - InsurTech & Embedded Insurance,Primary,1385.3862,0.059,0.3239,0.4449,1385.3862
TRV,"Travelers Companies, Inc.",Financials - Traditional,Fin Trad - Insurance & Reinsurance,Primary,77287.4732,0.0166,-0.0431,0.2142,77287.4732
TSAT,Telesat Corp,Telecommunications,Telecom - Satellite & Space Communication,Primary,2166.5836,-0.1658,0.1254,-0.2118,1299.9502
TSAT,Telesat Corp,Space Tech,"Space - Infrastructure, Exploration & Launch",Secondary,2166.5836,-0.1658,0.1254,-0.2118,866.6334
TSCO,Tractor Supply Co,E-commerce,"E-commerce - Omnichannel Retailers, Online & Physical Stores",Primary,18715.7606,0.0429,0.166,0.1531,11229.4564
TSCO,Tractor Supply Co,Agriculture & FoodTech,Agriculture - Precision Agriculture & Farm Automation,Secondary,18715.7606,0.0429,0.166,0.1531,7486.3042
TSLA,"Tesla, Inc.",Electric Vehicles & Mobility,EVs - Autonomous Driving & Fleet,Primary,1378194.686,0.0284,0.1147,-0.1809,826916.8116
TSLA,"Tesla, Inc.",Energy - Renewable,Energy Clean - Batteries & Storage,Secondary,1378194.686,0.0284,0.1147,-0.1809,551277.8744
TSM,Taiwan Semiconductor Manufacturing Co Ltd,Semiconductors,"Semis - Logic & CPUs, GPUs, Accelerators",Primary,2127076.6551,-0.0484,0.0166,0.0162,2127076.6551
TSN,"Tyson Foods, Inc.",Agriculture & FoodTech,Agriculture - Agri-Food Processing & Distribution,Primary,20358.7523,-0.0126,0.0073,-0.1029,12215.2514
TSN,"Tyson Foods, Inc.",Commodities - Agriculture,Comm Agri - Livestock & Animal Protein,Secondary,20358.7523,-0.0126,0.0073,-0.1029,8143.5009
TT,Trane Technologies Plc,Industrials & Construction,Industrials - Building Products & HVAC,Primary,99661.7011,-0.047,-0.0583,0.0066,59797.0207
TT,Trane Technologies Plc,Cloud Computing,Cloud - Data Centers & Infrastructure,Secondary,99661.7011,-0.047,-0.0583,0.0066,39864.6804
TTC,Toro Co,Agriculture & FoodTech,Agriculture - Precision Agriculture & Farm Automation,Primary,9473.4344,0.0203,0.061,0.1004,9473.4344
TTD,"Trade Desk, Inc.",E-commerce,E-commerce - Retail Media & Advertising,Primary,6235.3106,-0.0097,-0.2325,-0.4071,3741.1864
TTD,"Trade Desk, Inc.",Artificial Intelligence,"AI - Ads, Search & Recommendations",Secondary,6235.3106,-0.0097,-0.2325,-0.4071,2494.1242
TTE,Totalenergies Se,Energy - Traditional,Energy Base - Integrated Energy Majors,Primary,197840.2079,0.0081,0.0294,-0.0246,118704.1247
TTE,Totalenergies Se,Energy - Traditional,Energy Base - Oil & Gas Exploration & Production,Secondary,197840.2079,0.0081,0.0294,-0.0246,79136.0832
TTEK,"Tetra Tech, Inc.",Industrials & Construction,Industrials - Engineering & Construction,Primary,9437.7984,0.029,0.1648,0.3358,5662.679
TTEK,"Tetra Tech, Inc.",Environmental Sustainability,Environmental - Water Infrastructure & Treatment,Secondary,9437.7984,0.029,0.1648,0.3358,3775.1194
TTMI,"TTM Technologies, Inc.",Hardware,Hardware - Industrial & IoT,Primary,11284.9705,-0.2402,-0.1848,-0.436,6770.9823
TTMI,"TTM Technologies, Inc.",Defense & Aerospace,Defense - Secure Defense Supply Chains,Secondary,11284.9705,-0.2402,-0.1848,-0.436,4513.9882
TTWO,Take Two Interactive Software Inc,Software,Software - Gaming & Platforms,Primary,43659.9357,-0.0336,0.008,0.0261,26195.9614
TTWO,Take Two Interactive Software Inc,Digital Entertainment & Media,Entertainment - Game Publishers & Developers,Secondary,43659.9357,-0.0336,0.008,0.0261,17463.9743
TW,Tradeweb Markets Inc.,FinTech & Digital Finance,FinTech - Exchanges & Market Infrastructure,Primary,23413.1415,0.0305,0.0856,0.022,23413.1415
TWLO,Twilio Inc,Telecommunications,Telecom - Enterprise & Unified Communications,Primary,34184.3067,-0.0263,0.1626,0.1847,20510.584
TWLO,Twilio Inc,Cloud Computing,Cloud - Hyperscalers & Platforms,Secondary,34184.3067,-0.0263,0.1626,0.1847,13673.7227
TWST,Twist Bioscience Corp,Healthcare & Biotech,Healthcare - Genomics & Personalized Medicine,Primary,8829.2055,0.1317,0.5598,1.3246,8829.2055
TXG,"10X Genomics, Inc.",Healthcare & Biotech,"Healthcare - Diagnostics, Biomarkers & Liquid Biopsy",Primary,8312.5765,0.1002,0.3789,1.6943,4987.5459
TXG,"10X Genomics, Inc.",Healthcare & Biotech,Healthcare - Genomics & Personalized Medicine,Secondary,8312.5765,0.1002,0.3789,1.6943,3325.0306
TXN,Texas Instruments Inc,Semiconductors,"Semis - Analog, Mixed-Signal & Power Management",Primary,236476.3505,-0.0847,-0.0691,-0.1583,141885.8103
TXN,Texas Instruments Inc,Hardware,Hardware - Industrial & IoT,Secondary,236476.3505,-0.0847,-0.0691,-0.1583,94590.5402
TXNM,"TXNM Energy, Inc.",Energy - Traditional,Energy Base - Utilities & Conventional Power Operators,Primary,5881.8724,-0.0087,-0.0154,-0.0331,5881.8724
TXRH,"Texas Roadhouse, Inc.",Consumer Goods & Retail,Consumer - Restaurants & Dining,Primary,13475.4253,0.0044,0.0622,0.1611,13475.4253
TXT,Textron Inc,Defense & Aerospace,Defense - Drones & Anti-Drone Systems,Primary,14125.2844,-0.063,-0.1403,-0.1054,8475.1706
TXT,Textron Inc,Defense & Aerospace,Defense - Next-Generation Aircraft & Maintenance,Secondary,14125.2844,-0.063,-0.1403,-0.1054,5650.1138
TYL,Tyler Technologies Inc,Software,Software - Vertical SaaS Platforms,Primary,14570.409,0.1102,0.1973,0.1358,14570.409
U,Unity Software Inc.,Software,Software - Vertical SaaS Platforms,Primary,20314.5052,0.0156,0.6129,0.8052,12188.7031
U,Unity Software Inc.,Software,Software - Gaming & Platforms,Secondary,20314.5052,0.0156,0.6129,0.8052,8125.8021
UAA,"Under Armour, Inc.",Healthcare & Biotech,Healthcare - Medical Devices & HealthTech Hardware,Primary,2306.6596,0.0151,-0.2361,-0.0236,1383.9958
UAA,"Under Armour, Inc.",Consumer Goods & Retail,Consumer - Apparel & E-Commerce Retail,Secondary,2306.6596,0.0151,-0.2361,-0.0236,922.6638
UAL,"United Airlines Holdings, Inc.",Transportation & Logistics,Transportation - Air Travel & Passenger Transportation,Primary,36861.3827,-0.0711,-0.0397,0.1362,22116.8296
UAL,"United Airlines Holdings, Inc.",Transportation & Logistics,"Transportation - Logistics, Warehousing & Supply Chain Solutions",Secondary,36861.3827,-0.0711,-0.0397,0.1362,14744.5531
UAN,"Cvr Partners, Lp",Agriculture & FoodTech,Agriculture - Agricultural Inputs & Crop Science,Primary,1321.9446,0.0227,0.0676,0.0496,1321.9446
UAVS,Ageagle Aerial Systems Inc.,Agriculture & FoodTech,Agriculture - Precision Agriculture & Farm Automation,Primary,67.9382,0.1739,0.5211,0.0588,67.9382
UBER,"Uber Technologies, Inc",Transportation & Logistics,Transportation - Urban Mobility & Emerging Transport Tech,Primary,161954.5948,0.0573,0.2025,0.104,97172.7569
UBER,"Uber Technologies, Inc",Electric Vehicles & Mobility,EVs - Autonomous Driving & Fleet,Secondary,161954.5948,0.0573,0.2025,0.104,64781.8379
UBSI,"United Bankshares, Inc.",Financials - Traditional,"Fin Trad - Banks, Lending & Mortgage Finance",Primary,6510.9612,-0.0241,0.0,0.1144,6510.9612
UDR,"UDR, Inc.",Real Estate & REITs,"Real Estate - Housing, Urban Living & Demographics",Primary,14103.1127,0.0309,-0.0266,0.0175,14103.1127
UE,Urban Edge Properties,Real Estate & REITs,Real Estate - Retail & Consumer Real Estate,Primary,2974.0421,-0.0114,-0.0749,-0.0219,2974.0421
UEC,Uranium Energy Corp,Energy - Traditional,Energy Base - Nuclear Power & Advanced Reactors,Primary,6190.8534,0.12,0.3155,-0.0392,3714.512
UEC,Uranium Energy Corp,Commodities - Energy,Comm Energy - Uranium & Nuclear Fuels,Secondary,6190.8534,0.12,0.3155,-0.0392,2476.3414
UFPI,"UFP Industries, Inc.",Industrials & Construction,Industrials - Building Products & HVAC,Primary,4922.0603,0.0106,0.0147,0.1128,4922.0603
UGI,UGI Corp,Energy - Traditional,Energy Base - Utilities & Conventional Power Operators,Primary,8191.5622,0.0883,0.023,0.0828,4914.9373
UGI,UGI Corp,Commodities - Energy,Comm Energy - Natural Gas & LNG,Secondary,8191.5622,0.0883,0.023,0.0828,3276.6249
UHS,"Universal Health Services, Inc.",Healthcare & Biotech,"Healthcare - IT, Services & Data Infrastructure",Primary,10396.4006,0.0344,0.1326,0.1194,10396.4006
UI,Ubiquiti Inc.,Hardware,Hardware - Networking Equipment,Primary,33478.8506,-0.0524,0.0521,-0.0945,20087.3104
UI,Ubiquiti Inc.,Smart Home & IoT,"Smart Home - Connectivity, Security & Networking",Secondary,33478.8506,-0.0524,0.0521,-0.0945,13391.5402
ULS,UL Solutions Inc.,Business Services & Consulting,"Business Services - Outsourcing, Facilities & Testing",Primary,14972.7693,-0.0383,-0.1322,-0.2779,14972.7693
ULTA,"Ulta Beauty, Inc.",E-commerce,"E-commerce - Omnichannel Retailers, Online & Physical Stores",Primary,23160.9221,0.0921,0.1334,0.0461,13896.5533
ULTA,"Ulta Beauty, Inc.",Consumer Goods & Retail,Consumer - Household & Personal Care,Secondary,23160.9221,0.0921,0.1334,0.0461,9264.3688
UMBF,UMB Financial Corp,Financials - Traditional,"Fin Trad - Banks, Lending & Mortgage Finance",Primary,10933.7672,-0.0526,0.0195,0.1008,10933.7672
UMC,United Microelectronics Corp,Semiconductors,"Semis - Logic & CPUs, GPUs, Accelerators",Primary,47775.658,-0.0246,-0.0221,0.0639,47775.658
UMH,"Umh Properties, Inc.",Real Estate & REITs,"Real Estate - Housing, Urban Living & Demographics",Primary,1415.4621,0.0297,0.0843,0.1013,1415.4621
UNFI,United Natural Foods Inc,Agriculture & FoodTech,Agriculture - Agri-Food Processing & Distribution,Primary,2937.5992,0.0089,-0.0228,-0.0156,1762.5595
UNFI,United Natural Foods Inc,Consumer Goods & Retail,"Consumer - Health, Food & Beverages",Secondary,2937.5992,0.0089,-0.0228,-0.0156,1175.0397
UNH,Unitedhealth Group Inc,Healthcare & Biotech,"Healthcare - IT, Services & Data Infrastructure",Primary,357924.9295,0.0079,-0.0522,0.0324,357924.9295
UNIT,Uniti Group Inc.,Real Estate & REITs,Real Estate - Digital Infrastructure,Primary,2390.8426,0.0,-0.0896,-0.1078,2390.8426
UNM,Unum Group,Financials - Traditional,Fin Trad - Insurance & Reinsurance,Primary,14166.8751,-0.0221,0.0379,0.065,14166.8751
UNP,Union Pacific Corp,Transportation & Logistics,Transportation - Freight Rail & Infrastructure,Primary,184080.2365,0.0332,0.0083,0.1715,110448.1419
UNP,Union Pacific Corp,Transportation & Logistics,Transportation - Infrastructure & Equipment,Secondary,184080.2365,0.0332,0.0083,0.1715,73632.0946
UPS,United Parcel Service Inc,Industrial Automation & Robotics,Automation - Smart Logistics & Warehouse Automation,Primary,87392.2806,0.0069,-0.0909,0.033,52435.3684
UPS,United Parcel Service Inc,Transportation & Logistics,"Transportation - Logistics, Warehousing & Supply Chain Solutions",Secondary,87392.2806,0.0069,-0.0909,0.033,34956.9122
UPST,"Upstart Holdings, Inc.",FinTech & Digital Finance,FinTech - Digital Payments & Merchant Infrastructure,Primary,2908.6868,0.0047,0.1099,0.0466,1745.2121
UPST,"Upstart Holdings, Inc.",Artificial Intelligence,"AI - Apps, Domain-Specific AI",Secondary,2908.6868,0.0047,0.1099,0.0466,1163.4747
URG,Ur-Energy Inc,Commodities - Energy,Comm Energy - Uranium & Nuclear Fuels,Primary,568.9451,0.0515,0.1721,-0.0774,568.9451
URI,"United Rentals, Inc.",Industrials & Construction,Industrials - Distribution & Rental Services,Primary,67443.4744,-0.0698,-0.0492,0.1564,40466.0846
URI,"United Rentals, Inc.",Industrials & Construction,Industrials - Engineering & Construction,Secondary,67443.4744,-0.0698,-0.0492,0.1564,26977.3898
USAR,"USA Rare Earth, Inc. -",Commodities - Metals,Comm Metals - Rare Earth & Strategic Materials,Primary,4475.9306,-0.0518,0.2926,-0.2771,4475.9306
USB,U.S. Bancorp,Financials - Traditional,"Fin Trad - Banks, Lending & Mortgage Finance",Primary,97253.5726,-0.0378,-0.0242,0.1482,97253.5726
USFD,Us Foods Holding Corp.,Agriculture & FoodTech,Agriculture - Agri-Food Processing & Distribution,Primary,23660.0914,0.007,0.1256,0.3591,23660.0914
UTHR,United Therapeutics Corp,Healthcare & Biotech,Healthcare - Metabolic & Cardiometabolic,Primary,21997.7789,0.0087,-0.0295,-0.0977,13198.6673
UTHR,United Therapeutics Corp,Healthcare & Biotech,Healthcare - Next-Gen Biotech Platforms,Secondary,21997.7789,0.0087,-0.0295,-0.0977,8799.1116
UTI,Universal Technical Institute Inc,Education Technology,Education - Workforce Training,Primary,1213.1971,-0.1579,-0.4172,-0.4503,1213.1971
UUUU,Energy Fuels Inc,Commodities - Energy,Comm Energy - Uranium & Nuclear Fuels,Primary,3719.479,0.0061,0.3168,-0.1752,2231.6874
UUUU,Energy Fuels Inc,Commodities - Metals,Comm Metals - Rare Earth & Strategic Materials,Secondary,3719.479,0.0061,0.3168,-0.1752,1487.7916
V,Visa Inc.,FinTech & Digital Finance,FinTech - Digital Payments & Merchant Infrastructure,Primary,713977.5611,0.0657,0.077,0.1649,428386.5367
V,Visa Inc.,Crypto & Blockchain,"Blockchain - Platforms, Tokenization & Financial Services",Secondary,713977.5611,0.0657,0.077,0.1649,285591.0244
VAL,Valaris Limited,Energy - Traditional,Energy Base - Oilfield Services & Equipment,Primary,5958.2863,-0.0146,0.079,-0.1518,5958.2863
VALE,Vale S.A.,Commodities - Metals,Comm Metals - Battery & Energy Transition Metals,Primary,64006.6724,0.0938,0.0459,-0.0613,38404.0034
VALE,Vale S.A.,Commodities - Metals,Comm Metals - Industrial & Base Metals,Secondary,64006.6724,0.0938,0.0459,-0.0613,25602.669
VC,Visteon Corp,Electric Vehicles & Mobility,EVs - Key Suppliers & Autonomy Tech,Primary,2719.1964,-0.0551,-0.0182,-0.0995,2719.1964
VECO,Veeco Instruments Inc,Nanotechnology,NanoTech - Research Tools & Advanced Instruments,Primary,2853.9256,-0.1404,-0.0949,-0.2148,2853.9256
VEEV,Veeva Systems Inc,Healthcare & Biotech,"Healthcare - IT, Services & Data Infrastructure",Primary,40360.661,0.0425,0.3341,0.5512,24216.3966
VEEV,Veeva Systems Inc,Software,Software - Vertical SaaS Platforms,Secondary,40360.661,0.0425,0.3341,0.5512,16144.2644
VFC,V F Corp,Consumer Goods & Retail,Consumer - Apparel & E-Commerce Retail,Primary,5625.7556,-0.0117,-0.1597,-0.1386,3375.4534
VFC,V F Corp,Consumer Goods & Retail,Consumer - Modern Luxury & Lifestyle,Secondary,5625.7556,-0.0117,-0.1597,-0.1386,2250.3022
VFF,"Village Farms International, Inc.",Agriculture & FoodTech,Agriculture - Precision Agriculture & Farm Automation,Primary,331.3959,0.0504,0.4041,0.0423,331.3959
VIAV,Viavi Solutions Inc.,Hardware,Hardware - Communications & Telecom,Primary,9117.4062,-0.2013,-0.065,-0.2537,9117.4062
VICI,Vici Properties Inc.,Real Estate & REITs,"Real Estate - Travel, Leisure & Entertainment Properties",Primary,29486.8562,0.0316,0.0019,-0.0446,29486.8562
VICR,Vicor Corp,Semiconductors,"Semis - Analog, Mixed-Signal & Power Management",Primary,8759.8182,-0.2505,-0.0996,-0.2911,5255.8909
VICR,Vicor Corp,Hardware,Hardware - Data Center Infrastructure & Servers,Secondary,8759.8182,-0.2505,-0.0996,-0.2911,3503.9273
VIRT,"Virtu Financial, Inc.",FinTech & Digital Finance,FinTech - Trading Platforms & WealthTech,Primary,5853.4523,0.1141,0.1096,0.2695,5853.4523
VISN,"Vistance Networks, Inc.  -",Telecommunications,Telecom - Infrastructure & Equipment,Primary,2499.9903,-0.0703,-0.0814,-0.1187,2499.9903
VITL,"Vital Farms, Inc.",Consumer Goods & Retail,"Consumer - Health, Food & Beverages",Primary,475.6812,-0.0072,-0.149,0.0938,475.6812
VKTX,"Viking Therapeutics, Inc.",Healthcare & Biotech,Healthcare - Metabolic & Cardiometabolic,Primary,3876.3771,-0.0119,-0.0448,0.0758,3876.3771
VLO,Valero Energy Corp/Tx,Energy - Traditional,Energy Base - Refining & Midstream Infrastructure,Primary,99622.9038,-0.0034,0.1482,0.4065,59773.7423
VLO,Valero Energy Corp/Tx,Commodities - Energy,Comm Energy - Biofuels & Renewable Fuels,Secondary,99622.9038,-0.0034,0.1482,0.4065,39849.1615
VLTO,Veralto Corp,Environmental Sustainability,Environmental - Clean Technologies & Pollution Control,Primary,24225.7449,0.0271,0.0799,0.1465,24225.7449
VLY,Valley National Bancorp,Financials - Traditional,"Fin Trad - Banks, Lending & Mortgage Finance",Primary,7791.7343,-0.0562,-0.0167,0.0485,7791.7343
VMC,Vulcan Materials Co,Industrials & Construction,Industrials - Construction Materials & Aggregates,Primary,35755.9583,-0.0079,-0.0116,0.0606,35755.9583
VMI,"Valmont Industries, Inc.",Industrials & Construction,"Industrials - Machinery, Flow Control & Components",Primary,9294.7098,-0.05,-0.0096,-0.061,5576.8259
VMI,"Valmont Industries, Inc.",Agriculture & FoodTech,Agriculture - Precision Agriculture & Farm Automation,Secondary,9294.7098,-0.05,-0.0096,-0.061,3717.8839
VMRK,Vivmark Residential,Real Estate & REITs,"Real Estate - Housing, Urban Living & Demographics",Primary,,0.0704,0.0041,0.04,
VNO,Vornado Realty Trust,Real Estate & REITs,Real Estate - Office & Commercial Workspaces,Primary,7698.1581,0.0256,-0.0214,0.2154,7698.1581
VNOM,"Viper Energy, Inc.",Energy - Traditional,Energy Base - Oil & Gas Exploration & Production,Primary,23427.3567,0.0386,0.0067,-0.0311,23427.3567
VNT,Vontier Corp,Transportation & Logistics,Transportation - Urban Mobility & Emerging Transport Tech,Primary,4494.0483,0.0281,0.0799,0.1228,2696.429
VNT,Vontier Corp,Electric Vehicles & Mobility,EVs - Charging & Infrastructure,Secondary,4494.0483,0.0281,0.0799,0.1228,1797.6193
VOYA,"Voya Financial, Inc.",Financials - Traditional,"Fin Trad - Asset Management, Custody & Alternatives",Primary,8981.7221,-0.01,0.0056,0.2102,5389.0333
VOYA,"Voya Financial, Inc.",Financials - Traditional,Fin Trad - Insurance & Reinsurance,Secondary,8981.7221,-0.01,0.0056,0.2102,3592.6888
VRSK,"Verisk Analytics, Inc.",Big Data & Analytics,"Big Data - Data Generation, Sourcing & Providers",Primary,24671.0723,0.0793,-0.0586,0.1108,24671.0723
VRSN,"Verisign, Inc.",Telecommunications,Telecom - Cloud & Edge Connectivity,Primary,26286.9647,0.0692,0.0416,-0.0592,15772.1788
VRSN,"Verisign, Inc.",Cybersecurity,Cybersecurity - Cloud Security,Secondary,26286.9647,0.0692,0.0416,-0.0592,10514.7859
VRT,Vertiv Holdings Co,Hardware,Hardware - Data Center Infrastructure & Servers,Primary,98160.4352,-0.1281,-0.1219,-0.2212,58896.2611
VRT,Vertiv Holdings Co,Cloud Computing,Cloud - Data Centers & Infrastructure,Secondary,98160.4352,-0.1281,-0.1219,-0.2212,39264.1741
VRTX,Vertex Pharmaceuticals Inc / Ma,Healthcare & Biotech,Healthcare - Genomics & Personalized Medicine,Primary,138792.6815,0.0621,0.1471,0.2602,83275.6089
VRTX,Vertex Pharmaceuticals Inc / Ma,Healthcare & Biotech,Healthcare - Next-Gen Biotech Platforms,Secondary,138792.6815,0.0621,0.1471,0.2602,55517.0726
VSAT,Viasat Inc,Defense & Aerospace,Defense - Space Technology & Satellite Services,Primary,9956.3008,-0.1121,0.0081,-0.0306,5973.7805
VSAT,Viasat Inc,Telecommunications,Telecom - Satellite & Space Communication,Secondary,9956.3008,-0.1121,0.0081,-0.0306,3982.5203
VST,Vistra Corp.,Energy - Traditional,Energy Base - Nuclear Power & Advanced Reactors,Primary,45532.2706,-0.0715,-0.1697,-0.1307,27319.3624
VST,Vistra Corp.,Energy - Traditional,Energy Base - Utilities & Conventional Power Operators,Secondary,45532.2706,-0.0715,-0.1697,-0.1307,18212.9082
VTEX,Vtex,E-commerce,E-commerce - Platforms,Primary,605.1156,0.0368,-0.0615,0.0223,605.1156
VTR,"Ventas, Inc.",Healthcare & Biotech,Healthcare - Senior Care & Longevity,Primary,47945.0972,0.0252,-0.0702,0.0662,28767.0583
VTR,"Ventas, Inc.",Real Estate & REITs,Real Estate - Healthcare & Senior Living,Secondary,47945.0972,0.0252,-0.0702,0.0662,19178.0389
VTRS,Viatris Inc.,Healthcare & Biotech,Healthcare - Metabolic & Cardiometabolic,Primary,18997.6945,0.0267,-0.0334,0.0008,18997.6945
VUZI,Vuzix Corp,Hardware,Hardware - Next-Gen & Specialty,Primary,234.6716,-0.1003,0.214,-0.4591,234.6716
VVV,Valvoline Inc.,E-commerce,"E-commerce - Omnichannel Retailers, Online & Physical Stores",Primary,4255.8789,-0.0127,-0.1435,-0.0063,4255.8789
VZ,Verizon Communications Inc,Telecommunications,Telecom - Cloud & Edge Connectivity,Primary,208361.9799,0.0435,0.0813,0.0549,125017.1879
VZ,Verizon Communications Inc,Telecommunications,Telecom - Enterprise & Unified Communications,Secondary,208361.9799,0.0435,0.0813,0.0549,83344.792
W,Wayfair Inc.,Consumer Goods & Retail,"Consumer - Health, Food & Beverages",Primary,14133.7344,0.0011,0.2258,0.5385,14133.7344
WAB,Westinghouse Air Brake Technologies Corp,Transportation & Logistics,Transportation - Freight Rail & Infrastructure,Primary,50271.2443,-0.0091,-0.0151,0.1619,50271.2443
WAL,Western Alliance Bancorporation,Financials - Traditional,"Fin Trad - Banks, Lending & Mortgage Finance",Primary,8552.4168,-0.0407,-0.052,0.0026,8552.4168
WAT,Waters Corp,Nanotechnology,NanoTech - Research Tools & Advanced Instruments,Primary,40329.8386,0.0074,0.0963,0.1997,24197.9032
WAT,Waters Corp,Healthcare & Biotech,"Healthcare - Diagnostics, Biomarkers & Liquid Biopsy",Secondary,40329.8386,0.0074,0.0963,0.1997,16131.9354
WAY,Waystar Holding Corp.,Healthcare & Biotech,"Healthcare - IT, Services & Data Infrastructure",Primary,4860.8225,0.0271,0.1262,0.2954,4860.8225
WBD,"Warner Bros. Discovery, Inc.",Digital Entertainment & Media,Entertainment - Video Streaming,Primary,71954.8252,0.0276,0.1137,0.0618,71954.8252
WBS,Webster Financial Corp,Financials - Traditional,"Fin Trad - Banks, Lending & Mortgage Finance",Primary,12568.9344,-0.0183,0.0062,0.0809,12568.9344
WBX,Wallbox N.V.,Electric Vehicles & Mobility,EVs - Charging & Infrastructure,Primary,70.8244,-0.0267,-0.2608,0.0696,70.8244
WCC,"Wesco International, Inc.",Industrials & Construction,Industrials - Distribution & Rental Services,Primary,16423.4598,-0.0964,0.0136,-0.0717,9854.0759
WCC,"Wesco International, Inc.",Energy - Renewable,Energy Clean - Smart Grid & Electrification,Secondary,16423.4598,-0.0964,0.0136,-0.0717,6569.3839
WCN,"Waste Connections, Inc.",Environmental Sustainability,Environmental - Waste Management & Recycling,Primary,42507.6572,0.024,-0.0016,0.0875,42507.6572
WDAY,"Workday, Inc.",Cloud Computing,Cloud - Horizontal SaaS & Cloud Applications,Primary,49184.7639,0.0417,0.4715,0.5542,29510.8583
WDAY,"Workday, Inc.",Software,Software - Vertical SaaS Platforms,Secondary,49184.7639,0.0417,0.4715,0.5542,19673.9056
WDC,Western Digital Corp,Semiconductors,Semis - Memory & Storage,Primary,156972.3187,-0.1877,-0.1624,-0.1007,94183.3912
WDC,Western Digital Corp,Hardware,Hardware - Data Center Infrastructure & Servers,Secondary,156972.3187,-0.1877,-0.1624,-0.1007,62788.9275
WEC,"WEC Energy Group, Inc.",Energy - Traditional,Energy Base - Utilities & Conventional Power Operators,Primary,35054.8746,-0.0263,-0.0626,-0.0431,35054.8746
WELL,Welltower Inc.,Healthcare & Biotech,Healthcare - Senior Care & Longevity,Primary,172944.4905,0.02,-0.0442,0.1145,103766.6943
WELL,Welltower Inc.,Real Estate & REITs,Real Estate - Healthcare & Senior Living,Secondary,172944.4905,0.02,-0.0442,0.1145,69177.7962
WERN,Werner Enterprises Inc,Transportation & Logistics,"Transportation - Trucking, LTL & Ground Freight",Primary,2259.3393,-0.0368,-0.112,-0.0502,2259.3393
WEX,WEX Inc.,FinTech & Digital Finance,FinTech - Digital Payments & Merchant Infrastructure,Primary,6927.0876,0.0761,0.1538,0.35,6927.0876
WFC,Wells Fargo & Co,Financials - Traditional,"Fin Trad - Banks, Lending & Mortgage Finance",Primary,256193.2165,-0.0322,-0.0128,0.1153,256193.2165
WFRD,Weatherford International Plc,Energy - Traditional,Energy Base - Oilfield Services & Equipment,Primary,6360.6492,-0.0467,0.0037,-0.1818,6360.6492
WH,"Wyndham Hotels & Resorts, Inc.",Real Estate & REITs,"Real Estate - Travel, Leisure & Entertainment Properties",Primary,5517.5967,0.0193,0.0112,-0.0554,5517.5967
WHR,Whirlpool Corp /De/,Smart Home & IoT,Smart Home - Connected Devices & Appliances,Primary,2616.4511,0.0136,0.0767,-0.0595,1569.8707
WHR,Whirlpool Corp /De/,Consumer Goods & Retail,"Consumer - Health, Food & Beverages",Secondary,2616.4511,0.0136,0.0767,-0.0595,1046.5804
WING,Wingstop Inc.,Consumer Goods & Retail,Consumer - Restaurants & Dining,Primary,3183.019,0.0097,-0.1333,-0.1654,3183.019
WIT,Wipro Ltd,Business Services & Consulting,Consulting,Primary,18598.1481,-0.0157,0.0168,-0.0541,18598.1481
WIX,Wix.Com Ltd.,E-commerce,E-commerce - Platforms,Primary,3532.9357,0.1451,0.6421,0.5871,3532.9357
WLK,Westlake Corp,Industrials & Construction,Industrials - Chemicals & Advanced Materials,Primary,9775.1572,-0.022,0.0362,-0.1315,9775.1572
WLY,"John Wiley & Sons, Inc.",Education Technology,Education - Digital Curriculum,Primary,2700.6231,0.0472,0.0737,0.2651,2700.6231
WM,Waste Management Inc,Environmental Sustainability,Environmental - Waste Management & Recycling,Primary,90519.5028,0.0109,-0.0515,0.0438,90519.5028
WMB,"Williams Companies, Inc.",Energy - Traditional,Energy Base - Refining & Midstream Infrastructure,Primary,86808.1992,-0.0338,-0.0409,-0.0889,52084.9195
WMB,"Williams Companies, Inc.",Commodities - Energy,Comm Energy - Natural Gas & LNG,Secondary,86808.1992,-0.0338,-0.0409,-0.0889,34723.2797
WMG,Warner Music Group Corp.,Digital Entertainment & Media,Entertainment - Video Streaming,Primary,14521.5273,0.0605,0.0533,-0.1901,14521.5273
WMS,"Advanced Drainage Systems, Inc.",Industrials & Construction,Industrials - Building Products & HVAC,Primary,10591.4348,-0.0508,-0.0097,0.0576,6354.8609
WMS,"Advanced Drainage Systems, Inc.",Environmental Sustainability,Environmental - Water Infrastructure & Treatment,Secondary,10591.4348,-0.0508,-0.0097,0.0576,4236.5739
WMT,Walmart Inc.,E-commerce,E-commerce - Grocery & Local Commerce Platforms,Primary,847455.7809,-0.0663,-0.0249,-0.1125,508473.4685
WMT,Walmart Inc.,E-commerce,"E-commerce - Omnichannel Retailers, Online & Physical Stores",Secondary,847455.7809,-0.0663,-0.0249,-0.1125,338982.3124
WNC,Wabash National Corp,Transportation & Logistics,Transportation - Infrastructure & Equipment,Primary,490.8829,-0.0534,-0.0967,0.5603,490.8829
WOLF,"Wolfspeed, Inc.",Semiconductors,Semis - Emerging Technologies,Primary,1286.8292,-0.2918,0.0723,-0.6457,772.0975
WOLF,"Wolfspeed, Inc.",Electric Vehicles & Mobility,EVs - Key Suppliers & Autonomy Tech,Secondary,1286.8292,-0.2918,0.0723,-0.6457,514.7317
WPC,W.P. Carey Inc.,Real Estate & REITs,Real Estate - Retail & Consumer Real Estate,Primary,16306.4433,0.0008,-0.0666,-0.0265,16306.4433
WPM,Wheaton Precious Metals Corp.,Commodities - Metals,Comm Metals - Gold,Primary,72751.8904,0.1742,0.4388,0.2696,43651.1342
WPM,Wheaton Precious Metals Corp.,Commodities - Metals,Comm Metals - Precious Metals,Secondary,72751.8904,0.1742,0.4388,0.2696,29100.7562
WRB,W.R. Berkley Corp,Financials - Traditional,Fin Trad - Insurance & Reinsurance,Primary,25874.5569,-0.0007,-0.0763,0.0413,25874.5569
WRBY,Warby Parker Inc.,E-commerce,E-commerce - Direct-to-Consumer,Primary,3239.767,0.0238,0.0672,0.0446,3239.767
WSM,"Williams-Sonoma, Inc.",E-commerce,"E-commerce - Omnichannel Retailers, Online & Physical Stores",Primary,27996.6106,-0.011,0.0486,0.2393,16797.9664
WSM,"Williams-Sonoma, Inc.",Consumer Goods & Retail,Consumer - Modern Luxury & Lifestyle,Secondary,27996.6106,-0.011,0.0486,0.2393,11198.6442
WSO,"Watsco, Inc.",Industrials & Construction,Industrials - Distribution & Rental Services,Primary,12821.1804,-0.0034,-0.1415,-0.1645,7692.7082
WSO,"Watsco, Inc.",Industrials & Construction,Industrials - Building Products & HVAC,Secondary,12821.1804,-0.0034,-0.1415,-0.1645,5128.4722
WST,"West Pharmaceutical Services, Inc.",Healthcare & Biotech,Healthcare - Medical Devices & HealthTech Hardware,Primary,24865.1633,0.0194,0.0772,0.1173,14919.098
WST,"West Pharmaceutical Services, Inc.",Nanotechnology,NanoTech - Nanomedicine & Drug Delivery,Secondary,24865.1633,0.0194,0.0772,0.1173,9946.0653
WT,"Wisdomtree, Inc.",Crypto & Blockchain,"Blockchain - Platforms, Tokenization & Financial Services",Primary,3612.0489,0.0325,0.2274,0.2512,3612.0489
WTFC,Wintrust Financial Corp,Financials - Traditional,"Fin Trad - Banks, Lending & Mortgage Finance",Primary,10252.5491,-0.0557,-0.0388,0.0175,10252.5491
WTRG,"Essential Utilities, Inc.",Environmental Sustainability,Environmental - Water Infrastructure & Treatment,Primary,11725.3878,0.0387,0.0532,0.1143,11725.3878
WTS,Watts Water Technologies Inc,Environmental Sustainability,Environmental - Water Infrastructure & Treatment,Primary,12445.2004,-0.0321,0.0823,0.2352,12445.2004
WTW,Willis Towers Watson Plc,Financials - Traditional,Fin Trad - Insurance & Reinsurance,Primary,32574.8306,0.0757,0.1885,0.3676,32574.8306
WWD,"Woodward, Inc.",Defense & Aerospace,Defense - Next-Generation Aircraft & Maintenance,Primary,19671.1137,-0.0998,-0.2042,-0.051,11802.6682
WWD,"Woodward, Inc.",Industrials & Construction,"Industrials - Machinery, Flow Control & Components",Secondary,19671.1137,-0.0998,-0.2042,-0.051,7868.4455
WWR,"Westwater Resources, Inc.",Commodities - Metals,Comm Metals - Battery & Energy Transition Metals,Primary,74.5162,-0.0169,0.45,0.0175,74.5162
WY,Weyerhaeuser Co,Environmental Sustainability,Environmental - Sustainable Agriculture & Resource Management,Primary,17578.75,0.0129,0.0188,0.0397,17578.75
WYNN,"Wynn Resorts, Limited",Real Estate & REITs,"Real Estate - Travel, Leisure & Entertainment Properties",Primary,10236.6341,-0.0329,0.0282,0.0248,6141.9805
WYNN,"Wynn Resorts, Limited",Digital Entertainment & Media,Entertainment - iGaming & Online Gambling,Secondary,10236.6341,-0.0329,0.0282,0.0248,4094.6536
XEL,Xcel Energy Inc,Energy - Traditional,Energy Base - Utilities & Conventional Power Operators,Primary,48302.9729,-0.0237,-0.0531,-0.0391,28981.7837
XEL,Xcel Energy Inc,Energy - Renewable,Energy Clean - Utilities & Clean Power Operators,Secondary,48302.9729,-0.0237,-0.0531,-0.0391,19321.1892
XIFR,"Xplr Infrastructure, Lp",Energy - Renewable,Energy Clean - Wind,Primary,1064.647,-0.0276,-0.0997,-0.0375,1064.647
XMTR,"Xometry, Inc.",Industrial Automation & Robotics,"Automation - Additive Manufacturing, 3D Printing",Primary,4848.428,-0.0574,-0.02,-0.0519,4848.428
XOM,Exxon Mobil Corp,Energy - Traditional,Energy Base - Integrated Energy Majors,Primary,674559.1644,0.016,0.0521,0.0658,404735.4986
XOM,Exxon Mobil Corp,Energy - Traditional,Energy Base - Oil & Gas Exploration & Production,Secondary,674559.1644,0.016,0.0521,0.0658,269823.6658
XPEV,Xpeng Inc.,Electric Vehicles & Mobility,EVs - Manufacturers,Primary,10666.0178,-0.0861,-0.0957,-0.2848,10666.0178
XPO,"Xpo, Inc.",Transportation & Logistics,"Transportation - Trucking, LTL & Ground Freight",Primary,22479.4317,-0.0901,-0.0987,-0.0539,22479.4317
XRAY,Dentsply Sirona Inc.,Healthcare & Biotech,Healthcare - Medical Devices & HealthTech Hardware,Primary,2170.9637,-0.0268,-0.1578,0.0666,2170.9637
XRX,Xerox Holdings Corp,Hardware,Hardware - Printing & Imaging,Primary,374.2463,-0.0339,0.1047,-0.0094,374.2463
XYL,Xylem Inc.,Nanotechnology,NanoTech - Energy & Environment,Primary,26659.5246,-0.028,-0.0465,0.0394,15995.7148
XYL,Xylem Inc.,Environmental Sustainability,Environmental - Water Infrastructure & Treatment,Secondary,26659.5246,-0.028,-0.0465,0.0394,10663.8098
XYZ,"Block, Inc.",FinTech & Digital Finance,"FinTech - Crypto, Blockchain & Tokenization",Primary,48892.6945,0.0147,0.0548,0.1954,29335.6167
XYZ,"Block, Inc.",FinTech & Digital Finance,FinTech - Digital Banking & Neobanks,Secondary,48892.6945,0.0147,0.0548,0.1954,19557.0778
YETI,"Yeti Holdings, Inc.",Consumer Goods & Retail,Consumer - Modern Luxury & Lifestyle,Primary,3144.3576,0.0019,-0.1449,-0.0473,3144.3576
YOU,"Clear Secure, Inc.",Cybersecurity,"Cybersecurity - Identity, Biometrics & Access Management",Primary,6069.7272,0.0196,-0.1443,-0.2536,6069.7272
YUM,"Yum! Brands, Inc.",Consumer Goods & Retail,Consumer - Restaurants & Dining,Primary,42940.9894,0.0841,0.0566,0.0191,42940.9894
YYGH,Yy Group Holding Ltd.,Industrial Automation & Robotics,"Robotics - Autonomous Vehicles, Service & Mobility",Primary,3.8101,-0.1736,0.0171,-0.8945,3.8101
ZBH,"Zimmer Biomet Holdings, Inc.",Industrial Automation & Robotics,Robotics - Medical & Surgical Robotics,Primary,19260.6925,0.0283,0.1054,0.1842,11556.4155
ZBH,"Zimmer Biomet Holdings, Inc.",Healthcare & Biotech,Healthcare - Senior Care & Longevity,Secondary,19260.6925,0.0283,0.1054,0.1842,7704.277
ZBRA,Zebra Technologies Corp,Hardware,Hardware - Industrial & IoT,Primary,17187.9629,-0.0214,0.3977,0.4216,10312.7777
ZBRA,Zebra Technologies Corp,Industrial Automation & Robotics,"Automation - Industrial IoT, Connectivity",Secondary,17187.9629,-0.0214,0.3977,0.4216,6875.1852
ZIM,Zim Integrated Shipping Services Ltd.,Transportation & Logistics,Transportation - Marine Shipping & Ports,Primary,3420.3479,-0.0149,0.1398,0.1244,3420.3479
ZION,"Zions Bancorporation, N.A.",Financials - Traditional,"Fin Trad - Banks, Lending & Mortgage Finance",Primary,9905.8545,-0.0518,-0.0139,0.0999,9905.8545
ZM,"Zoom Communications, Inc.",Telecommunications,Telecom - Enterprise & Unified Communications,Primary,30739.5338,-0.0069,0.1914,-0.0077,18443.7203
ZM,"Zoom Communications, Inc.",Cloud Computing,Cloud - Horizontal SaaS & Cloud Applications,Secondary,30739.5338,-0.0069,0.1914,-0.0077,12295.8135
ZS,"Zscaler, Inc.",Cybersecurity,Cybersecurity - Application Security,Primary,28470.5772,-0.0454,0.2371,-0.0346,17082.3463
ZS,"Zscaler, Inc.",Cybersecurity,Cybersecurity - Cloud Security,Secondary,28470.5772,-0.0454,0.2371,-0.0346,11388.2309
ZTS,Zoetis Inc.,Healthcare & Biotech,Healthcare - Animal Health & Veterinary,Primary,31888.4659,0.0576,0.0242,-0.0444,19133.0795
ZTS,Zoetis Inc.,Commodities - Agriculture,Comm Agri - Livestock & Animal Protein,Secondary,31888.4659,0.0576,0.0242,-0.0444,12755.3864
